-19.2 -19 0.5
-19.2 -19 0.3
-19.2 -19 0.7
-19.2 -19 0.1
-19.2 -19 0.9
-19.2 -19 1.1
-19 -19 0.5
-19 -19 0.3
-19 -19 0.7
-19.2 -18.8 0.5
-19.2 -18.8 0.3
-19.2 -18.8 0.7
-19 -19 0.1
-19 -19 0.9
-19.2 -18.8 0.1
-19.2 -18.8 0.9
-19.2 -19 1.3
-19 -19 1.1
-19.2 -18.8 1.1
-19 -18.8 0.5
-18.8 -19 0.5
-19 -18.8 0.3
-19 -18.8 0.7
-18.8 -19 0.3
-18.8 -19 0.7
-19.2 -18.6 0.5
-19 -18.8 0.1
-19 -18.8 0.9
-18.8 -19 0.1
-18.8 -19 0.9
-19.2 -18.6 0.3
-19.2 -18.6 0.7
-19.2 -19 1.5
-19 -19 1.3
-19.2 -18.8 1.3
-19.2 -18.6 0.1
-19.2 -18.6 0.9
-19 -18.8 1.1
-18.8 -19 1.1
-18.8 -18.8 0.5
-18.8 -18.8 0.3
-18.8 -18.8 0.7
-19.2 -18.6 1.1
-19 -18.6 0.5
-18.6 -19 0.5
-19 -18.6 0.3
-19 -18.6 0.7
-18.6 -19 0.3
-18.6 -19 0.7
-19 -19 1.5
-18.8 -18.8 0.1
-18.8 -18.8 0.9
-19.2 -19 1.7
-19.2 -18.8 1.5
-19 -18.8 1.3
-18.8 -19 1.3
-19 -18.6 0.1
-19 -18.6 0.9
-18.6 -19 0.1
-18.6 -19 0.9
-19.2 -18.4 0.5
-19.2 -18.6 1.3
-19.2 -18.4 0.3
-19.2 -18.4 0.7
-18.8 -18.8 1.1
-19 -18.6 1.1
-18.6 -19 1.1
-19.2 -18.4 0.1
-19.2 -18.4 0.9
-18.8 -18.6 0.5
-18.6 -18.8 0.5
-19 -19 1.7
-18.8 -18.6 0.3
-18.8 -18.6 0.7
-18.6 -18.8 0.3
-18.6 -18.8 0.7
-19 -18.8 1.5
-18.8 -19 1.5
-19.2 -18.8 1.7
-18.8 -18.8 1.3
-19.2 -18.4 1.1
-18.8 -18.6 0.1
-18.8 -18.6 0.9
-18.6 -18.8 0.1
-18.6 -18.8 0.9
-19 -18.4 0.5
-18.4 -19 0.5
-19.2 -18.6 1.5
-19.2 -19 1.9
-19 -18.6 1.3
-18.6 -19 1.3
-19 -18.4 0.3
-19 -18.4 0.7
-18.4 -19 0.3
-18.4 -19 0.7
-19 -18.4 0.1
-19 -18.4 0.9
-18.4 -19 0.1
-18.4 -19 0.9
-18.8 -18.6 1.1
-18.6 -18.8 1.1
-19.2 -18.4 1.3
-19.2 -18.2 0.5
-19 -18.8 1.7
-18.8 -19 1.7
-18.8 -18.8 1.5
-19.2 -18.2 0.3
-19.2 -18.2 0.7
-18.6 -18.6 0.5
-19 -18.4 1.1
-18.4 -19 1.1
-18.6 -18.6 0.3
-18.6 -18.6 0.7
-18.6 -19 1.5
-19 -19 1.9
-18.8 -18.4 0.5
-18.4 -18.8 0.5
-19.2 -18.2 0.1
-19.2 -18.2 0.9
-19.2 -18.6 1.7
-19.2 -18.8 1.9
-18.8 -18.6 1.3
-18.6 -18.8 1.3
-18.8 -18.4 0.3
-18.8 -18.4 0.7
-18.4 -18.8 0.3
-18.4 -18.8 0.7
-18.6 -18.6 0.1
-18.6 -18.6 0.9
-18.8 -18.4 0.1
-18.8 -18.4 0.9
-18.4 -18.8 0.1
-18.4 -18.8 0.9
-19.2 -19 2.1
-19.2 -18.4 1.5
-19 -18.4 1.3
-18.4 -19 1.3
-19.2 -18.2 1.1
-19 -18.2 0.5
-18.2 -19 0.5
-19 -18.2 0.3
-19 -18.2 0.7
-18.2 -19 0.3
-18.2 -19 0.7
-18.6 -18.6 1.1
-18.8 -18.8 1.7
-18.8 -18.4 1.1
-18.4 -18.8 1.1
-19 -18.2 0.1
-19 -18.2 0.9
-18.2 -19 0.1
-18.2 -19 0.9
-18.6 -19 1.7
-18.8 -18.6 1.5
-18.6 -18.8 1.5
-19 -18.8 1.9
-18.8 -19 1.9
-19.2 -18.2 1.3
-18.6 -18.4 0.5
-18.4 -18.6 0.5
-19.2 -18.6 1.9
-18.6 -18.6 1.3
-19 -19 2.1
-18.6 -18.4 0.3
-18.6 -18.4 0.7
-18.4 -18.6 0.3
-18.4 -18.6 0.7
-19 -18.4 1.5
-18.4 -19 1.5
-19 -18.2 1.1
-18.2 -19 1.1
-19.2 -18 0.5
-19.2 -18.4 1.7
-19.2 -18.8 2.1
-18.8 -18.4 1.3
-18.4 -18.8 1.3
-19.2 -18 0.3
-19.2 -18 0.7
-18.8 -18.2 0.5
-18.2 -18.8 0.5
-18.6 -18.4 0.1
-18.6 -18.4 0.9
-18.4 -18.6 0.1
-18.4 -18.6 0.9
-18.8 -18.2 0.3
-18.8 -18.2 0.7
-18.2 -18.8 0.3
-18.2 -18.8 0.7
-19.2 -18 0.1
-19.2 -18 0.9
-18.8 -18.2 0.1
-18.8 -18.2 0.9
-18.2 -18.8 0.1
-18.2 -18.8 0.9
-18.8 -18.6 1.7
-18.6 -18.8 1.7
-18.8 -18.8 1.9
-19.2 -18.2 1.5
-19 -18.2 1.3
-18.2 -19 1.3
-19.2 -19 2.3
-18.6 -18.4 1.1
-18.4 -18.6 1.1
-17.8 -20.2 0.5
-18.6 -18.6 1.5
-18.6 -19 1.9
-17.8 -20.2 0.3
-17.8 -20.2 0.7
-19.2 -18 1.1
-19 -18 0.5
-18 -19 0.5
-19 -18.4 1.7
-18.4 -19 1.7
-19 -18.8 2.1
-18.8 -19 2.1
-18.8 -18.4 1.5
-18.4 -18.8 1.5
-17.8 -20.4 0.5
-18.8 -18.2 1.1
-18.2 -18.8 1.1
-19 -18 0.3
-19 -18 0.7
-18 -19 0.3
-18 -19 0.7
-17.8 -20.4 0.3
-17.8 -20.4 0.7
-17.8 -20.2 0.1
-17.8 -20.2 0.9
-18.4 -18.4 0.5
-19.2 -18.6 2.1
-19.2 -18.4 1.9
-19 -18 0.1
-19 -18 0.9
-18.6 -18.4 1.3
-18.4 -18.6 1.3
-18 -19 0.1
-18 -19 0.9
-18.4 -18.4 0.3
-18.4 -18.4 0.7
-17.8 -20.4 0.1
-17.8 -20.4 0.9
-18.6 -18.2 0.5
-18.2 -18.6 0.5
-17.8 -20.6 0.5
-18.6 -18.2 0.3
-18.6 -18.2 0.7
-18.2 -18.6 0.3
-18.2 -18.6 0.7
-19 -18.2 1.5
-18.2 -19 1.5
-19 -19 2.3
-17.8 -20.6 0.3
-17.8 -20.6 0.7
-17.8 -20.2 1.1
-19.2 -18 1.3
-18.4 -18.4 0.1
-18.4 -18.4 0.9
-19.2 -18.2 1.7
-18.8 -18.2 1.3
-18.2 -18.8 1.3
-19.2 -18.8 2.3
-18.6 -18.2 0.1
-18.6 -18.2 0.9
-18.2 -18.6 0.1
-18.2 -18.6 0.9
-18.6 -18.6 1.7
-19 -18 1.1
-18 -19 1.1
-18.8 -18.6 1.9
-17.8 -20.4 1.1
-17.8 -20.6 0.1
-17.8 -20.6 0.9
-22 -18.8 0.5
-18.8 -18 0.5
-18 -18.8 0.5
-18.8 -18.4 1.7
-18.4 -18.8 1.7
-18.8 -18.8 2.1
-22 -18.8 0.3
-22 -18.8 0.7
-18.8 -18 0.3
-18.8 -18 0.7
-18 -18.8 0.3
-18 -18.8 0.7
-19.2 -17.8 0.5
-18.4 -18.4 1.1
-17.8 -20.8 0.5
-18.6 -19 2.1
-18.6 -18.4 1.5
-18.4 -18.6 1.5
-19 -18.4 1.9
-18.4 -19 1.9
-19.2 -17.8 0.3
-19.2 -17.8 0.7
-17.8 -20.8 0.3
-17.8 -20.8 0.7
-17.8 -20.2 1.3
-18.6 -18.2 1.1
-18.2 -18.6 1.1
-17.8 -20.6 1.1
-22 -18.8 0.1
-22 -18.8 0.9
-18.8 -18 0.1
-18.8 -18 0.9
-18 -18.8 0.1
-18 -18.8 0.9
-19.2 -19 2.5
-19.2 -18 1.5
-19 -18 1.3
-18 -19 1.3
-19.2 -17.8 0.1
-19.2 -17.8 0.9
-17.8 -20.8 0.1
-17.8 -20.8 0.9
-17.8 -20.4 1.3
-19 -18.2 1.7
-18.2 -19 1.7
-18.8 -18.2 1.5
-18.2 -18.8 1.5
-19 -18.8 2.3
-19.2 -18.4 2.1
-18.4 -18.4 1.3
-18.4 -18.2 0.5
-18.2 -18.4 0.5
-17.6 -20.2 0.5
-22 -18.8 1.1
-18.8 -18 1.1
-18 -18.8 1.1
-19.2 -18.2 1.9
-18.6 -18.2 1.3
-18.2 -18.6 1.3
-19.2 -18.6 2.3
-18.4 -18.2 0.3
-18.4 -18.2 0.7
-18.2 -18.4 0.3
-18.2 -18.4 0.7
-17.6 -20.2 0.3
-17.6 -20.2 0.7
-19.2 -17.8 1.1
-17.8 -20.8 1.1
-19 -17.8 0.5
-17.8 -19 0.5
-17.8 -21 0.5
-17.8 -20.6 1.3
-18.6 -18.6 1.9
-19 -17.8 0.3
-19 -17.8 0.7
-17.8 -19 0.3
-17.8 -19 0.7
-17.8 -21 0.3
-17.8 -21 0.7
-17.8 -20.2 1.5
-17.6 -20.4 0.5
-18.4 -18.2 0.1
-18.4 -18.2 0.9
-18.2 -18.4 0.1
-18.2 -18.4 0.9
-17.6 -20.4 0.3
-17.6 -20.4 0.7
-17.6 -20.2 0.1
-17.6 -20.2 0.9
-22 -18.6 0.5
-18.6 -18 0.5
-18 -18.6 0.5
-18.6 -18.4 1.7
-18.4 -18.6 1.7
-18.8 -18.6 2.1
-18.8 -18.4 1.9
-18.4 -18.8 1.9
-22 -18.6 0.3
-22 -18.6 0.7
-18.6 -18 0.3
-18.6 -18 0.7
-18 -18.6 0.3
-18 -18.6 0.7
-19 -19 2.5
-19 -18 1.5
-18 -19 1.5
-19 -17.8 0.1
-19 -17.8 0.9
-17.8 -19 0.1
-17.8 -19 0.9
-17.8 -21 0.1
-17.8 -21 0.9
-17.8 -20.4 1.5
-17.6 -20.4 0.1
-17.6 -20.4 0.9
-19.2 -18 1.7
-19.2 -18.8 2.5
-22 -18.8 1.3
-18.8 -18 1.3
-18 -18.8 1.3
-22 -18.6 0.1
-22 -18.6 0.9
-18.8 -18.2 1.7
-18.6 -18 0.1
-18.6 -18 0.9
-18.2 -18.8 1.7
-18 -18.6 0.1
-18 -18.6 0.9
-17.6 -20.6 0.5
-19 -18.4 2.1
-18.4 -19 2.1
-19.2 -17.8 1.3
-18.4 -18.4 1.5
-17.8 -20.8 1.3
-18.8 -18.8 2.3
-18.4 -18.2 1.1
-18.2 -18.4 1.1
-17.6 -20.6 0.3
-17.6 -20.6 0.7
-17.6 -20.2 1.1
-18.6 -18.2 1.5
-18.2 -18.6 1.5
-19 -18.2 1.9
-18.2 -19 1.9
-18.6 -19 2.3
-19 -17.8 1.1
-17.8 -19 1.1
-17.8 -21 1.1
-17.8 -20.6 1.5
-17.6 -20.4 1.1
-17.6 -20.6 0.1
-17.6 -20.6 0.9
-22.2 -18.8 0.5
-18.8 -17.8 0.5
-17.8 -18.8 0.5
-17.8 -21.2 0.5
-22 -18.6 1.1
-18.6 -18 1.1
-18 -18.6 1.1
-17.8 -20.2 1.7
-22.2 -18.8 0.3
-22.2 -18.8 0.7
-18.8 -17.8 0.3
-18.8 -17.8 0.7
-17.8 -18.8 0.3
-17.8 -18.8 0.7
-17.8 -21.2 0.3
-17.8 -21.2 0.7
-19.2 -17.6 0.5
-17.6 -20.8 0.5
-19.2 -18.2 2.1
-19.2 -17.6 0.3
-19.2 -17.6 0.7
-17.6 -20.8 0.3
-17.6 -20.8 0.7
-18.4 -18.2 1.3
-18.2 -18.4 1.3
-17.6 -20.2 1.3
-19.2 -18.4 2.3
-19 -18 1.7
-18 -19 1.7
-22 -18.8 1.5
-19 -18.8 2.5
-18 -18.8 1.5
-17.8 -20.4 1.7
-22.2 -18.8 0.1
-22.2 -18.8 0.9
-18.8 -17.8 0.1
-18.8 -17.8 0.9
-17.8 -18.8 0.1
-17.8 -18.8 0.9
-17.8 -21.2 0.1
-17.8 -21.2 0.9
-18.2 -18.2 0.5
-18.6 -18.6 2.1
-19.2 -19 2.7
-17.6 -20.6 1.1
-18.6 -18.4 1.9
-18.4 -18.6 1.9
-19.2 -17.8 1.5
-17.8 -20.8 1.5
-19 -17.8 1.3
-17.8 -19 1.3
-17.8 -21 1.3
-18.2 -18.2 0.3
-18.2 -18.2 0.7
-19.2 -17.6 0.1
-19.2 -17.6 0.9
-17.6 -20.8 0.1
-17.6 -20.8 0.9
-17.6 -20.4 1.3
-18.4 -18 0.5
-18 -18.4 0.5
-18.8 -18.4 2.1
-18.4 -18.8 2.1
-18.4 -18.4 1.7
-19.2 -18.6 2.5
-19.2 -18 1.9
-18.6 -18 1.3
-18 -18.6 1.3
-18.4 -18 0.3
-18.4 -18 0.7
-18 -18.4 0.3
-18 -18.4 0.7
-18.2 -18.2 0.1
-18.2 -18.2 0.9
-18.6 -18.2 1.7
-18.2 -18.6 1.7
-18.8 -18.2 1.9
-18.2 -18.8 1.9
-18.8 -18.6 2.3
-17.8 -20.6 1.7
-22.2 -18.8 1.1
-18.8 -17.8 1.1
-17.8 -18.8 1.1
-17.8 -21.2 1.1
-18.4 -18 0.1
-18.4 -18 0.9
-18 -18.4 0.1
-18 -18.4 0.9
-19.2 -17.6 1.1
-17.6 -20.8 1.1
-19 -17.6 0.5
-17.6 -21 0.5
-17.6 -20.6 1.3
-22.6 -20 0.5
-20 -17.4 0.5
-19 -18.2 2.1
-18.2 -19 2.1
-19 -17.6 0.3
-19 -17.6 0.7
-18.4 -18.2 1.5
-18.2 -18.4 1.5
-17.6 -21 0.3
-17.6 -21 0.7
-17.6 -20.2 1.5
-19 -18.4 2.3
-18.4 -19 2.3
-22.6 -20 0.3
-22.6 -20 0.7
-20 -17.4 0.3
-20 -17.4 0.7
-22.6 -20.2 0.5
-22.6 -19.8 0.5
-19.8 -17.4 0.5
-22.2 -18.6 0.5
-18.6 -17.8 0.5
-17.8 -18.6 0.5
-17.8 -21.4 0.5
-17.4 -20.2 0.5
-18.2 -18.2 1.1
-19 -19 2.7
-22.6 -20.2 0.3
-22.6 -20.2 0.7
-22.6 -19.8 0.3
-22.6 -19.8 0.7
-19.8 -17.4 0.3
-19.8 -17.4 0.7
-22.2 -18.6 0.3
-22.2 -18.6 0.7
-18.6 -17.8 0.3
-18.6 -17.8 0.7
-17.8 -18.6 0.3
-17.8 -18.6 0.7
-17.8 -21.4 0.3
-17.8 -21.4 0.7
-17.4 -20.2 0.3
-17.4 -20.2 0.7
-19 -17.8 1.5
-17.8 -19 1.5
-17.8 -21 1.5
-17.8 -20.2 1.9
-22 -18.8 1.7
-18 -18.8 1.7
-18.8 -18.8 2.5
-19 -17.6 0.1
-19 -17.6 0.9
-17.6 -21 0.1
-17.6 -21 0.9
-17.6 -20.4 1.5
-19.2 -18.8 2.7
-18.4 -18 1.1
-18 -18.4 1.1
-22.6 -20 0.1
-22.6 -20 0.9
-22.6 -19.6 0.5
-20 -17.4 0.1
-20 -17.4 0.9
-19.6 -17.4 0.5
-17.4 -20.4 0.5
-19.2 -17.8 1.7
-17.8 -20.8 1.7
-22.2 -18.8 1.3
-18.8 -17.8 1.3
-17.8 -18.8 1.3
-17.8 -21.2 1.3
-18.6 -19 2.5
-18.6 -18 1.5
-18 -18.6 1.5
-19 -18 1.9
-18 -19 1.9
-22.6 -19.6 0.3
-22.6 -19.6 0.7
-19.6 -17.4 0.3
-19.6 -17.4 0.7
-17.4 -20.4 0.3
-17.4 -20.4 0.7
-22.6 -20.2 0.1
-22.6 -20.2 0.9
-22.6 -19.8 0.1
-22.6 -19.8 0.9
-19.8 -17.4 0.1
-19.8 -17.4 0.9
-22.2 -18.6 0.1
-22.2 -18.6 0.9
-18.6 -17.8 0.1
-18.6 -17.8 0.9
-17.8 -18.6 0.1
-17.8 -18.6 0.9
-17.8 -21.4 0.1
-17.8 -21.4 0.9
-17.4 -20.2 0.1
-17.4 -20.2 0.9
-17.8 -20.4 1.9
-17.6 -20.8 1.3
-18.6 -18.4 2.1
-18.4 -18.6 2.1
-22.6 -19.6 0.1
-22.6 -19.6 0.9
-19.6 -17.4 0.1
-19.6 -17.4 0.9
-17.4 -20.4 0.1
-17.4 -20.4 0.9
-18.4 -18.4 1.9
-18.2 -18.2 1.3
-19.2 -18.2 2.3
-19 -17.6 1.1
-17.6 -21 1.1
-17.6 -20.6 1.5
-22.6 -20 1.1
-20 -17.4 1.1
-22.6 -19.4 0.5
-19.4 -17.4 0.5
-17.4 -20.6 0.5
-18.2 -18.6 1.9
-22.6 -20.2 1.1
-22.6 -19.8 1.1
-22.6 -19.4 0.3
-22.6 -19.4 0.7
-19.8 -17.4 1.1
-19.4 -17.4 0.3
-19.4 -17.4 0.7
-22.2 -18.6 1.1
-18.6 -17.8 1.1
-17.8 -18.6 1.1
-17.8 -21.4 1.1
-17.4 -20.6 0.3
-17.4 -20.6 0.7
-17.4 -20.2 1.1
-17.8 -20.6 1.9
-19.2 -18 2.1
-19.2 -18.4 2.5
-18.8 -17.6 0.5
-17.6 -21.2 0.5
-18.4 -18 1.3
-18 -18.4 1.3
-18 -18.2 0.5
-18.2 -18 0.5
-18 -18.2 0.5
-18.4 -18.2 1.7
-18.2 -18.4 1.7
-18.2 -18.8 2.1
-18.8 -17.6 0.3
-18.8 -17.6 0.7
-17.6 -21.2 0.3
-17.6 -21.2 0.7
-18.8 -18.4 2.3
-18.4 -18.8 2.3
-18 -18.2 0.3
-18 -18.2 0.7
-18.2 -18 0.3
-18.2 -18 0.7
-18 -18.2 0.3
-18 -18.2 0.7
-22.6 -19.6 1.1
-19.6 -17.4 1.1
-19 -18.8 2.7
-17.4 -20.4 1.1
-22.6 -19.4 0.1
-22.6 -19.4 0.9
-19.4 -17.4 0.1
-19.4 -17.4 0.9
-17.4 -20.6 0.1
-17.4 -20.6 0.9
-19 -17.8 1.7
-17.8 -19 1.7
-17.8 -21 1.7
-22.2 -18.8 1.5
-18.8 -17.8 1.5
-17.8 -18.8 1.5
-17.8 -21.2 1.5
-17.6 -20.4 1.7
-18.8 -17.6 0.1
-18.8 -17.6 0.9
-17.6 -21.2 0.1
-17.6 -21.2 0.9
-18 -18.2 0.1
-18 -18.2 0.9
-18.2 -18 0.1
-18.2 -18 0.9
-18 -18.2 0.1
-18 -18.2 0.9
-17.6 -20.8 1.5
-19 -17.6 1.3
-17.6 -21 1.3
-19.2 -19 2.9
-18.6 -18 1.7
-18 -18.6 1.7
-18.8 -18.6 2.5
-19.2 -17.4 0.5
-17.4 -20.8 0.5
-22.6 -20 1.3
-22 -18.8 1.9
-18 -18.8 1.9
-18.4 -22.2 0.5
-18.4 -17.8 0.5
-17.8 -18.4 0.5
-17.8 -21.6 0.5
-19.2 -18.6 2.7
-19.2 -17.4 0.3
-19.2 -17.4 0.7
-17.4 -20.8 0.3
-17.4 -20.8 0.7
-22.6 -20.2 1.3
-22.6 -19.8 1.3
-19.8 -17.4 1.3
-22.2 -18.6 1.3
-19.2 -17.8 1.9
-18.6 -17.8 1.3
-17.8 -18.6 1.3
-17.8 -21.4 1.3
-17.8 -20.8 1.9
-17.4 -20.2 1.3
-17.8 -20.2 2.1
-18.4 -22.2 0.3
-18.4 -22.2 0.7
-18.4 -17.8 0.3
-18.4 -17.8 0.7
-17.8 -18.4 0.3
-17.8 -18.4 0.7
-17.8 -21.6 0.3
-17.8 -21.6 0.7
-18.2 -18.2 1.5
-19 -18.2 2.3
-18.2 -19 2.3
-22.6 -19.4 1.1
-19.4 -17.4 1.1
-17.4 -20.6 1.1
-17.6 -20.6 1.7
-19 -18 2.1
-18.8 -17.6 1.1
-17.6 -21.2 1.1
-19.2 -17.4 0.1
-19.2 -17.4 0.9
-17.4 -20.8 0.1
-17.4 -20.8 0.9
-19 -18.4 2.5
-18.4 -19 2.5
-18.4 -18 1.5
-18 -18.4 1.5
-22.6 -19.6 1.3
-17.4 -20.4 1.3
-17.8 -20.4 2.1
-18.4 -22.2 0.1
-18.4 -22.2 0.9
-18.4 -17.8 0.1
-18.4 -17.8 0.9
-17.8 -18.4 0.1
-17.8 -18.4 0.9
-17.8 -21.6 0.1
-17.8 -21.6 0.9
-18 -18.2 1.1
-18.2 -18 1.1
-18 -18.2 1.1
-18.4 -18.4 2.1
-18.6 -17.6 0.5
-17.6 -21.4 0.5
-18.8 -18.8 2.7
-22.2 -18.8 1.7
-18.8 -17.8 1.7
-17.8 -18.8 1.7
-17.8 -21.2 1.7
-18.2 -18.6 2.1
-18.6 -17.6 0.3
-18.6 -17.6 0.7
-17.6 -21.4 0.3
-17.6 -21.4 0.7
-19 -17.6 1.5
-18.4 -18.2 1.9
-18.2 -18.4 1.9
-17.6 -21 1.5
-18.6 -18.4 2.3
-18.4 -18.6 2.3
-19 -19 2.9
-19.2 -17.4 1.1
-17.4 -20.8 1.1
-19 -17.4 0.5
-17.4 -21 0.5
-22.6 -19.4 1.3
-19.4 -17.4 1.3
-17.4 -20.6 1.3
-18.4 -22.2 1.1
-18.4 -17.8 1.1
-17.8 -18.4 1.1
-17.8 -21.6 1.1
-18.6 -19 2.7
-19 -17.4 0.3
-19 -17.4 0.7
-17.4 -21 0.3
-17.4 -21 0.7
-22.6 -19.8 1.5
-19.8 -17.4 1.5
-22.2 -18.6 1.5
-18.6 -17.8 1.5
-17.8 -18.6 1.5
-17.8 -21.4 1.5
-19 -17.8 1.9
-17.8 -19 1.9
-17.8 -21 1.9
-22.8 -20 0.5
-20 -17.2 0.5
-17.6 -20.8 1.7
-18.8 -17.6 1.3
-17.6 -21.2 1.3
-19.2 -18.8 2.9
-22.8 -20 0.3
-22.8 -20 0.7
-20 -17.2 0.3
-20 -17.2 0.7
-22.8 -20.2 0.5
-22.8 -19.8 0.5
-19.8 -17.2 0.5
-17.2 -20.2 0.5
-18 -18.2 1.3
-18.2 -18 1.3
-18 -18.2 1.3
-18.6 -17.6 0.1
-18.6 -17.6 0.9
-17.6 -21.4 0.1
-17.6 -21.4 0.9
-17.6 -20.4 1.9
-18.2 -18.2 1.7
-22.8 -20.2 0.3
-22.8 -20.2 0.7
-22.8 -19.8 0.3
-22.8 -19.8 0.7
-19.8 -17.2 0.3
-19.8 -17.2 0.7
-17.2 -20.2 0.3
-17.2 -20.2 0.7
-18.2 -18.8 2.3
-18.6 -18 1.9
-18 -18.6 1.9
-19 -17.4 0.1
-19 -17.4 0.9
-17.4 -21 0.1
-17.4 -21 0.9
-17.4 -20.4 1.5
-22.8 -20 0.1
-22.8 -20 0.9
-22.8 -19.6 0.5
-20 -17.2 0.1
-20 -17.2 0.9
-19.6 -17.2 0.5
-17.2 -20.4 0.5
-18 -18 0.5
-18 -18 0.5
-22 -18.8 2.1
-18.4 -18 1.7
-18 -18.8 2.1
-18 -18.4 1.7
-18.8 -18.4 2.5
-18.4 -18.8 2.5
-22.8 -20.2 0.1
-22.8 -20.2 0.9
-22.8 -19.8 0.1
-22.8 -19.8 0.9
-22.8 -19.6 0.3
-22.8 -19.6 0.7
-19.8 -17.2 0.1
-19.8 -17.2 0.9
-19.6 -17.2 0.3
-19.6 -17.2 0.7
-17.2 -20.4 0.3
-17.2 -20.4 0.7
-17.2 -20.2 0.1
-17.2 -20.2 0.9
-18 -18 0.3
-18 -18 0.7
-19.2 -18.4 2.7
-18 -18 0.3
-18 -18 0.7
-19.2 -17.4 1.3
-17.4 -20.8 1.3
-19.2 -17.8 2.1
-17.8 -20.8 2.1
-18.4 -22.2 1.3
-18.4 -17.8 1.3
-17.8 -18.4 1.3
-17.8 -21.6 1.3
-18.6 -17.6 1.1
-17.6 -21.4 1.1
-17.6 -20.6 1.9
-18.2 -22.2 0.5
-17.8 -18.2 0.5
-18.2 -17.8 0.5
-17.8 -18.2 0.5
-18.2 -22.2 0.3
-18.2 -22.2 0.7
-17.8 -18.2 0.3
-17.8 -18.2 0.7
-18.2 -17.8 0.3
-18.2 -17.8 0.7
-17.8 -18.2 0.3
-17.8 -18.2 0.7
-19 -17.4 1.1
-17.4 -21 1.1
-19.4 -17.4 1.5
-17.4 -20.6 1.5
-17.8 -20.2 2.3
-22.8 -19.6 0.1
-22.8 -19.6 0.9
-19.6 -17.2 0.1
-19.6 -17.2 0.9
-17.2 -20.4 0.1
-17.2 -20.4 0.9
-18 -18 0.1
-18 -18 0.9
-18 -18 0.1
-18 -18 0.9
-22.8 -20 1.1
-22.8 -19.4 0.5
-20 -17.2 1.1
-19.4 -17.2 0.5
-17.2 -20.6 0.5
-19 -17.6 1.7
-17.6 -21 1.7
-18.8 -17.6 1.5
-17.6 -21.2 1.5
-19 -18.8 2.9
-17.4 -21.2 0.5
-22.8 -20.2 1.1
-22.8 -19.8 1.1
-22.8 -19.4 0.3
-22.8 -19.4 0.7
-19.8 -17.2 1.1
-19.4 -17.2 0.3
-19.4 -17.2 0.7
-17.2 -20.6 0.3
-17.2 -20.6 0.7
-17.2 -20.2 1.1
-18 -18.2 1.5
-19 -18.2 2.5
-18.2 -19 2.5
-18.2 -18 1.5
-18 -18.2 1.5
-19 -18 2.3
-18.2 -22.2 0.1
-18.2 -22.2 0.9
-17.8 -18.2 0.1
-17.8 -18.2 0.9
-18.8 -18.6 2.7
-18.2 -17.8 0.1
-18.2 -17.8 0.9
-17.8 -18.2 0.1
-17.8 -18.2 0.9
-22.6 -19.8 1.7
-19.8 -17.4 1.7
-22.2 -18.6 1.7
-18.6 -17.8 1.7
-17.8 -18.6 1.7
-17.8 -21.4 1.7
-17.4 -21.2 0.3
-17.4 -21.2 0.7
-22.2 -18.8 1.9
-18.8 -17.8 1.9
-17.8 -18.8 1.9
-17.8 -21.2 1.9
-18.4 -22.4 0.5
-18.4 -17.6 0.5
-17.6 -21.6 0.5
-22.8 -19.6 1.1
-22.8 -19.4 0.1
-22.8 -19.4 0.9
-19.6 -17.2 1.1
-19.4 -17.2 0.1
-19.4 -17.2 0.9
-17.2 -20.6 0.1
-17.2 -20.6 0.9
-17.2 -20.4 1.1
-17.6 -20.8 1.9
-19.2 -18.6 2.9
-18.6 -17.6 1.3
-18.4 -18.2 2.1
-18.2 -18.4 2.1
-17.6 -21.4 1.3
-18.4 -22.4 0.3
-18.4 -22.4 0.7
-18 -18 1.1
-18.4 -17.6 0.3
-18.4 -17.6 0.7
-18 -18 1.1
-17.6 -21.6 0.3
-17.6 -21.6 0.7
-18.4 -18.4 2.3
-17.4 -20.4 1.7
-17.4 -21.2 0.1
-17.4 -21.2 0.9
-19.2 -19 3.1
-19.2 -17.4 1.5
-19 -18.4 2.7
-18.4 -19 2.7
-17.4 -20.8 1.5
-19 -17.4 1.3
-17.4 -21 1.3
-19 -17.8 2.1
-17.8 -19 2.1
-17.8 -21 2.1
-18.4 -22.2 1.5
-18.4 -17.8 1.5
-17.8 -18.4 1.5
-17.8 -21.6 1.5
-18.2 -18.2 1.9
-18.2 -22.2 1.1
-17.8 -18.2 1.1
-18.2 -17.8 1.1
-17.8 -18.2 1.1
-19.2 -17.2 0.5
-17.2 -20.8 0.5
-22.8 -20 1.3
-20 -17.2 1.3
-17.6 -20.4 2.1
-18.4 -22.4 0.1
-18.4 -22.4 0.9
-18.4 -17.6 0.1
-18.4 -17.6 0.9
-17.6 -21.6 0.1
-17.6 -21.6 0.9
-19.2 -17.2 0.3
-19.2 -17.2 0.7
-17.2 -20.8 0.3
-17.2 -20.8 0.7
-22.8 -20.2 1.3
-22.8 -19.8 1.3
-19.8 -17.2 1.3
-17.2 -20.2 1.3
-18.6 -18 2.1
-18.6 -18.4 2.5
-18.4 -18.6 2.5
-18.4 -18 1.9
-22.8 -19.4 1.1
-19.4 -17.2 1.1
-17.2 -20.6 1.1
-19.4 -17.4 1.7
-17.4 -21.2 1.1
-17.4 -20.6 1.7
-19.2 -17.2 0.1
-19.2 -17.2 0.9
-17.2 -20.8 0.1
-17.2 -20.8 0.9
-22.8 -19.6 1.3
-19.6 -17.2 1.3
-17.2 -20.4 1.3
-18 -18 1.3
-18.8 -17.6 1.7
-18 -18 1.3
-17.6 -21.2 1.7
-18.8 -18.8 2.9
-18.2 -18 1.7
-18 -18.2 1.7
-18.2 -18.8 2.5
-17.6 -20.6 2.1
-18.4 -22.4 1.1
-18.4 -17.6 1.1
-17.6 -21.6 1.1
-22 -18.8 2.3
-18 -18.8 2.3
-18.6 -17.6 1.5
-17.6 -21.4 1.5
-19 -17.6 1.9
-17.6 -21 1.9
-18.6 -19 2.9
-18.2 -22.2 1.3
-17.8 -18.2 1.3
-18.2 -17.8 1.3
-17.8 -18.2 1.3
-17.4 -21.4 0.5
-19.2 -17.8 2.3
-17.8 -20.8 2.3
-19 -19 3.1
-17.4 -21.4 0.3
-17.4 -21.4 0.7
-22.6 -19.8 1.9
-19.8 -17.4 1.9
-19 -17.4 1.5
-22.2 -18.6 1.9
-18.6 -17.8 1.9
-17.8 -18.6 1.9
-17.8 -21.4 1.9
-17.4 -21 1.5
-19.2 -17.2 1.1
-17.2 -20.8 1.1
-22.8 -20 1.5
-22.8 -19.4 1.3
-20 -17.2 1.5
-19 -17.2 0.5
-17.2 -21 0.5
-17.2 -20.6 1.3
-19.2 -18.8 3.1
-19.2 -17.4 1.7
-17.4 -20.8 1.7
-18.8 -18.4 2.7
-18.4 -18.8 2.7
-18.4 -22.2 1.7
-18 -22.2 0.5
-18 -17.8 0.5
-17.8 -18 0.5
-18.4 -17.8 1.7
-18 -17.8 0.5
-17.8 -18.4 1.7
-17.8 -18 0.5
-17.8 -21.6 1.7
-17.4 -21.2 1.3
-22.2 -18.8 2.1
-18.8 -17.8 2.1
-17.8 -18.8 2.1
-17.8 -21.2 2.1
-22.8 -20.2 1.5
-22.8 -19.8 1.5
-19.8 -17.2 1.5
-19 -17.2 0.3
-19 -17.2 0.7
-17.2 -21 0.3
-17.2 -21 0.7
-17.2 -20.2 1.5
-17.4 -21.4 0.1
-17.4 -21.4 0.9
-17.4 -20.4 1.9
-18 -22.2 0.3
-18 -22.2 0.7
-18 -17.8 0.3
-18 -17.8 0.7
-17.8 -18 0.3
-17.8 -18 0.7
-18 -17.8 0.3
-18 -17.8 0.7
-17.8 -18 0.3
-17.8 -18 0.7
-17.8 -20.2 2.5
-17.6 -20.8 2.1
-18.4 -22.4 1.3
-19.2 -18.4 2.9
-18.4 -17.6 1.3
-17.6 -21.6 1.3
-18.2 -22.4 0.5
-17.6 -18.2 0.5
-18.2 -17.6 0.5
-22.8 -19.6 1.5
-19.6 -17.2 1.5
-19 -17.2 0.1
-19 -17.2 0.9
-17.2 -21 0.1
-17.2 -21 0.9
-17.2 -20.4 1.5
-23 -20 0.5
-20 -17 0.5
-18 -18 1.5
-19 -18 2.5
-18 -18 1.5
-18 -22.2 0.1
-18 -22.2 0.9
-18 -17.8 0.1
-18 -17.8 0.9
-17.8 -18 0.1
-17.8 -18 0.9
-18 -17.8 0.1
-18 -17.8 0.9
-17.8 -18 0.1
-17.8 -18 0.9
-18.2 -18.2 2.1
-18.2 -22.4 0.3
-18.2 -22.4 0.7
-17.6 -18.2 0.3
-17.6 -18.2 0.7
-18.2 -17.6 0.3
-18.2 -17.6 0.7
-18.4 -18.2 2.3
-18.2 -18.4 2.3
-23 -20.2 0.5
-23 -20 0.3
-23 -20 0.7
-23 -19.8 0.5
-20 -17 0.3
-20 -17 0.7
-19.8 -17 0.5
-17 -20.2 0.5
-19 -18.2 2.7
-18.2 -19 2.7
-23 -20.2 0.3
-23 -20.2 0.7
-23 -19.8 0.3
-23 -19.8 0.7
-19.8 -17 0.3
-19.8 -17 0.7
-17 -20.2 0.3
-17 -20.2 0.7
-18.2 -22.2 1.5
-17.8 -18.2 1.5
-18.2 -17.8 1.5
-17.8 -18.2 1.5
-17.4 -21.4 1.1
-19.4 -17.4 1.9
-17.4 -20.6 1.9
-19 -17.8 2.3
-17.8 -19 2.3
-17.8 -21 2.3
-19.2 -17.2 1.3
-17.2 -20.8 1.3
-18.4 -18 2.1
-18.4 -18.4 2.5
-18.2 -22.4 0.1
-18.2 -22.4 0.9
-17.6 -18.2 0.1
-17.6 -18.2 0.9
-18.2 -17.6 0.1
-18.2 -17.6 0.9
-18.6 -17.6 1.7
-17.6 -21.4 1.7
-17.6 -20.4 2.3
-23 -20 0.1
-23 -20 0.9
-23 -19.6 0.5
-20 -17 0.1
-20 -17 0.9
-19.6 -17 0.5
-18.8 -17.6 1.9
-17.6 -21.2 1.9
-17 -20.4 0.5
-18.8 -18.6 2.9
-22.8 -19.4 1.5
-19 -17.2 1.1
-17.2 -21 1.1
-18.2 -18 1.9
-18 -18.2 1.9
-18.6 -18 2.3
-23 -20.2 0.1
-23 -20.2 0.9
-23 -19.8 0.1
-23 -19.8 0.9
-23 -19.6 0.3
-23 -19.6 0.7
-19.8 -17 0.1
-19.8 -17 0.9
-19.6 -17 0.3
-19.6 -17 0.7
-17 -20.4 0.3
-17 -20.4 0.7
-17 -20.2 0.1
-17 -20.2 0.9
-19 -18.8 3.1
-19 -17.4 1.7
-17.4 -21 1.7
-18 -22.2 1.1
-18 -17.8 1.1
-17.8 -18 1.1
-18 -17.8 1.1
-17.8 -18 1.1
-17.4 -21.2 1.5
-22.8 -20 1.7
-20 -17.2 1.7
-17.2 -21.2 0.5
-22.8 -20.2 1.7
-22.8 -19.8 1.7
-19.8 -17.2 1.7
-17.2 -20.2 1.7
-19 -17.6 2.1
-17.6 -21 2.1
-17.2 -21.2 0.3
-17.2 -21.2 0.7
-18.4 -22.4 1.5
-23 -19.6 0.1
-23 -19.6 0.9
-19.6 -17 0.1
-19.6 -17 0.9
-18.4 -17.6 1.5
-17.6 -21.6 1.5
-17 -20.4 0.1
-17 -20.4 0.9
-19 -18.4 2.9
-18.4 -19 2.9
-18.4 -22.6 0.5
-17.4 -21.6 0.5
-17.4 -21.6 0.5
-18.2 -22.4 1.1
-17.6 -18.2 1.1
-18.2 -17.6 1.1
-19.2 -18.6 3.1
-17.6 -20.6 2.3
-23 -20 1.1
-20 -17 1.1
-23 -19.4 0.5
-19.4 -17 0.5
-19.2 -17.4 1.9
-18.6 -18.4 2.7
-18.4 -18.6 2.7
-17.4 -20.8 1.9
-17 -20.6 0.5
-17.4 -21.4 1.3
-22.6 -19.8 2.1
-19.8 -17.4 2.1
-22.2 -18.6 2.1
-18.6 -17.8 2.1
-17.8 -18.6 2.1
-17.8 -21.4 2.1
-18.4 -22.6 0.3
-18.4 -22.6 0.7
-17.4 -21.6 0.3
-17.4 -21.6 0.7
-17.4 -21.6 0.3
-17.4 -21.6 0.7
-18.4 -22.2 1.9
-18.4 -17.8 1.9
-17.8 -18.4 1.9
-17.8 -21.6 1.9
-23 -20.2 1.1
-23 -19.8 1.1
-19.8 -17 1.1
-17 -20.2 1.1
-23 -19.4 0.3
-23 -19.4 0.7
-19.4 -17 0.3
-19.4 -17 0.7
-17 -20.6 0.3
-17 -20.6 0.7
-22.8 -19.6 1.7
-19.6 -17.2 1.7
-17.2 -20.4 1.7
-17.2 -21.2 0.1
-17.2 -21.2 0.9
-18 -18 1.7
-18 -18 1.7
-22 -18.8 2.5
-18 -18.8 2.5
-17.2 -20.8 1.5
-19 -17.2 1.3
-17.2 -21 1.3
-19.2 -19 3.3
-17.4 -20.4 2.1
-19.2 -17.8 2.5
-17.8 -20.8 2.5
-18.4 -22.6 0.1
-18.4 -22.6 0.9
-17.4 -21.6 0.1
-17.4 -21.6 0.9
-17.4 -21.6 0.1
-17.4 -21.6 0.9
-18 -22.2 1.3
-18 -17.8 1.3
-17.8 -18 1.3
-18 -17.8 1.3
-17.8 -18 1.3
-18.2 -18.8 2.7
-23 -19.6 1.1
-19.6 -17 1.1
-17 -20.4 1.1
-18.2 -22.2 1.7
-23 -19.4 0.1
-23 -19.4 0.9
-19.4 -17 0.1
-19.4 -17 0.9
-17.8 -18.2 1.7
-18.2 -17.8 1.7
-17.8 -18.2 1.7
-17 -20.6 0.1
-17 -20.6 0.9
-22.2 -18.8 2.3
-18.8 -17.8 2.3
-17.8 -21.2 2.3
-18.2 -22.4 1.3
-22.8 -19.4 1.7
-17.6 -18.2 1.3
-18.2 -17.6 1.3
-17.6 -20.8 2.3
-17.2 -21.2 1.1
-19.2 -17 0.5
-17 -20.8 0.5
-23 -20 1.3
-20 -17 1.3
-18.8 -18.8 3.1
-17.4 -21.2 1.7
-18.6 -17.6 1.9
-17.6 -21.4 1.9
-19.2 -17 0.3
-19.2 -17 0.7
-17 -20.8 0.3
-17 -20.8 0.7
-23 -20.2 1.3
-23 -19.8 1.3
-19.8 -17 1.3
-17 -20.2 1.3
-17.4 -20.6 2.1
-18.4 -22.6 1.1
-17.4 -21.6 1.1
-17.4 -21.6 1.1
-17.8 -22.2 0.5
-17.8 -17.8 0.5
-17.8 -17.8 0.5
-18.2 -18.2 2.3
-18.6 -19 3.1
-23 -19.4 1.1
-19.4 -17 1.1
-17 -20.6 1.1
-17.4 -21.4 1.5
-19 -17.4 1.9
-17.4 -21 1.9
-17.8 -20.2 2.7
-17.8 -22.2 0.3
-17.8 -22.2 0.7
-17.8 -17.8 0.3
-17.8 -17.8 0.7
-17.8 -17.8 0.3
-17.8 -17.8 0.7
-18 -22.4 0.5
-18 -17.6 0.5
-17.6 -18 0.5
-18 -17.6 0.5
-18.4 -22.4 1.7
-18.4 -17.6 1.7
-17.6 -21.6 1.7
-18.8 -18.4 2.9
-18.4 -18.8 2.9
-17.2 -21.4 0.5
-20 -17.2 1.9
-18.2 -18 2.1
-18 -18.2 2.1
-18 -22.4 0.3
-18 -22.4 0.7
-19.2 -17 0.1
-19.2 -17 0.9
-18 -17.6 0.3
-18 -17.6 0.7
-17.6 -18 0.3
-17.6 -18 0.7
-18.4 -18.2 2.5
-18.2 -18.4 2.5
-18 -17.6 0.3
-18 -17.6 0.7
-17 -20.8 0.1
-17 -20.8 0.9
-23 -19.6 1.3
-19.6 -17 1.3
-17 -20.4 1.3
-18.4 -18 2.3
-17.2 -21.4 0.3
-17.2 -21.4 0.7
-22.8 -20.2 1.9
-22.8 -19.8 1.9
-19.8 -17.2 1.9
-17.2 -21 1.5
-17.2 -20.2 1.9
-19 -19 3.3
-19 -18 2.7
-18 -22.2 1.5
-18 -17.8 1.5
-17.8 -18 1.5
-19 -17.8 2.5
-18 -17.8 1.5
-17.8 -19 2.5
-17.8 -18 1.5
-17.8 -21 2.5
-17.8 -22.2 0.1
-17.8 -22.2 0.9
-17.8 -17.8 0.1
-17.8 -17.8 0.9
-17.8 -17.8 0.1
-17.8 -17.8 0.9
-17.2 -20.8 1.7
-18 -22.4 0.1
-18 -22.4 0.9
-18 -17.6 0.1
-18 -17.6 0.9
-17.6 -18 0.1
-17.6 -18 0.9
-18 -17.6 0.1
-18 -17.6 0.9
-17.6 -20.4 2.5
-17.2 -21.2 1.3
-19.2 -18.8 3.3
-17.2 -21.4 0.1
-17.2 -21.4 0.9
-22.8 -19.6 1.9
-19.6 -17.2 1.9
-17.2 -20.4 1.9
-19.2 -18.4 3.1
-18.6 -18 2.5
-18 -18 1.9
-18 -18 1.9
-19.2 -17.4 2.1
-17.4 -20.8 2.1
-18.4 -18.4 2.7
-18.4 -22.6 1.3
-18.4 -22.2 2.1
-17.4 -21.6 1.3
-18.4 -17.8 2.1
-17.8 -18.4 2.1
-17.4 -21.6 1.3
-18.2 -22.4 1.5
-17.6 -18.2 1.5
-18.2 -17.6 1.5
-19 -18.2 2.9
-18.2 -19 2.9
-19.2 -17 1.1
-19 -17.6 2.3
-17.6 -21 2.3
-17 -20.8 1.1
-18.2 -22.6 0.5
-17.4 -21.8 0.5
-17.4 -18.2 0.5
-23 -20 1.5
-20 -17 1.5
-19 -17 0.5
-17 -21 0.5
-23 -19.4 1.3
-19.4 -17 1.3
-17 -20.6 1.3
-18.2 -22.6 0.3
-18.2 -22.6 0.7
-17.4 -21.8 0.3
-17.4 -21.8 0.7
-17.4 -18.2 0.3
-17.4 -18.2 0.7
-23 -20.2 1.5
-23 -19.8 1.5
-19.8 -17 1.5
-19 -17 0.3
-19 -17 0.7
-17 -21 0.3
-17 -21 0.7
-17 -20.2 1.5
-18.2 -22.2 1.9
-17.8 -18.2 1.9
-18.2 -17.8 1.9
-17.8 -18.2 1.9
-22.6 -19.8 2.3
-22.2 -18.6 2.3
-18.6 -17.8 2.3
-17.8 -18.6 2.3
-17.8 -21.4 2.3
-17.8 -22.2 1.1
-17.8 -17.8 1.1
-17.8 -17.8 1.1
-18 -22.4 1.1
-18 -17.6 1.1
-17.6 -18 1.1
-18 -17.6 1.1
-17.6 -20.6 2.5
-17.2 -21.4 1.1
-22.8 -19.4 1.9
-18.2 -22.6 0.1
-18.2 -22.6 0.9
-17.4 -21.8 0.1
-17.4 -21.8 0.9
-17.4 -18.2 0.1
-17.4 -18.2 0.9
-19.6 -17 1.5
-19 -17 0.1
-19 -17 0.9
-18.8 -18.6 3.1
-17 -21 0.1
-17 -21 0.9
-17 -20.4 1.5
-17.4 -21.4 1.7
-17.4 -20.4 2.3
-17.4 -21.2 1.9
-23.2 -20 0.5
-20 -16.8 0.5
-18.6 -17.6 2.1
-17.6 -21.4 2.1
-17.2 -21 1.7
-17.2 -21.2 1.5
-19.2 -17 1.3
-17 -20.8 1.3
-17.6 -21.6 1.9
-18.6 -18.4 2.9
-18.4 -18.6 2.9
-19 -18.8 3.3
-22 -18.8 2.7
-18 -18.8 2.7
-18 -22.2 1.7
-23.2 -20.2 0.5
-23.2 -20 0.3
-23.2 -20 0.7
-23.2 -19.8 0.5
-20 -16.8 0.3
-20 -16.8 0.7
-19.8 -16.8 0.5
-18 -17.8 1.7
-17.8 -18 1.7
-18 -17.8 1.7
-17.8 -18 1.7
-16.8 -20.2 0.5
-22.2 -18.8 2.5
-18.8 -17.8 2.5
-17.8 -21.2 2.5
-19 -18.4 3.1
-19 -17.4 2.1
-17.4 -21 2.1
-19.2 -17.8 2.7
-17.8 -20.8 2.7
-18.4 -22.6 1.5
-17.4 -21.6 1.5
-17.4 -21.6 1.5
-23.2 -20.2 0.3
-23.2 -20.2 0.7
-23.2 -19.8 0.3
-23.2 -19.8 0.7
-19.8 -16.8 0.3
-19.8 -16.8 0.7
-16.8 -20.2 0.3
-16.8 -20.2 0.7
-17.8 -22.2 1.3
-17.8 -17.8 1.3
-17.8 -17.8 1.3
-18.2 -22.6 1.1
-17.4 -21.8 1.1
-17.4 -18.2 1.1
-19 -17 1.1
-17 -21 1.1
-23 -19.4 1.5
-19.4 -17 1.5
-17 -20.6 1.5
-20 -17.2 2.1
-18.4 -22.8 0.5
-17.2 -21.6 0.5
-17.2 -21.6 0.5
-17.6 -20.8 2.5
-18 -22.4 1.3
-18 -17.6 1.3
-17.6 -18 1.3
-18 -17.6 1.3
-23.2 -20 0.1
-23.2 -20 0.9
-23.2 -19.6 0.5
-20 -16.8 0.1
-20 -16.8 0.9
-19.6 -16.8 0.5
-16.8 -20.4 0.5
-17.6 -18.2 1.7
-18.2 -17.6 1.7
-17.2 -21.4 1.3
-17.2 -20.8 1.9
-22.8 -20.2 2.1
-22.8 -19.8 2.1
-19.8 -17.2 2.1
-17.2 -20.2 2.1
-18.4 -22.8 0.3
-18.4 -22.8 0.7
-17.2 -21.6 0.3
-17.2 -21.6 0.7
-17.2 -21.6 0.3
-17.2 -21.6 0.7
-19.2 -18.6 3.3
-18.2 -18.8 2.9
-23 -20 1.7
-20 -17 1.7
-17 -21.2 0.5
-23.2 -20.2 0.1
-23.2 -20.2 0.9
-23.2 -19.8 0.1
-23.2 -19.8 0.9
-23.2 -19.6 0.3
-23.2 -19.6 0.7
-19.8 -16.8 0.1
-19.8 -16.8 0.9
-19.6 -16.8 0.3
-19.6 -16.8 0.7
-16.8 -20.4 0.3
-16.8 -20.4 0.7
-16.8 -20.2 0.1
-16.8 -20.2 0.9
-18.2 -18.2 2.5
-18.2 -18 2.3
-18 -18.2 2.3
-23 -20.2 1.7
-23 -19.8 1.7
-19.8 -17 1.7
-17 -20.2 1.7
-17 -21.2 0.3
-17 -21.2 0.7
-22.8 -19.6 2.1
-19.6 -17.2 2.1
-17.2 -20.4 2.1
-18.4 -22.8 0.1
-18.4 -22.8 0.9
-17.2 -21.6 0.1
-17.2 -21.6 0.9
-17.2 -21.6 0.1
-17.2 -21.6 0.9
-18 -18 2.1
-18 -18 2.1
-18.4 -18 2.5
-23.2 -19.6 0.1
-23.2 -19.6 0.9
-19.6 -16.8 0.1
-19.6 -16.8 0.9
-16.8 -20.4 0.1
-16.8 -20.4 0.9
-19.6 -17 1.7
-17 -20.4 1.7
-17 -21.2 0.1
-17 -21.2 0.9
-17.8 -22.4 0.5
-17.6 -22.2 0.5
-17.8 -17.6 0.5
-17.6 -17.8 0.5
-17.8 -17.6 0.5
-23.2 -20 1.1
-20 -16.8 1.1
-23.2 -19.4 0.5
-19.4 -16.8 0.5
-16.8 -20.6 0.5
-19.2 -17 1.5
-18.4 -18.2 2.7
-18.2 -18.4 2.7
-17 -20.8 1.5
-18.2 -22.6 1.3
-17.4 -21.8 1.3
-17.4 -18.2 1.3
-18.2 -22.2 2.1
-19 -17 1.3
-17.8 -18.2 2.1
-18.2 -17.8 2.1
-17.8 -18.2 2.1
-17 -21 1.3
-19.2 -17.4 2.3
-17.4 -20.8 2.3
-17.8 -22.4 0.3
-17.8 -22.4 0.7
-17.6 -22.2 0.3
-17.6 -22.2 0.7
-17.8 -17.6 0.3
-17.8 -17.6 0.7
-17.6 -17.8 0.3
-17.6 -17.8 0.7
-17.8 -17.6 0.3
-17.8 -17.6 0.7
-18.4 -22.2 2.3
-23.2 -20.2 1.1
-23.2 -19.8 1.1
-19.8 -16.8 1.1
-18.4 -17.8 2.3
-17.8 -20.2 2.9
-16.8 -20.2 1.1
-23.2 -19.4 0.3
-23.2 -19.4 0.7
-19.4 -16.8 0.3
-19.4 -16.8 0.7
-16.8 -20.6 0.3
-16.8 -20.6 0.7
-17.4 -21.4 1.9
-19 -17.8 2.7
-17.8 -19 2.7
-17.8 -21 2.7
-17.8 -22.2 1.5
-17.8 -17.8 1.5
-17.8 -17.8 1.5
-17.2 -21.2 1.7
-18.8 -18.8 3.3
-22.8 -19.4 2.1
-18.4 -22.8 1.1
-17.2 -21.6 1.1
-17.2 -21.6 1.1
-18 -22.4 1.5
-18 -17.6 1.5
-17.6 -18 1.5
-19 -17.6 2.5
-18 -17.6 1.5
-17.6 -21 2.5
-19 -18 2.9
-18 -22.6 0.5
-17.8 -22.4 0.1
-17.8 -22.4 0.9
-17.6 -22.2 0.1
-17.6 -22.2 0.9
-17.4 -22 0.5
-18 -17.4 0.5
-17.8 -17.6 0.1
-17.8 -17.6 0.9
-17.6 -17.8 0.1
-17.6 -17.8 0.9
-17.4 -18 0.5
-22.6 -18 0.5
-18.8 -18.4 3.1
-18.4 -18.8 3.1
-17.8 -17.6 0.1
-17.8 -17.6 0.9
-17.4 -21.2 2.1
-18.4 -22.6 1.7
-17.4 -21.6 1.7
-23.2 -19.6 1.1
-19.6 -16.8 1.1
-17.4 -21.6 1.7
-16.8 -20.4 1.1
-23.2 -19.4 0.1
-23.2 -19.4 0.9
-19.4 -16.8 0.1
-19.4 -16.8 0.9
-16.8 -20.6 0.1
-16.8 -20.6 0.9
-17.2 -21.4 1.5
-17.2 -21 1.9
-18.6 -19 3.3
-18.6 -18 2.7
-23 -19.4 1.7
-19.4 -17 1.7
-17 -21.2 1.1
-17 -20.6 1.7
-18 -22.6 0.3
-18 -22.6 0.7
-17.4 -22 0.3
-17.4 -22 0.7
-18 -17.4 0.3
-18 -17.4 0.7
-17.4 -18 0.3
-17.4 -18 0.7
-22.6 -18 0.3
-22.6 -18 0.7
-22.6 -19.8 2.5
-22.2 -18.6 2.5
-18.6 -17.8 2.5
-17.8 -18.6 2.5
-17.8 -21.4 2.5
-18 -22.2 1.9
-18 -17.8 1.9
-17.8 -18 1.9
-18 -17.8 1.9
-17.8 -18 1.9
-17.6 -21.6 2.1
-19.2 -16.8 0.5
-18.4 -18.4 2.9
-16.8 -20.8 0.5
-23.2 -20 1.3
-20 -16.8 1.3
-18 -22.6 0.1
-18 -22.6 0.9
-17.4 -22 0.1
-17.4 -22 0.9
-18 -17.4 0.1
-18 -17.4 0.9
-17.4 -18 0.1
-17.4 -18 0.9
-22.6 -18 0.1
-22.6 -18 0.9
-17.4 -20.4 2.5
-19.2 -16.8 0.3
-19.2 -16.8 0.7
-16.8 -20.8 0.3
-16.8 -20.8 0.7
-23.2 -20.2 1.3
-19.8 -16.8 1.3
-16.8 -20.2 1.3
-17.6 -18.2 1.9
-18.2 -17.6 1.9
-18.6 -17.6 2.3
-17.6 -21.4 2.3
-17.6 -20.6 2.7
-17 -21.4 0.5
-23 -20 1.9
-20 -17 1.9
-17.8 -22.4 1.1
-17.6 -22.2 1.1
-17.8 -17.6 1.1
-17.6 -17.8 1.1
-17.8 -17.6 1.1
-23.2 -19.4 1.1
-19.4 -16.8 1.1
-16.8 -20.6 1.1
-19 -18.2 3.1
-18.2 -19 3.1
-18.2 -22.6 1.5
-17.4 -21.8 1.5
-17 -21.4 0.3
-17 -21.4 0.7
-23 -20.2 1.9
-23 -19.8 1.9
-19.8 -17 1.9
-19 -17 1.5
-19 -19 3.5
-17 -21 1.5
-17 -20.2 1.9
-19 -17.4 2.3
-17.4 -21 2.3
-17.2 -20.8 2.1
-18.4 -22.8 1.3
-17.2 -21.6 1.3
-17.2 -21.6 1.3
-19.2 -18.4 3.3
-19.2 -16.8 0.1
-19.2 -16.8 0.9
-16.8 -20.8 0.1
-16.8 -20.8 0.9
-23.2 -19.6 1.3
-19.6 -16.8 1.3
-16.8 -20.4 1.3
-18.2 -22.8 0.5
-17.2 -21.8 0.5
-17.2 -18.2 0.5
-20 -17.2 2.3
-19.2 -17 1.7
-17 -20.8 1.7
-19.2 -18.8 3.5
-17 -21.2 1.3
-18.2 -22.8 0.3
-18.2 -22.8 0.7
-17.2 -21.8 0.3
-17.2 -21.8 0.7
-17.2 -18.2 0.3
-17.2 -18.2 0.7
-22.8 -20.2 2.3
-22.8 -19.8 2.3
-19.8 -17.2 2.3
-17.2 -20.2 2.3
-17 -21.4 0.1
-17 -21.4 0.9
-19.6 -17 1.9
-17 -20.4 1.9
-18 -22.6 1.1
-17.4 -22 1.1
-18 -17.4 1.1
-17.4 -18 1.1
-22.6 -18 1.1
-22.2 -18.8 2.7
-18.8 -17.8 2.7
-17.8 -21.2 2.7
-17.8 -22.2 1.7
-17.8 -17.8 1.7
-17.8 -17.8 1.7
-18 -22.4 1.7
-18 -17.6 1.7
-18 -17.6 1.7
-22 -18.8 2.9
-18 -18.8 2.9
-18.2 -22.8 0.1
-18.2 -22.8 0.9
-17.2 -21.8 0.1
-17.2 -21.8 0.9
-17.2 -18.2 0.1
-17.2 -18.2 0.9
-17.2 -21.4 1.7
-22.8 -19.6 2.3
-19.6 -17.2 2.3
-17.2 -20.4 2.3
-18.2 -18 2.5
-18 -18.2 2.5
-17.6 -20.8 2.7
-17.2 -21.2 1.9
-18 -18 2.3
-18 -18 2.3
-18.8 -18.6 3.3
-17.8 -22.4 1.3
-17.6 -22.2 1.3
-19.2 -16.8 1.1
-17.8 -17.6 1.3
-17.6 -17.8 1.3
-19.2 -17.8 2.9
-17.8 -17.6 1.3
-16.8 -20.8 1.1
-23.2 -20 1.5
-20 -16.8 1.5
-19 -16.8 0.5
-16.8 -21 0.5
-19.4 -16.8 1.3
-16.8 -20.6 1.3
-18.6 -18.4 3.1
-18.4 -18.6 3.1
-17.4 -21.4 2.1
-18.4 -22.6 1.9
-17.4 -21.6 1.9
-17.4 -21.6 1.9
-23.2 -20.2 1.5
-19.8 -16.8 1.5
-19 -16.8 0.3
-19 -16.8 0.7
-16.8 -21 0.3
-16.8 -21 0.7
-16.8 -20.2 1.5
-18.2 -18.2 2.7
-17 -21.4 1.1
-18.2 -22.2 2.3
-23 -19.4 1.9
-19.4 -17 1.9
-17.8 -18.2 2.3
-18.2 -17.8 2.3
-17.8 -18.2 2.3
-17 -20.6 1.9
-17.2 -21 2.1
-18.4 -22.8 1.5
-17.2 -21.6 1.5
-17.2 -21.6 1.5
-19 -18.4 3.3
-19.2 -17.4 2.5
-18.4 -18 2.7
-17.4 -20.8 2.5
-18 -22.6 1.3
-17.4 -22 1.3
-18 -17.4 1.3
-17.4 -18 1.3
-22.6 -18 1.3
-18 -22.2 2.1
-18 -17.8 2.1
-17.8 -18 2.1
-18 -17.8 2.1
-17.8 -18 2.1
-18.4 -22.2 2.5
-23.2 -19.6 1.5
-19.6 -16.8 1.5
-19 -16.8 0.1
-19 -16.8 0.9
-18.4 -17.8 2.5
-16.8 -21 0.1
-16.8 -21 0.9
-16.8 -20.4 1.5
-18.2 -22.8 1.1
-17.2 -21.8 1.1
-17.2 -18.2 1.1
-22.8 -19.4 2.3
-18.2 -22.6 1.7
-17.4 -21.8 1.7
-18.2 -18.8 3.1
-19 -17 1.7
-17 -21 1.7
-17 -21.2 1.5
-19 -18.8 3.5
-17.4 -21.2 2.3
-17.6 -22.4 0.5
-17.6 -17.6 0.5
-19.2 -16.8 1.3
-16.8 -20.8 1.3
-17.6 -18.2 2.1
-18.2 -17.6 2.1
-17.6 -22.4 0.3
-17.6 -22.4 0.7
-17.6 -17.6 0.3
-17.6 -17.6 0.7
-20 -23.4 0.5
-23.4 -20 0.5
-20 -16.6 0.5
-18.4 -18.2 2.9
-18.2 -18.4 2.9
-23 -20 2.1
-20 -17 2.1
-17.6 -21.6 2.3
-18.4 -23 0.5
-17 -21.6 0.5
-17 -21.6 0.5
-20.2 -23.4 0.5
-20 -23.4 0.3
-20 -23.4 0.7
-19.8 -23.4 0.5
-23.4 -20.2 0.5
-23.4 -20 0.3
-23.4 -20 0.7
-23.4 -19.8 0.5
-20 -16.6 0.3
-20 -16.6 0.7
-19.8 -16.6 0.5
-19.2 -18.6 3.5
-16.6 -20.2 0.5
-19.2 -17 1.9
-19 -17.6 2.7
-17.6 -21 2.7
-17 -20.8 1.9
-23 -20.2 2.1
-23 -19.8 2.1
-19.8 -17 2.1
-17 -21.4 1.3
-17 -20.2 2.1
-18.4 -23 0.3
-18.4 -23 0.7
-17 -21.6 0.3
-17 -21.6 0.7
-17 -21.6 0.3
-17 -21.6 0.7
-17.8 -22.4 1.5
-17.6 -22.2 1.5
-17.8 -17.6 1.5
-17.6 -17.8 1.5
-17.8 -17.6 1.5
-19 -16.8 1.1
-19 -17.8 2.9
-17.8 -19 2.9
-17.8 -21 2.9
-16.8 -21 1.1
-19.4 -16.8 1.5
-16.8 -20.6 1.5
-17.8 -22.6 0.5
-17.4 -22.2 0.5
-17.8 -17.4 0.5
-17.4 -17.8 0.5
-22.6 -17.8 0.5
-20.2 -23.4 0.3
-20.2 -23.4 0.7
-19.8 -23.4 0.3
-19.8 -23.4 0.7
-23.4 -20.2 0.3
-23.4 -20.2 0.7
-23.4 -19.8 0.3
-23.4 -19.8 0.7
-19.8 -16.6 0.3
-19.8 -16.6 0.7
-16.6 -20.2 0.3
-16.6 -20.2 0.7
-22.6 -19.8 2.7
-22.2 -18.6 2.7
-17.8 -21.4 2.7
-17.8 -20.2 3.1
-17.8 -22.6 0.3
-17.8 -22.6 0.7
-17.4 -22.2 0.3
-17.4 -22.2 0.7
-17.8 -17.4 0.3
-17.8 -17.4 0.7
-17.4 -17.8 0.3
-17.4 -17.8 0.7
-22.6 -17.8 0.3
-22.6 -17.8 0.7
-17.8 -22.2 1.9
-17.8 -17.8 1.9
-17.8 -17.8 1.9
-17.6 -22.4 0.1
-17.6 -22.4 0.9
-17.6 -17.6 0.1
-17.6 -17.6 0.9
-23.2 -20 1.7
-20 -16.8 1.7
-16.8 -21.2 0.5
-18.2 -22.8 1.3
-17.2 -21.8 1.3
-17.2 -18.2 1.3
-17.2 -20.8 2.3
-20 -23.4 0.1
-20 -23.4 0.9
-19.6 -23.4 0.5
-23.4 -20 0.1
-23.4 -20 0.9
-23.4 -19.6 0.5
-20 -16.6 0.1
-20 -16.6 0.9
-19.6 -16.6 0.5
-18.6 -17.6 2.5
-17.6 -21.4 2.5
-16.6 -20.4 0.5
-18 -22.4 1.9
-18 -17.6 1.9
-18 -17.6 1.9
-19.6 -17 2.1
-18.6 -18 2.9
-17 -20.4 2.1
-18.4 -23 0.1
-18.4 -23 0.9
-17 -21.6 0.1
-17 -21.6 0.9
-17 -21.6 0.1
-17 -21.6 0.9
-23.2 -20.2 1.7
-19.8 -16.8 1.7
-16.8 -21.2 0.3
-16.8 -21.2 0.7
-17.2 -21.4 1.9
-20.2 -23.4 0.1
-20.2 -23.4 0.9
-19.8 -23.4 0.1
-19.8 -23.4 0.9
-19.6 -23.4 0.3
-19.6 -23.4 0.7
-23.4 -20.2 0.1
-23.4 -20.2 0.9
-23.4 -19.8 0.1
-23.4 -19.8 0.9
-23.4 -19.6 0.3
-23.4 -19.6 0.7
-19.8 -16.6 0.1
-19.8 -16.6 0.9
-19.6 -16.6 0.3
-19.6 -16.6 0.7
-16.6 -20.4 0.3
-16.6 -20.4 0.7
-16.6 -20.2 0.1
-16.6 -20.2 0.9
-19 -18 3.1
-18 -22.6 1.5
-17.4 -22 1.5
-19 -17.4 2.5
-18 -17.4 1.5
-17.4 -18 1.5
-22.6 -18 1.5
-17.4 -20.4 2.7
-17.8 -22.6 0.1
-17.8 -22.6 0.9
-17.4 -22.2 0.1
-17.4 -22.2 0.9
-17.8 -17.4 0.1
-17.8 -17.4 0.9
-17.4 -17.8 0.1
-17.4 -17.8 0.9
-22.6 -17.8 0.1
-22.6 -17.8 0.9
-18.4 -22.8 1.7
-18 -22.8 0.5
-17.2 -22 0.5
-17.2 -21.6 1.7
-20 -17.2 2.5
-18 -17.2 0.5
-17.2 -18 0.5
-22.8 -18 0.5
-17.2 -21.6 1.7
-17.2 -21.2 2.1
-18.8 -18.4 3.3
-18.4 -18.8 3.3
-19.6 -16.8 1.7
-16.8 -20.4 1.7
-16.8 -21.2 0.1
-16.8 -21.2 0.9
-18 -22.8 0.3
-18 -22.8 0.7
-17.6 -22.4 1.1
-17.2 -22 0.3
-17.2 -22 0.7
-22.8 -20.2 2.5
-22.8 -19.8 2.5
-19.8 -17.2 2.5
-18 -17.2 0.3
-18 -17.2 0.7
-17.6 -17.6 1.1
-17.2 -18 0.3
-17.2 -18 0.7
-22.8 -18 0.3
-22.8 -18 0.7
-17.2 -20.2 2.5
-19.6 -23.4 0.1
-19.6 -23.4 0.9
-23.4 -19.6 0.1
-23.4 -19.6 0.9
-19.6 -16.6 0.1
-19.6 -16.6 0.9
-16.6 -20.4 0.1
-16.6 -20.4 0.9
-17.6 -20.6 2.9
-18.4 -18.4 3.1
-17 -21.2 1.7
-18.4 -22.6 2.1
-17.4 -21.6 2.1
-19.2 -16.8 1.5
-17.4 -21.6 2.1
-16.8 -20.8 1.5
-18.8 -18.8 3.5
-19 -16.8 1.3
-16.8 -21 1.3
-20 -23.4 1.1
-23.4 -20 1.1
-20 -16.6 1.1
-19.4 -23.4 0.5
-23.4 -19.4 0.5
-19.4 -16.6 0.5
-16.6 -20.6 0.5
-23 -19.4 2.1
-19.4 -17 2.1
-17 -20.6 2.1
-18.4 -23 1.1
-17 -21.6 1.1
-17 -21.6 1.1
-20.2 -23.4 1.1
-19.8 -23.4 1.1
-23.4 -20.2 1.1
-23.4 -19.8 1.1
-19.8 -16.6 1.1
-16.6 -20.2 1.1
-19.4 -23.4 0.3
-19.4 -23.4 0.7
-23.4 -19.4 0.3
-23.4 -19.4 0.7
-19.4 -16.6 0.3
-19.4 -16.6 0.7
-16.6 -20.6 0.3
-16.6 -20.6 0.7
-18.2 -22.6 1.9
-17.4 -21.8 1.9
-18.6 -19 3.5
-17 -21.4 1.5
-19 -17 1.9
-17 -21 1.9
-17.4 -21.4 2.3
-17.8 -22.6 1.1
-17.4 -22.2 1.1
-17.8 -17.4 1.1
-17.4 -17.8 1.1
-22.6 -17.8 1.1
-18 -22.8 0.1
-18 -22.8 0.9
-17.2 -22 0.1
-17.2 -22 0.9
-22.8 -19.6 2.5
-19.6 -17.2 2.5
-18 -17.2 0.1
-18 -17.2 0.9
-17.2 -18 0.1
-17.2 -18 0.9
-22.8 -18 0.1
-22.8 -18 0.9
-17.2 -20.4 2.5
-18 -18 2.5
-18 -18 2.5
-17.8 -22.4 1.7
-17.6 -22.2 1.7
-17.8 -17.6 1.7
-17.6 -17.8 1.7
-17.8 -17.6 1.7
-19.4 -16.8 1.7
-22.2 -18.8 2.9
-18.8 -17.8 2.9
-17.8 -21.2 2.9
-16.8 -21.2 1.1
-17.2 -21.8 1.5
-17.2 -18.2 1.5
-19 -18.2 3.3
-17.2 -21 2.3
-19.6 -23.4 1.1
-23.4 -19.6 1.1
-19.6 -16.6 1.1
-18.2 -18 2.7
-18 -18.2 2.7
-16.6 -20.4 1.1
-19.4 -23.4 0.1
-19.4 -23.4 0.9
-23.4 -19.4 0.1
-23.4 -19.4 0.9
-19.4 -16.6 0.1
-19.4 -16.6 0.9
-16.6 -20.6 0.1
-16.6 -20.6 0.9
-18.2 -22.2 2.5
-17.8 -18.2 2.5
-18.2 -17.8 2.5
-17.8 -18.2 2.5
-18 -22.2 2.3
-17.8 -18 2.3
-18 -17.8 2.3
-17.8 -18 2.3
-17.6 -22.4 1.3
-17.6 -17.6 1.3
-17.6 -20.8 2.9
-18 -22.8 1.1
-19.2 -23.4 0.5
-17.2 -22 1.1
-22.8 -19.4 2.5
-19.2 -16.6 0.5
-18 -17.2 1.1
-17.2 -18 1.1
-22.8 -18 1.1
-16.6 -20.8 0.5
-20 -23.4 1.3
-23.4 -20 1.3
-20 -16.6 1.3
-19.2 -17 2.1
-17 -20.8 2.1
-19.2 -18.4 3.5
-22 -18.8 3.1
-18 -18.8 3.1
-18.4 -23 1.3
-17 -21.6 1.3
-17 -21.6 1.3
-18 -22.6 1.7
-17.4 -22 1.7
-18 -17.4 1.7
-17.4 -18 1.7
-22.6 -18 1.7
-17.4 -21.2 2.5
-16.8 -21.4 0.5
-23.2 -20 1.9
-20 -16.8 1.9
-18.2 -18.2 2.9
-17.6 -18.2 2.3
-18.2 -17.6 2.3
-19.2 -23.4 0.3
-19.2 -23.4 0.7
-19.2 -16.6 0.3
-19.2 -16.6 0.7
-16.6 -20.8 0.3
-16.6 -20.8 0.7
-18.2 -23 0.5
-17 -21.8 0.5
-17 -18.2 0.5
-20.2 -23.4 1.3
-23.4 -20.2 1.3
-19.8 -16.6 1.3
-16.6 -20.2 1.3
-23 -20 2.3
-20 -17 2.3
-19 -19 3.7
-19.2 -17.4 2.7
-19.2 -17.8 3.1
-17.4 -20.8 2.7
-16.8 -21.4 0.3
-16.8 -21.4 0.7
-18.4 -22.2 2.7
-23.2 -20.2 1.9
-19.8 -16.8 1.9
-19 -16.8 1.5
-18.4 -17.8 2.7
-16.8 -21 1.5
-17.8 -22.6 1.3
-17.8 -22.2 2.1
-17.4 -22.2 1.3
-17.8 -17.8 2.1
-17.8 -17.4 1.3
-17.4 -17.8 1.3
-22.6 -17.8 1.3
-17.8 -17.8 2.1
-18.2 -23 0.3
-18.2 -23 0.7
-17 -21.8 0.3
-17 -21.8 0.7
-17 -18.2 0.3
-17 -18.2 0.7
-19.4 -23.4 1.1
-23.4 -19.4 1.1
-19.4 -16.6 1.1
-16.6 -20.6 1.1
-23 -20.2 2.3
-23 -19.8 2.3
-19.8 -17 2.3
-17 -20.2 2.3
-18 -17.6 2.1
-18 -17.6 2.1
-17.6 -21.6 2.5
-19.2 -18.8 3.7
-18.4 -18 2.9
-19.2 -16.8 1.7
-16.8 -20.8 1.7
-16.8 -21.2 1.3
-17.2 -21.4 2.1
-19.2 -23.4 0.1
-19.2 -23.4 0.9
-19.2 -16.6 0.1
-19.2 -16.6 0.9
-16.6 -20.8 0.1
-16.6 -20.8 0.9
-18.4 -22.8 1.9
-17.2 -21.6 1.9
-17.2 -21.6 1.9
-19.6 -23.4 1.3
-23.4 -19.6 1.3
-16.6 -20.4 1.3
-18.6 -18.4 3.3
-18.4 -18.6 3.3
-16.8 -21.4 0.1
-16.8 -21.4 0.9
-19.6 -16.8 1.9
-16.8 -20.4 1.9
-18.2 -23 0.1
-18.2 -23 0.9
-17 -21.8 0.1
-17 -21.8 0.9
-17 -18.2 0.1
-17 -18.2 0.9
-19.6 -17 2.3
-17 -21.4 1.7
-17 -20.4 2.3
-18.8 -18.6 3.5
-17 -21.2 1.9
-17.2 -20.8 2.5
-18 -22.8 1.3
-17.2 -22 1.3
-18 -17.2 1.3
-17.2 -18 1.3
-22.8 -18 1.3
-17.2 -21.8 1.7
-17.2 -18.2 1.7
-17.6 -22.4 1.5
-17.6 -17.6 1.5
-17.2 -21.2 2.3
-19 -17.6 2.9
-18.2 -18.8 3.3
-17.6 -21 2.9
-22.4 -17.4 0.5
-17.6 -22.6 0.5
-17.4 -22.4 0.5
-17.6 -17.4 0.5
-17.4 -17.6 0.5
-22.6 -17.6 0.5
-19.2 -23.4 1.1
-19.2 -16.6 1.1
-16.6 -20.8 1.1
-20 -23.4 1.5
-19 -23.4 0.5
-20 -16.6 1.5
-19 -16.6 0.5
-18.6 -17.6 2.7
-18.4 -18.2 3.1
-18.2 -18.4 3.1
-17.6 -21.4 2.7
-16.6 -21 0.5
-18.2 -22.6 2.1
-19.4 -23.4 1.3
-17.4 -21.8 2.1
-23.4 -19.4 1.3
-19.4 -16.6 1.3
-16.6 -20.6 1.3
-19 -17 2.1
-17 -21 2.1
-22.4 -17.4 0.3
-22.4 -17.4 0.7
-17.6 -22.6 0.3
-17.6 -22.6 0.7
-17.4 -22.4 0.3
-17.4 -22.4 0.7
-17.6 -17.4 0.3
-17.6 -17.4 0.7
-17.4 -17.6 0.3
-17.4 -17.6 0.7
-22.6 -17.6 0.3
-22.6 -17.6 0.7
-18.4 -23 1.5
-17 -21.6 1.5
-19 -18.4 3.5
-17 -21.6 1.5
-17.8 -22.4 1.9
-17.6 -22.2 1.9
-17.8 -17.6 1.9
-17.6 -17.8 1.9
-17.8 -17.6 1.9
-18.4 -22.6 2.3
-17.4 -21.6 2.3
-22.6 -19.8 2.9
-22.2 -18.6 2.9
-17.8 -21.4 2.9
-17.4 -21.6 2.3
-16.8 -21.4 1.1
-19.4 -16.8 1.9
-18.2 -23 1.1
-17 -21.8 1.1
-17 -18.2 1.1
-20.2 -23.4 1.5
-19 -23.4 0.3
-19 -23.4 0.7
-23.4 -20.2 1.5
-19.8 -16.6 1.5
-19 -16.6 0.3
-19 -16.6 0.7
-16.6 -21 0.3
-16.6 -21 0.7
-16.6 -20.2 1.5
-23 -19.4 2.3
-19.4 -17 2.3
-17 -20.6 2.3
-19 -17.4 2.7
-19 -17.8 3.1
-17.8 -21 3.1
-17.8 -22.6 1.5
-17.4 -22.2 1.5
-17.8 -17.4 1.5
-22.6 -17.8 1.5
-20 -17.2 2.7
-17.8 -22.8 0.5
-17.8 -17.2 0.5
-17.2 -17.8 0.5
-22.8 -17.8 0.5
-22.4 -17.4 0.1
-22.4 -17.4 0.9
-17.6 -22.6 0.1
-17.6 -22.6 0.9
-17.4 -22.4 0.1
-17.4 -22.4 0.9
-17.6 -17.4 0.1
-17.6 -17.4 0.9
-17.4 -17.6 0.1
-17.4 -17.6 0.9
-22.6 -17.6 0.1
-22.6 -17.6 0.9
-19 -18.8 3.7
-17.4 -20.4 2.9
-19 -16.8 1.7
-16.8 -21 1.7
-16.8 -21.2 1.5
-22.8 -20.2 2.7
-22.8 -19.8 2.7
-19.8 -17.2 2.7
-17.2 -20.2 2.7
-19.6 -23.4 1.5
-19 -23.4 0.1
-19 -23.4 0.9
-23.4 -19.6 1.5
-19 -16.6 0.1
-19 -16.6 0.9
-16.6 -21 0.1
-16.6 -21 0.9
-16.6 -20.4 1.5
-18.6 -18 3.1
-17.8 -22.8 0.3
-17.8 -22.8 0.7
-17.8 -17.2 0.3
-17.8 -17.2 0.7
-17.2 -17.8 0.3
-17.2 -17.8 0.7
-22.8 -17.8 0.3
-22.8 -17.8 0.7
-17.4 -21.4 2.5
-18 -22.6 1.9
-17.4 -22 1.9
-18 -17.4 1.9
-17.4 -18 1.9
-22.6 -18 1.9
-17.8 -20.2 3.3
-23.2 -20 2.1
-20 -16.8 2.1
-18.4 -23.2 0.5
-16.8 -21.6 0.5
-18 -22.8 1.5
-19.2 -23.4 1.3
-17.2 -22 1.5
-22.8 -19.6 2.7
-19.6 -17.2 2.7
-19.2 -16.6 1.3
-18 -17.2 1.5
-17.2 -18 1.5
-22.8 -18 1.5
-17.2 -21 2.5
-17.2 -20.4 2.7
-16.6 -20.8 1.3
-19.2 -18.6 3.7
-17.8 -22.8 0.1
-17.8 -22.8 0.9
-17.8 -17.2 0.1
-17.8 -17.2 0.9
-17.2 -17.8 0.1
-17.2 -17.8 0.9
-22.8 -17.8 0.1
-22.8 -17.8 0.9
-18 -18 2.7
-19 -18 3.3
-18 -18 2.7
-19.2 -16.8 1.9
-16.8 -20.8 1.9
-18 -22.2 2.5
-23.2 -20.2 2.1
-19.8 -16.8 2.1
-17.8 -18 2.5
-18 -17.8 2.5
-17.8 -18 2.5
-16.8 -21.4 1.3
-18.4 -23.2 0.3
-18.4 -23.2 0.7
-16.8 -21.6 0.3
-16.8 -21.6 0.7
-18.2 -23 1.3
-17 -18.2 1.3
-19.2 -17 2.3
-17.6 -20.6 3.1
-17 -20.8 2.3
-22.4 -17.4 1.1
-17.6 -22.6 1.1
-17.4 -22.4 1.1
-17.6 -17.4 1.1
-17.4 -17.6 1.1
-22.6 -17.6 1.1
-19 -23.4 1.1
-19 -16.6 1.1
-16.6 -21 1.1
-19.4 -23.4 1.5
-19.4 -16.6 1.5
-16.6 -20.6 1.5
-17 -21.4 1.9
-18.2 -22.2 2.7
-17.8 -18.2 2.7
-18.2 -17.8 2.7
-17.8 -18.2 2.7
-17.8 -22.2 2.3
-17.8 -17.8 2.3
-17.8 -17.8 2.3
-18.4 -22.8 2.1
-17.2 -21.6 2.1
-17.2 -21.6 2.1
-17.6 -22.4 1.7
-18.4 -18.4 3.3
-20 -23.6 0.5
-20 -16.4 0.5
-19.6 -16.8 2.1
-16.8 -20.4 2.1
-18.4 -23.2 0.1
-18.4 -23.2 0.9
-16.8 -21.6 0.1
-16.8 -21.6 0.9
-17.6 -18.2 2.5
-18.2 -17.6 2.5
-18.2 -18 2.9
-18 -18.2 2.9
-20 -23.4 1.7
-20 -16.6 1.7
-18 -17.6 2.3
-18 -17.6 2.3
-18.8 -23.4 0.5
-16.6 -21.2 0.5
-18 -23 0.5
-17 -22 0.5
-23 -20 2.5
-20 -17 2.5
-18 -17 0.5
-17 -18 0.5
-23 -18 0.5
-17 -21.2 2.1
-18.4 -23 1.7
-17 -21.6 1.7
-17 -21.6 1.7
-20.2 -23.6 0.5
-20 -23.6 0.3
-20 -23.6 0.7
-19.8 -23.6 0.5
-20 -16.4 0.3
-20 -16.4 0.7
-19.8 -16.4 0.5
-18.8 -18.4 3.5
-18.4 -18.8 3.5
-16.4 -20.2 0.5
-17.2 -21.8 1.9
-17.2 -18.2 1.9
-17.2 -21.4 2.3
-22.8 -19.4 2.7
-20.2 -23.4 1.7
-23.4 -20.2 1.7
-19.8 -16.6 1.7
-16.6 -20.2 1.7
-17.8 -22.8 1.1
-18.8 -23.4 0.3
-18.8 -23.4 0.7
-17.8 -17.2 1.1
-17.2 -17.8 1.1
-22.8 -17.8 1.1
-16.6 -21.2 0.3
-16.6 -21.2 0.7
-18 -23 0.3
-18 -23 0.7
-17 -22 0.3
-17 -22 0.7
-23 -20.2 2.5
-23 -19.8 2.5
-19.8 -17 2.5
-18 -17 0.3
-18 -17 0.7
-17 -18 0.3
-17 -18 0.7
-23 -18 0.3
-23 -18 0.7
-17 -20.2 2.5
-20.2 -23.6 0.3
-20.2 -23.6 0.7
-19.8 -23.6 0.3
-19.8 -23.6 0.7
-19.8 -16.4 0.3
-19.8 -16.4 0.7
-16.4 -20.2 0.3
-16.4 -20.2 0.7
-17.4 -21.2 2.7
-22.2 -18.8 3.1
-18.8 -17.8 3.1
-17.8 -21.2 3.1
-17.8 -22.6 1.7
-17.4 -22.2 1.7
-17.8 -17.4 1.7
-22.6 -17.8 1.7
-20 -23.6 0.1
-20 -23.6 0.9
-19.6 -23.6 0.5
-19.6 -23.6 0.5
-20 -16.4 0.1
-20 -16.4 0.9
-19.6 -16.4 0.5
-16.4 -20.4 0.5
-18.8 -18.8 3.7
-16.8 -21.2 1.7
-17.6 -20.8 3.1
-19.6 -23.4 1.7
-23.4 -19.6 1.7
-16.6 -20.4 1.7
-18.8 -23.4 0.1
-18.8 -23.4 0.9
-16.6 -21.2 0.1
-16.6 -21.2 0.9
-18 -23 0.1
-18 -23 0.9
-17 -22 0.1
-17 -22 0.9
-19.6 -17 2.5
-18 -17 0.1
-18 -17 0.9
-17 -18 0.1
-17 -18 0.9
-23 -18 0.1
-23 -18 0.9
-17.6 -21.6 2.7
-17 -20.4 2.5
-22.4 -17.4 1.3
-17.6 -22.6 1.3
-17.4 -22.4 1.3
-17.6 -17.4 1.3
-17.4 -17.6 1.3
-22.6 -17.6 1.3
-17.8 -22.4 2.1
-17.6 -22.2 2.1
-19.2 -17.4 2.9
-17.8 -17.6 2.1
-17.8 -17.6 2.1
-17.4 -20.8 2.9
-20.2 -23.6 0.1
-20.2 -23.6 0.9
-19.8 -23.6 0.1
-19.8 -23.6 0.9
-19.6 -23.6 0.3
-19.6 -23.6 0.7
-19.6 -23.6 0.3
-19.6 -23.6 0.7
-19.8 -16.4 0.1
-19.8 -16.4 0.9
-19.6 -16.4 0.3
-19.6 -16.4 0.7
-16.4 -20.4 0.3
-16.4 -20.4 0.7
-16.4 -20.2 0.1
-16.4 -20.2 0.9
-18.4 -22.2 2.9
-19.4 -16.8 2.1
-18.4 -23.2 1.1
-16.8 -21.6 1.1
-19.2 -23.4 1.5
-19.2 -16.6 1.5
-16.6 -20.8 1.5
-19 -23.4 1.3
-19 -16.6 1.3
-16.6 -21 1.3
-18.6 -19 3.7
-16.8 -21.4 1.5
-19 -16.8 1.9
-16.8 -21 1.9
-18.2 -18.2 3.1
-18.2 -23 1.5
-17 -18.2 1.5
-18.2 -22.6 2.3
-17.4 -21.8 2.3
-19 -17 2.3
-17 -21 2.3
-18 -22.8 1.7
-17.2 -22 1.7
-18 -17.2 1.7
-17.2 -18 1.7
-22.8 -18 1.7
-17.2 -21.2 2.5
-22 -18.8 3.3
-18 -18.8 3.3
-19.6 -23.6 0.1
-19.6 -23.6 0.9
-19.6 -23.6 0.1
-19.6 -23.6 0.9
-19.6 -16.4 0.1
-19.6 -16.4 0.9
-16.4 -20.4 0.1
-16.4 -20.4 0.9
-17.2 -20.8 2.7
-17.8 -22.8 1.3
-17.8 -17.2 1.3
-17.2 -17.8 1.3
-22.8 -17.8 1.3
-18.4 -18 3.1
-18 -22.6 2.1
-17.4 -22 2.1
-18 -17.4 2.1
-17.4 -18 2.1
-22.6 -18 2.1
-19.2 -17.8 3.3
-20 -23.6 1.1
-20 -16.4 1.1
-18.4 -22.6 2.5
-19.4 -23.6 0.5
-17.4 -21.6 2.5
-19.4 -23.6 0.5
-19.4 -16.4 0.5
-17.4 -21.6 2.5
-16.4 -20.6 0.5
-19.4 -23.4 1.7
-18.8 -23.4 1.1
-19.4 -16.6 1.7
-16.6 -21.2 1.1
-16.6 -20.6 1.7
-18 -23 1.1
-17 -22 1.1
-18 -17 1.1
-17 -18 1.1
-23 -18 1.1
-23 -19.4 2.5
-19.4 -17 2.5
-17 -20.6 2.5
-20.2 -23.6 1.1
-19.8 -23.6 1.1
-19.8 -16.4 1.1
-16.4 -20.2 1.1
-19.4 -23.6 0.3
-19.4 -23.6 0.7
-19.4 -23.6 0.3
-19.4 -23.6 0.7
-19.4 -16.4 0.3
-19.4 -16.4 0.7
-16.4 -20.6 0.3
-16.4 -20.6 0.7
-19.2 -18.4 3.7
-19.2 -16.8 2.1
-16.8 -20.8 2.1
-18.4 -23.2 1.3
-16.8 -21.6 1.3
-17.6 -22.4 1.9
-17.6 -21.4 2.9
-18.2 -23.2 0.5
-16.8 -18.2 0.5
-19.6 -23.6 1.1
-19.6 -23.6 1.1
-19.6 -16.4 1.1
-16.4 -20.4 1.1
-19.4 -23.6 0.1
-19.4 -23.6 0.9
-19.4 -23.6 0.1
-19.4 -23.6 0.9
-19.4 -16.4 0.1
-19.4 -16.4 0.9
-16.4 -20.6 0.1
-16.4 -20.6 0.9
-23.2 -20 2.3
-20 -16.8 2.3
-16.6 -21.4 0.5
-20 -23.4 1.9
-20 -16.6 1.9
-19 -17.6 3.1
-17.6 -21 3.1
-17 -21.4 2.1
-22.4 -17.4 1.5
-17.6 -22.6 1.5
-17.4 -22.4 1.5
-17.6 -17.4 1.5
-17.4 -17.6 1.5
-22.6 -17.6 1.5
-18.6 -18.4 3.5
-18.4 -18.6 3.5
-18.4 -23 1.9
-18.2 -23.2 0.3
-18.2 -23.2 0.7
-17 -21.6 1.9
-16.8 -18.2 0.3
-16.8 -18.2 0.7
-17 -21.6 1.9
-19 -17.4 2.9
-22.6 -17.4 0.5
-17.4 -22.6 0.5
-23.2 -20.2 2.3
-19.8 -16.8 2.3
-17.4 -17.4 0.5
-22.6 -17.4 0.5
-16.6 -21.4 0.3
-16.6 -21.4 0.7
-20.2 -23.4 1.9
-19 -23.4 1.5
-23.4 -20.2 1.9
-19.8 -16.6 1.9
-19 -16.6 1.5
-16.6 -21 1.5
-16.6 -20.2 1.9
-22.6 -19.8 3.1
-22.2 -18.6 3.1
-17.8 -21.4 3.1
-17.4 -21.4 2.7
-22.6 -17.4 0.3
-22.6 -17.4 0.7
-17.4 -22.6 0.3
-17.4 -22.6 0.7
-17.4 -17.4 0.3
-17.4 -17.4 0.7
-22.6 -17.4 0.3
-22.6 -17.4 0.7
-17.8 -22.6 1.9
-17.4 -22.2 1.9
-17.8 -17.4 1.9
-22.6 -17.8 1.9
-22.4 -17.2 0.5
-17.6 -22.8 0.5
-17.6 -17.2 0.5
-17.2 -17.6 0.5
-22.8 -17.6 0.5
-20 -17.2 2.9
-19.2 -23.6 0.5
-20.8 -16.4 0.5
-19.2 -23.6 0.5
-19.2 -16.4 0.5
-16.4 -20.8 0.5
-20 -23.6 1.3
-20 -16.4 1.3
-17.2 -21.8 2.1
-17.2 -18.2 2.1
-22.4 -17.2 0.3
-22.4 -17.2 0.7
-17.6 -22.8 0.3
-17.6 -22.8 0.7
-17.6 -17.2 0.3
-17.6 -17.2 0.7
-17.2 -17.6 0.3
-17.2 -17.6 0.7
-22.8 -17.6 0.3
-22.8 -17.6 0.7
-19.2 -23.4 1.7
-19.2 -16.6 1.7
-16.6 -20.8 1.7
-18.4 -22.8 2.3
-17.2 -21.6 2.3
-22.8 -20.2 2.9
-22.8 -19.8 2.9
-17.2 -20.2 2.9
-18.4 -18.2 3.3
-18.2 -18.4 3.3
-19.2 -17 2.5
-17 -20.8 2.5
-18.8 -23.4 1.3
-16.6 -21.2 1.3
-18 -23 1.3
-17 -22 1.3
-18 -17 1.3
-17 -18 1.3
-23 -18 1.3
-18.2 -23.2 0.1
-18.2 -23.2 0.9
-19.2 -23.6 0.3
-19.2 -23.6 0.7
-20.8 -16.4 0.3
-20.8 -16.4 0.7
-19.2 -23.6 0.3
-19.2 -23.6 0.7
-19.2 -16.4 0.3
-19.2 -16.4 0.7
-16.8 -18.2 0.1
-16.8 -18.2 0.9
-19.2 -18.8 3.9
-18.8 -18.6 3.7
-16.4 -20.8 0.3
-16.4 -20.8 0.7
-20.2 -23.6 1.3
-19.8 -23.6 1.3
-19.8 -16.4 1.3
-16.8 -21.4 1.7
-16.4 -20.2 1.3
-19.6 -16.8 2.3
-16.8 -20.4 2.3
-16.8 -21.2 1.9
-18.2 -23 1.7
-17 -18.2 1.7
-17.2 -21 2.7
-16.6 -21.4 0.1
-16.6 -21.4 0.9
-19.6 -23.4 1.9
-23.4 -19.6 1.9
-16.6 -20.4 1.9
-18.2 -18.8 3.5
-17.8 -22.8 1.5
-17.8 -17.2 1.5
-17.2 -17.8 1.5
-22.8 -17.8 1.5
-17.4 -20.4 3.1
-17 -21.2 2.3
-19.4 -23.6 1.1
-19.4 -23.6 1.1
-19.4 -16.4 1.1
-19 -17.8 3.3
-17.8 -21 3.3
-16.4 -20.6 1.1
-22.6 -17.4 0.1
-22.6 -17.4 0.9
-18 -22.2 2.7
-17.4 -22.6 0.1
-17.4 -22.6 0.9
-17.8 -18 2.7
-17.4 -17.4 0.1
-17.4 -17.4 0.9
-22.6 -17.4 0.1
-22.6 -17.4 0.9
-18 -17.8 2.7
-17.8 -18 2.7
-17.8 -22.2 2.5
-17.8 -17.8 2.5
-22.4 -17.2 0.1
-22.4 -17.2 0.9
-17.6 -22.8 0.1
-17.6 -22.8 0.9
-17.6 -17.2 0.1
-17.6 -17.2 0.9
-17.2 -17.6 0.1
-17.2 -17.6 0.9
-22.8 -17.6 0.1
-22.8 -17.6 0.9
-22.8 -19.6 2.9
-19.6 -17.2 2.9
-17.2 -20.4 2.9
-18 -17.6 2.5
-18 -17.6 2.5
-18 -18 2.9
-18 -18 2.9
-19.2 -23.6 0.1
-19.2 -23.6 0.9
-20.8 -16.4 0.1
-20.8 -16.4 0.9
-19.2 -23.6 0.1
-19.2 -23.6 0.9
-19.2 -16.4 0.1
-19.2 -16.4 0.9
-16.4 -20.8 0.1
-16.4 -20.8 0.9
-19.6 -23.6 1.3
-19.6 -23.6 1.3
-19.6 -16.4 1.3
-16.4 -20.4 1.3
-17.2 -21.4 2.5
-18 -22.8 1.9
-17.2 -22 1.9
-18 -17.2 1.9
-17.2 -18 1.9
-22.8 -18 1.9
-18.6 -18 3.3
-19 -18.4 3.7
-19 -16.8 2.1
-16.8 -21 2.1
-18.4 -23.2 1.5
-16.8 -21.6 1.5
-17.6 -18.2 2.7
-18.2 -17.6 2.7
-23 -20 2.7
-20 -17 2.7
-18.2 -23.2 1.1
-18.2 -22.2 2.9
-17.8 -18.2 2.9
-16.8 -18.2 1.1
-18.2 -17.8 2.9
-17.8 -18.2 2.9
-17.8 -22.4 2.3
-17.6 -22.2 2.3
-17.8 -17.6 2.3
-17.8 -17.6 2.3
-17.8 -23 0.5
-17.8 -17 0.5
-17 -17.8 0.5
-23 -17.8 0.5
-19.4 -16.8 2.3
-16.6 -21.4 1.1
-19.4 -23.4 1.9
-19.4 -16.6 1.9
-16.6 -20.6 1.9
-23 -20.2 2.7
-23 -19.8 2.7
-19.8 -17 2.7
-17 -20.2 2.7
-22.6 -17.4 1.1
-17.8 -23 0.3
-17.8 -23 0.7
-17.4 -22.6 1.1
-17.8 -17 0.3
-17.8 -17 0.7
-17.4 -17.4 1.1
-17 -17.8 0.3
-17 -17.8 0.7
-23 -17.8 0.3
-23 -17.8 0.7
-22.6 -17.4 1.1
-17.8 -20.2 3.5
-22.4 -17.2 1.1
-17.6 -22.8 1.1
-17.6 -17.2 1.1
-17.2 -17.6 1.1
-22.8 -17.6 1.1
-22.8 -19.4 2.9
-17.6 -20.6 3.3
-22.4 -17.4 1.7
-17.6 -22.6 1.7
-17.4 -22.4 1.7
-19.2 -23.6 1.1
-20.8 -16.4 1.1
-19.2 -23.6 1.1
-19.2 -16.4 1.1
-17.6 -17.4 1.7
-17.4 -17.6 1.7
-22.6 -17.6 1.7
-16.4 -20.8 1.1
-20 -23.6 1.5
-19 -23.6 0.5
-21 -16.4 0.5
-19 -23.6 0.5
-20 -16.4 1.5
-19 -16.4 0.5
-16.4 -21 0.5
-19.4 -23.6 1.3
-19.4 -23.6 1.3
-19.4 -16.4 1.3
-17.4 -21.2 2.9
-16.4 -20.6 1.3
-18.2 -18 3.1
-18 -18.2 3.1
-19 -23.4 1.7
-19 -16.6 1.7
-16.6 -21 1.7
-18.2 -22.6 2.5
-18.8 -23.4 1.5
-17.4 -21.8 2.5
-16.6 -21.2 1.5
-18 -23 1.5
-17 -22 1.5
-19 -17 2.5
-18 -17 1.5
-17 -18 1.5
-23 -18 1.5
-19 -18 3.5
-17 -20.4 2.7
-18 -22.6 2.3
-17.4 -22 2.3
-18 -17.4 2.3
-17.4 -18 2.3
-22.6 -18 2.3
-19 -18.8 3.9
-20.2 -23.6 1.5
-19.8 -23.6 1.5
-19 -23.6 0.3
-19 -23.6 0.7
-21 -16.4 0.3
-21 -16.4 0.7
-19 -23.6 0.3
-19 -23.6 0.7
-19.8 -16.4 1.5
-19 -16.4 0.3
-19 -16.4 0.7
-16.4 -21 0.3
-16.4 -21 0.7
-16.4 -20.2 1.5
-17.8 -23 0.1
-17.8 -23 0.9
-17.8 -17 0.1
-17.8 -17 0.9
-17 -17.8 0.1
-17 -17.8 0.9
-23 -17.8 0.1
-23 -17.8 0.9
-17.6 -21.6 2.9
-20 -23.4 2.1
-20 -16.6 2.1
-17.2 -21.2 2.7
-17.8 -22.8 1.7
-17.8 -17.2 1.7
-17.2 -17.8 1.7
-22.8 -17.8 1.7
-16.6 -21.6 0.5
-18.4 -23 2.1
-17 -21.6 2.1
-17 -21.6 2.1
-18.2 -23.2 1.3
-19.6 -23.6 1.5
-19 -23.6 0.1
-19 -23.6 0.9
-21 -16.4 0.1
-21 -16.4 0.9
-19.6 -23.6 1.5
-19 -23.6 0.1
-19 -23.6 0.9
-19.6 -16.4 1.5
-19.2 -16.8 2.3
-19 -16.4 0.1
-19 -16.4 0.9
-18.4 -18.4 3.5
-16.8 -20.8 2.3
-16.4 -21 0.1
-16.4 -21 0.9
-16.4 -20.4 1.5
-22.2 -18.8 3.3
-18.8 -17.8 3.3
-17.8 -21.2 3.3
-19.2 -23.4 1.9
-19.2 -16.6 1.9
-16.6 -20.8 1.9
-20.2 -23.4 2.1
-23.4 -20.2 2.1
-19.8 -16.6 2.1
-16.6 -21.4 1.3
-16.6 -20.2 2.1
-19.2 -18.6 3.9
-16.6 -21.6 0.3
-16.6 -21.6 0.7
-19.2 -17.4 3.1
-17.4 -20.8 3.1
-18.4 -22.6 2.7
-18.4 -22.2 3.1
-17.4 -21.6 2.7
-17.4 -21.6 2.7
-16.8 -21.4 1.9
-22.6 -17.4 1.3
-17.4 -22.6 1.3
-17.4 -17.4 1.3
-22.6 -17.4 1.3
-17.8 -22.6 2.1
-17.4 -22.2 2.1
-17.8 -17.4 2.1
-22.6 -17.8 2.1
-18.2 -23 1.9
-17 -18.2 1.9
-17 -21.4 2.3
-23 -19.4 2.7
-19.4 -17 2.7
-17 -20.6 2.7
-17.8 -23 1.1
-17.8 -17 1.1
-17 -17.8 1.1
-23 -17.8 1.1
-22.4 -17.2 1.3
-17.6 -22.8 1.3
-17.2 -17.6 1.3
-22.8 -17.6 1.3
-17.2 -20.8 2.9
-17.6 -20.8 3.3
-19.2 -23.6 1.3
-20.8 -16.4 1.3
-19.2 -23.6 1.3
-19.2 -16.4 1.3
-16.4 -20.8 1.3
-18.8 -18.4 3.7
-18.4 -18.8 3.7
-18 -23.2 0.5
-23.2 -20 2.5
-20 -16.8 2.5
-18 -16.8 0.5
-16.8 -18 0.5
-23.2 -18 0.5
-18.4 -23.2 1.7
-16.8 -21.6 1.7
-16.8 -21.2 2.1
-19.6 -23.4 2.1
-23.4 -19.6 2.1
-16.6 -20.4 2.1
-16.6 -21.6 0.1
-16.6 -21.6 0.9
-18 -23.2 0.3
-18 -23.2 0.7
-23.2 -20.2 2.5
-19.8 -16.8 2.5
-18 -16.8 0.3
-18 -16.8 0.7
-16.8 -18 0.3
-16.8 -18 0.7
-23.2 -18 0.3
-23.2 -18 0.7
-17.2 -21.8 2.3
-17.2 -18.2 2.3
-18.2 -18.2 3.3
-19 -23.6 1.1
-21 -16.4 1.1
-19 -23.6 1.1
-19 -16.4 1.1
-16.4 -21 1.1
-19.4 -23.6 1.5
-19.4 -23.6 1.5
-16.4 -20.6 1.5
-18 -22.8 2.1
-17.2 -22 2.1
-18 -17.2 2.1
-17.2 -18 2.1
-22.8 -18 2.1
-18.4 -22.8 2.5
-17.2 -21.6 2.5
-18.4 -18 3.3
-20 -23.6 1.7
-20 -16.4 1.7
-18 -23.2 0.1
-18 -23.2 0.9
-18.8 -23.6 0.5
-21.2 -16.4 0.5
-18.8 -23.6 0.5
-19.6 -16.8 2.5
-18 -16.8 0.1
-18 -16.8 0.9
-16.8 -18 0.1
-16.8 -18 0.9
-23.2 -18 0.1
-23.2 -18 0.9
-16.8 -20.4 2.5
-16.4 -21.2 0.5
-20 -23.8 0.5
-18.8 -23.4 1.7
-16.6 -21.2 1.7
-18 -23 1.7
-17 -22 1.7
-18 -17 1.7
-17 -18 1.7
-23 -18 1.7
-20.2 -23.6 1.7
-19.8 -23.6 1.7
-19.8 -16.4 1.7
-22 -18.8 3.5
-18 -18.8 3.5
-16.4 -20.2 1.7
-18.8 -23.6 0.3
-18.8 -23.6 0.7
-21.2 -16.4 0.3
-21.2 -16.4 0.7
-18.8 -23.6 0.3
-18.8 -23.6 0.7
-18.8 -18.8 3.9
-16.4 -21.2 0.3
-16.4 -21.2 0.7
-20.2 -23.8 0.5
-20 -23.8 0.3
-20 -23.8 0.7
-19.8 -23.8 0.5
-17.6 -21.4 3.1
-19.4 -23.4 2.1
-19.4 -16.6 2.1
-16.6 -20.6 2.1
-19.2 -17 2.7
-16.6 -21.6 1.1
-22.4 -17.4 1.9
-17.6 -22.6 1.9
-17.4 -22.4 1.9
-17.6 -17.4 1.9
-17.4 -17.6 1.9
-22.6 -17.6 1.9
-18.2 -23.2 1.5
-17.4 -21.4 2.9
-19.2 -17.8 3.5
-17.8 -23 1.3
-19 -16.8 2.3
-17.8 -17 1.3
-17 -17.8 1.3
-23 -17.8 1.3
-16.8 -21 2.3
-20.2 -23.8 0.3
-20.2 -23.8 0.7
-19.8 -23.8 0.3
-19.8 -23.8 0.7
-16.6 -21.4 1.5
-19 -23.4 1.9
-19 -16.6 1.9
-16.6 -21 1.9
-18.6 -19 3.9
-19 -17.4 3.1
-22.6 -17.4 1.5
-17.4 -22.6 1.5
-17.4 -17.4 1.5
-22.6 -17.4 1.5
-17.8 -22.2 2.7
-17.8 -17.8 2.7
-19.6 -23.6 1.7
-19.6 -23.6 1.7
-19.6 -16.4 1.7
-16.4 -20.4 1.7
-18.8 -23.6 0.1
-18.8 -23.6 0.9
-21.2 -16.4 0.1
-21.2 -16.4 0.9
-18.8 -23.6 0.1
-18.8 -23.6 0.9
-16.4 -21.2 0.1
-16.4 -21.2 0.9
-20 -23.8 0.1
-20 -23.8 0.9
-19.6 -23.8 0.5
-19.6 -23.8 0.5
-22.4 -17.2 1.5
-17.6 -22.8 1.5
-20 -17.2 3.1
-17.2 -17.6 1.5
-22.8 -17.6 1.5
-17.2 -21 2.9
-22.8 -17.4 0.5
-22.6 -17.2 0.5
-17.4 -22.8 0.5
-18 -17.6 2.7
-17.4 -17.2 0.5
-17.2 -17.4 0.5
-22.8 -17.4 0.5
-19 -17.6 3.3
-18 -17.6 2.7
-17.6 -21 3.3
-19.2 -23.6 1.5
-20.8 -16.4 1.5
-19.2 -23.6 1.5
-19.2 -16.4 1.5
-16.4 -20.8 1.5
-17.6 -22.2 2.5
-17.8 -17.6 2.5
-17.8 -17.6 2.5
-19 -23.6 1.3
-21 -16.4 1.3
-19 -23.6 1.3
-19 -16.4 1.3
-16.4 -21 1.3
-18 -23.2 1.1
-18 -22.2 2.9
-18 -16.8 1.1
-17.8 -18 2.9
-16.8 -18 1.1
-23.2 -18 1.1
-18 -17.8 2.9
-17.8 -18 2.9
-19.4 -16.8 2.5
-20.2 -23.8 0.1
-20.2 -23.8 0.9
-19.8 -23.8 0.1
-19.8 -23.8 0.9
-19.6 -23.8 0.3
-19.6 -23.8 0.7
-19.6 -23.8 0.3
-19.6 -23.8 0.7
-17.2 -21.4 2.7
-22.8 -20.2 3.1
-22.8 -19.8 3.1
-22.8 -17.4 0.3
-22.8 -17.4 0.7
-22.6 -17.2 0.3
-22.6 -17.2 0.7
-17.4 -22.8 0.3
-17.4 -22.8 0.7
-17.4 -17.2 0.3
-17.4 -17.2 0.7
-17.2 -17.4 0.3
-17.2 -17.4 0.7
-22.8 -17.4 0.3
-22.8 -17.4 0.7
-17.8 -22.8 1.9
-17.8 -17.2 1.9
-17.2 -17.8 1.9
-22.8 -17.8 1.9
-22.6 -19.8 3.3
-22.2 -18.6 3.3
-17.8 -21.4 3.3
-19.6 -23.8 0.1
-19.6 -23.8 0.9
-19.6 -23.8 0.1
-19.6 -23.8 0.9
-22.8 -19.6 3.1
-19.6 -17.2 3.1
-17.2 -20.4 3.1
-19.2 -23.4 2.1
-19.2 -16.6 2.1
-18.2 -17.6 2.9
-22.8 -17.4 0.1
-22.8 -17.4 0.9
-22.6 -17.2 0.1
-22.6 -17.2 0.9
-22.4 -17 0.5
-17.6 -23 0.5
-17.4 -22.8 0.1
-17.4 -22.8 0.9
-17.6 -17 0.5
-17.4 -17.2 0.1
-17.4 -17.2 0.9
-17.2 -17.4 0.1
-17.2 -17.4 0.9
-17 -17.6 0.5
-23 -17.6 0.5
-22.8 -17.4 0.1
-22.8 -17.4 0.9
-18 -18 3.1
-18 -18 3.1
-16.6 -21.6 1.3
-23 -20 2.9
-20 -17 2.9
-19.2 -18.4 3.9
-18.6 -18.4 3.7
-18.4 -18.6 3.7
-18 -22.6 2.5
-17.4 -22 2.5
-18 -17.4 2.5
-17.4 -18 2.5
-22.6 -18 2.5
-17.4 -20.4 3.3
-16.8 -21.4 2.1
-19.4 -23.6 1.7
-18.8 -23.6 1.1
-21.2 -16.4 1.1
-19.4 -23.6 1.7
-18.8 -23.6 1.1
-16.4 -21.2 1.1
-16.4 -20.6 1.7
-18.4 -23.2 1.9
-16.8 -21.6 1.9
-20 -23.8 1.1
-19.4 -23.8 0.5
-19.4 -23.8 0.5
-16.6 -18.2 0.5
-18.2 -23 2.1
-17 -18.2 2.1
-20 -23.4 2.3
-20 -16.6 2.3
-22.4 -17 0.3
-22.4 -17 0.7
-17.6 -23 0.3
-17.6 -23 0.7
-17.6 -17 0.3
-17.6 -17 0.7
-17 -17.6 0.3
-17 -17.6 0.7
-23 -17.6 0.3
-23 -17.6 0.7
-18.2 -18.4 3.5
-23 -20.2 2.9
-23 -19.8 2.9
-19.8 -17 2.9
-17 -20.2 2.9
-18.4 -23 2.3
-17 -21.6 2.3
-17 -21.6 2.3
-20.2 -23.8 1.1
-19.8 -23.8 1.1
-19.4 -23.8 0.3
-19.4 -23.8 0.7
-19.4 -23.8 0.3
-19.4 -23.8 0.7
-16.6 -18.2 0.3
-16.6 -18.2 0.7
-20.2 -23.4 2.3
-23.4 -20.2 2.3
-19.8 -16.6 2.3
-16.6 -20.2 2.3
-18.2 -22.6 2.7
-17.4 -21.8 2.7
-18.2 -22.2 3.1
-19 -17 2.7
-18.2 -17.8 3.1
-17.8 -18.2 3.1
-17.8 -23 1.5
-17.8 -17 1.5
-17 -17.8 1.5
-23 -17.8 1.5
-19 -17.8 3.5
-17.8 -21 3.5
-17.8 -22.6 2.3
-17.4 -22.2 2.3
-17.8 -17.4 2.3
-22.6 -17.8 2.3
-19.2 -16.8 2.5
-16.8 -20.8 2.5
-18 -23.2 1.3
-18 -16.8 1.3
-16.8 -18 1.3
-23.2 -18 1.3
-22.4 -17 0.1
-22.4 -17 0.9
-17.6 -23 0.1
-17.6 -23 0.9
-17.6 -17 0.1
-17.6 -17 0.9
-17 -17.6 0.1
-17 -17.6 0.9
-23 -17.6 0.1
-23 -17.6 0.9
-18.2 -18.8 3.7
-17 -20.4 2.9
-18.2 -23.2 1.7
-21.4 -16.4 0.5
-18.6 -23.6 0.5
-16.4 -21.4 0.5
-20 -23.6 1.9
-20 -16.4 1.9
-16.8 -21.2 2.3
-19.6 -23.8 1.1
-19.6 -23.8 1.1
-19.4 -23.8 0.1
-19.4 -23.8 0.9
-19.4 -23.8 0.1
-19.4 -23.8 0.9
-16.6 -18.2 0.1
-16.6 -18.2 0.9
-22.8 -19.4 3.1
-19.6 -23.4 2.3
-23.4 -19.6 2.3
-16.6 -21.4 1.7
-16.6 -20.4 2.3
-22.8 -17.4 1.1
-22.6 -17.2 1.1
-17.4 -22.8 1.1
-17.4 -17.2 1.1
-17.2 -17.4 1.1
-22.8 -17.4 1.1
-18.8 -23.4 1.9
-18.6 -18 3.5
-17 -21.4 2.5
-16.6 -21.2 1.9
-18 -23 1.9
-17 -22 1.9
-18 -17 1.9
-23 -18 1.9
-18.8 -18.6 3.9
-21.4 -16.4 0.3
-21.4 -16.4 0.7
-18.6 -23.6 0.3
-18.6 -23.6 0.7
-16.4 -21.4 0.3
-16.4 -21.4 0.7
-20.2 -23.6 1.9
-19.8 -23.6 1.9
-19 -23.6 1.5
-21 -16.4 1.5
-19.8 -16.4 1.9
-19 -16.4 1.5
-17.4 -21.2 3.1
-16.4 -21 1.5
-16.4 -20.2 1.9
-22.6 -17.4 1.7
-17.4 -22.6 1.7
-17.4 -17.4 1.7
-22.4 -17.2 1.7
-17.6 -22.8 1.7
-17.2 -17.6 1.7
-22.8 -17.6 1.7
-17.2 -21.2 2.9
-19.2 -23.6 1.7
-20.8 -16.4 1.7
-19.2 -23.6 1.7
-19.2 -16.4 1.7
-16.4 -20.8 1.7
-18.8 -23.6 1.3
-21.2 -16.4 1.3
-16.4 -21.2 1.3
-19.2 -23.8 0.5
-20.8 -16.2 0.5
-19.2 -23.8 0.5
-17.2 -18.2 2.5
-20 -23.8 1.3
-18 -22.8 2.3
-17.2 -22 2.3
-18 -17.2 2.3
-17.2 -18 2.3
-22.8 -18 2.3
-18.2 -18 3.3
-18 -18.2 3.3
-17.6 -21.6 3.1
-22.4 -17.4 2.1
-17.6 -22.6 2.1
-17.4 -22.4 2.1
-17.6 -17.4 2.1
-17.4 -17.6 2.1
-22.6 -17.6 2.1
-21.4 -16.4 0.1
-21.4 -16.4 0.9
-18.6 -23.6 0.1
-18.6 -23.6 0.9
-16.4 -21.4 0.1
-16.4 -21.4 0.9
-19.6 -23.6 1.9
-19.6 -23.6 1.9
-19.6 -16.4 1.9
-16.4 -20.4 1.9
-18.4 -22.6 2.9
-17.4 -21.6 2.9
-17.4 -21.6 2.9
-23.2 -20 2.7
-20 -16.8 2.7
-17.8 -23.2 0.5
-17.8 -16.8 0.5
-16.8 -17.8 0.5
-23.2 -17.8 0.5
-19.2 -23.8 0.3
-19.2 -23.8 0.7
-20.8 -16.2 0.3
-20.8 -16.2 0.7
-19.2 -23.8 0.3
-19.2 -23.8 0.7
-20.2 -23.8 1.3
-19.8 -23.8 1.3
-19 -16.6 2.1
-16.6 -21 2.1
-22.4 -17 1.1
-17.6 -23 1.1
-17.6 -17 1.1
-17 -17.6 1.1
-23 -17.6 1.1
-17.6 -20.6 3.5
-16.6 -21.6 1.5
-23 -19.4 2.9
-19.4 -17 2.9
-17 -20.6 2.9
-19 -18.4 3.9
-23.2 -20.2 2.7
-17.8 -20.2 3.7
-17.8 -23.2 0.3
-17.8 -23.2 0.7
-17.8 -16.8 0.3
-17.8 -16.8 0.7
-16.8 -17.8 0.3
-16.8 -17.8 0.7
-23.2 -17.8 0.3
-23.2 -17.8 0.7
-19.4 -23.8 1.1
-19.4 -23.8 1.1
-16.6 -18.2 1.1
-19.4 -23.4 2.3
-19.4 -16.6 2.3
-16.6 -20.6 2.3
-19.2 -23.8 0.1
-19.2 -23.8 0.9
-20.8 -16.2 0.1
-20.8 -16.2 0.9
-19.2 -23.8 0.1
-19.2 -23.8 0.9
-19.6 -23.8 1.3
-19.6 -23.8 1.3
-17.2 -20.8 3.1
-17.2 -21.6 2.7
-22.6 -17.2 1.3
-17.8 -22.8 2.1
-17.4 -22.8 1.3
-17.8 -17.2 2.1
-17.4 -17.2 1.3
-17.2 -17.8 2.1
-17.2 -17.4 1.3
-19 -18 3.7
-17.4 -20.8 3.3
-18.4 -22.2 3.3
-19.6 -16.8 2.7
-19 -16.8 2.5
-18 -16.8 1.5
-16.8 -18 1.5
-23.2 -18 1.5
-16.8 -21 2.5
-17.8 -23.2 0.1
-17.8 -23.2 0.9
-17.8 -16.8 0.1
-17.8 -16.8 0.9
-16.8 -17.8 0.1
-16.8 -17.8 0.9
-23.2 -17.8 0.1
-23.2 -17.8 0.9
-21.4 -16.4 1.1
-18.6 -23.6 1.1
-16.4 -21.4 1.1
-19.4 -23.6 1.9
-19.4 -23.6 1.9
-16.4 -20.6 1.9
-17.8 -23 1.7
-17.8 -17 1.7
-17 -17.8 1.7
-23 -17.8 1.7
-18.8 -17.8 3.5
-18.4 -18.4 3.7
-18.4 -23.2 2.1
-16.8 -21.6 2.1
-17.6 -20.8 3.5
-22.4 -17 1.3
-17.6 -23 1.3
-19.2 -17 2.9
-17.6 -17 1.3
-17 -17.6 1.3
-23 -17.6 1.3
-19 -18.8 4.1
-19 -23.6 1.7
-19 -16.4 1.7
-16.4 -21 1.7
-18.8 -23.6 1.5
-21.2 -16.4 1.5
-16.4 -21.2 1.5
-19.2 -23.8 1.1
-20.8 -16.2 1.1
-19.2 -23.8 1.1
-20 -23.8 1.5
-19 -23.8 0.5
-21 -16.2 0.5
-19 -23.8 0.5
-19.4 -23.8 1.3
-19.4 -23.8 1.3
-16.6 -18.2 1.3
-19.2 -23.4 2.3
-19.2 -16.6 2.3
-18.2 -23.2 1.9
-17.6 -22.2 2.7
-17.8 -17.6 2.7
-17.8 -17.6 2.7
-16.8 -21.4 2.3
-19.4 -16.8 2.7
-17.8 -23.2 1.1
-17.8 -22.2 2.9
-17.8 -17.8 2.9
-17.8 -16.8 1.1
-16.8 -17.8 1.1
-23.2 -17.8 1.1
-20.2 -23.8 1.5
-19.8 -23.8 1.5
-19 -23.8 0.3
-19 -23.8 0.7
-21 -16.2 0.3
-21 -16.2 0.7
-19 -23.8 0.3
-19 -23.8 0.7
-18.2 -18.2 3.5
-18.2 -23 2.3
-17 -18.2 2.3
-16.6 -21.4 1.9
-17.4 -21.4 3.1
-22.6 -17.4 1.9
-17.4 -22.6 1.9
-17.4 -17.4 1.9
-18 -17.6 2.9
-18 -17.6 2.9
-20 -23.6 2.1
-20 -16.4 2.1
-18.4 -23.6 0.5
-16.4 -21.6 0.5
-22.4 -17.2 1.9
-17.6 -22.8 1.9
-17.2 -17.6 1.9
-22.8 -17.6 1.9
-17.2 -21.4 2.9
-19.2 -18.6 4.1
-20 -23.4 2.5
-20 -16.6 2.5
-16.6 -18 0.5
-17.6 -21.4 3.3
-16.6 -21.2 2.1
-18 -23 2.1
-17 -22 2.1
-18 -17 2.1
-23 -18 2.1
-16.6 -21.6 1.7
-18.4 -23 2.5
-19.2 -23.6 1.9
-17 -21.6 2.5
-20.8 -16.4 1.9
-19.2 -23.6 1.9
-19.2 -16.4 1.9
-17 -21.6 2.5
-16.4 -20.8 1.9
-20.2 -23.6 2.1
-19.8 -23.6 2.1
-21.4 -16.4 1.3
-18.6 -23.6 1.3
-19.8 -16.4 2.1
-16.4 -21.4 1.3
-16.4 -20.2 2.1
-18.8 -18.4 3.9
-18.4 -18.8 3.9
-18.4 -23.6 0.3
-18.4 -23.6 0.7
-16.4 -21.6 0.3
-16.4 -21.6 0.7
-19.6 -23.8 1.5
-19 -23.8 0.1
-19 -23.8 0.9
-21 -16.2 0.1
-21 -16.2 0.9
-19 -23.8 0.1
-19 -23.8 0.9
-17.2 -21 3.1
-20.2 -23.4 2.5
-23.4 -20.2 2.5
-19.8 -16.6 2.5
-16.6 -18 0.3
-16.6 -18 0.7
-16.6 -20.2 2.5
-22.6 -17.2 1.5
-17.4 -17.2 1.5
-17.2 -17.4 1.5
-18 -22.6 2.7
-17.4 -22 2.7
-19 -17.4 3.3
-18 -17.4 2.7
-17.4 -18 2.7
-22.6 -18 2.7
-18 -22.2 3.1
-17.8 -18 3.1
-18 -17.8 3.1
-17.8 -18 3.1
-17.8 -22.6 2.5
-17.8 -17.4 2.5
-22.6 -17.8 2.5
-22.8 -17.2 0.5
-17.2 -17.2 0.5
-20 -17.2 3.3
-19.6 -23.6 2.1
-19.6 -23.6 2.1
-19.6 -16.4 2.1
-22 -18.8 3.7
-18 -18.8 3.7
-16.4 -20.4 2.1
-18.4 -23.6 0.1
-18.4 -23.6 0.9
-16.8 -18 1.7
-23.2 -18 1.7
-16.4 -21.6 0.1
-16.4 -21.6 0.9
-16.8 -21.2 2.5
-22.8 -17.2 0.3
-22.8 -17.2 0.7
-17.2 -17.2 0.3
-17.2 -17.2 0.7
-19.2 -23.8 1.3
-20.8 -16.2 1.3
-19.2 -23.8 1.3
-22.8 -20.2 3.3
-22.8 -19.8 3.3
-19.6 -23.4 2.5
-23.4 -19.6 2.5
-16.6 -18 0.1
-16.6 -18 0.9
-16.6 -20.4 2.5
-19.2 -16.8 2.7
-19.2 -17.8 3.7
-16.8 -20.8 2.7
-17.8 -23.2 1.3
-17.8 -16.8 1.3
-16.8 -17.8 1.3
-18.2 -17.6 3.1
-22.4 -17 1.5
-17.6 -23 1.5
-17.6 -17 1.5
-17 -17.6 1.5
-23 -17.6 1.5
-17.6 -21 3.5
-18.2 -22.6 2.9
-17.4 -21.8 2.9
-23 -20 3.1
-20 -17 3.1
-22.4 -17.4 2.3
-17.6 -22.6 2.3
-17.4 -22.4 2.3
-17.6 -17.4 2.3
-17.4 -17.6 2.3
-22.6 -17.6 2.3
-23 -17.4 0.5
-22.6 -17 0.5
-17.4 -23 0.5
-17.4 -17 0.5
-17 -17.4 0.5
-23 -17.4 0.5
-19 -23.8 1.1
-21 -16.2 1.1
-19 -23.8 1.1
-19.4 -23.8 1.5
-16.6 -18.2 1.5
-19 -16.6 2.3
-16.6 -21 2.3
-23 -19.8 3.1
-19.8 -17 3.1
-17 -21.4 2.7
-17 -20.2 3.1
-23 -17.4 0.3
-23 -17.4 0.7
-22.6 -17 0.3
-22.6 -17 0.7
-17.4 -23 0.3
-17.4 -23 0.7
-17.4 -17 0.3
-17.4 -17 0.7
-17 -17.4 0.3
-17 -17.4 0.7
-23 -17.4 0.3
-23 -17.4 0.7
-22.6 -19.8 3.5
-17.8 -21.4 3.5
-17.8 -23 1.9
-17.8 -17 1.9
-17 -17.8 1.9
-23 -17.8 1.9
-22.8 -17.2 0.1
-22.8 -17.2 0.9
-17.2 -17.2 0.1
-17.2 -17.2 0.9
-22.8 -19.6 3.3
-19.6 -17.2 3.3
-17.2 -20.4 3.3
-18 -22.8 2.5
-17.2 -22 2.5
-18 -17.2 2.5
-17.2 -18 2.5
-22.8 -18 2.5
-18 -18 3.3
-18 -18 3.3
-18.8 -18.8 4.1
-18.8 -23.6 1.7
-21.2 -16.4 1.7
-16.4 -21.2 1.7
-20 -23.8 1.7
-18.8 -23.8 0.5
-21.2 -16.2 0.5
-18.8 -23.8 0.5
-19.4 -23.6 2.1
-19.4 -23.6 2.1
-18.4 -23.6 1.1
-16.4 -21.6 1.1
-17.2 -18.2 2.7
-20.2 -23.8 1.7
-19.8 -23.8 1.7
-18.8 -23.8 0.3
-18.8 -23.8 0.7
-21.2 -16.2 0.3
-21.2 -16.2 0.7
-18.8 -23.8 0.3
-18.8 -23.8 0.7
-16.6 -18 1.1
-19.4 -23.4 2.5
-19.4 -16.6 2.5
-18.6 -19 4.1
-16.6 -20.6 2.5
-17.8 -22.8 2.3
-17.8 -17.2 2.3
-17.2 -17.8 2.3
-17 -20.4 3.1
-18.2 -22.2 3.3
-18.2 -17.8 3.3
-17.8 -18.2 3.3
-23 -17.4 0.1
-23 -17.4 0.9
-22.6 -17 0.1
-22.6 -17 0.9
-17.4 -23 0.1
-17.4 -23 0.9
-21.4 -16.4 1.5
-18.6 -23.6 1.5
-17.4 -17 0.1
-17.4 -17 0.9
-17 -17.4 0.1
-17 -17.4 0.9
-23 -17.4 0.1
-23 -17.4 0.9
-17.4 -20.4 3.5
-16.4 -21.4 1.5
-19 -23.6 1.9
-19 -16.4 1.9
-16.4 -21 1.9
-20 -24 0.5
-22.4 -16.8 0.5
-17.6 -23.2 0.5
-23.2 -20 2.9
-20 -16.8 2.9
-17.6 -16.8 0.5
-16.8 -17.6 0.5
-23.2 -17.6 0.5
-22.8 -17.2 1.1
-17.2 -17.2 1.1
-19.6 -23.8 1.7
-18.8 -23.8 0.1
-18.8 -23.8 0.9
-21.2 -16.2 0.1
-21.2 -16.2 0.9
-22.8 -19.4 3.3
-18.8 -23.8 0.1
-18.8 -23.8 0.9
-17.2 -21.2 3.1
-22.6 -17.2 1.7
-17.2 -17.4 1.7
-18.2 -18.4 3.7
-18.2 -23.2 2.1
-20.2 -24 0.5
-20 -24 0.3
-20 -24 0.7
-19.8 -24 0.5
-17.4 -21.2 3.3
-22.4 -16.8 0.3
-22.4 -16.8 0.7
-18.4 -23.2 2.3
-17.6 -23.2 0.3
-17.6 -23.2 0.7
-23.2 -20.2 2.9
-17.6 -16.8 0.3
-17.6 -16.8 0.7
-16.8 -17.6 0.3
-16.8 -17.6 0.7
-23.2 -17.6 0.3
-23.2 -17.6 0.7
-16.8 -21.6 2.3
-19.2 -23.8 1.5
-20.8 -16.2 1.5
-19.2 -23.8 1.5
-19 -23.8 1.3
-21 -16.2 1.3
-19 -23.8 1.3
-16.6 -21.6 1.9
-18.6 -18.4 3.9
-18.4 -18.6 3.9
-18.4 -22.6 3.1
-20.2 -24 0.3
-20.2 -24 0.7
-19.8 -24 0.3
-19.8 -24 0.7
-17.4 -21.6 3.1
-17.4 -21.6 3.1
-22.6 -17.4 2.1
-17.4 -22.6 2.1
-17.4 -17.4 2.1
-19 -17.8 3.7
-17.8 -21 3.7
-19 -16.8 2.7
-16.8 -21 2.7
-17.8 -23.2 1.5
-17.8 -16.8 1.5
-16.8 -17.8 1.5
-23 -19.4 3.1
-19.4 -17 3.1
-17 -20.6 3.1
-23 -17.4 1.1
-22.6 -17 1.1
-17.4 -23 1.1
-17.4 -17 1.1
-17 -17.4 1.1
-23 -17.4 1.1
-22.4 -17.2 2.1
-17.6 -22.8 2.1
-17.2 -17.6 2.1
-22.8 -17.6 2.1
-17.2 -21.6 2.9
-20 -24 0.1
-20 -24 0.9
-19.6 -24 0.5
-19.6 -24 0.5
-19.2 -18.4 4.1
-17.6 -21.6 3.3
-19.2 -23.6 2.1
-20.8 -16.4 2.1
-19.2 -23.6 2.1
-19.2 -16.4 2.1
-16.4 -20.8 2.1
-22.4 -16.8 0.1
-22.4 -16.8 0.9
-17.6 -23.2 0.1
-17.6 -23.2 0.9
-18.4 -23.6 1.3
-19.6 -16.8 2.9
-17.6 -16.8 0.1
-17.6 -16.8 0.9
-16.8 -17.6 0.1
-16.8 -17.6 0.9
-23.2 -17.6 0.1
-23.2 -17.6 0.9
-16.4 -21.6 1.3
-19.2 -23.4 2.5
-19.2 -16.6 2.5
-16.6 -18 1.3
-22.4 -17 1.7
-17.6 -23 1.7
-17.6 -17 1.7
-17 -17.6 1.7
-23 -17.6 1.7
-20.2 -24 0.1
-20.2 -24 0.9
-19.8 -24 0.1
-19.8 -24 0.9
-19.6 -24 0.3
-19.6 -24 0.7
-19.6 -24 0.3
-19.6 -24 0.7
-18.2 -23.6 0.5
-18.6 -18 3.7
-20 -23.6 2.3
-20 -16.4 2.3
-16.8 -18 1.9
-23.2 -18 1.9
-16.8 -21.4 2.5
-19.4 -23.8 1.7
-18.8 -23.8 1.1
-21.2 -16.2 1.1
-18.8 -23.8 1.1
-17 -18.2 2.5
-18.2 -18 3.5
-18 -18.2 3.5
-16.6 -21.2 2.3
-18 -23 2.3
-17 -22 2.3
-18 -17 2.3
-23 -18 2.3
-18.2 -18.8 3.9
-20.2 -23.6 2.3
-19.8 -23.6 2.3
-18.2 -23.6 0.3
-18.2 -23.6 0.7
-19.8 -16.4 2.3
-16.4 -20.2 2.3
-22.8 -17.2 1.3
-17.2 -17.2 1.3
-17.2 -20.8 3.3
-19.6 -24 0.1
-19.6 -24 0.9
-19.6 -24 0.1
-19.6 -24 0.9
-20 -24 1.1
-19.4 -24 0.5
-19.4 -24 0.5
-18.2 -23.6 0.1
-18.2 -23.6 0.9
-18.8 -18.6 4.1
-17.6 -20.6 3.7
-17.6 -22.2 2.9
-19.6 -23.6 2.3
-21.4 -16.4 1.7
-18.6 -23.6 1.7
-19.6 -16.4 2.3
-17.8 -17.6 2.9
-17.8 -17.6 2.9
-16.4 -21.4 1.7
-16.4 -20.4 2.3
-22.4 -16.8 1.1
-17.6 -23.2 1.1
-18.8 -23.6 1.9
-21.2 -16.4 1.9
-19.4 -16.8 2.9
-17.6 -16.8 1.1
-16.8 -17.6 1.1
-23.2 -17.6 1.1
-16.4 -21.2 1.9
-21.4 -16.2 0.5
-18.6 -23.8 0.5
-20 -23.8 1.9
-20 -23.4 2.7
-20 -16.6 2.7
-19.2 -17 3.1
-23 -17.4 1.3
-18.4 -23 2.7
-17.4 -23 1.3
-20.2 -24 1.1
-19.8 -24 1.1
-19.4 -24 0.3
-19.4 -24 0.7
-17 -21.6 2.7
-19.4 -24 0.3
-19.4 -24 0.7
-17.4 -17 1.3
-17 -17.4 1.3
-16.6 -17.8 0.5
-23 -17.4 1.3
-17.4 -20.8 3.5
-17 -21.6 2.7
-17.8 -23 2.1
-17.8 -17 2.1
-17 -17.8 2.1
-23 -17.8 2.1
-18.4 -22.2 3.5
-19.8 -23.8 1.9
-21.4 -16.2 0.3
-21.4 -16.2 0.7
-18.6 -23.8 0.3
-18.6 -23.8 0.7
-19 -23.8 1.5
-21 -16.2 1.5
-19 -23.8 1.5
-23.4 -20.2 2.7
-19.8 -16.6 2.7
-16.6 -20.2 2.7
-16.6 -17.8 0.3
-16.6 -17.8 0.7
-17.8 -20.2 3.9
-17.8 -22.2 3.1
-17.8 -17.8 3.1
-17.8 -17.4 2.7
-22.6 -17.8 2.7
-19.2 -23.8 1.7
-20.8 -16.2 1.7
-19.2 -23.8 1.7
-18.8 -23.8 1.3
-21.2 -16.2 1.3
-18.8 -23.8 1.3
-18 -17.6 3.1
-22.4 -17.4 2.5
-17.6 -22.6 2.5
-17.4 -22.4 2.5
-19.6 -24 1.1
-19.4 -24 0.1
-19.4 -24 0.9
-19.6 -24 1.1
-19.4 -24 0.1
-19.4 -24 0.9
-17.6 -17.4 2.5
-17.4 -17.6 2.5
-22.6 -17.6 2.5
-19 -18.4 4.1
-18 -22.6 2.9
-19 -23.6 2.1
-17.4 -22 2.9
-19 -16.4 2.1
-18 -17.4 2.9
-17.4 -18 2.9
-22.6 -18 2.9
-16.4 -21 2.1
-18.4 -23.6 1.5
-16.4 -21.6 1.5
-18.8 -17.8 3.7
-16.8 -21.2 2.7
-17.8 -23.2 1.7
-17.8 -16.8 1.7
-16.8 -17.8 1.7
-21.4 -16.2 0.1
-21.4 -16.2 0.9
-18.6 -23.8 0.1
-18.6 -23.8 0.9
-19.6 -23.8 1.9
-17.2 -21.4 3.1
-22.6 -17.2 1.9
-19.6 -23.4 2.7
-23.4 -19.6 2.7
-17.2 -17.4 1.9
-16.6 -18 1.5
-16.6 -21 2.5
-16.6 -20.4 2.7
-18.2 -23.6 1.1
-16.6 -17.8 0.1
-16.6 -17.8 0.9
-19 -18 3.9
-17.4 -21.4 3.3
-19.4 -23.6 2.3
-19.4 -23.6 2.3
-17.6 -20.8 3.7
-20 -24 1.3
-19.2 -24 0.5
-20.8 -16 0.5
-19.2 -24 0.5
-22.4 -16.8 1.3
-17.6 -23.2 1.3
-19.2 -16.8 2.9
-17.6 -16.8 1.3
-16.8 -17.6 1.3
-23.2 -17.6 1.3
-16.8 -20.8 2.9
-22.8 -17.2 1.5
-17.2 -17.2 1.5
-18 -22.8 2.7
-17.2 -22 2.7
-18 -17.2 2.7
-17.2 -18 2.7
-22.8 -18 2.7
-17.2 -21 3.3
-16.6 -21.6 2.1
-17.8 -22.8 2.5
-20.2 -24 1.3
-19.8 -24 1.3
-19.2 -24 0.3
-19.2 -24 0.7
-20.8 -16 0.3
-20.8 -16 0.7
-19.2 -24 0.3
-19.2 -24 0.7
-17.8 -17.2 2.5
-17.2 -17.8 2.5
-18.4 -18.4 3.9
-18 -22.2 3.3
-17.8 -18 3.3
-18 -17.8 3.3
-17.8 -18 3.3
-18.2 -18.2 3.7
-22.4 -17 1.9
-17.6 -23 1.9
-17.6 -17 1.9
-23 -17.6 1.9
-17.6 -21.4 3.5
-17 -21.4 2.9
-18.2 -23.2 2.3
-19.4 -24 1.1
-19.4 -24 1.1
-21.4 -16.2 1.1
-18.6 -23.8 1.1
-19.4 -23.8 1.9
-18.2 -22.6 3.1
-19.4 -23.4 2.7
-17.4 -21.8 3.1
-19.4 -16.6 2.7
-16.6 -20.6 2.7
-23 -17.4 1.5
-17.4 -23 1.5
-19 -17.4 3.5
-17.4 -17 1.5
-16.6 -17.8 1.1
-23 -17.4 1.5
-22.6 -17.4 2.3
-17.4 -22.6 2.3
-17.4 -17.4 2.3
-19.6 -24 1.3
-19.2 -24 0.1
-19.2 -24 0.9
-20.8 -16 0.1
-20.8 -16 0.9
-19.6 -24 1.3
-19.2 -24 0.1
-19.2 -24 0.9
-16.8 -18 2.1
-23.2 -18 2.1
-18.4 -23.2 2.5
-16.8 -21.6 2.5
-17.2 -18.2 2.9
-22.4 -17.2 2.3
-17.6 -22.8 2.3
-17.2 -17.6 2.3
-22.8 -17.6 2.3
-18.2 -17.6 3.3
-23 -17.2 0.5
-22.8 -17 0.5
-20 -17.2 3.5
-17.2 -17 0.5
-17 -17.2 0.5
-20.8 -16.4 2.3
-19.2 -23.6 2.3
-18.2 -23.6 1.3
-20 -17 3.3
-19.2 -16.4 2.3
-16.4 -20.8 2.3
-19 -23.8 1.7
-21 -16.2 1.7
-19 -23.8 1.7
-18.8 -23.8 1.5
-21.2 -16.2 1.5
-18.8 -23.8 1.5
-23 -17.2 0.3
-23 -17.2 0.7
-22.8 -17 0.3
-22.8 -17 0.7
-22.8 -20.2 3.5
-22.8 -19.8 3.5
-17.2 -17 0.3
-17.2 -17 0.7
-17 -17.2 0.3
-17 -17.2 0.7
-23 -19.8 3.3
-19.8 -17 3.3
-17 -20.2 3.3
-21.4 -16.4 1.9
-18.6 -23.6 1.9
-16.4 -21.4 1.9
-19 -18.8 4.3
-20 -23.6 2.5
-20 -16.4 2.5
-18.8 -23.6 2.1
-21.2 -16.4 2.1
-18.4 -23.6 1.7
-16.4 -21.6 1.7
-16.4 -21.2 2.1
-20 -23.8 2.1
-18.4 -23.8 0.5
-23 -17.2 0.1
-23 -17.2 0.9
-22.8 -17 0.1
-22.8 -17 0.9
-22.8 -19.6 3.5
-19.6 -17.2 3.5
-17.2 -17 0.1
-17.2 -17 0.9
-17 -17.2 0.1
-17 -17.2 0.9
-16.6 -18 1.7
-18 -23 2.5
-20 -24 1.5
-19.4 -24 1.3
-19.2 -24 1.1
-19 -24 0.5
-17 -22 2.5
-21 -16 0.5
-20.8 -16 1.1
-19.4 -24 1.3
-19.2 -24 1.1
-19 -24 0.5
-18 -18 3.5
-18 -17 2.5
-23 -18 2.5
-18 -18 3.5
-17.6 -21 3.7
-17 -20.4 3.3
-16.6 -21.2 2.5
-22 -18.8 3.9
-18 -18.8 3.9
-22.4 -16.8 1.5
-17.6 -23.2 1.5
-20.2 -23.6 2.5
-19.8 -23.6 2.5
-23.2 -20 3.1
-20 -16.8 3.1
-19.8 -16.4 2.5
-19 -16.8 2.9
-17.6 -16.8 1.5
-16.8 -17.6 1.5
-23.2 -17.6 1.5
-16.8 -21 2.9
-16.4 -20.2 2.5
-23.2 -17.4 0.5
-22.6 -16.8 0.5
-17.4 -23.2 0.5
-17.4 -16.8 0.5
-16.8 -17.4 0.5
-23.2 -17.4 0.5
-19.2 -23.8 1.9
-21.4 -16.2 1.3
-20.8 -16.2 1.9
-19.2 -23.8 1.9
-18.6 -23.8 1.3
-19.8 -23.8 2.1
-18.4 -23.8 0.3
-18.4 -23.8 0.7
-19.2 -23.4 2.7
-19.2 -16.6 2.7
-19.2 -18.6 4.3
-20.2 -24 1.5
-19.8 -24 1.5
-19 -24 0.3
-19 -24 0.7
-21 -16 0.3
-21 -16 0.7
-19 -24 0.3
-19 -24 0.7
-16.6 -17.8 1.3
-19.2 -17.8 3.9
-17.8 -21.4 3.7
-23.2 -20.2 3.1
-16.8 -21.4 2.7
-17.8 -23.2 1.9
-17.8 -16.8 1.9
-16.8 -17.8 1.9
-23.2 -17.4 0.3
-23.2 -17.4 0.7
-22.6 -16.8 0.3
-22.6 -16.8 0.7
-17.4 -23.2 0.3
-17.4 -23.2 0.7
-17.4 -16.8 0.3
-17.4 -16.8 0.7
-16.8 -17.4 0.3
-16.8 -17.4 0.7
-23.2 -17.4 0.3
-23.2 -17.4 0.7
-17 -18.2 2.7
-18.2 -22.2 3.5
-18.2 -17.8 3.5
-17.8 -18.2 3.5
-17.8 -23 2.3
-17.8 -17 2.3
-17 -17.8 2.3
-23 -17.8 2.3
-22.8 -17.2 1.7
-17.2 -17.2 1.7
-17.2 -21.2 3.3
-19.6 -23.6 2.5
-19.6 -16.4 2.5
-16.4 -20.4 2.5
-19.6 -23.8 2.1
-18.4 -23.8 0.1
-18.4 -23.8 0.9
-17.2 -21.6 3.1
-22.6 -17.2 2.1
-17.2 -17.4 2.1
-19.6 -24 1.5
-19 -24 0.1
-19 -24 0.9
-21 -16 0.1
-21 -16 0.9
-19.6 -24 1.5
-19 -24 0.1
-19 -24 0.9
-18.4 -22.6 3.3
-17.4 -21.6 3.3
-17.4 -21.6 3.3
-17.4 -20.4 3.7
-23.2 -17.4 0.1
-23.2 -17.4 0.9
-22.6 -16.8 0.1
-22.6 -16.8 0.9
-17.4 -23.2 0.1
-17.4 -23.2 0.9
-17.4 -16.8 0.1
-17.4 -16.8 0.9
-16.8 -17.4 0.1
-16.8 -17.4 0.9
-23.2 -17.4 0.1
-23.2 -17.4 0.9
-23 -17.2 1.1
-22.8 -17 1.1
-22.8 -19.4 3.5
-17.2 -17 1.1
-17 -17.2 1.1
-23 -19.4 3.3
-18.2 -23.6 1.5
-19.4 -17 3.3
-17 -20.6 3.3
-23 -17.4 1.7
-17.4 -23 1.7
-19 -23.6 2.3
-19 -16.4 2.3
-17.4 -17 1.7
-23 -17.4 1.7
-16.4 -21 2.3
-17.4 -21.2 3.5
-19.2 -24 1.3
-20.8 -16 1.3
-19.2 -24 1.3
-22.4 -16.6 0.5
-18.8 -23.8 1.7
-21.2 -16.2 1.7
-18.8 -23.8 1.7
-16.6 -17.6 0.5
-22.4 -17 2.1
-17.6 -23 2.1
-20 -23.4 2.9
-20 -16.6 2.9
-17.6 -17 2.1
-23 -17.6 2.1
-17.6 -21.6 3.5
-18.4 -23 2.9
-17 -21.6 2.9
-17 -21.6 2.9
-19.4 -23.6 2.5
-19.4 -23.6 2.5
-18.8 -18.8 4.3
-19.4 -23.8 2.1
-18.4 -23.8 1.1
-22.4 -16.6 0.3
-22.4 -16.6 0.7
-23.4 -20.2 2.9
-19.8 -16.6 2.9
-16.6 -17.6 0.3
-16.6 -17.6 0.7
-16.6 -20.2 2.9
-16.6 -21.6 2.3
-17.6 -22.6 2.7
-17.6 -22.2 3.1
-17.4 -22.4 2.7
-19.4 -24 1.5
-19 -24 1.1
-21 -16 1.1
-19.4 -24 1.5
-19 -24 1.1
-17.8 -17.6 3.1
-17.6 -17.4 2.7
-17.4 -17.6 2.7
-22.6 -17.6 2.7
-19.4 -16.8 3.1
-17.8 -17.4 2.9
-22.6 -17.8 2.9
-23.2 -17.4 1.1
-22.6 -16.8 1.1
-17.4 -23.2 1.1
-17.4 -16.8 1.1
-16.8 -17.4 1.1
-23.2 -17.4 1.1
-21.4 -16.2 1.5
-18.6 -23.8 1.5
-19 -23.8 1.9
-21 -16.2 1.9
-19 -23.8 1.9
-16.6 -17.8 1.5
-18.6 -19 4.3
-19 -17.8 3.9
-17.8 -21 3.9
-18.8 -24 0.5
-21.2 -16 0.5
-18.8 -24 0.5
-22.4 -16.8 1.7
-17.6 -23.2 1.7
-17.6 -16.8 1.7
-16.8 -17.6 1.7
-23.2 -17.6 1.7
-16.8 -21.2 2.9
-23 -17.2 1.3
-22.8 -17 1.3
-22.4 -16.6 0.1
-22.4 -16.6 0.9
-17.2 -17 1.3
-17 -17.2 1.3
-16.6 -17.6 0.1
-16.6 -17.6 0.9
-17.2 -20.8 3.5
-19.6 -23.4 2.9
-23.4 -19.6 2.9
-19.2 -17 3.3
-18.2 -18 3.7
-18 -18.2 3.7
-18.6 -18.4 4.1
-18.4 -18.6 4.1
-18.2 -23.2 2.5
-20.2 -24 1.7
-19.8 -24 1.7
-21.4 -16.4 2.1
-16.4 -21.4 2.1
-18.8 -24 0.3
-18.8 -24 0.7
-21.2 -16 0.3
-21.2 -16 0.7
-18.8 -24 0.3
-18.8 -24 0.7
-18.4 -23.6 1.9
-16.8 -18 2.3
-23.2 -18 2.3
-16.4 -21.6 1.9
-16.6 -18 1.9
-18 -22.6 3.1
-17.8 -22.8 2.7
-17.4 -22 3.1
-18 -17.4 3.1
-17.8 -17.2 2.7
-17.4 -18 3.1
-17.2 -17.8 2.7
-18.6 -18 3.9
-22.6 -17.4 2.5
-17.4 -22.6 2.5
-17.4 -17.4 2.5
-17.8 -22.2 3.3
-17.8 -17.8 3.3
-22.4 -17.2 2.5
-17.6 -22.8 2.5
-17.2 -17.6 2.5
-22.8 -17.6 2.5
-18 -22.8 2.9
-17.2 -22 2.9
-18 -17.2 2.9
-17.2 -18 2.9
-22.8 -18 2.9
-18 -17.6 3.3
-19.6 -24 1.7
-19.6 -24 1.7
-18.8 -24 0.1
-18.8 -24 0.9
-21.2 -16 0.1
-21.2 -16 0.9
-20.8 -16.4 2.5
-19.2 -23.6 2.5
-18.8 -24 0.1
-18.8 -24 0.9
-19.2 -16.4 2.5
-22.8 -17.2 1.9
-19.2 -23.8 2.1
-20.8 -16.2 2.1
-19.2 -23.8 2.1
-17.2 -17.2 1.9
-18.4 -23.8 1.3
-17.2 -21.4 3.3
-18.2 -18.8 4.1
-19.2 -24 1.5
-19 -24 1.3
-21 -16 1.3
-20.8 -16 1.5
-19.2 -24 1.5
-19 -24 1.3
-18.2 -23.6 1.7
-19.2 -18.4 4.3
-17.4 -20.8 3.7
-18.8 -23.6 2.3
-21.2 -16.4 2.3
-19.2 -16.8 3.1
-16.8 -20.8 3.1
-16.4 -21.2 2.3
-18.4 -22.2 3.7
-23.2 -17.4 1.3
-22.6 -16.8 1.3
-18.4 -23.2 2.7
-17.8 -23.2 2.1
-17.4 -23.2 1.3
-20 -24.2 0.5
-17.8 -16.8 2.1
-17.4 -16.8 1.3
-16.8 -17.8 2.1
-16.8 -21.6 2.7
-18.2 -23.8 0.5
-20 -23.8 2.3
-22.4 -16.6 1.1
-16.6 -17.6 1.1
-19.4 -23.4 2.9
-19.4 -16.6 2.9
-16.6 -20.6 2.9
-17.6 -20.6 3.9
-20.2 -24.2 0.5
-20 -24.2 0.3
-20 -24.2 0.7
-19.8 -24.2 0.5
-18.2 -23.8 0.3
-18.2 -23.8 0.7
-19.8 -23.8 2.3
-17 -21.4 3.1
-23 -17.4 1.9
-17.4 -23 1.9
-17.4 -17 1.9
-23 -17.4 1.9
-17.4 -21.4 3.5
-20.2 -24.2 0.3
-20.2 -24.2 0.7
-19.8 -24.2 0.3
-19.8 -24.2 0.7
-19.4 -24 1.7
-19.4 -24 1.7
-20 -23.6 2.7
-18.8 -24 1.1
-21.2 -16 1.1
-18.8 -24 1.1
-20 -16.4 2.7
-20 -24.2 0.1
-20 -24.2 0.9
-19.6 -24.2 0.5
-19.6 -24.2 0.5
-18.2 -23.8 0.1
-18.2 -23.8 0.9
-19.6 -23.8 2.3
-21.4 -16.2 1.7
-18.6 -23.8 1.7
-17.2 -18.2 3.1
-18.8 -23.8 1.9
-21.2 -16.2 1.9
-18.8 -23.8 1.9
-23 -17.2 1.5
-22.8 -17 1.5
-17.2 -17 1.5
-17 -17.2 1.5
-17.2 -21 3.5
-22.6 -17.2 2.3
-18.2 -22.6 3.3
-17.2 -17.4 2.3
-18 -23 2.7
-17 -22 2.7
-18 -17 2.7
-23 -18 2.7
-16.6 -21.2 2.7
-16.6 -17.8 1.7
-18.8 -18.6 4.3
-18 -22.2 3.5
-17.8 -23 2.5
-20.2 -23.6 2.7
-19.8 -23.6 2.7
-19.8 -16.4 2.7
-17.8 -18 3.5
-17.8 -17 2.5
-17 -17.8 2.5
-23 -17.8 2.5
-18 -17.8 3.5
-17.8 -18 3.5
-17.8 -20.2 4.1
-16.4 -20.2 2.7
-18.8 -17.8 3.9
-20.2 -24.2 0.1
-20.2 -24.2 0.9
-19.8 -24.2 0.1
-19.8 -24.2 0.9
-19.6 -24.2 0.3
-19.6 -24.2 0.7
-19.6 -24.2 0.3
-19.6 -24.2 0.7
-22.4 -16.6 1.3
-19.2 -23.4 2.9
-19.2 -16.6 2.9
-16.6 -17.6 1.3
-17.6 -20.8 3.9
-21.4 -16 0.5
-18.6 -24 0.5
-19 -18 4.1
-17.6 -21.4 3.7
-22.4 -16.8 1.9
-19.6 -23.6 2.7
-19 -23.6 2.5
-19.6 -16.4 2.7
-19 -16.4 2.5
-17.6 -16.8 1.9
-16.8 -17.6 1.9
-23.2 -17.6 1.9
-16.8 -21.4 2.9
-16.4 -20.4 2.7
-19.6 -24.2 0.1
-19.6 -24.2 0.9
-19.6 -24.2 0.1
-19.6 -24.2 0.9
-19 -23.8 2.1
-21 -16.2 2.1
-18.4 -23.8 1.5
-17 -18.2 2.9
-18.2 -17.6 3.5
-22.4 -17 2.3
-17.6 -23 2.3
-17.6 -17 2.3
-23 -17.6 2.3
-23 -17 0.5
-20.2 -24 1.9
-19.8 -24 1.9
-19 -24 1.5
-21.4 -16 0.3
-21.4 -16 0.7
-21 -16 1.5
-19 -24 1.5
-18.6 -24 0.3
-18.6 -24 0.7
-20 -17 3.5
-17 -17 0.5
-19 -18.4 4.3
-19 -17.4 3.7
-19 -16.8 3.1
-16.8 -21 3.1
-23.2 -17.4 1.5
-22.6 -16.8 1.5
-17.4 -23.2 1.5
-20 -24.2 1.1
-19.4 -24.2 0.5
-19.4 -24.2 0.5
-17.4 -16.8 1.5
-18.2 -23.8 1.1
-19.4 -23.8 2.3
-18.2 -18.2 3.9
-23 -17 0.3
-23 -17 0.7
-23 -19.8 3.5
-19.8 -17 3.5
-17 -17 0.3
-17 -17 0.7
-17 -20.2 3.5
-20.2 -24.2 1.1
-19.8 -24.2 1.1
-19.4 -24.2 0.3
-19.4 -24.2 0.7
-19.4 -24.2 0.3
-19.4 -24.2 0.7
-20 -17.2 3.7
-23.2 -17.2 0.5
-22.8 -16.8 0.5
-19.2 -24 1.7
-20.8 -16 1.7
-19.2 -24 1.7
-17.2 -16.8 0.5
-16.8 -17.2 0.5
-18.8 -24 1.3
-21.2 -16 1.3
-18.8 -24 1.3
-18.4 -18.4 4.1
-23.2 -20 3.3
-18.4 -23.6 2.1
-20 -16.8 3.3
-16.4 -21.6 2.1
-22.8 -20.2 3.7
-22.8 -19.8 3.7
-16.6 -18 2.1
-19.6 -24 1.9
-21.4 -16 0.1
-21.4 -16 0.9
-19.6 -24 1.9
-18.6 -24 0.1
-18.6 -24 0.9
-16.6 -21.6 2.5
-23.2 -17.2 0.3
-23.2 -17.2 0.7
-22.8 -16.8 0.3
-22.8 -16.8 0.7
-17.2 -16.8 0.3
-17.2 -16.8 0.7
-16.8 -17.2 0.3
-16.8 -17.2 0.7
-23.2 -20.2 3.3
-23 -17 0.1
-23 -17 0.9
-18.2 -23.6 1.9
-17 -17 0.1
-17 -17 0.9
-17 -20.4 3.5
-21.4 -16.4 2.3
-16.4 -21.4 2.3
-19.4 -23.6 2.7
-19.4 -23.6 2.7
-19.6 -24.2 1.1
-19.4 -24.2 0.1
-19.4 -24.2 0.9
-19.6 -24.2 1.1
-19.4 -24.2 0.1
-19.4 -24.2 0.9
-22.8 -17.2 2.1
-17.2 -17.2 2.1
-17.2 -21.6 3.3
-22.8 -19.6 3.7
-19.6 -17.2 3.7
-23.2 -17.2 0.1
-23.2 -17.2 0.9
-22.8 -16.8 0.1
-22.8 -16.8 0.9
-17.2 -16.8 0.1
-17.2 -16.8 0.9
-16.8 -17.2 0.1
-16.8 -17.2 0.9
-18 -18 3.7
-18 -18 3.7
-16.8 -18 2.5
-23.2 -18 2.5
-23 -17.2 1.7
-22.8 -17 1.7
-20.8 -15.8 0.5
-17.2 -17 1.7
-17 -17.2 1.7
-17.6 -22.6 2.9
-17.4 -22.4 2.9
-17.6 -17.4 2.9
-17.4 -17.6 2.9
-22.6 -17.6 2.9
-20 -24.2 1.3
-19.2 -24.2 0.5
-19.2 -24.2 0.5
-18.2 -23.8 1.3
-19.2 -23.8 2.3
-20.8 -16.2 2.3
-19.2 -23.8 2.3
-22.4 -16.6 1.5
-20 -23.4 3.1
-20 -16.6 3.1
-16.6 -17.6 1.5
-20.8 -15.8 0.3
-20.8 -15.8 0.7
-22.6 -16.6 0.5
-18.4 -23 3.1
-19.4 -24 1.9
-17 -21.6 3.1
-21.4 -16 1.1
-19.4 -24 1.9
-18.6 -24 1.1
-16.6 -17.4 0.5
-17.6 -21 3.9
-17 -21.6 3.1
-17.4 -16.6 0.5
-23 -17.4 2.1
-18.2 -23.2 2.7
-17.4 -23 2.1
-17.4 -17 2.1
-23 -17.4 2.1
-18.2 -17.8 3.7
-17.8 -18.2 3.7
-18.4 -22.6 3.5
-17.4 -21.6 3.5
-17.4 -21.6 3.5
-17.8 -23.2 2.3
-20.2 -24.2 1.3
-19.8 -24.2 1.3
-19.2 -24.2 0.3
-19.2 -24.2 0.7
-19.2 -24.2 0.3
-19.2 -24.2 0.7
-17.8 -16.8 2.3
-21.4 -16.2 1.9
-18.6 -23.8 1.9
-23.4 -20.2 3.1
-19.8 -16.6 3.1
-16.6 -20.2 3.1
-23 -17 1.1
-22.6 -16.6 0.3
-22.6 -16.6 0.7
-23 -19.4 3.5
-19.4 -17 3.5
-17 -17 1.1
-16.6 -17.8 1.9
-16.6 -17.4 0.3
-16.6 -17.4 0.7
-17 -20.6 3.5
-17.4 -16.6 0.3
-17.4 -16.6 0.7
-22.6 -17.4 2.7
-17.4 -22.6 2.7
-17.8 -17.4 3.1
-17.4 -17.4 2.7
-22.6 -17.8 3.1
-19.4 -24.2 1.1
-19.4 -24.2 1.1
-22 -18.8 4.1
-18 -18.8 4.1
-18.8 -23.6 2.5
-21.2 -16.4 2.5
-16.4 -21.2 2.5
-22.4 -17.2 2.7
-17.6 -22.8 2.7
-20 -23.8 2.5
-18.8 -23.8 2.1
-21.2 -16.2 2.1
-18.4 -23.8 1.7
-17.2 -17.6 2.7
-22.8 -17.6 2.7
-20.8 -15.8 0.1
-20.8 -15.8 0.9
-22.8 -19.4 3.7
-17.8 -22.8 2.9
-17.8 -17.2 2.9
-17.2 -17.8 2.9
-23.2 -17.2 1.1
-22.8 -16.8 1.1
-19 -24 1.7
-21 -16 1.7
-19 -24 1.7
-17.2 -16.8 1.1
-16.8 -17.2 1.1
-17.6 -22.2 3.3
-18.8 -24 1.5
-21.2 -16 1.5
-20.8 -16.4 2.7
-19.2 -23.6 2.7
-18.8 -24 1.5
-19.2 -16.4 2.7
-17.8 -17.6 3.3
-19.2 -17.8 4.1
-19 -18.8 4.5
-19.4 -16.8 3.3
-17.4 -21.2 3.7
-19.6 -24.2 1.3
-19.2 -24.2 0.1
-19.2 -24.2 0.9
-19.6 -24.2 1.3
-19.2 -24.2 0.1
-19.2 -24.2 0.9
-16.8 -21.2 3.1
-23.2 -17.4 1.7
-22.6 -16.8 1.7
-17.4 -23.2 1.7
-17.4 -16.8 1.7
-19.8 -23.8 2.5
-19.6 -23.4 3.1
-23.4 -19.6 3.1
-22.6 -16.6 0.1
-22.6 -16.6 0.9
-16.6 -17.4 0.1
-16.6 -17.4 0.9
-17.4 -16.6 0.1
-17.4 -16.6 0.9
-17.4 -20.4 3.9
-18.4 -24 0.5
-17.6 -21.6 3.7
-22.4 -16.8 2.1
-17.6 -16.8 2.1
-16.8 -17.6 2.1
-23.2 -17.6 2.1
-18.4 -23.2 2.9
-16.8 -21.6 2.9
-18 -22.8 3.1
-19.6 -23.8 2.5
-17.2 -22 3.1
-18 -17.2 3.1
-17.2 -18 3.1
-22.8 -18 3.1
-22.6 -17.2 2.5
-19.2 -24 1.9
-21.4 -16 1.3
-19.2 -24 1.9
-18.6 -24 1.3
-17.2 -17.4 2.5
-19.2 -18.6 4.5
-20.2 -24 2.1
-18 -22.6 3.3
-17.4 -22 3.3
-18.4 -24 0.3
-18.4 -24 0.7
-18 -17.4 3.3
-17.4 -18 3.3
-21 -15.8 0.5
-20.8 -15.8 1.1
-23 -17 1.3
-17 -17 1.3
-20 -24.2 1.5
-19.4 -24.2 1.3
-19.2 -24.2 1.1
-19 -24.2 0.5
-19.4 -24.2 1.3
-19.2 -24.2 1.1
-19 -24.2 0.5
-18.2 -23.8 1.5
-19 -23.8 2.3
-19.4 -23.4 3.1
-19.4 -16.6 3.1
-16.6 -20.6 3.1
-21 -15.8 0.3
-21 -15.8 0.7
-22.6 -16.6 1.1
-16.6 -17.4 1.1
-17.4 -16.6 1.1
-17.8 -23 2.7
-17.8 -17 2.7
-17 -17.8 2.7
-23 -17.8 2.7
-17.8 -22.2 3.5
-20.2 -24.2 1.5
-19.8 -24.2 1.5
-19 -24.2 0.3
-19 -24.2 0.7
-19 -24.2 0.3
-19 -24.2 0.7
-17.8 -17.8 3.5
-17.2 -20.8 3.7
-23.2 -17.2 1.3
-22.8 -16.8 1.3
-19.6 -24 2.1
-19.6 -24 2.1
-17.2 -16.8 1.3
-16.8 -17.2 1.3
-18.4 -24 0.1
-18.4 -24 0.9
-20 -23.6 2.9
-20 -16.4 2.9
-19.2 -16.8 3.3
-16.8 -20.8 3.3
-22.4 -16.6 1.7
-16.6 -17.6 1.7
-22.4 -17 2.5
-17.6 -23 2.5
-18 -17.6 3.5
-17.6 -17 2.5
-23 -17.6 2.5
-18 -23 2.9
-17 -22 2.9
-18.2 -23.6 2.1
-18 -17 2.9
-23 -18 2.9
-20.2 -23.6 2.9
-19.8 -23.6 2.9
-19.8 -16.4 2.9
-16.4 -20.2 2.9
-18.4 -23.6 2.3
-16.4 -21.6 2.3
-23 -17.2 1.9
-22.8 -17 1.9
-19.4 -23.8 2.5
-17.2 -17 1.9
-17 -17.2 1.9
-17.2 -21.4 3.5
-21 -15.8 0.1
-21 -15.8 0.9
-16.6 -18 2.3
-18.2 -18 3.9
-18 -18.2 3.9
-17 -21.4 3.3
-19 -23.6 2.7
-19 -16.4 2.7
-19 -17.8 4.1
-17.8 -21 4.1
-19 -24.2 0.1
-19 -24.2 0.9
-19.6 -24.2 1.5
-19 -24.2 0.1
-19 -24.2 0.9
-19.6 -23.6 2.9
-18.8 -24 1.7
-21.2 -16 1.7
-18.8 -24 1.7
-19.6 -16.4 2.9
-18.8 -18.8 4.5
-22.8 -17.2 2.3
-17.2 -17.2 2.3
-17.2 -18.2 3.3
-20.8 -15.8 1.3
-18.6 -18 4.1
-19.4 -24 2.1
-19.4 -24 2.1
-21.4 -16.4 2.5
-18.4 -24 1.1
-16.4 -21.4 2.5
-19.2 -24.2 1.3
-19.2 -24.2 1.3
-21.4 -16.2 2.1
-18.6 -23.8 2.1
-18.4 -23.8 1.9
-19.2 -23.4 3.1
-19.2 -16.6 3.1
-22.6 -16.6 1.3
-19 -24 1.9
-21.4 -16 1.5
-21 -16 1.9
-19 -24 1.9
-18.6 -24 1.5
-16.6 -17.4 1.3
-16.6 -21.6 2.7
-17.4 -16.6 1.3
-16.6 -17.8 2.1
-18.6 -18.4 4.3
-18.4 -18.6 4.3
-17.4 -20.8 3.9
-17.4 -21.4 3.7
-16.8 -21.4 3.1
-18.4 -22.2 3.9
-23.2 -17.4 1.9
-22.6 -16.8 1.9
-17.4 -23.2 1.9
-17.4 -16.8 1.9
-17 -18.2 3.1
-21 -15.8 1.1
-23 -17 1.5
-18.2 -22.6 3.5
-17 -17 1.5
-23 -17.4 2.3
-17.4 -23 2.3
-17.4 -17 2.3
-23 -17.4 2.3
-19.4 -24.2 1.5
-19 -24.2 1.1
-19.4 -24.2 1.5
-19 -24.2 1.1
-19.2 -23.8 2.5
-20.8 -16.2 2.5
-19.2 -23.8 2.5
-17.6 -20.6 4.1
-23.2 -17.2 1.5
-22.8 -16.8 1.5
-21.2 -15.8 0.5
-17.2 -16.8 1.5
-16.8 -17.2 1.5
-19.4 -23.6 2.9
-19.4 -23.6 2.9
-19 -16.8 3.3
-16.8 -21 3.3
-18 -22.2 3.7
-17.8 -18 3.7
-16.8 -18 2.7
-23.2 -18 2.7
-18 -17.8 3.7
-17.8 -18 3.7
-17.8 -23.2 2.5
-20 -24.2 1.7
-17.8 -16.8 2.5
-18.8 -24.2 0.5
-18.8 -24.2 0.5
-18.2 -23.8 1.7
-18.8 -23.8 2.3
-21.2 -16.2 2.3
-21.2 -15.8 0.3
-21.2 -15.8 0.7
-18.2 -18.8 4.3
-20.2 -24.2 1.7
-19.8 -24.2 1.7
-18.8 -24.2 0.3
-18.8 -24.2 0.7
-18.8 -24.2 0.3
-18.8 -24.2 0.7
-19.2 -24 2.1
-19.2 -24 2.1
-18.4 -24 1.3
-18.2 -24 0.5
-21.2 -15.8 0.1
-21.2 -15.8 0.9
-18.2 -23.2 2.9
-20 -17 3.7
-22.4 -16.8 2.3
-17.6 -16.8 2.3
-16.8 -17.6 2.3
-23.2 -17.6 2.3
-23.2 -17 0.5
-23 -16.8 0.5
-18.8 -23.6 2.7
-21.2 -16.4 2.7
-23.2 -20 3.5
-20 -16.8 3.5
-17 -16.8 0.5
-16.8 -17 0.5
-18.8 -17.8 4.1
-16.4 -21.2 2.7
-19.6 -24.2 1.7
-18.8 -24.2 0.1
-18.8 -24.2 0.9
-18.8 -24.2 0.1
-18.8 -24.2 0.9
-22.4 -16.6 1.9
-20 -23.8 2.7
-16.6 -17.6 1.9
-21 -15.8 1.3
-20.8 -15.8 1.5
-17.6 -22.6 3.1
-17.4 -22.4 3.1
-18.2 -24 0.3
-18.2 -24 0.7
-17.6 -17.4 3.1
-17.4 -17.6 3.1
-22.6 -17.6 3.1
-17.6 -21.4 3.9
-20.2 -24 2.3
-23 -19.8 3.7
-19.8 -17 3.7
-17 -20.2 3.7
-22.6 -17.4 2.9
-17.4 -22.6 2.9
-17.4 -17.4 2.9
-23.2 -17 0.3
-23.2 -17 0.7
-23 -16.8 0.3
-23 -16.8 0.7
-19.2 -24.2 1.5
-19 -24.2 1.3
-19.2 -24.2 1.5
-19 -24.2 1.3
-17 -16.8 0.3
-17 -16.8 0.7
-16.8 -17 0.3
-16.8 -17 0.7
-19.8 -23.8 2.7
-22.6 -16.6 1.5
-16.6 -17.4 1.5
-17.4 -16.6 1.5
-19 -17.4 3.9
-17.8 -20.2 4.3
-22.4 -17.2 2.9
-17.6 -22.8 2.9
-17.2 -17.6 2.9
-22.8 -17.6 2.9
-20 -24.4 0.5
-20 -15.6 0.5
-17.6 -20.8 4.1
-20.8 -16.4 2.9
-19.2 -23.6 2.9
-19.2 -16.4 2.9
-22.8 -16.6 0.5
-16.6 -17.2 0.5
-17.2 -16.6 0.5
-23 -17.2 2.1
-22.8 -17 2.1
-20 -17.2 3.9
-17.2 -17 2.1
-17 -17.2 2.1
-20.2 -24.4 0.5
-20 -24.4 0.3
-20 -24.4 0.7
-20 -23.4 3.3
-19.8 -24.4 0.5
-20.2 -15.6 0.5
-20 -15.6 0.3
-20 -15.6 0.7
-19.8 -15.6 0.5
-17.2 -21.6 3.5
-18.2 -24 0.1
-18.2 -24 0.9
-20 -16.6 3.3
-24.4 -19.8 0.5
-19.6 -24 2.3
-21.4 -16 1.7
-19.6 -24 2.3
-18.6 -24 1.7
-18.4 -23 3.3
-18.8 -24 1.9
-17 -21.6 3.3
-21.2 -16 1.9
-18.8 -24 1.9
-18.8 -18.6 4.5
-17 -21.6 3.3
-17 -20.4 3.7
-23.2 -17 0.1
-23.2 -17 0.9
-23 -16.8 0.1
-23 -16.8 0.9
-17 -16.8 0.1
-17 -16.8 0.9
-16.8 -17 0.1
-16.8 -17 0.9
-18.2 -18.2 4.1
-22.8 -16.6 0.3
-22.8 -16.6 0.7
-19.6 -23.8 2.7
-19 -23.8 2.5
-16.6 -17.2 0.3
-16.6 -17.2 0.7
-17.2 -16.6 0.3
-17.2 -16.6 0.7
-23.4 -20.2 3.3
-22.8 -20.2 3.9
-22.8 -19.8 3.9
-19.8 -16.6 3.3
-16.6 -20.2 3.3
-22.6 -17.2 2.7
-17.8 -22.8 3.1
-20.2 -24.4 0.3
-20.2 -24.4 0.7
-19.8 -24.4 0.3
-19.8 -24.4 0.7
-20.2 -15.6 0.3
-20.2 -15.6 0.7
-19.8 -15.6 0.3
-19.8 -15.6 0.7
-17.8 -17.2 3.1
-17.2 -17.8 3.1
-17.2 -17.4 2.7
-24.4 -19.8 0.3
-24.4 -19.8 0.7
-21.2 -15.8 1.1
-18.2 -23.6 2.3
-19 -18 4.3
-17.8 -17.4 3.3
-22.6 -17.8 3.3
-19.4 -24.2 1.7
-19.4 -24.2 1.7
-18.8 -24.2 1.1
-18.8 -24.2 1.1
-20 -24.4 0.1
-20 -24.4 0.9
-19.6 -24.4 0.5
-20.4 -15.6 0.5
-20 -15.6 0.1
-20 -15.6 0.9
-19.6 -24.4 0.5
-24.4 -19.6 0.5
-23.2 -17.2 1.7
-22.8 -16.8 1.7
-17.2 -16.8 1.7
-16.8 -17.2 1.7
-18.4 -23.6 2.5
-16.4 -21.6 2.5
-16.8 -21.2 3.3
-22.8 -16.6 0.1
-22.8 -16.6 0.9
-18.4 -23.8 2.1
-16.6 -17.2 0.1
-16.6 -17.2 0.9
-17.2 -16.6 0.1
-17.2 -16.6 0.9
-22.8 -19.6 3.9
-19.6 -17.2 3.9
-20.2 -24.4 0.1
-20.2 -24.4 0.9
-19.8 -24.4 0.1
-19.8 -24.4 0.9
-19.6 -24.4 0.3
-19.6 -24.4 0.7
-19.6 -23.4 3.3
-20.4 -15.6 0.3
-20.4 -15.6 0.7
-20.2 -15.6 0.1
-20.2 -15.6 0.9
-19.8 -15.6 0.1
-19.8 -15.6 0.9
-23.4 -19.6 3.3
-19.6 -24.4 0.3
-19.6 -24.4 0.7
-16.6 -18 2.5
-24.4 -19.8 0.1
-24.4 -19.8 0.9
-24.4 -19.6 0.3
-24.4 -19.6 0.7
-19 -24 2.1
-21 -16 2.1
-19 -24 2.1
-18.4 -24 1.5
-18 -18 3.9
-19 -18.4 4.5
-18 -18 3.9
-18.4 -18.4 4.3
-18.4 -23.2 3.1
-17.4 -21.6 3.7
-17.4 -21.6 3.7
-16.8 -21.6 3.1
-23.2 -17.4 2.1
-22.6 -16.8 2.1
-17.4 -23.2 2.1
-17.4 -16.8 2.1
-21.4 -15.8 0.5
-22.4 -17 2.7
-17.6 -23 2.7
-18.2 -24 1.1
-17.6 -17 2.7
-19.4 -24 2.3
-19.4 -24 2.3
-17.6 -22.2 3.5
-23 -19.4 3.7
-19.4 -17 3.7
-17.8 -17.6 3.5
-17 -20.6 3.7
-17.8 -23 2.9
-17.8 -17 2.9
-17 -17.8 2.9
-23 -17.8 2.9
-23.2 -17 1.1
-23 -16.8 1.1
-20 -24.2 1.9
-18.6 -24.2 0.5
-19.4 -16.8 3.5
-17 -16.8 1.1
-16.8 -17 1.1
-18.2 -23.8 1.9
-21.4 -16.2 2.3
-18.6 -23.8 2.3
-19.4 -23.8 2.7
-21.4 -15.8 0.3
-21.4 -15.8 0.7
-21 -15.8 1.5
-16.6 -17.8 2.3
-18.2 -17.8 3.9
-17.8 -18.2 3.9
-20.2 -24.2 1.9
-19.8 -24.2 1.9
-19 -24.2 1.5
-18.6 -24.2 0.3
-18.6 -24.2 0.7
-22.8 -17.2 2.5
-17.2 -17.2 2.5
-18 -22.8 3.3
-19.6 -24.4 0.1
-19.6 -24.4 0.9
-20.4 -15.6 0.1
-20.4 -15.6 0.9
-17.2 -22 3.3
-19.6 -24.4 0.1
-19.6 -24.4 0.9
-18 -17.2 3.3
-17.2 -18 3.3
-22.8 -18 3.3
-24.4 -19.6 0.1
-24.4 -19.6 0.9
-20 -24.4 1.1
-19.4 -24.4 0.5
-20.6 -15.6 0.5
-20 -15.6 1.1
-20.8 -15.8 1.7
-19.4 -24.4 0.5
-24.4 -19.4 0.5
-21.2 -15.8 1.3
-20 -23.6 3.1
-20 -16.4 3.1
-19 -23.6 2.9
-19 -16.4 2.9
-17.4 -16.4 0.5
-19.2 -24.2 1.7
-19.2 -24.2 1.7
-18.8 -24.2 1.3
-18.8 -24.2 1.3
-22.8 -16.6 1.1
-16.6 -17.2 1.1
-17.2 -16.6 1.1
-21.4 -15.8 0.1
-21.4 -15.8 0.9
-22.8 -19.4 3.9
-18 -23 3.1
-20.2 -24.4 1.1
-19.8 -24.4 1.1
-19.4 -24.4 0.3
-19.4 -24.4 0.7
-19.4 -23.4 3.3
-20.6 -15.6 0.3
-20.6 -15.6 0.7
-20.2 -15.6 1.1
-19.8 -15.6 1.1
-17 -22 3.1
-19.4 -24.4 0.3
-19.4 -24.4 0.7
-19.4 -16.6 3.3
-18 -17 3.1
-23 -18 3.1
-24.4 -19.8 1.1
-24.4 -19.4 0.3
-24.4 -19.4 0.7
-16.6 -20.6 3.3
-22.6 -16.6 1.7
-16.6 -17.4 1.7
-17.4 -16.6 1.7
-23 -17.4 2.5
-18 -22.6 3.5
-17.4 -23 2.5
-20.2 -23.6 3.1
-19.8 -23.6 3.1
-17.4 -22 3.5
-21.4 -16.4 2.7
-19.8 -16.4 3.1
-17.4 -18 3.5
-17.4 -17 2.5
-23 -17.4 2.5
-16.4 -21.4 2.7
-16.4 -20.2 3.1
-17.4 -21.2 3.9
-19.6 -24.2 1.9
-18.6 -24.2 0.1
-18.6 -24.2 0.9
-17.4 -16.4 0.3
-17.4 -16.4 0.7
-18.8 -23.8 2.5
-21.2 -16.2 2.5
-16.6 -17.6 2.1
-19.6 -24.4 1.1
-19.4 -24.4 0.1
-19.4 -24.4 0.9
-20.6 -15.6 0.1
-20.6 -15.6 0.9
-20.4 -15.6 1.1
-19.6 -24.4 1.1
-19.4 -24.4 0.1
-19.4 -24.4 0.9
-18.2 -24 1.3
-24.4 -19.6 1.1
-24.4 -19.4 0.1
-24.4 -19.4 0.9
-19.2 -24 2.3
-19.2 -24 2.3
-16.6 -21.6 2.9
-19.6 -23.6 3.1
-19.6 -16.4 3.1
-17.6 -21.6 3.9
-17.4 -20.4 4.1
-19.2 -16.8 3.5
-22 -18.8 4.3
-18 -18.8 4.3
-16.8 -20.8 3.5
-23.2 -17 1.3
-23 -16.8 1.3
-17 -16.8 1.3
-16.8 -17 1.3
-17.4 -16.4 0.1
-17.4 -16.4 0.9
-19.2 -23.8 2.7
-20.8 -16.2 2.7
-21.4 -16 1.9
-18.6 -24 1.9
-19.2 -17.8 4.3
-17.8 -23.2 2.7
-17.8 -22.2 3.7
-17.8 -17.8 3.7
-17.8 -16.8 2.7
-21.4 -15.8 1.1
-19.4 -24.2 1.9
-19.4 -24.2 1.9
-18.6 -24.2 1.1
-20 -24.4 1.3
-19.2 -24.4 0.5
-20 -15.6 1.3
-19.2 -24.4 0.5
-24.4 -19.2 0.5
-18 -17.6 3.7
-18.8 -24 2.1
-21.2 -16 2.1
-18.8 -24 2.1
-18.4 -24 1.7
-22.4 -16.8 2.5
-17.6 -16.8 2.5
-16.8 -18 2.9
-16.8 -17.6 2.5
-23.2 -17.6 2.5
-22.8 -16.6 1.3
-16.6 -17.2 1.3
-17.2 -16.6 1.3
-19.2 -23.4 3.3
-19.2 -16.6 3.3
-17.2 -21.4 3.7
-17.2 -20.8 3.9
-20.2 -24.4 1.3
-19.8 -24.4 1.3
-19.2 -24.4 0.3
-19.2 -24.4 0.7
-20.2 -15.6 1.3
-19.8 -15.6 1.3
-19.2 -24.4 0.3
-19.2 -24.4 0.7
-24.4 -19.8 1.3
-24.4 -19.2 0.3
-24.4 -19.2 0.7
-23.2 -17.2 1.9
-22.8 -16.8 1.9
-17.2 -16.8 1.9
-16.8 -17.2 1.9
-20.2 -24 2.5
-16.8 -21.4 3.3
-17.2 -18.2 3.5
-23 -17.2 2.3
-22.8 -17 2.3
-17.2 -17 2.3
-17 -18.2 3.3
-17 -17.2 2.3
-19.4 -24.4 1.1
-20.6 -15.6 1.1
-21 -15.8 1.7
-19.4 -24.4 1.1
-24.4 -19.4 1.1
-21.2 -15.8 1.5
-19.4 -23.6 3.1
-19.4 -23.6 3.1
-17.4 -16.4 1.1
-19 -24.2 1.7
-18.8 -24.2 1.5
-18.8 -24.2 1.5
-19.6 -24.4 1.3
-19.2 -24.4 0.1
-19.2 -24.4 0.9
-20.4 -15.6 1.3
-19.6 -24.4 1.3
-19.2 -24.4 0.1
-19.2 -24.4 0.9
-24.4 -19.6 1.3
-24.4 -19.2 0.1
-24.4 -19.2 0.9
-19.6 -24 2.5
-19.6 -24 2.5
-18.8 -23.6 2.9
-21.2 -16.4 2.9
-16.4 -21.2 2.9
-20 -23.8 2.9
-18.2 -18 4.1
-18 -18.2 4.1
-18.2 -23.6 2.5
-20 -24.2 2.1
-18.4 -24.2 0.5
-18.2 -23.8 2.1
-19.8 -23.8 2.9
-18.4 -23.8 2.3
-21.4 -15.8 1.3
-20.8 -15.8 1.9
-18.2 -24 1.5
-18.2 -22.6 3.7
-19 -24 2.3
-21 -16 2.3
-19 -24 2.3
-18.2 -23.2 3.1
-23.2 -17 1.5
-23 -16.8 1.5
-19.2 -24.2 1.9
-19.2 -24.2 1.9
-18.6 -24.2 1.3
-19 -16.8 3.5
-17 -16.8 1.5
-16.8 -17 1.5
-23.2 -17.4 2.3
-22.6 -16.8 2.3
-17.4 -23.2 2.3
-20.2 -24.2 2.1
-19.8 -24.2 2.1
-17.4 -16.8 2.3
-18.4 -24.2 0.3
-18.4 -24.2 0.7
-19 -23.8 2.7
-22.6 -16.6 1.9
-16.6 -17.4 1.9
-17.4 -16.6 1.9
-22.6 -17.4 3.1
-17.4 -22.6 3.1
-17.4 -17.4 3.1
-17.4 -21.4 3.9
-19 -17.8 4.3
-17.8 -21 4.3
-22.4 -17.2 3.1
-19.6 -23.8 2.9
-17.2 -17.6 3.1
-22.8 -17.6 3.1
-20 -24.4 1.5
-19.4 -24.4 1.3
-19.2 -24.4 1.1
-19 -24.4 0.5
-20.6 -15.6 1.3
-20 -15.6 1.5
-19.4 -24.4 1.3
-19.2 -24.4 1.1
-19 -24.4 0.5
-24.4 -19.4 1.3
-24.4 -19.2 1.1
-22.6 -17.2 2.9
-17.2 -17.4 2.9
-17.6 -22.6 3.3
-17.4 -22.4 3.3
-19.4 -24 2.5
-20.8 -16.4 3.1
-19.4 -24 2.5
-19.2 -23.6 3.1
-19.2 -16.4 3.1
-17.6 -17.4 3.3
-17.4 -17.6 3.3
-22.6 -17.6 3.3
-17.4 -20.8 4.1
-18.4 -22.2 4.1
-18.4 -23.6 2.7
-16.4 -21.6 2.7
-17.4 -16.4 1.3
-19.6 -24.2 2.1
-18.4 -24.2 0.1
-18.4 -24.2 0.9
-21.4 -16.2 2.5
-18.6 -23.8 2.5
-22.8 -16.6 1.5
-16.6 -17.2 1.5
-17.2 -16.6 1.5
-20.2 -24.4 1.5
-19.8 -24.4 1.5
-19 -24.4 0.3
-19 -24.4 0.7
-20.2 -15.6 1.5
-19.8 -15.6 1.5
-19 -24.4 0.3
-19 -24.4 0.7
-16.6 -18 2.7
-24.4 -19.8 1.5
-16.6 -17.8 2.5
-18.6 -18 4.3
-18 -22.2 3.9
-17.8 -18 3.9
-18 -17.8 3.9
-17.8 -18 3.9
-23.2 -20 3.7
-20 -16.8 3.7
-23.2 -16.8 0.5
-16.8 -16.8 0.5
-22.8 -17.2 2.7
-17.2 -17.2 2.7
-19.6 -24.4 1.5
-19 -24.4 0.1
-19 -24.4 0.9
-20.4 -15.6 1.5
-19.6 -24.4 1.5
-19 -24.4 0.1
-19 -24.4 0.9
-24.4 -19.6 1.5
-22.4 -17 2.9
-17.8 -22.8 3.3
-17.6 -23 2.9
-21.4 -16 2.1
-18.6 -24 2.1
-17.8 -17.2 3.3
-17.6 -17 2.9
-17.2 -17.8 3.3
-21.2 -15.8 1.7
-18.4 -24 1.9
-18.6 -18.4 4.5
-18.4 -18.6 4.5
-23.2 -16.8 0.3
-23.2 -16.8 0.7
-18.8 -24.2 1.7
-18.8 -24.2 1.7
-16.8 -16.8 0.3
-16.8 -16.8 0.7
-19.4 -23.8 2.9
-16.6 -17.6 2.3
-23 -16.6 0.5
-20 -23.4 3.5
-20 -16.6 3.5
-16.6 -17 0.5
-17 -16.6 0.5
-18.4 -23 3.5
-17 -21.6 3.5
-20 -17 3.9
-17.6 -20.6 4.3
-17 -21.6 3.5
-19.4 -24.2 2.1
-19.4 -24.2 2.1
-18.4 -24.2 1.1
-21.4 -15.8 1.5
-21 -15.8 1.9
-23 -16.6 0.3
-23 -16.6 0.7
-23.4 -20.2 3.5
-16.6 -17 0.3
-16.6 -17 0.7
-16.6 -20.2 3.5
-17 -16.6 0.3
-17 -16.6 0.7
-23 -19.8 3.9
-19.8 -17 3.9
-17 -20.2 3.9
-23 -17.4 2.7
-17.8 -23 3.1
-17.8 -17 3.1
-17.4 -17 2.7
-23 -17.8 3.1
-23 -17.4 2.7
-19 -24.2 1.9
-18.6 -24.2 1.5
-17.8 -17.4 3.5
-22.6 -17.8 3.5
-19.2 -24.4 1.3
-19.2 -24.4 1.3
-24.4 -19.2 1.3
-17.2 -21.6 3.7
-23.2 -17.2 2.1
-22.8 -16.8 2.1
-19.2 -24 2.5
-19.2 -24 2.5
-17.2 -16.8 2.1
-16.8 -17.2 2.1
-18.4 -23.2 3.3
-16.8 -21.6 3.3
-23.2 -16.8 0.1
-23.2 -16.8 0.9
-16.8 -16.8 0.1
-16.8 -16.8 0.9
-17.6 -21.4 4.1
-18.2 -18.8 4.5
-21.4 -16.4 2.9
-21.2 -16 2.3
-18.8 -24 2.3
-16.4 -21.4 2.9
-23.2 -17 1.7
-23 -16.8 1.7
-17 -16.8 1.7
-16.8 -17 1.7
-16.8 -21.2 3.5
-18.8 -23.8 2.7
-21.2 -16.2 2.7
-23 -16.6 0.1
-23 -16.6 0.9
-19.6 -23.4 3.5
-19.4 -24.4 1.5
-19 -24.4 1.1
-20.6 -15.6 1.5
-23.4 -19.6 3.5
-19.4 -24.4 1.5
-19 -24.4 1.1
-16.6 -17 0.1
-16.6 -17 0.9
-24.4 -19.4 1.5
-17 -16.6 0.1
-17 -16.6 0.9
-19 -23.6 3.1
-19 -17.4 4.1
-19 -16.4 3.1
-17 -20.4 3.9
-17.4 -16.4 1.5
-18.8 -17.8 4.3
-20 -17.2 4.1
-20 -24.4 1.7
-20 -15.6 1.7
-18.8 -24.4 0.5
-18.8 -24.4 0.5
-17.2 -16.4 0.5
-20 -23.6 3.3
-20 -16.4 3.3
-19.2 -23.8 2.9
-20.8 -16.2 2.9
-22.8 -16.6 1.7
-16.6 -17.2 1.7
-17.2 -16.6 1.7
-23 -17.2 2.5
-22.8 -17 2.5
-18 -22.8 3.5
-17.2 -22 3.5
-20.8 -15.8 2.1
-22.8 -20.2 4.1
-22.8 -19.8 4.1
-18 -17.2 3.5
-17.2 -18 3.5
-17.2 -17 2.5
-17 -17.2 2.5
-22.8 -18 3.5
-20.2 -24.4 1.7
-19.8 -24.4 1.7
-20.2 -15.6 1.7
-19.8 -15.6 1.7
-24.4 -19.8 1.7
-17.6 -20.8 4.3
-18 -23 3.3
-18.8 -24.4 0.3
-18.8 -24.4 0.7
-17 -22 3.3
-18.8 -24.4 0.3
-18.8 -24.4 0.7
-18 -17 3.3
-23 -18 3.3
-17.2 -16.4 0.3
-17.2 -16.4 0.7
-20.2 -23.6 3.3
-19.8 -23.6 3.3
-19.8 -16.4 3.3
-16.4 -20.2 3.3
-22.4 -16.8 2.7
-17.6 -22.2 3.7
-17.8 -17.6 3.7
-16.8 -17.6 2.7
-23.2 -17.6 2.7
-19.2 -24.2 2.1
-19.2 -24.2 2.1
-19.4 -16.8 3.7
-17.8 -23.2 2.9
-18.4 -24.2 1.3
-17.8 -16.8 2.9
-23.2 -16.8 1.1
-16.8 -16.8 1.1
-16.6 -21.6 3.1
-22.6 -16.6 2.1
-16.6 -17.4 2.1
-17.4 -16.6 2.1
-20.2 -24 2.7
-17.4 -21.6 3.9
-18.2 -24.2 0.5
-17.8 -20.2 4.5
-20 -24.2 2.3
-18.2 -23.8 2.3
-18.2 -18.2 4.3
-23 -16.6 1.1
-19.4 -23.4 3.5
-19.4 -16.6 3.5
-16.6 -17 1.1
-16.6 -20.6 3.5
-17 -16.6 1.1
-23 -19.4 3.9
-17 -20.6 3.9
-18.2 -24.2 0.3
-18.2 -24.2 0.7
-20.2 -24.2 2.3
-19.8 -24.2 2.3
-22.8 -19.6 4.1
-19.6 -17.2 4.1
-19.6 -24.4 1.7
-20.4 -15.6 1.7
-19.6 -24.4 1.7
-24.4 -19.6 1.7
-18.8 -24.4 0.1
-18.8 -24.4 0.9
-18.8 -24.4 0.1
-18.8 -24.4 0.9
-18 -18 4.1
-17.2 -16.4 0.1
-17.2 -16.4 0.9
-19.6 -23.6 3.3
-19.6 -16.4 3.3
-18.4 -23.8 2.5
-19.2 -24.4 1.5
-19 -24.4 1.3
-19.2 -24.4 1.5
-19 -24.4 1.3
-24.4 -19.2 1.5
-19.6 -24 2.7
-19 -24 2.5
-21 -16 2.5
-19.6 -24 2.7
-19 -24 2.5
-19 -18 4.5
-18 -22.6 3.7
-17.4 -22 3.7
-17.4 -18 3.7
-16.8 -18 3.1
-23.2 -17.4 2.5
-22.6 -16.8 2.5
-17.4 -23.2 2.5
-17.4 -16.8 2.5
-21.4 -15.8 1.7
-21.2 -15.8 1.9
-18.2 -23.6 2.7
-18.2 -17.8 4.1
-17.8 -18.2 4.1
-18.2 -24.2 0.1
-18.2 -24.2 0.9
-19.6 -24.2 2.3
-18.6 -24.2 1.7
-18.8 -24.2 1.9
-18.8 -24.2 1.9
-18.4 -24 2.1
-19.2 -16.8 3.7
-18.4 -18.4 4.5
-16.8 -20.8 3.7
-23.2 -16.8 1.3
-16.8 -16.8 1.3
-22.8 -19.4 4.1
-19.4 -24.4 1.7
-20.6 -15.6 1.7
-19.4 -24.4 1.7
-18.8 -24.4 1.1
-18.8 -24.4 1.1
-17.2 -16.4 1.1
-20 -24.6 0.5
-19.4 -23.6 3.3
-18.8 -23.6 3.1
-20 -15.4 0.5
-21.2 -16.4 3.1
-19.4 -23.6 3.3
-17.4 -21.2 4.1
-16.4 -21.2 3.1
-17.4 -16.4 1.7
-20 -23.8 3.1
-19 -23.8 2.9
-23 -16.6 1.3
-19.2 -23.4 3.5
-21 -15.8 2.1
-19.2 -16.6 3.5
-16.6 -17 1.3
-17.4 -16.2 0.5
-17 -16.6 1.3
-21.4 -16 2.3
-18.6 -24 2.3
-19.4 -24 2.7
-19.4 -24 2.7
-23.2 -17 1.9
-23 -16.8 1.9
-20.2 -24.6 0.5
-20 -24.6 0.3
-20 -24.6 0.7
-19.8 -24.6 0.5
-20.2 -15.4 0.5
-20 -15.4 0.3
-20 -15.4 0.7
-19.8 -15.4 0.5
-17 -16.8 1.9
-16.8 -17 1.9
-24.6 -19.8 0.5
-16.8 -21.4 3.5
-19 -24.2 2.1
-18.4 -24.2 1.5
-21.4 -16.2 2.7
-18.6 -23.8 2.7
-19.8 -23.8 3.1
-17 -18.2 3.5
-17.4 -16.2 0.3
-17.4 -16.2 0.7
-16.6 -17.8 2.7
-20.2 -24.6 0.3
-20.2 -24.6 0.7
-19.8 -24.6 0.3
-19.8 -24.6 0.7
-20.2 -15.4 0.3
-20.2 -15.4 0.7
-19.8 -15.4 0.3
-19.8 -15.4 0.7
-18.2 -24.2 1.1
-24.6 -19.8 0.3
-24.6 -19.8 0.7
-19.4 -24.2 2.3
-19.4 -24.2 2.3
-17.8 -17.8 3.9
-17.6 -21.6 4.1
-18.4 -23.6 2.9
-16.4 -21.6 2.9
-17.2 -18.2 3.7
-20 -24.4 1.9
-20 -15.6 1.9
-18.6 -24.4 0.5
-16.6 -17.6 2.5
-16.6 -18 2.9
-23.2 -17.2 2.3
-22.8 -16.8 2.3
-18 -17.6 3.9
-17.2 -16.8 2.3
-16.8 -17.2 2.3
-18.2 -23.2 3.3
-20 -24.6 0.1
-20 -24.6 0.9
-19.6 -24.6 0.5
-20.4 -15.4 0.5
-20 -15.4 0.1
-20 -15.4 0.9
-19.6 -24.6 0.5
-24.6 -19.6 0.5
-22.8 -16.6 1.9
-19.6 -23.8 3.1
-17.2 -16.6 1.9
-22.6 -17.2 3.1
-20.2 -24.4 1.9
-19.8 -24.4 1.9
-19 -24.4 1.5
-20.2 -15.6 1.9
-19.8 -15.6 1.9
-19 -24.4 1.5
-18.6 -24.4 0.3
-18.6 -24.4 0.7
-17.2 -17.4 3.1
-24.4 -19.8 1.9
-17.4 -16.2 0.1
-17.4 -16.2 0.9
-22.6 -17.4 3.3
-20.2 -24.6 0.1
-20.2 -24.6 0.9
-19.8 -24.6 0.1
-19.8 -24.6 0.9
-19.6 -24.6 0.3
-19.6 -24.6 0.7
-20.4 -15.4 0.3
-20.4 -15.4 0.7
-20.2 -15.4 0.1
-20.2 -15.4 0.9
-19.8 -15.4 0.1
-19.8 -15.4 0.9
-19.6 -24.6 0.3
-19.6 -24.6 0.7
-17.4 -17.4 3.3
-24.6 -19.8 0.1
-24.6 -19.8 0.9
-24.6 -19.6 0.3
-24.6 -19.6 0.7
-17.4 -20.4 4.3
-22.8 -17.2 2.9
-17.2 -17.2 2.9
-22.4 -17.2 3.3
-17.2 -17.6 3.3
-22.8 -17.6 3.3
-17.2 -20.8 4.1
-19.2 -24.4 1.7
-19.2 -24.4 1.7
-24.4 -19.2 1.7
-18.8 -24.4 1.3
-18.8 -24.4 1.3
-17.2 -16.4 1.3
-20.8 -16.4 3.3
-19.2 -23.6 3.3
-19.2 -16.4 3.3
-18.8 -24 2.5
-18 -18.8 4.5
-19.6 -24.4 1.9
-20.4 -15.6 1.9
-18.6 -24.4 0.1
-18.6 -24.4 0.9
-19.2 -24 2.7
-19.2 -24 2.7
-19.6 -24.6 0.1
-19.6 -24.6 0.9
-20.4 -15.4 0.1
-20.4 -15.4 0.9
-19.6 -24.6 0.1
-19.6 -24.6 0.9
-24.6 -19.6 0.1
-24.6 -19.6 0.9
-19.2 -17.8 4.5
-19 -16.8 3.7
-23.2 -16.8 1.5
-16.8 -16.8 1.5
-22.4 -17 3.1
-17.6 -23 3.1
-20.8 -15.8 2.3
-17.6 -17 3.1
-17.6 -22.6 3.5
-17.4 -22.4 3.5
-17.6 -17.4 3.5
-17.4 -17.6 3.5
-22.6 -17.6 3.5
-23 -17.4 2.9
-17.4 -17 2.9
-23 -17.4 2.9
-20 -24.6 1.1
-19.4 -24.6 0.5
-20.6 -15.4 0.5
-20 -15.4 1.1
-19.4 -24.6 0.5
-18.2 -24.2 1.3
-24.6 -19.4 0.5
-19.2 -24.2 2.3
-19.2 -24.2 2.3
-19.4 -23.8 3.1
-23 -16.6 1.5
-16.6 -17 1.5
-17.4 -16.2 1.1
-17 -16.6 1.5
-22.6 -16.6 2.3
-18.2 -22.6 3.9
-16.6 -17.4 2.3
-17.4 -16.6 2.3
-20.2 -24.6 1.1
-19.8 -24.6 1.1
-19.4 -24.6 0.3
-19.4 -24.6 0.7
-20.6 -15.4 0.3
-20.6 -15.4 0.7
-20.2 -15.4 1.1
-19.8 -15.4 1.1
-19.4 -24.6 0.3
-19.4 -24.6 0.7
-18.6 -24.2 1.9
-24.6 -19.8 1.1
-24.6 -19.4 0.3
-24.6 -19.4 0.7
-18.8 -23.8 2.9
-21.2 -16.2 2.9
-21.2 -15.8 2.1
-20 -24.2 2.5
-18.8 -24.2 2.1
-18.8 -24.2 2.1
-18.4 -24.2 1.7
-18.2 -23.8 2.5
-23 -17.2 2.7
-22.8 -17 2.7
-20.6 -15.6 1.9
-19.4 -24.4 1.9
-18.6 -24.4 1.1
-17.2 -17 2.7
-17 -17.2 2.7
-18.2 -18 4.3
-17.8 -22.8 3.5
-21.4 -16.4 3.1
-17.8 -17.2 3.5
-17.2 -17.8 3.5
-17.4 -21.4 4.1
-16.4 -21.4 3.1
-17.8 -23 3.3
-19.6 -24.6 1.1
-19.4 -24.6 0.1
-19.4 -24.6 0.9
-20.6 -15.4 0.1
-20.6 -15.4 0.9
-20.4 -15.4 1.1
-19.6 -24.6 1.1
-19.4 -24.6 0.1
-19.4 -24.6 0.9
-23 -17.8 3.3
-24.6 -19.6 1.1
-24.6 -19.4 0.1
-24.6 -19.4 0.9
-17.4 -16.4 1.9
-20.2 -24.2 2.5
-19.8 -24.2 2.5
-22.4 -16.8 2.9
-16.8 -17.6 2.9
-23.2 -17.6 2.9
-19 -24.4 1.7
-19 -24.4 1.7
-20 -23.4 3.7
-18.8 -24.4 1.5
-18.8 -24.4 1.5
-20 -16.6 3.7
-17.2 -16.4 1.5
-20.2 -24 2.9
-18.4 -24 2.3
-23.2 -16.6 0.5
-18 -22.2 4.1
-20 -24.6 1.3
-19.2 -24.6 0.5
-19 -23.6 3.3
-20 -15.4 1.3
-17 -21.6 3.7
-19.2 -24.6 0.5
-19 -16.4 3.3
-17.8 -18 4.1
-16.6 -16.8 0.5
-24.6 -19.2 0.5
-17.8 -18 4.1
-17 -21.6 3.7
-16.8 -16.6 0.5
-23.2 -17 2.1
-23 -16.8 2.1
-23.2 -20 3.9
-20 -16.8 3.9
-17 -16.8 2.1
-16.8 -17 2.1
-18.4 -23.2 3.5
-19.6 -24.2 2.5
-16.8 -21.6 3.5
-19.2 -23.8 3.1
-20.8 -16.2 3.1
-18.4 -23.8 2.7
-17.4 -16.2 1.3
-23.4 -20.2 3.7
-16.6 -20.2 3.7
-19 -24 2.7
-21 -16 2.7
-19 -24 2.7
-17.4 -20.8 4.3
-23.2 -16.6 0.3
-23.2 -16.6 0.7
-20.2 -24.6 1.3
-19.8 -24.6 1.3
-19.2 -24.6 0.3
-19.2 -24.6 0.7
-20.2 -15.4 1.3
-19.8 -15.4 1.3
-19.2 -24.6 0.3
-19.2 -24.6 0.7
-16.6 -16.8 0.3
-16.6 -16.8 0.7
-24.6 -19.8 1.3
-24.6 -19.2 0.3
-24.6 -19.2 0.7
-19 -17.8 4.5
-17.8 -21 4.5
-16.8 -16.6 0.3
-16.8 -16.6 0.7
-18.4 -22.2 4.3
-23.2 -17.4 2.7
-22.6 -16.8 2.7
-17.8 -23.2 3.1
-17.4 -23.2 2.7
-17.8 -17.4 3.7
-17.8 -16.8 3.1
-17.4 -16.8 2.7
-22.6 -17.8 3.7
-21 -15.8 2.3
-19.4 -24.6 1.1
-20.6 -15.4 1.1
-19.4 -24.6 1.1
-18.2 -24.2 1.5
-24.6 -19.4 1.1
-19 -24.2 2.3
-20 -24.4 2.1
-18.4 -24.4 0.5
-19.6 -24 2.9
-19.6 -24 2.9
-16.8 -21.2 3.7
-23.2 -16.8 1.7
-16.8 -16.8 1.7
-22.8 -16.6 2.1
-17.2 -16.6 2.1
-19.2 -24.4 1.9
-19.2 -24.4 1.9
-18.6 -24.4 1.3
-24.4 -19.2 1.9
-20.2 -24.4 2.1
-19.8 -24.4 2.1
-20.2 -15.6 2.1
-19.8 -15.6 2.1
-17.2 -21.6 3.9
-24.4 -19.8 2.1
-19.6 -23.4 3.7
-21.4 -16 2.5
-23.4 -19.6 3.7
-18.6 -24 2.5
-18.4 -24.4 0.3
-18.4 -24.4 0.7
-20 -17 4.1
-18.6 -18 4.5
-16.6 -21.6 3.3
-18.2 -23.6 2.9
-23.2 -16.6 0.1
-23.2 -16.6 0.9
-20 -23.6 3.5
-19.6 -24.6 1.3
-19.2 -24.6 0.1
-19.2 -24.6 0.9
-20.4 -15.4 1.3
-19.6 -24.6 1.3
-19.2 -24.6 0.1
-19.2 -24.6 0.9
-20 -16.4 3.5
-16.6 -16.8 0.1
-16.6 -16.8 0.9
-24.6 -19.6 1.3
-24.6 -19.2 0.1
-24.6 -19.2 0.9
-17 -16.4 0.5
-16.8 -16.6 0.1
-16.8 -16.6 0.9
-23 -16.6 1.7
-17 -16.6 1.7
-18 -23 3.5
-17 -22 3.5
-23 -19.8 4.1
-19.8 -17 4.1
-23 -18 3.5
-17 -20.2 4.1
-20.2 -23.6 3.5
-19.8 -23.6 3.5
-19.8 -16.4 3.5
-16.4 -20.2 3.5
-17 -16.4 0.3
-17 -16.4 0.7
-19.4 -24.2 2.5
-19.4 -24.2 2.5
-19.6 -24.4 2.1
-20.4 -15.6 2.1
-18 -22.8 3.7
-17.2 -22 3.7
-18.4 -24.4 0.1
-18.4 -24.4 0.9
-18 -17.2 3.7
-17.2 -18 3.7
-23.2 -17.2 2.5
-22.8 -16.8 2.5
-17.2 -16.8 2.5
-16.8 -17.2 2.5
-16.8 -18 3.3
-17.6 -20.6 4.5
-17 -20.4 4.1
-19.4 -24 2.9
-19.4 -24 2.9
-19.6 -23.6 3.5
-19.6 -16.4 3.5
-17 -16.4 0.1
-17 -16.4 0.9
-21.4 -16.2 2.9
-18.6 -23.8 2.9
-16.6 -17.6 2.7
-19.4 -23.4 3.7
-19.4 -16.6 3.7
-17.6 -21.4 4.3
-16.6 -20.6 3.7
-16.6 -17.8 2.9
-23.2 -16.6 1.1
-17.6 -22.2 3.9
-20 -24.6 1.5
-19.4 -24.6 1.3
-19.2 -24.6 1.1
-19 -24.6 0.5
-20.6 -15.4 1.3
-20 -15.4 1.5
-19.4 -24.6 1.3
-19.2 -24.6 1.1
-19 -24.6 0.5
-17.8 -17.6 3.9
-16.6 -16.8 1.1
-24.6 -19.4 1.3
-24.6 -19.2 1.1
-16.8 -16.6 1.1
-18.6 -24.2 2.1
-19.4 -16.8 3.9
-18.4 -24.2 1.9
-19 -23.8 3.1
-17.4 -16.2 1.5
-20.2 -24.6 1.5
-19.8 -24.6 1.5
-19 -24.6 0.3
-19 -24.6 0.7
-20.2 -15.4 1.5
-19.8 -15.4 1.5
-19 -24.6 0.3
-19 -24.6 0.7
-19 -17.4 4.3
-24.6 -19.8 1.5
-18.8 -24.4 1.7
-18.8 -24.4 1.7
-17.2 -16.4 1.7
-18.8 -23.6 3.3
-21.2 -16.4 3.3
-16.4 -21.2 3.3
-17.2 -16.2 0.5
-20 -23.8 3.3
-20.6 -15.6 2.1
-20.8 -15.8 2.5
-19.4 -24.4 2.1
-20 -17.2 4.3
-18.4 -24.4 1.1
-17.4 -21.6 4.1
-18.8 -24 2.7
-18.4 -23.6 3.1
-16.4 -21.6 3.1
-17.4 -16.4 2.1
-19.2 -24.2 2.5
-19.2 -24.2 2.5
-18.8 -17.8 4.5
-17.2 -16.2 0.3
-17.2 -16.2 0.7
-19.8 -23.8 3.3
-19 -24.4 1.9
-19 -24.4 1.9
-18.6 -24.4 1.5
-16.6 -18 3.1
-22.8 -20.2 4.3
-22.8 -19.8 4.3
-22.6 -16.6 2.5
-21.2 -15.8 2.3
-23 -19.4 4.1
-17 -20.6 4.1
-17.4 -16.6 2.5
-18 -22.6 3.9
-19.6 -24.6 1.5
-19.4 -23.6 3.5
-19 -24.6 0.1
-19 -24.6 0.9
-20.4 -15.4 1.5
-17.4 -22 3.9
-19.6 -24.6 1.5
-19.4 -23.6 3.5
-19 -24.6 0.1
-19 -24.6 0.9
-17.4 -18 3.9
-24.6 -19.6 1.5
-17 -16.4 1.1
-18.2 -24.2 1.7
-18.8 -24.2 2.3
-18.8 -24.2 2.3
-17.6 -20.8 4.5
-19.2 -24 2.9
-19.2 -24 2.9
-17.2 -16.2 0.1
-17.2 -16.2 0.9
-22.8 -17.2 3.1
-17.2 -17.2 3.1
-19.6 -23.8 3.3
-19.2 -23.4 3.7
-22.8 -19.6 4.3
-19.6 -17.2 4.3
-19.2 -16.6 3.7
-22.6 -17.2 3.3
-17.2 -17.4 3.3
-23.2 -16.6 1.3
-19.2 -24.6 1.3
-19.2 -24.6 1.3
-19.2 -16.8 3.9
-18 -18 4.3
-16.6 -16.8 1.3
-24.6 -19.2 1.3
-16.8 -20.8 3.9
-16.8 -16.6 1.3
-23.2 -16.8 1.9
-16.8 -16.8 1.9
-17 -18.2 3.7
-18.2 -23.2 3.5
-23.2 -17 2.3
-23 -16.8 2.3
-17 -16.8 2.3
-20 -24.2 2.7
-23 -16.6 1.9
-23 -17.4 3.1
-17.4 -17 3.1
-23 -17.4 3.1
-22.6 -17.4 3.5
-19.4 -24.6 1.5
-19 -24.6 1.1
-20.6 -15.4 1.5
-19.4 -24.6 1.5
-19 -24.6 1.1
-17.4 -17.4 3.5
-20.2 -24.2 2.7
-19.8 -24.2 2.7
-19.2 -24.4 2.1
-19.2 -24.4 2.1
-24.4 -19.2 2.1
-18.4 -24.4 1.3
-18.4 -24 2.5
-22.4 -17.2 3.5
-18.2 -24.4 0.5
-17.2 -17.6 3.5
-22.8 -17.6 3.5
-23 -17.2 2.9
-22.8 -17 2.9
-20 -24.4 2.3
-17.2 -17 2.9
-17 -17.2 2.9
-22.4 -17 3.3
-17.6 -17 3.3
-20.8 -16.4 3.5
-19.2 -23.6 3.5
-19.2 -16.4 3.5
-17 -16.4 1.3
-20 -24.6 1.7
-20 -15.4 1.7
-18.8 -24.6 0.5
-18.8 -24.6 0.5
-17.2 -16.2 1.1
-22.8 -16.6 2.3
-19.4 -23.8 3.3
-17.2 -18.2 3.9
-17.2 -16.6 2.3
-18.8 -23.8 3.1
-21.2 -16.2 3.1
-18.2 -24.4 0.3
-18.2 -24.4 0.7
-20.2 -24.4 2.3
-19.8 -24.4 2.3
-20.2 -15.6 2.3
-19.8 -15.6 2.3
-21 -15.8 2.5
-22.8 -19.4 4.3
-24.4 -19.8 2.3
-17.4 -16.2 1.7
-20.2 -24.6 1.7
-19.8 -24.6 1.7
-20.2 -15.4 1.7
-19.8 -15.4 1.7
-24.6 -19.8 1.7
-17.4 -21.2 4.3
-18.8 -24.6 0.3
-18.8 -24.6 0.7
-19 -24.2 2.5
-18.8 -24.6 0.3
-18.8 -24.6 0.7
-17.8 -17.8 4.1
-18 -17.6 4.1
-18.4 -23.8 2.9
-18.2 -24.4 0.1
-18.2 -24.4 0.9
-19.6 -24.4 2.3
-20.4 -15.6 2.3
-18.6 -24.4 1.7
-18.8 -24.4 1.9
-17.2 -16.4 1.9
-19 -24 2.9
-21 -16 2.9
-19 -24 2.9
-22.4 -16.8 3.1
-17.6 -22.6 3.7
-17.4 -22.4 3.7
-21.4 -16.4 3.3
-17.4 -17.6 3.7
-16.8 -17.6 3.1
-22.6 -17.6 3.7
-17.6 -21.6 4.3
-16.4 -21.4 3.3
-17.4 -16 0.5
-19.6 -24.6 1.7
-20.4 -15.4 1.7
-19.6 -24.6 1.7
-24.6 -19.6 1.7
-18.8 -24.6 0.1
-18.8 -24.6 0.9
-18.8 -24.6 0.1
-18.8 -24.6 0.9
-23.2 -17.4 2.9
-22.6 -16.8 2.9
-17.4 -23.2 2.9
-18.4 -24.2 2.1
-17.4 -16.8 2.9
-20.2 -24 3.1
-21.4 -16 2.7
-18.6 -24 2.7
-23.2 -16.6 1.5
-19.2 -24.6 1.5
-19 -24.6 1.3
-19.2 -24.6 1.5
-16.6 -16.8 1.5
-24.6 -19.2 1.5
-17.4 -16 0.3
-17.4 -16 0.7
-16.8 -16.6 1.5
-19 -16.8 3.9
-17.8 -23 3.5
-18.2 -24.2 1.9
-23 -17.8 3.5
-18.6 -24.2 2.3
-19.4 -24.2 2.7
-19.4 -24.2 2.7
-17.2 -16.2 1.3
-19.2 -23.8 3.3
-20.8 -16.2 3.3
-19 -24.4 2.1
-19 -24.4 2.1
-17.2 -20.8 4.3
-19.6 -24 3.1
-19.6 -24 3.1
-18.4 -24.4 1.5
-23.2 -17.2 2.7
-22.8 -16.8 2.7
-17.8 -22.8 3.7
-17.8 -17.2 3.7
-17.2 -17.8 3.7
-17.2 -16.8 2.7
-16.8 -17.2 2.7
-17.4 -20.4 4.5
-17.4 -16 0.1
-17.4 -16 0.9
-17.8 -23.2 3.3
-17.8 -16.8 3.3
-18.2 -24.4 1.1
-20.6 -15.6 2.3
-19.4 -24.4 2.3
-18.2 -23.6 3.1
-19 -23.6 3.5
-17 -16.4 1.5
-19.4 -24.6 1.7
-20.6 -15.4 1.7
-19.4 -24.6 1.7
-17.4 -16.4 2.3
-18.8 -24.6 1.1
-18.8 -24.6 1.1
-20 -24.8 0.5
-20 -15.2 0.5
-18.4 -23.2 3.7
-16.8 -21.6 3.7
-23.2 -16.8 2.1
-20.2 -24.8 0.5
-20 -24.8 0.3
-20 -24.8 0.7
-19.8 -24.8 0.5
-24.8 -19.8 0.5
-16.6 -17.6 2.9
-21.2 -15.8 2.5
-20.2 -15.2 0.5
-20 -15.2 0.3
-20 -15.2 0.7
-19.8 -15.2 0.5
-18.8 -24.2 2.5
-18.8 -24.2 2.5
-20.2 -24.8 0.3
-20.2 -24.8 0.7
-19.8 -24.8 0.3
-19.8 -24.8 0.7
-24.8 -19.8 0.3
-24.8 -19.8 0.7
-16.6 -16.6 0.5
-23 -16.6 2.1
-20.8 -15.8 2.7
-20 -23.4 3.9
-19.4 -24 3.1
-19.4 -24 3.1
-20 -16.6 3.9
-20 -24.6 1.9
-20.2 -15.2 0.3
-20.2 -15.2 0.7
-20 -15.4 1.9
-19.8 -15.2 0.3
-19.8 -15.2 0.7
-18.6 -24.6 0.5
-17 -21.6 3.9
-17.4 -16 1.1
-19.2 -24.2 2.7
-19.2 -24.2 2.7
-21.4 -16.2 3.1
-18.6 -23.8 3.1
-17.4 -16.2 1.9
-16.6 -16.6 0.3
-16.6 -16.6 0.7
-23.4 -20.2 3.9
-16.6 -20.2 3.9
-22.6 -16.6 2.7
-20.2 -24.6 1.9
-19.8 -24.6 1.9
-19 -24.6 1.5
-20.2 -15.4 1.9
-19.8 -15.4 1.9
-18.6 -24.6 0.3
-18.6 -24.6 0.7
-24.6 -19.8 1.9
-17.4 -21.4 4.3
-22.6 -17.8 3.9
-20 -24.8 0.1
-20 -24.8 0.9
-19.6 -24.8 0.5
-19.6 -24.8 0.5
-24.8 -19.6 0.5
-20.4 -15.2 0.5
-20 -15.2 0.1
-20 -15.2 0.9
-19.6 -15.2 0.5
-18.8 -24 2.9
-20 -23.6 3.7
-20 -16.8 4.1
-20 -16.4 3.7
-16.8 -16.4 0.5
-20.2 -24.8 0.1
-20.2 -24.8 0.9
-19.8 -24.8 0.1
-19.8 -24.8 0.9
-19.6 -24.8 0.3
-19.6 -24.8 0.7
-19.6 -24.8 0.3
-19.6 -24.8 0.7
-18.2 -24.4 1.3
-24.8 -19.8 0.1
-24.8 -19.8 0.9
-24.8 -19.6 0.3
-24.8 -19.6 0.7
-19.2 -24.4 2.3
-19.2 -24.4 2.3
-24.4 -19.2 2.3
-18.2 -18 4.5
-18 -23 3.7
-20.4 -15.2 0.3
-20.4 -15.2 0.7
-20.2 -15.2 0.1
-20.2 -15.2 0.9
-19.8 -15.2 0.1
-19.8 -15.2 0.9
-17 -22 3.7
-19.6 -15.2 0.3
-19.6 -15.2 0.7
-23 -18 3.7
-23.2 -16.6 1.7
-20.2 -23.6 3.7
-19.8 -23.6 3.7
-19.2 -24.6 1.7
-16.6 -16.8 1.7
-24.6 -19.2 1.7
-16.4 -20.2 3.7
-16.8 -16.6 1.7
-23.2 -17 2.5
-23 -16.8 2.5
-18.8 -24.6 1.3
-16.8 -18 3.5
-16.8 -21.2 3.9
-16.8 -16.4 0.3
-16.8 -16.4 0.7
-17.2 -16.2 1.5
-19 -23.8 3.3
-18.6 -24.4 1.9
-16.6 -16.6 0.1
-16.6 -16.6 0.9
-19.6 -23.4 3.9
-23.4 -19.6 3.9
-19.6 -24.6 1.9
-20.4 -15.4 1.9
-19.6 -24.6 1.9
-18.6 -24.6 0.1
-18.6 -24.6 0.9
-24.6 -19.6 1.9
-18 -22.2 4.3
-17.8 -18 4.3
-17.8 -18 4.3
-19.6 -24.8 0.1
-19.6 -24.8 0.9
-19.6 -24.8 0.1
-19.6 -24.8 0.9
-24.8 -19.6 0.1
-24.8 -19.6 0.9
-20 -24.4 2.5
-18.8 -24.4 2.1
-18.4 -24.4 1.7
-17.2 -16.4 2.1
-20.4 -15.2 0.1
-20.4 -15.2 0.9
-19.6 -15.2 0.1
-19.6 -15.2 0.9
-19.6 -23.6 3.7
-18.4 -23.6 3.3
-19.6 -16.4 3.7
-16.4 -21.6 3.3
-16.8 -16.4 0.1
-16.8 -16.4 0.9
-22.8 -16.6 2.5
-20 -24.8 1.1
-19.4 -24.8 0.5
-19.4 -24.8 0.5
-24.8 -19.4 0.5
-17.2 -16.6 2.5
-18 -22.8 3.9
-20.2 -24.4 2.5
-19.8 -24.4 2.5
-19.2 -24 3.1
-20.2 -15.6 2.5
-19.8 -15.6 2.5
-17.2 -22 3.9
-19.2 -24 3.1
-18 -17.2 3.9
-17.2 -18 3.9
-16.6 -18 3.3
-24.4 -19.8 2.5
-20.6 -15.2 0.5
-20 -15.2 1.1
-19.4 -15.2 0.5
-18.4 -24 2.7
-17.4 -20.8 4.5
-17.4 -16 1.3
-17 -16.4 1.7
-18.4 -22.2 4.5
-18.8 -23.6 3.5
-21.2 -16.4 3.5
-16.4 -21.2 3.5
-20.2 -24.8 1.1
-20 -23.8 3.5
-19.8 -24.8 1.1
-19.4 -24.8 0.3
-19.4 -24.8 0.7
-19.4 -24.8 0.3
-19.4 -24.8 0.7
-24.8 -19.8 1.1
-24.8 -19.4 0.3
-24.8 -19.4 0.7
-17 -16.2 0.5
-20.6 -15.2 0.3
-20.6 -15.2 0.7
-20.2 -15.2 1.1
-19.8 -15.2 1.1
-19.4 -15.2 0.3
-19.4 -15.2 0.7
-20 -17 4.3
-18.2 -24.2 2.1
-20.2 -24.2 2.9
-19.8 -24.2 2.9
-18.4 -24.2 2.3
-19.8 -23.8 3.5
-17 -16.2 0.3
-17 -16.2 0.7
-16.6 -16.6 1.1
-21 -15.8 2.7
-19.4 -16.6 3.9
-16.6 -20.6 3.9
-19.8 -17 4.3
-17 -20.2 4.3
-19.4 -24.6 1.9
-20.6 -15.4 1.9
-19.4 -24.6 1.9
-18.6 -24.6 1.1
-19 -24.2 2.7
-22.8 -17.2 3.3
-17.2 -17.2 3.3
-19.6 -24.4 2.5
-20.4 -15.6 2.5
-19.6 -24.8 1.1
-19.4 -24.8 0.1
-19.4 -24.8 0.9
-19.6 -24.8 1.1
-19.4 -24.8 0.1
-19.4 -24.8 0.9
-24.8 -19.6 1.1
-24.8 -19.4 0.1
-24.8 -19.4 0.9
-17.6 -22.2 4.1
-20.6 -15.2 0.1
-20.6 -15.2 0.9
-20.4 -15.2 1.1
-19.6 -15.2 1.1
-19.4 -15.2 0.1
-19.4 -15.2 0.9
-17.8 -17.6 4.1
-19.4 -23.6 3.7
-19.4 -23.6 3.7
-19.4 -16.8 4.1
-16.8 -16.4 1.1
-23 -17.2 3.1
-22.8 -17 3.1
-19.6 -23.8 3.5
-18.2 -24.4 1.5
-17.2 -17 3.1
-17 -17.2 3.1
-17 -16.2 0.1
-17 -16.2 0.9
-19 -24.4 2.3
-19 -24.4 2.3
-22.6 -17.2 3.5
-17.2 -17.4 3.5
-23 -17.4 3.3
-17.4 -17 3.3
-23 -17.4 3.3
-17 -20.4 4.3
-19 -24.6 1.7
-18.8 -24.6 1.5
-18.6 -24.2 2.5
-20 -24.8 1.3
-19.2 -24.8 0.5
-19.2 -24.8 0.5
-24.8 -19.2 0.5
-20 -15.2 1.3
-19.2 -15.2 0.5
-17.2 -16.2 1.7
-20.2 -24.8 1.3
-19.8 -24.8 1.3
-19.2 -24.8 0.3
-19.2 -24.8 0.7
-19.2 -24.8 0.3
-19.2 -24.8 0.7
-24.8 -19.8 1.3
-24.8 -19.2 0.3
-24.8 -19.2 0.7
-18.8 -23.8 3.3
-20.6 -15.6 2.5
-19.4 -24.4 2.5
-17.6 -21.4 4.5
-21.4 -16 2.9
-18.6 -24 2.9
-18.2 -23.2 3.7
-18 -22.6 4.1
-20.2 -15.2 1.3
-17.4 -22 4.1
-19.2 -15.2 0.3
-19.2 -15.2 0.7
-17.4 -18 4.1
-20 -24.6 2.1
-20 -15.4 2.1
-18.4 -24.6 0.5
-17.4 -16.4 2.5
-23.2 -16.8 2.3
-19.4 -24.8 1.1
-19.4 -24.8 1.1
-18.4 -23.8 3.1
-24.8 -19.4 1.1
-16.6 -16.6 1.3
-19.2 -23.4 3.9
-19.2 -16.6 3.9
-17.4 -16.2 2.1
-22.4 -17 3.5
-19 -24 3.1
-21 -16 3.1
-19 -24 3.1
-17.6 -17 3.5
-19.2 -24.6 1.9
-20.6 -15.2 1.1
-19.4 -15.2 1.1
-18.6 -24.6 1.3
-19 -17.4 4.5
-16.6 -16.8 1.9
-24.6 -19.2 1.9
-17.4 -16 1.5
-16.8 -16.6 1.9
-20.2 -24.6 2.1
-19.8 -24.6 2.1
-20.2 -15.4 2.1
-19.8 -15.4 2.1
-24.6 -19.8 2.1
-23.2 -17.4 3.1
-22.6 -17.4 3.7
-22.6 -16.8 3.1
-17.4 -23.2 3.1
-17.4 -21.6 4.3
-18.4 -24.6 0.3
-18.4 -24.6 0.7
-17.4 -17.4 3.7
-17.4 -16.8 3.1
-19.4 -24.2 2.9
-19.4 -24.2 2.9
-19.4 -23.8 3.5
-17 -16.2 1.1
-17 -18.2 3.9
-23 -19.4 4.3
-17 -20.6 4.3
-19.6 -24.8 1.3
-19.2 -24.8 0.1
-19.2 -24.8 0.9
-19.2 -24.8 0.1
-19.2 -24.8 0.9
-24.8 -19.6 1.3
-24.8 -19.2 0.1
-24.8 -19.2 0.9
-22.4 -17.2 3.7
-17.2 -17.6 3.7
-22.8 -17.6 3.7
-17.2 -16 0.5
-22.8 -16.8 2.9
-20.4 -15.2 1.3
-19.6 -15.2 1.3
-19.2 -15.2 0.1
-19.2 -15.2 0.9
-17.2 -16.8 2.9
-16.8 -17.2 2.9
-20.8 -16.4 3.7
-19.2 -23.6 3.7
-19.2 -16.8 4.1
-19.2 -16.4 3.7
-16.8 -20.8 4.1
-22.4 -16.8 3.3
-16.8 -17.6 3.3
-16.8 -16.4 1.3
-18.6 -24.4 2.1
-22.8 -20.2 4.5
-18.4 -24.4 1.9
-17.2 -16 0.3
-17.2 -16 0.7
-20.2 -24 3.3
-19.6 -24.6 2.1
-20.4 -15.4 2.1
-19.6 -24.6 2.1
-24.6 -19.6 2.1
-18.4 -24.6 0.1
-18.4 -24.6 0.9
-21.2 -15.8 2.7
-16.4 -21.4 3.5
-17 -16.4 1.9
-18.8 -24.2 2.7
-18.8 -24.2 2.7
-19.2 -24.4 2.5
-22.8 -19.6 4.5
-19.2 -24.4 2.5
-19.6 -17.2 4.5
-24.4 -19.2 2.5
-17.2 -16 0.1
-17.2 -16 0.9
-19.6 -24 3.3
-19.6 -24 3.3
-18 -18 4.5
-20 -24.8 1.5
-19.4 -24.8 1.3
-19.2 -24.8 1.1
-19 -24.8 0.5
-19.4 -24.8 1.3
-19.2 -24.8 1.1
-19 -24.8 0.5
-17.2 -18.2 4.1
-24.8 -19.4 1.3
-24.8 -19.2 1.1
-18.2 -24.4 1.7
-18.8 -24.4 2.3
-17.2 -16.4 2.3
-20.6 -15.2 1.3
-20 -15.2 1.5
-19.4 -15.2 1.3
-19.2 -15.2 1.1
-19 -15.2 0.5
-18.2 -23.6 3.3
-19.2 -24.2 2.9
-18.8 -24.6 1.7
-19.2 -23.8 3.5
-20.8 -16.2 3.5
-20.2 -24.8 1.5
-19.8 -24.8 1.5
-19 -24.8 0.3
-19 -24.8 0.7
-19 -24.8 0.3
-19 -24.8 0.7
-16.6 -17.6 3.1
-24.8 -19.8 1.5
-17 -16.2 1.3
-22.6 -16.6 2.9
-17.4 -22.4 3.9
-20.2 -15.2 1.5
-19 -15.2 0.3
-19 -15.2 0.7
-17.4 -17.6 3.9
-22.6 -17.6 3.9
-19.4 -24.6 2.1
-20.6 -15.4 2.1
-19.4 -24.6 2.1
-23.2 -17 2.7
-23 -16.8 2.7
-17.8 -23 3.7
-18.4 -24.6 1.1
-23 -17.8 3.7
-17.8 -23.2 3.5
-17.8 -16.8 3.5
-16.6 -16.6 1.5
-19 -24.6 1.9
-18.6 -24.6 1.5
-18.2 -24.2 2.3
-17.8 -17.8 4.3
-19.6 -24.8 1.5
-19 -24.8 0.1
-19 -24.8 0.9
-19 -24.8 0.1
-19 -24.8 0.9
-24.8 -19.6 1.5
-20 -24.4 2.7
-22.8 -19.4 4.5
-17.2 -16 1.1
-19.4 -24 3.3
-20.4 -15.2 1.5
-19.6 -15.2 1.5
-19 -15.2 0.1
-19 -15.2 0.9
-24.4 -22.2 0.5
-19.4 -24 3.3
-18.8 -24 3.1
-18 -17.6 4.3
-17.4 -16 1.7
-19 -16.8 4.1
-17.4 -21.2 4.5
-18.4 -24.2 2.5
-16.8 -16.4 1.5
-17.2 -16.2 1.9
-21.4 -16.2 3.3
-18.6 -23.8 3.3
-17.2 -16.6 2.7
-20.2 -24.4 2.7
-19.8 -24.4 2.7
-20.2 -15.6 2.7
-19.8 -15.6 2.7
-24.4 -19.8 2.7
-17.8 -17.2 3.9
-17.2 -17.8 3.9
-24.4 -22.2 0.3
-24.4 -22.2 0.7
-19.2 -24.8 1.3
-19.2 -24.8 1.3
-24.8 -19.2 1.3
-19.2 -15.2 1.3
-17.6 -21.6 4.5
-18.4 -24 2.9
-19.6 -24.4 2.7
-19 -24.4 2.5
-20.4 -15.6 2.7
-19 -24.4 2.5
-24.4 -22.2 0.1
-24.4 -22.2 0.9
-19.2 -24.6 2.1
-16.6 -16.8 2.1
-24.6 -19.2 2.1
-16.8 -16.6 2.1
-18.4 -24.6 1.3
-18.4 -23.2 3.9
-16.8 -21.6 3.9
-19.4 -24.8 1.5
-19 -24.8 1.1
-19.4 -24.8 1.5
-19 -24.8 1.1
-24.8 -19.4 1.5
-21 -15.8 2.9
-17.4 -15.8 0.5
-20.6 -15.2 1.5
-19.4 -15.2 1.5
-19 -15.2 1.1
-18.2 -24.6 0.5
-20 -15.4 2.3
-19 -24.2 2.9
-24.2 -17.4 0.5
-19 -23.8 3.5
-17 -16.2 1.5
-17.4 -16.2 2.3
-17.4 -15.8 0.3
-17.4 -15.8 0.7
-18.2 -24.6 0.3
-18.2 -24.6 0.7
-20.2 -24.6 2.3
-19.8 -24.6 2.3
-20.2 -15.4 2.3
-19.8 -15.4 2.3
-24.6 -19.8 2.3
-20.2 -24.2 3.1
-19.8 -24.2 3.1
-18.6 -24.2 2.7
-24.2 -17.4 0.3
-24.2 -17.4 0.7
-20 -24.8 1.7
-18.8 -24.8 0.5
-18.8 -24.8 0.5
-17.2 -20.8 4.5
-17.2 -16 1.3
-18.4 -24.4 2.1
-19.2 -24 3.3
-19.2 -24 3.3
-20 -15.2 1.7
-18.8 -15.2 0.5
-16.8 -18 3.7
-23.2 -16.8 2.5
-20.2 -24.8 1.7
-24.8 -19.8 1.7
-20 -23.4 4.1
-18.8 -24.8 0.3
-18.8 -24.8 0.7
-18.8 -24.8 0.3
-18.8 -24.8 0.7
-20 -16.6 4.1
-17 -21.6 4.1
-16.6 -16.4 0.5
-16.4 -16.6 0.5
-20.2 -15.2 1.7
-17 -16.4 2.1
-20 -23.6 3.9
-18.8 -15.2 0.3
-18.8 -15.2 0.7
-20 -16.4 3.9
-16.4 -21.6 3.5
-18.2 -24.4 1.9
-18.6 -24.4 2.3
-16.6 -16.6 1.7
-20.6 -15.6 2.7
-23.4 -20.2 4.1
-19.4 -24.4 2.7
-16.6 -18 3.5
-16.6 -20.2 4.1
-17.4 -15.8 0.1
-17.4 -15.8 0.9
-18 -23 3.9
-24.4 -22.2 1.1
-18.2 -24.6 0.1
-18.2 -24.6 0.9
-23 -18 3.9
-16.6 -16.4 0.3
-16.6 -16.4 0.7
-16.4 -16.6 0.3
-16.4 -16.6 0.7
-20.2 -23.6 3.9
-19.8 -23.6 3.9
-19.6 -24.6 2.3
-20.4 -15.4 2.3
-19.6 -24.6 2.3
-18.6 -24.6 1.7
-24.6 -19.6 2.3
-16.4 -20.2 3.9
-18.8 -24.6 1.9
-22.6 -17.8 4.1
-17.4 -16.4 2.7
-24.2 -17.4 0.1
-24.2 -17.4 0.9
-19.6 -24.8 1.7
-24.8 -19.6 1.7
-18.8 -24.8 0.1
-18.8 -24.8 0.9
-18.8 -24.8 0.1
-18.8 -24.8 0.9
-20.4 -15.2 1.7
-19.6 -15.2 1.7
-18.8 -15.2 0.1
-18.8 -15.2 0.9
-18.8 -23.6 3.7
-21.2 -16.4 3.7
-16.8 -21.2 4.1
-16.4 -21.2 3.7
-16.8 -16.4 1.7
-22.8 -17.2 3.5
-19.2 -24.8 1.5
-19 -24.8 1.3
-19.2 -24.8 1.5
-19 -24.8 1.3
-17.2 -17.2 3.5
-24.8 -19.2 1.5
-20 -23.8 3.7
-22.8 -17 3.3
-19.6 -23.4 4.1
-23.4 -19.6 4.1
-17.2 -17 3.3
-17 -17.2 3.3
-23.2 -16.2 0.5
-16.8 -16.2 0.5
-19.2 -15.2 1.5
-19 -15.2 1.3
-16.6 -16.4 0.1
-16.6 -16.4 0.9
-16.4 -16.6 0.1
-16.4 -16.6 0.9
-19.6 -23.6 3.9
-19.8 -23.8 3.7
-18.6 -24 3.1
-23.2 -16.2 0.3
-23.2 -16.2 0.7
-16.8 -16.2 0.3
-16.8 -16.2 0.7
-17.4 -16 1.9
-19 -24.6 2.1
-18.4 -24.6 1.5
-17.4 -15.8 1.1
-23 -17.4 3.5
-18.2 -24.6 1.1
-17.4 -17 3.5
-23 -17.4 3.5
-19.4 -24.6 2.3
-20.6 -15.4 2.3
-19.4 -24.6 2.3
-19.4 -24.2 3.1
-19.4 -24.2 3.1
-24.2 -17.4 1.1
-17.2 -22 4.1
-17.2 -18 4.1
-18.8 -24.4 2.5
-17.2 -16.2 2.1
-19.6 -23.8 3.7
-19.4 -24.8 1.7
-19.4 -24.8 1.7
-18.4 -23.8 3.3
-24.8 -19.4 1.7
-19.2 -24.4 2.7
-18.8 -24.8 1.1
-19.2 -24.4 2.7
-18.8 -24.8 1.1
-24.4 -19.2 2.7
-23.2 -16.2 0.1
-23.2 -16.2 0.9
-16.8 -16.2 0.1
-16.8 -16.2 0.9
-22.8 -16.8 3.1
-22.6 -17.2 3.7
-19 -24 3.3
-21.2 -15.8 2.9
-21 -16 3.3
-19 -24 3.3
-17.2 -17.4 3.7
-17.2 -16.8 3.1
-16.8 -17.2 3.1
-20.6 -15.2 1.7
-19.4 -15.2 1.7
-18.8 -15.2 1.1
-17.8 -18 4.5
-17.8 -18 4.5
-23.2 -17.4 3.3
-22.6 -16.8 3.3
-17.4 -23.2 3.3
-17.4 -16.8 3.3
-18.8 -24.2 2.9
-18.8 -24.2 2.9
-18.8 -23.8 3.5
-17 -16.2 1.7
-19.4 -16.6 4.1
-16.6 -16.4 1.1
-16.4 -16.6 1.1
-19.4 -23.6 3.9
-19.4 -23.6 3.9
-18.2 -24.2 2.5
-20 -24.8 1.9
-18.6 -24.8 0.5
-22.4 -17 3.7
-20 -15.2 1.9
-20 -15 0.5
-18.6 -15.2 0.5
-20 -17 4.5
-17.6 -17 3.7
-17 -16 0.5
-22.4 -16.8 3.5
-16.8 -17.6 3.5
-23.2 -17 2.9
-23 -16.8 2.9
-20.2 -24.8 1.9
-19 -24.8 1.5
-19 -24.8 1.5
-18.6 -24.8 0.3
-18.6 -24.8 0.7
-23.2 -16.2 1.1
-17.4 -15.8 1.3
-16.8 -16.2 1.1
-18.2 -23.2 3.9
-20.2 -24 3.5
-20.2 -15.2 1.9
-20.2 -15 0.5
-20 -15 0.3
-20 -15 0.7
-19.8 -15 0.5
-19 -15.2 1.5
-18.6 -15.2 0.3
-18.6 -15.2 0.7
-18.2 -24.6 1.3
-19.8 -17 4.5
-25 -19.8 0.5
-17 -20.2 4.5
-17 -16 0.3
-17 -16 0.7
-19.2 -24.6 2.3
-16.6 -16.8 2.3
-24.6 -19.2 2.3
-16.8 -16.6 2.3
-17.6 -22.2 4.3
-19.2 -24.2 3.1
-17.8 -17.6 4.3
-19.4 -16.8 4.3
-24.2 -17.4 1.3
-18.4 -24.2 2.7
-16.6 -16.6 1.9
-22.6 -16.6 3.1
-20.2 -15 0.3
-20.2 -15 0.7
-19.8 -15 0.3
-19.8 -15 0.7
-18.6 -24.6 1.9
-25 -19.8 0.3
-25 -19.8 0.7
-22.6 -17.4 3.9
-19.2 -24.8 1.7
-19.2 -24.8 1.7
-24.8 -19.2 1.7
-18.8 -24.8 1.3
-24.4 -22.4 0.5
-18.8 -24.8 1.3
-20 -24.4 2.9
-18.8 -15.2 1.3
-19.6 -24.8 1.9
-18.6 -24.8 0.1
-18.6 -24.8 0.9
-24.8 -19.6 1.9
-18.2 -24.4 2.1
-17.2 -16.6 2.9
-22.4 -17.2 3.9
-19.2 -23.4 4.1
-24.4 -22.4 0.3
-24.4 -22.4 0.7
-19.2 -16.6 4.1
-17.2 -17.6 3.9
-16.6 -17.6 3.3
-22.8 -17.6 3.9
-20.2 -24.4 2.9
-20.2 -15.6 2.9
-18.4 -24.4 2.3
-24.4 -19.8 2.9
-19.6 -24 3.5
-20.4 -15.2 1.9
-20.4 -15 0.5
-20 -15 0.1
-20 -15 0.9
-19.6 -15.2 1.9
-19.6 -15 0.5
-18.6 -15.2 0.1
-18.6 -15.2 0.9
-19.6 -25 0.5
-19.6 -24 3.5
-25 -19.6 0.5
-17 -20.4 4.5
-17 -16 0.1
-17 -16 0.9
-16.6 -16.4 1.3
-16.4 -16.6 1.3
-20.8 -16.4 3.9
-19.2 -23.6 3.9
-19.2 -16.4 3.9
-20 -15.4 2.5
-16.4 -21.4 3.7
-18.8 -24.6 2.1
-18.4 -24.6 1.7
-16.8 -16.4 1.9
-19 -24.4 2.7
-19 -24.4 2.7
-17 -18.2 4.1
-17.4 -16.2 2.5
-20.4 -15 0.3
-20.4 -15 0.7
-20.2 -15 0.1
-20.2 -15 0.9
-19.8 -15 0.1
-19.8 -15 0.9
-19.6 -15 0.3
-19.6 -15 0.7
-19.6 -25 0.3
-19.6 -25 0.7
-18.2 -23.6 3.5
-25 -19.8 0.1
-25 -19.8 0.9
-25 -19.6 0.3
-25 -19.6 0.7
-17 -16.4 2.3
-18 -22.6 4.3
-20.2 -24.6 2.5
-19.8 -24.6 2.5
-20.2 -15.4 2.5
-19.8 -15.4 2.5
-17.4 -22 4.3
-17.4 -18 4.3
-24.6 -19.8 2.5
-24.4 -22.4 0.1
-24.4 -22.4 0.9
-19.6 -24.4 2.9
-20.4 -15.6 2.9
-18.8 -24 3.3
-19.2 -23.8 3.7
-20.8 -16.2 3.7
-18.6 -24.4 2.5
-23.2 -16.2 1.3
-16.8 -16.2 1.3
-20.4 -15 0.1
-20.4 -15 0.9
-19.6 -15 0.1
-19.6 -15 0.9
-19.6 -25 0.1
-19.6 -25 0.9
-18.4 -24 3.1
-25 -19.6 0.1
-25 -19.6 0.9
-17.4 -16 2.1
-19.6 -24.6 2.5
-20.4 -15.4 2.5
-17.4 -21.6 4.5
-19.6 -24.6 2.5
-19.2 -16.8 4.3
-24.6 -19.6 2.5
-16.8 -20.8 4.3
-17.8 -23.2 3.7
-17.8 -16.8 3.7
-23.2 -16.8 2.7
-19.4 -24.8 1.9
-19.4 -24.8 1.9
-18.6 -24.8 1.1
-24.8 -19.4 1.9
-19.4 -24 3.5
-20.6 -15.2 1.9
-20.6 -15 0.5
-20 -15 1.1
-19.4 -15.2 1.9
-19.4 -15 0.5
-18.6 -15.2 1.1
-23 -19.4 4.5
-19.4 -25 0.5
-19.4 -24 3.5
-25 -19.4 0.5
-17 -20.6 4.5
-17 -16 1.1
-18.6 -24.2 2.9
-21.4 -16.2 3.5
-18.6 -23.8 3.5
-17 -16.2 1.9
-21 -15.8 3.1
-20.6 -15 0.3
-20.6 -15 0.7
-20.2 -15 1.1
-19.8 -15 1.1
-19.4 -15 0.3
-19.4 -15 0.7
-19.4 -25 0.3
-19.4 -25 0.7
-18.2 -24.6 1.5
-25 -19.8 1.1
-25 -19.4 0.3
-25 -19.4 0.7
-19 -24.6 2.3
-17.8 -23 3.9
-19 -24.2 3.1
-23 -17.8 3.9
-24.2 -17.4 1.5
-19 -24.8 1.7
-19 -24.8 1.7
-17.2 -15.8 0.5
-18.8 -24.8 1.5
-24.4 -22.4 1.1
-18.8 -24.8 1.5
-20.6 -15.6 2.9
-19.4 -24.4 2.9
-17.4 -22.4 4.1
-17.4 -17.6 4.1
-22.6 -17.6 4.1
-19 -15.2 1.7
-24.2 -17.2 0.5
-18.8 -15.2 1.5
-17.4 -16.4 2.9
-17.2 -16.2 2.3
-17.2 -18.2 4.3
-17.2 -15.8 0.3
-17.2 -15.8 0.7
-20.6 -15 0.1
-20.6 -15 0.9
-20.4 -15 1.1
-19.6 -15 1.1
-19.4 -15 0.1
-19.4 -15 0.9
-19.6 -25 1.1
-19.4 -25 0.1
-19.4 -25 0.9
-25 -19.6 1.1
-25 -19.4 0.1
-25 -19.4 0.9
-16.6 -16.4 1.5
-16.4 -16.6 1.5
-19.4 -24.6 2.5
-20.6 -15.4 2.5
-24.2 -17.2 0.3
-24.2 -17.2 0.7
-19.4 -24.6 2.5
-20.2 -24.2 3.3
-19.8 -24.2 3.3
-18.4 -24.8 0.5
-20 -15.2 2.1
-18.4 -15.2 0.5
-19.2 -24.8 1.9
-19.2 -24.8 1.9
-18.6 -24.8 1.3
-24.8 -19.2 1.9
-20.2 -24.8 2.1
-17.2 -15.8 0.1
-17.2 -15.8 0.9
-18.4 -24.8 0.3
-18.4 -24.8 0.7
-19.2 -24 3.5
-20 -15 1.3
-19.2 -15 0.5
-18.6 -15.2 1.3
-19.2 -25 0.5
-19.2 -24 3.5
-18.8 -24.4 2.7
-17.8 -17.2 4.1
-17.2 -17.8 4.1
-25 -19.2 0.5
-17 -16 1.3
-20.2 -15.2 2.1
-24.2 -17.2 0.1
-24.2 -17.2 0.9
-18.4 -15.2 0.3
-18.4 -15.2 0.7
-19 -23.8 3.7
-23.2 -16.2 1.5
-16.8 -16.2 1.5
-20.2 -15 1.3
-19.8 -15 1.3
-19.2 -15 0.3
-19.2 -15 0.7
-19.2 -25 0.3
-19.2 -25 0.7
-25 -19.8 1.3
-25 -19.2 0.3
-25 -19.2 0.7
-18.6 -24.6 2.1
-18.4 -24.6 1.9
-19 -16.8 4.3
-17.8 -17.8 4.5
-20.6 -15 1.1
-19.4 -15 1.1
-19.4 -25 1.1
-25 -19.4 1.1
-18.2 -24.2 2.7
-19.6 -24.8 2.1
-24.8 -19.6 2.1
-24.4 -22.4 1.3
-18.4 -24.8 0.1
-18.4 -24.8 0.9
-19.2 -24.4 2.9
-24.4 -19.2 2.9
-18 -17.6 4.5
-20.4 -15.2 2.1
-19.6 -15.2 2.1
-18.4 -15.2 0.1
-18.4 -15.2 0.9
-18.4 -23.2 4.1
-16.8 -21.6 4.1
-16.4 -21.6 3.7
-16.8 -16.4 2.1
-20.4 -15 1.3
-19.6 -15 1.3
-19.2 -15 0.1
-19.2 -15 0.9
-19.6 -25 1.3
-19.2 -25 0.1
-19.2 -25 0.9
-18.6 -24 3.3
-16.6 -18 3.7
-25 -19.6 1.3
-25 -19.2 0.1
-25 -19.2 0.9
-19.2 -24.6 2.5
-16.6 -16.8 2.5
-24.6 -19.2 2.5
-16.8 -16.6 2.5
-16.8 -18 3.9
-18.2 -24.4 2.3
-17.2 -15.8 1.1
-22.8 -17 3.5
-17.2 -17 3.5
-17 -17.2 3.5
-21.2 -15.8 3.1
-18.2 -24.6 1.7
-24.2 -17.2 1.1
-18.8 -24.6 2.3
-19.4 -24.2 3.3
-18.8 -24.2 3.1
-19.4 -24.2 3.3
-18.8 -24.2 3.1
-24.2 -17.4 1.7
-22.8 -17.2 3.7
-17.2 -17.2 3.7
-18.8 -24.8 1.7
-18.8 -24.8 1.7
-18.4 -24.4 2.5
-22.8 -16.8 3.3
-17.2 -16.8 3.3
-16.8 -17.2 3.3
-20 -23.6 4.1
-18.8 -15.2 1.7
-16.4 -16.4 0.5
-19.4 -24.8 2.1
-19.4 -24.8 2.1
-24.8 -19.4 2.1
-18.4 -24.8 1.1
-18 -23 4.1
-23 -18 4.1
-20.6 -15.2 2.1
-19.4 -15.2 2.1
-16.6 -16.4 1.7
-16.4 -16.6 1.7
-20.2 -23.6 4.1
-19.8 -23.6 4.1
-18.4 -15.2 1.1
-16.4 -20.2 4.1
-17 -16.4 2.5
-18.8 -23.6 3.9
-21.2 -16.4 3.9
-16.4 -21.2 3.9
-16.4 -16.4 0.3
-16.4 -16.4 0.7
-19 -24.8 1.9
-23.4 -16.2 0.5
-19 -24.8 1.9
-18.6 -24.8 1.5
-16.6 -16.2 0.5
-16.2 -16.6 0.5
-20 -23.8 3.9
-18.4 -23.8 3.5
-17 -16.2 2.1
-20 -23.4 4.3
-19 -24 3.5
-20.6 -15 1.3
-20 -15 1.5
-19.4 -15 1.3
-19.2 -15 1.1
-19 -15.2 1.9
-19 -15 0.5
-18.6 -15.2 1.5
-21 -16 3.5
-19.4 -25 1.3
-19.2 -25 1.1
-19 -25 0.5
-19 -24 3.5
-20 -16.6 4.3
-25 -19.4 1.3
-25 -19.2 1.1
-17 -16 1.5
-17.4 -16 2.3
-23.2 -17 3.1
-23 -17.4 3.7
-23 -16.8 3.1
-20 -15.4 2.7
-17.4 -17 3.7
-23 -17.4 3.7
-17 -21.6 4.3
-23.2 -17.4 3.5
-22.6 -16.8 3.5
-17.4 -23.2 3.5
-24.6 -22.2 0.5
-17.4 -16.8 3.5
-19.8 -23.8 3.9
-23.4 -16.2 0.3
-23.4 -16.2 0.7
-16.6 -16.2 0.3
-16.6 -16.2 0.7
-16.2 -16.6 0.3
-16.2 -16.6 0.7
-17.4 -16.2 2.7
-16.6 -20.2 4.3
-20.2 -15 1.5
-19.8 -15 1.5
-19 -15 0.3
-19 -15 0.7
-19 -25 0.3
-19 -25 0.7
-25 -19.8 1.5
-19.8 -24.6 2.7
-20.2 -15.4 2.7
-19.8 -15.4 2.7
-24.6 -19.8 2.7
-24.6 -22.2 0.3
-24.6 -22.2 0.7
-22.6 -17.8 4.3
-19.6 -23.6 4.1
-16.4 -16.4 0.1
-16.4 -16.4 0.9
-17.2 -15.8 1.3
-20 -24.4 3.1
-18.8 -23.8 3.7
-24.4 -22.4 1.5
-19 -24.4 2.9
-19 -24.4 2.9
-23.2 -16.2 1.7
-24.4 -17.4 0.5
-24.4 -22.6 0.5
-17.4 -15.6 0.5
-16.8 -16.2 1.7
-24.2 -17.2 1.3
-19.2 -24.2 3.3
-16.8 -21.2 4.3
-23.4 -16.2 0.1
-23.4 -16.2 0.9
-17.2 -16.6 3.1
-16.6 -16.2 0.1
-16.6 -16.2 0.9
-16.2 -16.6 0.1
-16.2 -16.6 0.9
-19.6 -23.8 3.9
-20.2 -24.4 3.1
-20.2 -15.6 3.1
-18.6 -24.4 2.7
-24.4 -19.8 3.1
-22.6 -17.2 3.9
-22.6 -16.6 3.3
-19.6 -23.4 4.3
-24.4 -17.4 0.3
-24.4 -17.4 0.7
-19.6 -15 1.5
-19 -15 0.1
-19 -15 0.9
-23.4 -19.6 4.3
-24.4 -22.6 0.3
-24.4 -22.6 0.7
-19.6 -25 1.5
-19 -25 0.1
-19 -25 0.9
-17.2 -17.4 3.9
-25 -19.6 1.5
-17.4 -15.6 0.3
-17.4 -15.6 0.7
-19.6 -24.6 2.7
-20.4 -15.4 2.7
-19.6 -24.6 2.7
-24.6 -19.6 2.7
-24.6 -22.2 0.1
-24.6 -22.2 0.9
-19.2 -24.8 2.1
-19.2 -24.8 2.1
-24.8 -19.2 2.1
-18.4 -24.8 1.3
-18.4 -15.2 1.3
-22.4 -16.8 3.7
-23.2 -16 0.5
-16.8 -17.6 3.7
-16.8 -16 0.5
-23.2 -16.8 2.9
-17.2 -16.2 2.5
-18.2 -24.8 0.5
-19.6 -24.4 3.1
-20.4 -15.6 3.1
-24.4 -17.4 0.1
-24.4 -17.4 0.9
-17.2 -22 4.3
-19.2 -15 1.3
-24.4 -22.6 0.1
-24.4 -22.6 0.9
-19.2 -25 1.3
-17.2 -18 4.3
-25 -19.2 1.3
-17.4 -15.6 0.1
-17.4 -15.6 0.9
-20 -15.2 2.3
-20.2 -24 3.7
-19.4 -23.6 4.1
-19.4 -23.6 4.1
-18.4 -24.6 2.1
-23.2 -16 0.3
-23.2 -16 0.7
-16.8 -16 0.3
-16.8 -16 0.7
-16.4 -16.4 1.1
-18.2 -24.8 0.3
-18.2 -24.8 0.7
-20.2 -24.8 2.3
-22.4 -17 3.9
-17.6 -17 3.9
-20.2 -15.2 2.3
-23.4 -16.2 1.1
-16.6 -16.2 1.1
-16.2 -16.6 1.1
-20.6 -15 1.5
-19.4 -15 1.5
-19 -15 1.1
-19.4 -25 1.5
-19 -25 1.1
-18.2 -24.6 1.9
-19.4 -16.6 4.3
-25 -19.4 1.5
-18.6 -24.6 2.3
-19.4 -24.6 2.7
-20.6 -15.4 2.7
-19.4 -24.6 2.7
-18.6 -24.2 3.1
-24.2 -17.4 1.9
-24.6 -22.2 1.1
-19.6 -24 3.7
-19.6 -24 3.7
-18.4 -24 3.3
-23.2 -16 0.1
-23.2 -16 0.9
-16.8 -16 0.1
-16.8 -16 0.9
-18.2 -24.8 0.1
-18.2 -24.8 0.9
-18.6 -24.8 1.7
-24.8 -19.6 2.3
-18.8 -24.8 1.9
-18.8 -24.8 1.9
-18.2 -23.2 4.1
-20.4 -15.2 2.3
-20 -15 1.7
-19.6 -15.2 2.3
-18.6 -15.2 1.7
-17 -16 1.7
-18.8 -15.2 1.9
-18.8 -15 0.5
-18.8 -25 0.5
-18.8 -24 3.5
-18.2 -23.6 3.7
-16.8 -16.4 2.3
-17.2 -15.8 1.5
-20.6 -15.6 3.1
-19.4 -24.4 3.1
-21 -15.8 3.3
-24.4 -17.4 1.1
-24.4 -22.6 1.1
-17.4 -15.6 1.1
-16.6 -16.4 1.9
-16.4 -16.6 1.9
-20.2 -15 1.7
-19.8 -15 1.7
-25 -19.8 1.7
-22.6 -17.4 4.1
-24.2 -17.2 1.5
-18.8 -15 0.3
-18.8 -15 0.7
-18.8 -25 0.3
-18.8 -25 0.7
-16.4 -21.4 3.9
-17.4 -16.4 3.1
-19 -24.2 3.3
-22.4 -17.2 4.1
-17.2 -17.6 4.1
-22.8 -17.6 4.1
-24.4 -22.4 1.7
-18.8 -24.4 2.9
-20.8 -16.4 4.1
-19.2 -23.6 4.1
-19.2 -16.4 4.1
-16.4 -16.4 1.3
-19 -24.8 2.1
-19 -24.8 2.1
-18.4 -24.8 1.5
-18.2 -24.4 2.5
-19.6 -15 1.7
-19 -15.2 2.1
-19.6 -25 1.7
-25 -19.6 1.7
-19.4 -24 3.7
-18.8 -15 0.1
-18.8 -15 0.9
-18.4 -15.2 1.5
-19.4 -24 3.7
-18.8 -25 0.1
-18.8 -25 0.9
-17.8 -17.6 4.5
-23.2 -16 1.1
-18.8 -24.6 2.5
-19.4 -16.8 4.5
-16.8 -16 1.1
-23.4 -16.2 1.3
-18.6 -23.8 3.7
-18.2 -24.8 1.1
-16.6 -16.2 1.3
-16.2 -16.6 1.3
-19.4 -24.8 2.3
-19.4 -24.8 2.3
-24.8 -19.4 2.3
-19.2 -23.4 4.3
-23.2 -16.2 1.9
-19.2 -16.6 4.3
-17 -15.8 0.5
-16.8 -16.2 1.9
-19.2 -15 1.5
-19 -15 1.3
-19.2 -25 1.5
-19 -25 1.3
-25 -19.2 1.5
-20.6 -15.2 2.3
-19.4 -15.2 2.3
-19.2 -24.6 2.7
-24.6 -19.2 2.7
-16.8 -16.6 2.7
-18.2 -24.2 2.9
-17.8 -23.2 3.9
-24.2 -17 0.5
-24.6 -22.2 1.3
-17.8 -16.8 3.9
-17 -16.2 2.3
-17 -18.2 4.3
-17 -15.8 0.3
-17 -15.8 0.7
-20.2 -24.2 3.5
-19.8 -24.2 3.5
-24.2 -17 0.3
-24.2 -17 0.7
-19.2 -24.4 3.1
-24.4 -19.2 3.1
-24.4 -17.4 1.3
-24.4 -22.6 1.3
-18.4 -24.4 2.7
-17.4 -15.6 1.3
-18 -22.6 4.5
-17.4 -22 4.5
-17.4 -18 4.5
-17.4 -16 2.5
-17 -15.8 0.1
-17 -15.8 0.9
-19.4 -15 1.7
-19.4 -25 1.7
-25 -19.4 1.7
-17.8 -23 4.1
-18.8 -15 1.1
-18.8 -25 1.1
-17 -16.4 2.7
-24.2 -17 0.1
-24.2 -17 0.9
-19.2 -24 3.7
-19.2 -24 3.7
-19.2 -16.8 4.5
-16.8 -20.8 4.5
-23.2 -16 1.3
-16.8 -16 1.3
-19.2 -24.8 2.3
-19.2 -24.8 2.3
-24.8 -19.2 2.3
-17.2 -15.8 1.7
-21.2 -15.8 3.3
-24.6 -22.4 0.5
-20 -15.4 2.9
-24.2 -17.2 1.7
-16.4 -16.4 1.5
-18.8 -24.2 3.3
-18.8 -24.2 3.3
-18.6 -24.8 1.9
-17.4 -16.2 2.9
-20 -15 1.9
-18.6 -15.2 1.9
-18.6 -15 0.5
-18.6 -25 0.5
-18.6 -24 3.5
-17 -16 1.9
-18.2 -24.6 2.1
-17.4 -22.4 4.3
-24.6 -22.4 0.3
-24.6 -22.4 0.7
-17.4 -17.6 4.3
-22.6 -17.6 4.3
-19.8 -24.6 2.9
-20.2 -15.4 2.9
-19.8 -15.4 2.9
-18.4 -24.6 2.3
-24.6 -19.8 2.9
-24.2 -17.4 2.1
-23.4 -16.2 1.5
-16.6 -16.2 1.5
-16.2 -16.6 1.5
-19 -23.8 3.9
-17 -15.8 1.1
-20.2 -15 1.9
-19.8 -15 1.9
-19 -15 1.5
-18.6 -15 0.3
-18.6 -15 0.7
-19 -25 1.5
-18.6 -25 0.3
-18.6 -25 0.7
-25 -19.8 1.9
-19.4 -24.2 3.5
-24.2 -17 1.1
-24.6 -22.2 1.5
-19.4 -24.2 3.5
-18.8 -24.8 2.1
-18.8 -24.8 2.1
-18.4 -24.8 1.7
-20 -14.8 0.5
-15.2 -18 0.5
-20 -15.2 2.5
-18.8 -15.2 2.1
-18.4 -15.2 1.7
-20.2 -24.8 2.5
-24.4 -22.4 1.9
-18.6 -24.4 2.9
-22.8 -17 3.7
-20.2 -14.8 0.5
-20 -14.8 0.3
-20 -14.8 0.7
-19.8 -14.8 0.5
-17.2 -17 3.7
-17 -17.2 3.7
-22.8 -16.8 3.5
-19.2 -15 1.7
-19.2 -25 1.7
-17.2 -16.8 3.5
-16.8 -17.2 3.5
-25 -19.2 1.7
-16.6 -16.4 2.1
-15.2 -18 0.3
-15.2 -18 0.7
-20.2 -15.2 2.5
-18.8 -15 1.3
-24.6 -22.4 0.1
-24.6 -22.4 0.9
-18.8 -25 1.3
-19.6 -24.6 2.9
-20.4 -15.4 2.9
-19.6 -24.6 2.9
-24.6 -19.6 2.9
-23.2 -17 3.3
-23 -16.8 3.3
-16.4 -21.6 3.9
-17.2 -16.2 2.7
-19 -24.4 3.1
-19 -24.4 3.1
-20.2 -14.8 0.3
-20.2 -14.8 0.7
-19.8 -14.8 0.3
-19.8 -14.8 0.7
-24.4 -17.4 1.5
-19.6 -15 1.9
-18.6 -15 0.1
-18.6 -15 0.9
-24.4 -22.6 1.5
-19.6 -25 1.9
-18.6 -25 0.1
-18.6 -25 0.9
-16.6 -18 3.9
-25 -19.6 1.9
-17.4 -15.6 1.5
-17.2 -17.8 4.3
-18.6 -24.6 2.5
-24.4 -17.2 0.5
-24.4 -22.8 0.5
-24.8 -19.6 2.5
-17.2 -15.6 0.5
-20 -24.4 3.3
-20.4 -14.8 0.5
-20 -14.8 0.1
-20 -14.8 0.9
-19.6 -14.8 0.5
-15.2 -18 0.1
-15.2 -18 0.9
-20.4 -15.2 2.5
-19.6 -15.2 2.5
-16.8 -18 4.1
-16.8 -16.4 2.5
-22.8 -17.2 3.9
-17.2 -17.2 3.9
-24.4 -17.2 0.3
-24.4 -17.2 0.7
-24.4 -22.8 0.3
-24.4 -22.8 0.7
-18.4 -23.8 3.7
-17.2 -16.6 3.3
-17.2 -15.6 0.3
-17.2 -15.6 0.7
-20.2 -24.4 3.3
-23.2 -16.2 2.1
-20.4 -14.8 0.3
-20.4 -14.8 0.7
-20.2 -15.6 3.3
-20.2 -14.8 0.1
-20.2 -14.8 0.9
-19.8 -14.8 0.1
-19.8 -14.8 0.9
-19.6 -14.8 0.3
-19.6 -14.8 0.7
-24.4 -19.8 3.3
-16.8 -16.2 2.1
-19 -24 3.7
-21 -16 3.7
-19 -24 3.7
-23.2 -16 1.5
-19 -16.8 4.5
-16.8 -16 1.5
-18.4 -23.2 4.3
-16.8 -21.6 4.3
-23.2 -17.4 3.7
-23.2 -16.8 3.1
-22.6 -16.8 3.7
-17.4 -23.2 3.7
-17.4 -16.8 3.7
-19 -24.8 2.3
-19 -24.8 2.3
-17 -15.8 1.3
-19 -15.2 2.3
-24.6 -22.4 1.1
-20.6 -15.4 2.9
-19.4 -24.6 2.9
-24.2 -17 1.3
-19.2 -24.2 3.5
-22.6 -16.6 3.5
-19.4 -15 1.9
-18.6 -15 1.1
-19.4 -25 1.9
-18.6 -25 1.1
-25 -19.4 1.9
-23 -17.4 3.9
-17.4 -17 3.9
-23 -17.4 3.9
-24.4 -17.2 0.1
-24.4 -17.2 0.9
-24.4 -22.8 0.1
-24.4 -22.8 0.9
-17.2 -15.6 0.1
-17.2 -15.6 0.9
-19.6 -24.4 3.3
-20.4 -15.6 3.3
-20.4 -14.8 0.1
-20.4 -14.8 0.9
-19.6 -14.8 0.1
-19.6 -14.8 0.9
-18.8 -23.6 4.1
-21.2 -16.4 4.1
-16.4 -21.2 4.1
-16.4 -16.4 1.7
-20 -23.8 4.1
-19.4 -24.8 2.5
-24.8 -19.4 2.5
-23.6 -16.2 0.5
-20.6 -14.8 0.5
-20 -14.8 1.1
-19.4 -14.8 0.5
-20.6 -14.8 0.5
-16.4 -16.2 0.5
-16.2 -16.4 0.5
-15.2 -18 1.1
-20.6 -15.2 2.5
-19.4 -15.2 2.5
-20 -23.6 4.3
-19.8 -23.8 4.1
-23.4 -16.2 1.7
-17.2 -15.8 1.9
-16.6 -16.2 1.7
-16.2 -16.6 1.7
-18.8 -23.8 3.9
-18.2 -24.4 2.7
-17 -16.2 2.5
-23.6 -16.2 0.3
-23.6 -16.2 0.7
-20.6 -14.8 0.3
-20.6 -14.8 0.7
-20.2 -14.8 1.1
-19.8 -14.8 1.1
-19.4 -14.8 0.3
-19.4 -14.8 0.7
-20.6 -14.8 0.3
-20.6 -14.8 0.7
-16.4 -16.2 0.3
-16.4 -16.2 0.7
-16.2 -16.4 0.3
-16.2 -16.4 0.7
-19 -15 1.7
-19 -25 1.7
-18 -23 4.3
-24.2 -17.2 1.9
-18.8 -15 1.5
-18.8 -25 1.5
-23 -18 4.3
-20.2 -23.6 4.3
-19.8 -23.6 4.3
-16.4 -20.2 4.3
-18.8 -24.6 2.7
-18.6 -24.2 3.3
-24.6 -22.2 1.7
-18.6 -24.8 2.1
-19.6 -23.8 4.1
-24.4 -17.2 1.1
-24.4 -22.8 1.1
-18.4 -24.8 1.9
-17.2 -15.6 1.1
-22.6 -17.2 4.1
-20 -23.4 4.5
-23.6 -16.2 0.1
-23.6 -16.2 0.9
-23.4 -16 0.5
-20.6 -15.6 3.3
-20.6 -14.8 0.1
-20.6 -14.8 0.9
-20.4 -14.8 1.1
-19.6 -14.8 1.1
-19.4 -14.8 0.1
-19.4 -14.8 0.9
-19.4 -24.4 3.3
-18.8 -24.4 3.1
-20 -16.6 4.5
-17.2 -17.4 4.1
-20.6 -14.8 0.1
-20.6 -14.8 0.9
-16.6 -16 0.5
-16.4 -16.2 0.1
-16.4 -16.2 0.9
-16.2 -16.4 0.1
-16.2 -16.4 0.9
-16 -16.6 0.5
-20 -15 2.1
-24.4 -17.4 1.7
-18.6 -15.2 2.1
-24.4 -22.6 1.7
-17.4 -15.6 1.7
-17 -16 2.1
-18.4 -15.2 1.9
-18.4 -15 0.5
-24.6 -22.4 1.3
-18.4 -25 0.5
-18.4 -24 3.5
-17 -21.6 4.5
-19.2 -24.6 2.9
-24.6 -19.2 2.9
-16.8 -16.6 2.9
-22.4 -16.8 3.9
-16.8 -17.6 3.9
-17.4 -16.4 3.3
-23.4 -16 0.3
-23.4 -16 0.7
-18.6 -15 1.3
-19.2 -25 1.9
-18.6 -25 1.3
-25 -19.2 1.9
-16.6 -20.2 4.5
-16.6 -16 0.3
-16.6 -16 0.7
-16 -16.6 0.3
-16 -16.6 0.7
-20.2 -15 2.1
-19.8 -15 2.1
-25 -19.8 2.1
-20.2 -24 3.9
-18.4 -15 0.3
-18.4 -15 0.7
-18.4 -25 0.3
-18.4 -25 0.7
-17.4 -16 2.7
-22.6 -17.8 4.5
-21 -15.8 3.5
-17 -15.8 1.5
-18.2 -24.6 2.3
-18.2 -24.2 3.1
-24.2 -17 1.5
-19 -24.2 3.5
-24.2 -17.4 2.3
-19.2 -24.8 2.5
-19.2 -24.8 2.5
-24.8 -19.2 2.5
-24.4 -22.4 2.1
-20 -14.8 1.3
-19.2 -14.8 0.5
-20.8 -14.8 0.5
-18.4 -24.4 2.9
-15.2 -18 1.3
-18.8 -24 3.7
-23.2 -16 1.7
-16.8 -21.2 4.5
-16.8 -16 1.7
-18.8 -24.8 2.3
-18.8 -24.8 2.3
-22.4 -17 4.1
-19.6 -23.4 4.5
-23.4 -16 0.1
-23.4 -16 0.9
-20.2 -14.8 1.3
-19.8 -14.8 1.3
-19.2 -14.8 0.3
-19.2 -14.8 0.7
-23.4 -19.6 4.5
-17.6 -17 4.1
-20.8 -14.8 0.3
-20.8 -14.8 0.7
-16.6 -16 0.1
-16.6 -16 0.9
-16 -16.6 0.1
-16 -16.6 0.9
-19.6 -15 2.1
-19.6 -25 2.1
-25 -19.6 2.1
-19.6 -24 3.9
-18.4 -15 0.1
-18.4 -15 0.9
-19.6 -24 3.9
-18.4 -25 0.1
-18.4 -25 0.9
-18.8 -15.2 2.3
-17 -16.4 2.9
-18.4 -24.6 2.5
-23.6 -16.2 1.1
-20.6 -14.8 1.1
-19.4 -14.8 1.1
-20.6 -14.8 1.1
-16.4 -16.2 1.1
-16.2 -16.4 1.1
-16.6 -16.4 2.3
-18.2 -23.6 3.9
-19.4 -23.6 4.3
-19.4 -23.6 4.3
-24.4 -17.2 1.3
-24.4 -22.8 1.3
-17.2 -15.6 1.3
-20.4 -14.8 1.3
-17.2 -22 4.5
-19.6 -14.8 1.3
-19.2 -14.8 0.1
-19.2 -14.8 0.9
-19.2 -24.4 3.3
-17.2 -18 4.5
-24.4 -19.2 3.3
-20.8 -14.8 0.1
-20.8 -14.8 0.9
-24.8 -22.2 0.5
-23.2 -15.8 0.5
-20 -15.2 2.7
-16.4 -21.4 4.1
-16.8 -15.8 0.5
-18.8 -15 1.7
-18.8 -25 1.7
-15.2 -17.8 0.5
-16.4 -16.4 1.9
-24.2 -16.8 0.5
-20.2 -24.8 2.7
-23.4 -16 1.1
-23.2 -16.2 2.3
-24.8 -22.2 0.3
-24.8 -22.2 0.7
-19.4 -16.6 4.5
-16.8 -16.2 2.3
-16.6 -16 1.1
-16 -16.6 1.1
-19.4 -15 2.1
-19.4 -25 2.1
-25 -19.4 2.1
-23.2 -15.8 0.3
-23.2 -15.8 0.7
-20.2 -15.2 2.7
-20 -15.4 3.1
-18.4 -15 1.1
-24.6 -22.4 1.5
-19.4 -24 3.9
-18.4 -25 1.1
-16.8 -15.8 0.3
-16.8 -15.8 0.7
-15.2 -17.8 0.3
-15.2 -17.8 0.7
-24.6 -17.4 0.5
-24.6 -22.6 0.5
-17.4 -15.4 0.5
-20.2 -24.2 3.7
-19.8 -24.2 3.7
-24.2 -16.8 0.3
-24.2 -16.8 0.7
-23.4 -16.2 1.9
-18.6 -23.8 3.9
-16.6 -16.2 1.9
-16.2 -16.6 1.9
-17.4 -16.2 3.1
-19 -15 1.9
-18.6 -15 1.5
-19 -25 1.9
-18.6 -25 1.5
-19.8 -24.6 3.1
-20.2 -15.4 3.1
-19.8 -15.4 3.1
-18.6 -24.6 2.7
-24.6 -19.8 3.1
-22.6 -17.4 4.3
-24.6 -17.4 0.3
-24.6 -17.4 0.7
-24.6 -22.6 0.3
-24.6 -22.6 0.7
-24.6 -22.2 1.9
-17.4 -15.4 0.3
-17.4 -15.4 0.7
-17.2 -16.2 2.9
-19 -24.8 2.5
-19 -24.8 2.5
-24.8 -19.6 2.7
-17.2 -15.8 2.1
-22.4 -17.2 4.3
-23.6 -16.2 1.3
-20.6 -14.8 1.3
-20 -14.8 1.5
-19.4 -14.8 1.3
-19.2 -14.8 1.1
-19 -14.8 0.5
-24.8 -22.2 0.1
-24.8 -22.2 0.9
-17.2 -17.6 4.3
-22.8 -17.6 4.3
-21 -14.8 0.5
-20.8 -14.8 1.1
-20.6 -14.8 1.3
-16.4 -16.2 1.3
-16.2 -16.4 1.3
-23.2 -15.8 0.1
-23.2 -15.8 0.9
-15.2 -18 1.5
-20.4 -15.2 2.7
-19.6 -15.2 2.7
-19 -15.2 2.5
-16.8 -15.8 0.1
-16.8 -15.8 0.9
-24.2 -17.2 2.1
-20.8 -16.4 4.3
-19.2 -23.6 4.3
-19.2 -16.4 4.3
-15.2 -17.8 0.1
-15.2 -17.8 0.9
-17.8 -23.2 4.1
-17.8 -16.8 4.1
-16.8 -16.4 2.7
-24.2 -16.8 0.1
-24.2 -16.8 0.9
-18.6 -24.4 3.1
-20.2 -14.8 1.5
-19.8 -14.8 1.5
-24.4 -17.4 1.9
-19 -14.8 0.3
-19 -14.8 0.7
-24.4 -22.6 1.9
-21 -14.8 0.3
-21 -14.8 0.7
-17.4 -15.6 1.9
-17 -15.8 1.7
-21.2 -15.8 3.5
-19.6 -24.6 3.1
-20.4 -15.4 3.1
-19.6 -24.6 3.1
-24.6 -19.6 3.1
-24.6 -17.4 0.1
-24.6 -17.4 0.9
-24.6 -22.6 0.1
-24.6 -22.6 0.9
-17.4 -15.4 0.1
-17.4 -15.4 0.9
-24.2 -17 1.7
-18.8 -24.2 3.5
-18.8 -24.2 3.5
-18.4 -24.8 2.1
-18.4 -15.2 2.1
-24.4 -17.2 1.5
-24.4 -22.8 1.5
-17.2 -15.6 1.5
-19.2 -23.4 4.5
-19 -24.4 3.3
-23.4 -16 1.3
-20.4 -14.8 1.5
-19.6 -14.8 1.5
-19 -14.8 0.1
-19 -14.8 0.9
-19 -24.4 3.3
-21 -14.8 0.1
-21 -14.8 0.9
-16.6 -16 1.3
-16 -16.6 1.3
-19.2 -25 2.1
-25 -19.2 2.1
-19.2 -24 3.9
-18.4 -15 1.3
-19.2 -24 3.9
-18.6 -24 3.7
-18.4 -25 1.3
-23.2 -16 1.9
-16.8 -16 1.9
-18.6 -24.8 2.3
-19.4 -24.8 2.7
-24.8 -19.4 2.7
-24.8 -22.2 1.1
-18.2 -25 0.5
-17 -18.2 4.5
-20 -15 2.3
-18.6 -15.2 2.3
-17 -16 2.3
-23.2 -15.8 1.1
-20.6 -15.2 2.7
-19.4 -15.2 2.7
-16.8 -15.8 1.1
-23 -16.8 3.5
-15.2 -17.8 1.1
-19.4 -24.2 3.7
-24.2 -16.8 1.1
-17 -16.2 2.7
-18.2 -25 0.3
-18.2 -25 0.7
-20.2 -15 2.3
-19.8 -15 2.3
-25 -19.8 2.3
-20.6 -15.4 3.1
-19.4 -24.6 3.1
-17.8 -23 4.3
-24.6 -17.4 1.1
-24.6 -22.6 1.1
-17.4 -15.4 1.1
-19.2 -14.8 1.3
-20.8 -14.8 1.3
-17.2 -16.8 3.7
-16.8 -17.2 3.7
-23.2 -16.8 3.3
-24.4 -22.4 2.3
-18.2 -24.4 2.9
-24.4 -17 0.5
-24.4 -23 0.5
-17 -15.6 0.5
-24.6 -22.4 1.7
-18.8 -24.6 2.9
-19 -23.8 4.1
-17.2 -16.6 3.5
-20.2 -24.4 3.5
-23.6 -16.2 1.5
-20.6 -14.8 1.5
-20.2 -15.6 3.5
-24.4 -17 0.3
-24.4 -17 0.7
-19 -14.8 1.1
-24.4 -23 0.3
-24.4 -23 0.7
-18.2 -25 0.1
-18.2 -25 0.9
-17.2 -17 3.9
-17 -17.2 3.9
-24.4 -19.8 3.5
-21 -14.8 1.1
-20.6 -14.8 1.5
-17 -15.6 0.3
-17 -15.6 0.7
-16.4 -16.2 1.5
-16.2 -16.4 1.5
-19.6 -15 2.3
-18.6 -15 1.7
-19.6 -25 2.3
-18.6 -25 1.7
-18.8 -15 1.9
-18.8 -25 1.9
-18.2 -24.6 2.5
-24.2 -17.4 2.5
-18.8 -24.8 2.5
-18.8 -24.8 2.5
-20 -14.8 1.7
-18.8 -14.8 0.5
-21.2 -14.8 0.5
-18.8 -15.2 2.5
-16.4 -21.6 4.1
-16.4 -16.4 2.1
-19.2 -24.8 2.7
-19.2 -24.8 2.7
-24.8 -19.2 2.7
-19.6 -24.4 3.5
-20.4 -15.6 3.5
-24.4 -17 0.1
-24.4 -17 0.9
-24.8 -22.2 1.3
-24.4 -23 0.1
-24.4 -23 0.9
-17 -15.6 0.1
-17 -15.6 0.9
-20.2 -14.8 1.7
-19.8 -14.8 1.7
-23.2 -15.8 1.3
-18.8 -14.8 0.3
-18.8 -14.8 0.7
-17.4 -17.6 4.5
-22.6 -17.6 4.5
-21.2 -14.8 0.3
-21.2 -14.8 0.7
-16.8 -15.8 1.3
-16.6 -16.4 2.5
-17.4 -16 2.9
-15.2 -17.8 1.3
-19.2 -24.2 3.7
-24.2 -16.8 1.3
-23.4 -16.2 2.1
-16.6 -16.2 2.1
-16.2 -16.6 2.1
-18.4 -23.8 3.9
-23.4 -16 1.5
-16.6 -16 1.5
-16 -16.6 1.5
-19 -15 2.1
-19 -25 2.1
-22.6 -16.6 3.7
-19.2 -24.6 3.1
-19 -24 3.9
-18.4 -15 1.5
-21 -16 3.9
-19 -24 3.9
-18.4 -25 1.5
-24.6 -19.2 3.1
-16.8 -16.6 3.1
-24.6 -17.4 1.3
-24.6 -22.6 1.3
-18.4 -24.6 2.7
-17.4 -15.4 1.3
-24.6 -22.2 2.1
-23.2 -17.4 3.9
-22.6 -16.8 3.9
-17.4 -23.2 3.9
-17.4 -16.8 3.9
-17 -15.8 1.9
-18.2 -25 1.1
-19.4 -15 2.3
-19.4 -25 2.3
-25 -19.4 2.3
-24.2 -17 1.9
-18.6 -24.2 3.5
-22.8 -17.2 4.1
-17.2 -17.2 4.1
-24.4 -17.2 1.7
-24.4 -22.8 1.7
-17.2 -15.6 1.7
-20.4 -14.8 1.7
-19.6 -14.8 1.7
-18.8 -14.8 0.1
-18.8 -14.8 0.9
-18.8 -24.4 3.3
-21.2 -14.8 0.1
-21.2 -14.8 0.9
-19.2 -14.8 1.5
-19 -14.8 1.3
-18.4 -24.4 3.1
-21 -14.8 1.3
-20.8 -14.8 1.5
-23.2 -16.2 2.5
-24.4 -17.4 2.1
-24.4 -22.6 2.1
-17.4 -15.6 2.1
-16.8 -16.2 2.5
-17.2 -17.8 4.5
-16.8 -18 4.3
-17.2 -15.8 2.3
-20.6 -15.6 3.5
-24.4 -17 1.1
-24.4 -23 1.1
-19.4 -24.4 3.5
-17 -15.6 1.1
-23 -17.4 4.1
-23 -17.4 4.1
-17 -16.4 3.1
-24.2 -17.2 2.3
-18.2 -24.2 3.3
-17.4 -16.4 3.5
-24.8 -22.4 0.5
-15.2 -17.6 0.5
-20 -15.2 2.9
-18.4 -24 3.7
-23.2 -16 2.1
-18.4 -23.2 4.5
-16.8 -21.6 4.5
-24.8 -22.4 0.3
-24.8 -22.4 0.7
-20.2 -24.8 2.9
-18.8 -23.8 4.1
-18.4 -24.8 2.3
-23.6 -16.2 1.7
-20.6 -14.8 1.7
-20.6 -14.8 1.7
-16.4 -16.2 1.7
-16.2 -16.4 1.7
-15.2 -17.6 0.3
-15.2 -17.6 0.7
-18.8 -14.8 1.1
-21.2 -14.8 1.1
-18.4 -15.2 2.3
-18.8 -23.6 4.3
-21.2 -16.4 4.3
-16.4 -21.2 4.3
-23.8 -16.2 0.5
-16.2 -16.2 0.5
-19 -24.8 2.7
-19 -24.8 2.7
-20 -23.8 4.3
-21 -15.8 3.7
-24.8 -22.2 1.5
-18.2 -25 1.3
-19.2 -25 2.3
-25 -19.2 2.3
-23.2 -15.8 1.5
-19 -15.2 2.7
-24.6 -22.4 1.9
-16.8 -15.8 1.5
-18.6 -24.6 2.9
-15.2 -17.8 1.5
-19 -24.2 3.7
-24.2 -16.8 1.5
-23.8 -16.2 0.3
-23.8 -16.2 0.7
-16.2 -16.2 0.3
-16.2 -16.2 0.7
-19.8 -23.8 4.3
-18.6 -15 1.9
-18.6 -25 1.9
-24.6 -17.4 1.5
-24.6 -22.6 1.5
-17.4 -15.4 1.5
-24.8 -22.4 0.1
-24.8 -22.4 0.9
-24.8 -19.6 2.9
-15.2 -17.6 0.1
-15.2 -17.6 0.9
-20.4 -15.2 2.9
-19.6 -15.2 2.9
-22.4 -16.8 4.1
-20 -23.6 4.5
-23.6 -16 0.5
-16.8 -17.6 4.1
-16.4 -16 0.5
-16 -16.4 0.5
-16.8 -16.4 2.9
-18.6 -24.8 2.5
-20 -14.8 1.9
-24.4 -17 1.3
-18.6 -14.8 0.5
-24.4 -23 1.3
-19.2 -24.4 3.5
-24.4 -19.2 3.5
-21.4 -14.8 0.5
-17 -15.6 1.3
-23.4 -16 1.7
-16.6 -16 1.7
-16 -16.6 1.7
-20.2 -24 4.1
-15 -18 0.5
-20 -15 2.5
-24.6 -17.2 0.5
-18.6 -15.2 2.5
-24.6 -22.8 0.5
-17.2 -15.4 0.5
-17 -16 2.5
-18.8 -15 2.1
-18.4 -15 1.7
-18.8 -25 2.1
-18.4 -25 1.7
-20.2 -23.6 4.5
-23.6 -16 0.3
-23.6 -16 0.7
-20 -15.4 3.3
-18.8 -24 3.9
-16.4 -20.2 4.5
-16.4 -16 0.3
-16.4 -16 0.7
-16 -16.4 0.3
-16 -16.4 0.7
-23.8 -16.2 0.1
-23.8 -16.2 0.9
-16.2 -16.2 0.1
-16.2 -16.2 0.9
-17.2 -16.2 3.1
-19.6 -23.8 4.3
-19.8 -14.8 1.9
-19 -14.8 1.5
-18.6 -14.8 0.3
-18.6 -14.8 0.7
-21.4 -14.8 0.3
-21.4 -14.8 0.7
-21 -14.8 1.5
-17.4 -16.2 3.3
-22.6 -17.2 4.3
-15 -18 0.3
-15 -18 0.7
-20.2 -15 2.5
-19.8 -15 2.5
-24.6 -17.2 0.3
-24.6 -17.2 0.7
-24.6 -22.8 0.3
-24.6 -22.8 0.7
-17.2 -17.4 4.3
-25 -19.8 2.5
-17.2 -15.4 0.3
-17.2 -15.4 0.7
-19.8 -24.6 3.3
-20.2 -15.4 3.3
-19.8 -15.4 3.3
-24.6 -19.8 3.3
-24.4 -22.4 2.5
-19.2 -14.8 1.7
-20.8 -14.8 1.7
-19.6 -24 4.1
-18.8 -14.8 1.3
-19.6 -24 4.1
-21.2 -14.8 1.3
-23.6 -16 0.1
-23.6 -16 0.9
-16.4 -16 0.1
-16.4 -16 0.9
-16 -16.4 0.1
-16 -16.4 0.9
-24.4 -17.2 1.9
-24.8 -22.4 1.1
-24.4 -22.8 1.9
-17.2 -15.6 1.9
-24.8 -19.4 2.9
-20.4 -14.8 1.9
-19.6 -14.8 1.9
-18.6 -14.8 0.1
-18.6 -14.8 0.9
-21.4 -14.8 0.1
-21.4 -14.8 0.9
-15.2 -17.6 1.1
-15 -18 0.1
-15 -18 0.9
-24.6 -17.2 0.1
-24.6 -17.2 0.9
-19.6 -15 2.5
-24.6 -22.8 0.1
-24.6 -22.8 0.9
-19.6 -25 2.5
-18.2 -23.6 4.1
-17.2 -15.4 0.1
-17.2 -15.4 0.9
-20.6 -15.2 2.9
-19.4 -15.2 2.9
-19.6 -24.6 3.3
-20.4 -15.4 3.3
-19.6 -24.6 3.3
-24.6 -19.6 3.3
-16.4 -16.4 2.3
-23.4 -15.8 0.5
-17 -16.2 2.9
-16.6 -15.8 0.5
-17 -15.8 2.1
-22.4 -17 4.3
-17.6 -17 4.3
-24.2 -16.6 0.5
-24.2 -17 2.1
-23.8 -16.2 1.1
-16.2 -16.2 1.1
-23.4 -16.2 2.3
-16.6 -16.2 2.3
-16.2 -16.6 2.3
-23.4 -15.8 0.3
-23.4 -15.8 0.7
-16.6 -15.8 0.3
-16.6 -15.8 0.7
-18.2 -25 1.5
-19 -15 2.3
-19 -25 2.3
-18.2 -24.6 2.7
-24.2 -16.6 0.3
-24.2 -16.6 0.7
-24.6 -22.2 2.3
-20.2 -24.2 3.9
-19.8 -24.2 3.9
-24.2 -17.4 2.7
-18.8 -24.8 2.7
-19.6 -14.6 0.5
-18.8 -24.8 2.7
-19.6 -14.6 0.5
-24.8 -22.2 1.7
-21.2 -15.8 3.7
-19.4 -24 4.1
-23.2 -15.8 1.7
-16.8 -15.8 1.7
-23.6 -16 1.1
-18.8 -15.2 2.7
-19.4 -23.6 4.5
-16.4 -16 1.1
-16 -16.4 1.1
-15.2 -17.8 1.7
-18.8 -24.2 3.7
-18.8 -24.2 3.7
-24.2 -16.8 1.7
-18.6 -23.8 4.1
-18.2 -24.4 3.1
-23.4 -15.8 0.1
-23.4 -15.8 0.9
-16.6 -15.8 0.1
-16.6 -15.8 0.9
-19 -24.4 3.5
-23.6 -16.2 1.9
-20.6 -14.8 1.9
-24.4 -17 1.5
-19.6 -14.6 0.3
-19.6 -14.6 0.7
-18.6 -14.8 1.1
-24.4 -23 1.5
-19 -24.4 3.5
-21.4 -14.8 1.1
-20.6 -14.8 1.9
-19.6 -14.6 0.3
-19.6 -14.6 0.7
-17 -15.6 1.5
-16.4 -16.2 1.9
-16.2 -16.4 1.9
-24.4 -17.4 2.3
-24.4 -22.6 2.3
-17.4 -15.6 2.3
-15 -18 1.1
-24.6 -17.2 1.1
-19.4 -15 2.5
-24.6 -22.8 1.1
-19.4 -25 2.5
-25 -19.4 2.5
-17.2 -15.4 1.1
-16.6 -16.4 2.7
-20.6 -15.4 3.3
-24.2 -16.6 0.1
-24.2 -16.6 0.9
-19.4 -24.6 3.3
-18.8 -24.6 3.1
-16.4 -21.4 4.3
-24.6 -17.4 1.7
-24.6 -22.6 1.7
-17.4 -15.4 1.7
-24.8 -22.4 1.3
-19.2 -24.8 2.9
-19.2 -24.8 2.9
-24.8 -19.2 2.9
-15.2 -17.6 1.3
-17.2 -15.8 2.5
-19.6 -14.6 0.1
-19.6 -14.6 0.9
-19.6 -14.6 0.1
-19.6 -14.6 0.9
-19 -14.8 1.7
-21 -14.8 1.7
-18.8 -14.8 1.5
-24.6 -22.4 2.1
-24.2 -17.2 2.5
-23.2 -16 2.3
-18.4 -24.6 2.9
-23 -16.8 3.7
-23.2 -16.8 3.5
-23.8 -16.2 1.3
-16.2 -16.2 1.3
-23.4 -16 1.9
-19.4 -14.6 0.5
-20.6 -14.6 0.5
-19.4 -14.6 0.5
-16.6 -16 1.9
-16 -16.6 1.9
-23.2 -16.2 2.7
-18.6 -15 2.1
-18.6 -25 2.1
-16.8 -16.2 2.7
-18.4 -15 1.9
-18.6 -24 3.9
-18.4 -25 1.9
-17.4 -16 3.1
-22.6 -17.4 4.5
-17.8 -23.2 4.3
-17.8 -16.8 4.3
-23.4 -15.8 1.1
-16.6 -15.8 1.1
-19.4 -14.6 0.3
-19.4 -14.6 0.7
-20.6 -14.6 0.3
-20.6 -14.6 0.7
-19.4 -14.6 0.3
-19.4 -14.6 0.7
-24.2 -16.6 1.1
-19.4 -24.2 3.9
-22.4 -17.2 4.5
-18.4 -24.8 2.5
-17.2 -17.6 4.5
-22.8 -17.6 4.5
-20 -14.8 2.1
-18.4 -14.8 0.5
-19.2 -24 4.1
-23.6 -16 1.3
-23.2 -15.6 0.5
-24.4 -16.8 0.5
-18.4 -15.2 2.5
-20.8 -16.4 4.5
-24.4 -23.2 0.5
-19.2 -23.6 4.5
-19.2 -16.4 4.5
-16.8 -15.6 0.5
-16.4 -16 1.3
-16 -16.4 1.3
-19.2 -14.8 1.9
-18.6 -14.8 1.3
-21.4 -14.8 1.3
-20.8 -14.8 1.9
-19.8 -14.8 2.1
-15 -18 1.3
-20.2 -15.6 3.7
-24.6 -17.2 1.3
-18.4 -14.8 0.3
-18.4 -14.8 0.7
-24.6 -22.8 1.3
-19.2 -25 2.5
-17.2 -16.8 3.9
-16.8 -17.2 3.9
-25 -19.2 2.5
-24.4 -19.8 3.7
-17.2 -15.4 1.3
-19.2 -24.6 3.3
-23.2 -15.6 0.3
-23.2 -15.6 0.7
-24.4 -16.8 0.3
-24.4 -16.8 0.7
-24.4 -23.2 0.3
-24.4 -23.2 0.7
-24.6 -19.2 3.3
-16.8 -16.6 3.3
-16.8 -15.6 0.3
-16.8 -15.6 0.7
-19.6 -14.6 1.1
-19.4 -14.6 0.1
-19.4 -14.6 0.9
-20.6 -14.6 0.1
-20.6 -14.6 0.9
-19.6 -14.6 1.1
-19.4 -14.6 0.1
-19.4 -14.6 0.9
-18.2 -25 1.7
-18.8 -15 2.3
-24.4 -17.2 2.1
-24.4 -22.8 2.1
-17.2 -15.6 2.1
-20.4 -14.8 2.1
-19.6 -14.8 2.1
-19.6 -24.4 3.7
-20.4 -15.6 3.7
-18.4 -14.8 0.1
-18.4 -14.8 0.9
-18.4 -24.4 3.3
-23.2 -15.6 0.1
-23.2 -15.6 0.9
-24.4 -16.8 0.1
-24.4 -16.8 0.9
-24.4 -23.2 0.1
-24.4 -23.2 0.9
-16.8 -15.6 0.1
-16.8 -15.6 0.9
-24.8 -22.4 1.5
-19 -24.8 2.9
-19 -24.8 2.9
-24.8 -17.4 0.5
-19.2 -14.6 0.5
-24.8 -22.6 0.5
-17 -17.2 4.1
-20.8 -14.6 0.5
-19.2 -14.6 0.5
-24.4 -17 1.7
-17 -15.6 1.7
-15.2 -17.6 1.5
-20 -15.2 3.1
-18.8 -24.4 3.5
-19 -15.2 2.9
-15.2 -17.4 0.5
-17.4 -15.2 0.5
-17 -16.4 3.3
-20.2 -24.8 3.1
-18.6 -24.8 2.7
-23.4 -15.8 1.3
-16.6 -15.8 1.3
-24.8 -17.4 0.3
-24.8 -17.4 0.7
-19.2 -14.6 0.3
-19.2 -14.6 0.7
-24.8 -22.6 0.3
-24.8 -22.6 0.7
-24.8 -22.2 1.9
-20.8 -14.6 0.3
-20.8 -14.6 0.7
-19.2 -14.6 0.3
-19.2 -14.6 0.7
-23.2 -15.8 1.9
-20 -15 2.7
-18.6 -15.2 2.7
-17 -16 2.7
-16.8 -15.8 1.9
-17.8 -23 4.5
-15.2 -17.8 1.9
-15.2 -17.4 0.3
-15.2 -17.4 0.7
-15 -17.8 0.5
-24.2 -16.6 1.3
-25 -22.2 0.5
-17.4 -15.2 0.3
-17.4 -15.2 0.7
-19.2 -24.2 3.9
-18.6 -24.2 3.7
-24.2 -16.8 1.9
-23.8 -16.2 1.5
-16.2 -16.2 1.5
-19 -23.8 4.3
-19.4 -14.6 1.1
-20.6 -14.6 1.1
-19.4 -14.6 1.1
-17 -15.8 2.3
-19.8 -15 2.7
-18.6 -24.6 3.1
-15 -17.8 0.3
-15 -17.8 0.7
-24.6 -17.4 1.9
-25 -22.2 0.3
-25 -22.2 0.7
-18.2 -24.2 3.5
-17.4 -15.4 1.9
-24.2 -17 2.3
-18.8 -14.8 1.7
-16.4 -16.4 2.5
-24.8 -19.6 3.1
-18.4 -23.8 4.1
-24.8 -17.4 0.1
-24.8 -17.4 0.9
-19.6 -14.6 1.3
-19.2 -14.6 0.1
-19.2 -14.6 0.9
-24.8 -22.6 0.1
-24.8 -22.6 0.9
-24.4 -22.4 2.7
-20.8 -14.6 0.1
-20.8 -14.6 0.9
-19.6 -14.6 1.3
-19.2 -14.6 0.1
-19.2 -14.6 0.9
-23.6 -16.2 2.1
-20.6 -14.8 2.1
-20.6 -14.8 2.1
-16.4 -16.2 2.1
-16.2 -16.4 2.1
-19 -24 4.1
-20.6 -15.6 3.7
-20.4 -15.2 3.1
-18.4 -14.8 1.1
-21 -16 4.1
-19.4 -24.4 3.7
-19 -24 4.1
-23.6 -16 1.5
-23.2 -15.6 1.1
-15.2 -17.4 0.1
-15.2 -17.4 0.9
-24.4 -16.8 1.1
-24.4 -23.2 1.1
-17.4 -15.2 0.1
-17.4 -15.2 0.9
-16.8 -15.6 1.1
-16.4 -16 1.5
-16 -16.4 1.5
-23.2 -17.4 4.1
-22.6 -16.8 4.1
-17.4 -23.2 4.1
-17.4 -16.8 4.1
-16.4 -21.6 4.3
-17.4 -16.4 3.7
-16.8 -16.4 3.1
-23.4 -16.2 2.5
-16.6 -16.2 2.5
-16.2 -16.6 2.5
-19 -14.8 1.9
-18.6 -14.8 1.5
-21.4 -14.8 1.5
-21 -14.8 1.9
-15 -18 1.5
-24.6 -17.2 1.5
-19.6 -15 2.7
-19 -15 2.5
-24.6 -22.8 1.5
-19.6 -25 2.7
-19 -25 2.5
-17.2 -15.4 1.5
-15 -17.8 0.1
-15 -17.8 0.9
-25 -22.2 0.1
-25 -22.2 0.9
-24.6 -22.2 2.5
-17.2 -16.2 3.3
-22.8 -17.2 4.3
-17.2 -17.2 4.3
-23.4 -16 2.1
-16 -16.6 2.1
-24.4 -17.4 2.5
-17.4 -15.6 2.5
-18.4 -15 2.1
-18.4 -25 2.1
-18.4 -24 3.9
-24.8 -19.4 3.1
-24.8 -17.4 1.1
-19.4 -14.6 1.3
-19.2 -14.6 1.1
-19 -14.6 0.5
-24.8 -22.6 1.1
-21 -14.6 0.5
-20.8 -14.6 1.1
-20.6 -14.6 1.3
-19.4 -14.6 1.3
-19.2 -14.6 1.1
-19 -14.6 0.5
-20.6 -15.2 3.1
-19.4 -15.2 3.1
-24.6 -22.4 2.3
-18.2 -24.6 2.9
-15.2 -17.4 1.1
-20 -15.4 3.5
-24.6 -17 0.5
-24.6 -23 0.5
-17.4 -15.2 1.1
-17 -15.4 0.5
-24.2 -17.4 2.9
-17 -16.2 3.1
-23.4 -15.8 1.5
-16.6 -15.8 1.5
-19 -14.6 0.3
-19 -14.6 0.7
-21 -15.8 3.9
-18.2 -25 1.9
-21 -14.6 0.3
-21 -14.6 0.7
-19 -14.6 0.3
-19 -14.6 0.7
-17.4 -16.2 3.5
-18.6 -15 2.3
-18.6 -25 2.3
-19.4 -15 2.7
-19.4 -25 2.7
-25 -19.4 2.7
-19.8 -24.6 3.5
-15 -17.8 1.1
-20.2 -15.4 3.5
-19.8 -15.4 3.5
-24.6 -17 0.3
-24.6 -17 0.7
-24.2 -16.6 1.5
-25 -22.2 1.1
-24.6 -23 0.3
-24.6 -23 0.7
-23 -17.4 4.3
-17 -15.4 0.3
-17 -15.4 0.7
-19 -24.2 3.9
-24.8 -22.4 1.7
-18.8 -24.8 2.9
-19.2 -14.8 2.1
-18.8 -24.8 2.9
-20.8 -14.8 2.1
-18.4 -14.8 1.3
-19.2 -24.4 3.7
-24.4 -19.2 3.7
-15.2 -17.6 1.7
-23.2 -15.6 1.3
-24.4 -16.8 1.3
-24.4 -23.2 1.3
-16.8 -15.6 1.3
-18.8 -15.2 2.9
-23.2 -16 2.5
-20 -14.8 2.3
-16.6 -16.4 2.9
-23.8 -16.2 1.7
-16.2 -16.2 1.7
-17.2 -15.8 2.7
-18.8 -23.8 4.3
-24.4 -17 1.9
-19.6 -14.6 1.5
-19 -14.6 0.1
-19 -14.6 0.9
-21 -14.6 0.1
-21 -14.6 0.9
-19 -14.6 0.1
-19 -14.6 0.9
-17 -15.6 1.9
-19.8 -14.8 2.3
-19.6 -24.6 3.5
-20.4 -15.4 3.5
-24.6 -17 0.1
-24.6 -17 0.9
-24.2 -17.2 2.7
-24.6 -23 0.1
-24.6 -23 0.9
-19.6 -24.6 3.5
-24.6 -19.6 3.5
-17 -15.4 0.1
-17 -15.4 0.9
-18.8 -24 4.1
-23.6 -16 1.7
-16.4 -16 1.7
-16 -16.4 1.7
-18.8 -23.6 4.5
-21.2 -16.4 4.5
-16.4 -21.2 4.5
-19.2 -24.8 3.1
-19.2 -24.8 3.1
-24.8 -19.2 3.1
-24.4 -17.2 2.3
-24.4 -22.8 2.3
-17.2 -15.6 2.3
-20 -23.8 4.5
-24 -16.2 0.5
-23.8 -16 0.5
-24.8 -17.4 1.3
-19.2 -14.6 1.3
-24.8 -22.6 1.3
-18.4 -24.8 2.7
-18.2 -24.4 3.3
-20.8 -14.6 1.3
-19.2 -14.6 1.3
-16.2 -16 0.5
-16 -16.2 0.5
-20.4 -14.8 2.3
-19.6 -14.8 2.3
-18.6 -14.8 1.7
-24.8 -22.2 2.1
-21.4 -14.8 1.7
-23.2 -16.2 2.9
-18.8 -14.8 1.9
-16.8 -16.2 2.9
-23.2 -15.8 2.1
-15 -18 1.7
-24.6 -17.2 1.7
-24.6 -22.8 1.7
-17.2 -15.4 1.7
-16.8 -15.8 2.1
-15.2 -17.4 1.3
-18.8 -15 2.5
-18.4 -15.2 2.7
-17.4 -15.2 1.3
-15.2 -17.8 2.1
-22.4 -16.8 4.3
-18.8 -24.6 3.3
-16.8 -17.6 4.3
-24.2 -16.8 2.1
-19.8 -23.8 4.5
-24 -16.2 0.3
-24 -16.2 0.7
-23.8 -16 0.3
-23.8 -16 0.7
-16.2 -16 0.3
-16.2 -16 0.7
-16 -16.2 0.3
-16 -16.2 0.7
-19.2 -25 2.7
-25 -19.2 2.7
-20.2 -24 4.3
-15 -17.8 1.3
-25 -22.2 1.3
-18.4 -24.6 3.1
-24.6 -17.4 2.1
-17.4 -15.4 2.1
-19.4 -14.6 1.5
-19 -14.6 1.1
-21 -14.6 1.1
-20.6 -14.6 1.5
-19.4 -14.6 1.5
-19 -14.6 1.1
-20.6 -15.4 3.5
-24.6 -17 1.1
-24.6 -23 1.1
-19.4 -24.6 3.5
-17 -15.4 1.1
-19.6 -23.8 4.5
-24 -16.2 0.1
-24 -16.2 0.9
-23.8 -16 0.1
-23.8 -16 0.9
-16.2 -16 0.1
-16.2 -16 0.9
-16 -16.2 0.1
-16 -16.2 0.9
-19 -14.8 2.1
-21 -14.8 2.1
-22.6 -17.2 4.5
-19 -24.4 3.7
-18.8 -14.6 0.5
-18.4 -14.8 1.5
-19 -24.4 3.7
-17.2 -17.4 4.5
-21.2 -14.6 0.5
-18.8 -14.6 0.5
-23.6 -15.8 0.5
-16.4 -15.8 0.5
-19.6 -24 4.3
-23.2 -15.6 1.5
-24.4 -16.8 1.5
-24.4 -23.2 1.5
-19.6 -24 4.3
-17.4 -16 3.3
-16.8 -15.6 1.5
-23.4 -15.8 1.7
-16.6 -15.8 1.7
-23.6 -16.2 2.3
-20.6 -14.8 2.3
-20.6 -14.8 2.3
-17 -15.8 2.5
-16.4 -16.2 2.3
-16.2 -16.4 2.3
-18.8 -14.6 0.3
-18.8 -14.6 0.7
-21.2 -15.8 3.9
-21.2 -14.6 0.3
-21.2 -14.6 0.7
-18.8 -14.6 0.3
-18.8 -14.6 0.7
-23.6 -15.8 0.3
-23.6 -15.8 0.7
-16.4 -15.8 0.3
-16.4 -15.8 0.7
-24.2 -16.6 1.7
-20.2 -24.2 4.1
-19.8 -24.2 4.1
-24.2 -17 2.5
-18.8 -24.2 3.9
-18.8 -24.2 3.9
-23.2 -16.8 3.7
-24.8 -22.4 1.9
-18.6 -24.8 2.9
-19.6 -14.6 1.7
-22.4 -17 4.5
-15.2 -17.6 1.9
-15 -17.6 0.5
-18.8 -14.6 0.1
-18.8 -14.6 0.9
-25 -22.4 0.5
-17.6 -17 4.5
-21.2 -14.6 0.1
-21.2 -14.6 0.9
-18.8 -14.6 0.1
-18.8 -14.6 0.9
-23.6 -15.8 0.1
-23.6 -15.8 0.9
-20 -15 2.9
-18.6 -15.2 2.9
-17 -16 2.9
-16.4 -15.8 0.1
-16.4 -15.8 0.9
-16.4 -16.4 2.7
-19 -24.8 3.1
-24 -16.2 1.1
-23.8 -16 1.1
-24.8 -17.4 1.5
-19.2 -14.6 1.5
-19 -14.6 1.3
-24.8 -22.6 1.5
-20.8 -14.6 1.5
-19.2 -14.6 1.5
-19 -14.6 1.3
-16.2 -16 1.1
-16 -16.2 1.1
-23.4 -16 2.3
-18.2 -25 2.1
-16 -16.6 2.3
-15 -17.6 0.3
-15 -17.6 0.7
-19 -15.2 3.1
-25 -22.4 0.3
-25 -22.4 0.7
-19.8 -15 2.9
-18.4 -15 2.3
-18.4 -25 2.3
-19.2 -24.6 3.5
-15.2 -17.4 1.5
-24.6 -17 1.3
-24.6 -23 1.3
-24.6 -19.2 3.5
-17.4 -15.2 1.5
-17 -15.4 1.3
-16.8 -16.6 3.5
-23 -16.8 3.9
-23.8 -16.2 1.9
-16.2 -16.2 1.9
-23.4 -16.2 2.7
-18.6 -23.8 4.3
-16.6 -16.2 2.7
-19 -25 2.7
-15 -17.8 1.5
-25 -22.2 1.5
-24.6 -22.2 2.7
-24.8 -17.2 0.5
-24.8 -22.8 0.5
-24.4 -22.4 2.9
-17.2 -15.2 0.5
-20 -15.2 3.3
-24.8 -17.2 0.3
-24.8 -17.2 0.7
-24.8 -22.8 0.3
-24.8 -22.8 0.7
-20.2 -24.8 3.3
-23.4 -15.6 0.5
-24.4 -16.6 0.5
-16.6 -15.6 0.5
-24.4 -17 2.1
-19.2 -14.8 2.3
-20.8 -14.8 2.3
-17 -15.6 2.1
-15 -17.6 0.1
-15 -17.6 0.9
-25 -22.4 0.1
-25 -22.4 0.9
-18.6 -24 4.1
-18.4 -24.4 3.5
-17.2 -15.2 0.3
-17.2 -15.2 0.7
-19.6 -15 2.9
-19.6 -25 2.9
-23.6 -16 1.9
-24.6 -22.4 2.5
-16.4 -21.4 4.5
-16.4 -16 1.9
-16 -16.4 1.9
-23.4 -15.6 0.3
-23.4 -15.6 0.7
-24.4 -16.6 0.3
-24.4 -16.6 0.7
-18.6 -14.8 1.9
-21.4 -14.8 1.9
-16.6 -15.6 0.3
-16.6 -15.6 0.7
-19.4 -14.6 1.7
-20.6 -14.6 1.7
-19.4 -14.6 1.7
-15 -18 1.9
-20.2 -15.6 3.9
-24.4 -17.4 2.7
-18.8 -14.6 1.1
-18.6 -15 2.5
-24.6 -22.8 1.9
-18.6 -25 2.5
-24.4 -19.8 3.9
-21.2 -14.6 1.1
-18.8 -14.6 1.1
-17.2 -15.4 1.9
-23.6 -15.8 1.1
-16.4 -15.8 1.1
-18.6 -24.6 3.3
-17 -16.4 3.5
-19.4 -24.2 4.1
-24.8 -17.2 0.1
-24.8 -17.2 0.9
-24.8 -22.8 0.1
-24.8 -22.8 0.9
-24.8 -19.6 3.3
-14.8 -18 0.5
-20 -14.8 2.5
-17.2 -15.2 0.1
-17.2 -15.2 0.9
-18.8 -14.8 2.1
-18.4 -14.8 1.7
-17.2 -16.8 4.1
-16.8 -17.2 4.1
-20.4 -15.2 3.3
-18.8 -24.4 3.7
-23.2 -15.6 1.7
-24.4 -16.8 1.7
-24.4 -23.2 1.7
-16.8 -15.6 1.7
-16.8 -16.4 3.3
-24 -16.2 1.3
-23.8 -16 1.3
-23.4 -15.6 0.1
-23.4 -15.6 0.9
-24.4 -16.6 0.1
-24.4 -16.6 0.9
-16.6 -15.6 0.1
-16.6 -15.6 0.9
-16.2 -16 1.3
-16 -16.2 1.3
-19.6 -24.4 3.9
-14.8 -18 0.3
-14.8 -18 0.7
-20.4 -15.6 3.9
-19.8 -14.8 2.5
-23.2 -16 2.7
-17.8 -23.2 4.5
-17.8 -16.8 4.5
-18.6 -14.6 0.5
-21.4 -14.6 0.5
-24.8 -22.2 2.3
-15 -17.6 1.1
-25 -22.4 1.1
-23.2 -15.8 2.3
-19.4 -15 2.9
-19.4 -25 2.9
-25 -19.4 2.9
-15.2 -17.8 2.3
-18.2 -24.2 3.7
-24.2 -16.8 2.3
-23.4 -15.8 1.9
-16.6 -15.8 1.9
-19 -14.6 1.5
-18.6 -14.6 0.3
-18.6 -14.6 0.7
-21.4 -14.6 0.3
-21.4 -14.6 0.7
-19 -14.6 1.5
-18.2 -24.6 3.1
-24.6 -17 1.5
-24.2 -16.6 1.9
-24.6 -23 1.5
-17 -15.4 1.5
-24.6 -17.4 2.3
-17.4 -15.4 2.3
-24.2 -17.4 3.1
-18.6 -24.2 3.9
-24.4 -17.2 2.5
-24.4 -22.8 2.5
-17.2 -15.6 2.5
-14.8 -18 0.1
-14.8 -18 0.9
-20.4 -14.8 2.5
-19.6 -14.8 2.5
-24.8 -17.2 1.1
-24.8 -22.8 1.1
-18.8 -24.8 3.1
-18.8 -24.8 3.1
-24.8 -19.4 3.3
-17.2 -15.8 2.9
-24.8 -17.4 1.7
-19.2 -14.6 1.7
-24.8 -22.6 1.7
-20.8 -14.6 1.7
-19.2 -14.6 1.7
-18.8 -14.6 1.3
-21.2 -14.6 1.3
-18.8 -14.6 1.3
-17.2 -15.2 1.1
-23.6 -15.8 1.3
-16.4 -15.8 1.3
-20.6 -15.2 3.3
-19.4 -15.2 3.3
-18.8 -15.2 3.1
-15.2 -17.4 1.7
-24.2 -17.2 2.9
-17.4 -15.2 1.7
-19.2 -24.2 4.1
-17.2 -16.2 3.5
-23.4 -15.6 1.1
-24.4 -16.6 1.1
-19.6 -14.6 1.9
-18.6 -14.6 0.1
-18.6 -14.6 0.9
-21.4 -14.6 0.1
-21.4 -14.6 0.9
-17 -16.2 3.3
-16.6 -15.6 1.1
-19 -14.8 2.3
-21 -14.8 2.3
-20.6 -15.6 3.9
-19.4 -24.4 3.9
-17 -17.2 4.3
-18.8 -15 2.7
-15 -17.8 1.7
-25 -22.2 1.7
-17.4 -16.4 3.9
-24.8 -22.4 2.1
-18.4 -24.8 2.9
-15.2 -17.6 2.1
-18.4 -15.2 2.9
-23.6 -16.2 2.5
-15 -17.6 1.3
-14.8 -18 1.1
-20.6 -14.8 2.5
-25 -22.4 1.3
-20.6 -14.8 2.5
-16.4 -16.2 2.5
-16.2 -16.4 2.5
-19.2 -25 2.9
-25 -19.2 2.9
-20 -15.4 3.7
-23.2 -15.4 0.5
-24.6 -16.8 0.5
-24.6 -23.2 0.5
-16.8 -15.4 0.5
-23.8 -16.2 2.1
-16.2 -16.2 2.1
-19 -23.8 4.5
-24 -16.2 1.5
-23.8 -16 1.5
-18.4 -23.8 4.3
-16.2 -16 1.5
-16 -16.2 1.5
-23.2 -16.2 3.1
-17.4 -16.2 3.7
-16.8 -16.2 3.1
-19 -24 4.3
-21 -16 4.3
-19 -24 4.3
-19.8 -24.6 3.7
-20.2 -15.4 3.7
-19.8 -15.4 3.7
-22.6 -16.8 4.3
-17.4 -23.2 4.3
-23.2 -15.4 0.3
-23.2 -15.4 0.7
-24.6 -16.8 0.3
-24.6 -16.8 0.7
-24.6 -23.2 0.3
-24.6 -23.2 0.7
-17.4 -16.8 4.3
-16.8 -15.4 0.3
-16.8 -15.4 0.7
-19.4 -14.6 1.9
-18.6 -14.6 1.1
-21.4 -14.6 1.1
-20.6 -14.6 1.9
-19.4 -14.6 1.9
-18.2 -25 2.3
-17 -15.8 2.7
-24.2 -17 2.7
-24.8 -17.2 1.3
-24.8 -22.8 1.3
-19.2 -24.8 3.3
-24.8 -19.2 3.3
-17.2 -15.2 1.3
-18.4 -24 4.1
-23.6 -16 2.1
-16.4 -16 2.1
-16 -16.4 2.1
-19.6 -14.4 0.5
-16.4 -21.6 4.5
-19.6 -14.4 0.5
-24.4 -16.6 1.3
-16.6 -15.6 1.3
-18.6 -14.8 2.1
-21.4 -14.8 2.1
-23.4 -16 2.5
-18.4 -14.8 1.9
-19.2 -24.4 3.9
-24.4 -19.2 3.9
-16 -16.6 2.5
-15 -18 2.1
-24.6 -22.8 2.1
-17.2 -15.4 2.1
-23.2 -15.6 1.9
-24.4 -16.8 1.9
-18.4 -15 2.5
-24.4 -23.2 1.9
-18.4 -25 2.5
-16.8 -15.6 1.9
-19.6 -24.6 3.7
-20.4 -15.4 3.7
-19.6 -14.4 0.3
-19.6 -14.4 0.7
-19.6 -24.6 3.7
-18.4 -24.6 3.3
-24.6 -19.6 3.7
-19.6 -14.4 0.3
-19.6 -14.4 0.7
-23.2 -15.4 0.1
-23.2 -15.4 0.9
-24.6 -16.8 0.1
-24.6 -16.8 0.9
-24.6 -23.2 0.1
-24.6 -23.2 0.9
-16.8 -15.4 0.1
-16.8 -15.4 0.9
-18.2 -24.4 3.5
-24.4 -17 2.3
-19 -14.6 1.7
-21 -15.8 4.1
-19 -14.6 1.7
-17 -15.6 2.3
-18.8 -14.6 1.5
-21.2 -14.6 1.5
-18.8 -14.6 1.5
-23.6 -15.8 1.5
-16.4 -15.8 1.5
-24.6 -17 1.7
-24.6 -23 1.7
-17 -15.4 1.7
-19 -24.2 4.1
-18.8 -24.6 3.5
-22.8 -17.2 4.5
-17.2 -17.2 4.5
-14.8 -18 1.3
-19.2 -14.8 2.5
-20.8 -14.8 2.5
-19.6 -14.4 0.1
-19.6 -14.4 0.9
-19.6 -14.4 0.1
-19.6 -14.4 0.9
-16.4 -16.4 2.9
-18.4 -14.6 0.5
-18.8 -14.8 2.3
-20.6 -14.4 0.5
-19.4 -14.4 0.5
-20.6 -14.4 0.5
-19.4 -14.4 0.5
-23.4 -16.2 2.9
-16.6 -16.2 2.9
-23.4 -15.8 2.1
-24.8 -17.4 1.9
-19.2 -14.6 1.9
-18.6 -14.6 1.3
-24.8 -22.6 1.9
-21.4 -14.6 1.3
-20.8 -14.6 1.9
-19.2 -14.6 1.9
-16.6 -15.8 2.1
-15 -17.6 1.5
-20 -15 3.1
-18.6 -15.2 3.1
-18.4 -14.6 0.3
-18.4 -14.6 0.7
-25 -22.4 1.5
-19 -25 2.9
-15.2 -17.4 1.9
-15 -17.4 0.5
-25 -17.4 0.5
-25 -22.6 0.5
-24.6 -22.4 2.7
-23 -17.4 4.5
-17.4 -16 3.5
-17.4 -15.2 1.9
-24.2 -16.6 2.1
-20.6 -14.4 0.3
-20.6 -14.4 0.7
-20.6 -15.4 3.7
-19.4 -14.4 0.3
-19.4 -14.4 0.7
-19.4 -24.6 3.7
-20.6 -14.4 0.3
-20.6 -14.4 0.7
-19.4 -14.4 0.3
-19.4 -14.4 0.7
-24.6 -22.2 2.9
-23.2 -15.4 1.1
-24.6 -16.8 1.1
-24.6 -23.2 1.1
-16.8 -15.4 1.1
-18.6 -15 2.7
-18.6 -25 2.7
-15 -17.8 1.9
-15 -17.4 0.3
-15 -17.4 0.7
-25 -17.4 0.3
-25 -17.4 0.7
-25 -22.6 0.3
-25 -22.6 0.7
-25 -22.2 1.9
-24.8 -17.2 1.5
-24.8 -22.8 1.5
-24.4 -22.4 3.1
-19 -24.8 3.3
-18.8 -23.8 4.5
-24 -16.2 1.7
-23.8 -16 1.7
-19.6 -14.6 2.1
-16.2 -16 1.7
-16 -16.2 1.7
-20 -14.8 2.7
-18.4 -14.6 0.1
-18.4 -14.6 0.9
-24.8 -22.2 2.5
-17.2 -15.2 1.5
-24.4 -17.4 2.9
-23.2 -15.8 2.5
-14.8 -17.8 0.5
-19 -15.2 3.3
-20.6 -14.4 0.1
-20.6 -14.4 0.9
-15.2 -17.8 2.5
-19.6 -14.4 1.1
-19.4 -14.4 0.1
-19.4 -14.4 0.9
-18.8 -24 4.3
-20.6 -14.4 0.1
-20.6 -14.4 0.9
-19.6 -14.4 1.1
-19.4 -14.4 0.1
-19.4 -14.4 0.9
-24.2 -16.8 2.5
-25.2 -22.2 0.5
-24.4 -16.6 1.5
-16.6 -15.6 1.5
-19.8 -14.8 2.7
-19.6 -15 3.1
-19.6 -25 3.1
-19 -24.4 3.9
-15 -17.4 0.1
-15 -17.4 0.9
-14.8 -17.8 0.3
-14.8 -17.8 0.7
-25 -17.4 0.1
-25 -17.4 0.9
-25 -22.6 0.1
-25 -22.6 0.9
-24.6 -17.4 2.5
-17.4 -15.4 2.5
-25.2 -22.2 0.3
-25.2 -22.2 0.7
-24 -16 0.5
-16 -16 0.5
-22.4 -16.8 4.5
-20.8 -14.4 0.5
-19.2 -14.4 0.5
-16.8 -17.6 4.5
-20.8 -14.4 0.5
-19.2 -14.4 0.5
-23.2 -16 2.9
-24.8 -17 0.5
-24.4 -17.2 2.7
-24.8 -23 0.5
-24.8 -22.4 2.3
-24.4 -22.8 2.7
-17.2 -15.6 2.7
-14.8 -18 1.5
-19.6 -14.8 2.7
-19 -14.8 2.5
-21.2 -14.6 1.7
-21 -14.8 2.5
-18.8 -14.6 1.7
-20.2 -24 4.5
-24 -16 0.3
-24 -16 0.7
-23.6 -15.8 1.7
-15.2 -17.6 2.3
-14.8 -17.8 0.1
-14.8 -17.8 0.9
-20 -15.2 3.5
-21.2 -15.8 4.1
-17 -15.2 0.5
-16.4 -15.8 1.7
-16 -16 0.3
-16 -16 0.7
-19.2 -24.6 3.7
-20.8 -14.4 0.3
-20.8 -14.4 0.7
-19.2 -14.4 0.3
-19.2 -14.4 0.7
-24.6 -19.2 3.7
-20.8 -14.4 0.3
-20.8 -14.4 0.7
-19.2 -14.4 0.3
-19.2 -14.4 0.7
-16.8 -16.6 3.7
-23.2 -16.8 3.9
-18.8 -24.2 4.1
-23.2 -15.4 1.3
-24.6 -16.8 1.3
-24.6 -23.2 1.3
-18.8 -24.2 4.1
-16.8 -15.4 1.3
-25.2 -22.2 0.1
-25.2 -22.2 0.9
-23.8 -15.8 0.5
-16.2 -15.8 0.5
-20.2 -24.8 3.5
-24.8 -17 0.3
-24.8 -17 0.7
-24.8 -23 0.3
-24.8 -23 0.7
-19.4 -14.6 2.1
-18.4 -14.6 1.1
-20.6 -14.6 2.1
-19.4 -14.6 2.1
-24.2 -16.2 0.5
-17 -15.2 0.3
-17 -15.2 0.7
-20.6 -14.4 1.1
-19.4 -14.4 1.1
-20.6 -14.4 1.1
-19.4 -14.4 1.1
-23.8 -16.2 2.3
-16.2 -16.2 2.3
-23.8 -15.8 0.3
-23.8 -15.8 0.7
-16.2 -15.8 0.3
-16.2 -15.8 0.7
-19 -14.6 1.9
-18.6 -14.6 1.5
-21.4 -14.6 1.5
-19 -14.6 1.9
-19.4 -15 3.1
-19.4 -25 3.1
-25 -19.4 3.1
-24.2 -16.2 0.3
-24.2 -16.2 0.7
-15 -17.4 1.1
-25 -17.4 1.1
-24.6 -17 1.9
-25 -22.6 1.1
-24.6 -23 1.9
-18.6 -24.6 3.5
-17 -15.4 1.9
-20.2 -24.2 4.3
-19.8 -24.2 4.3
-19.6 -24 4.5
-24 -16 0.1
-24 -16 0.9
-18.4 -14.8 2.1
-19.6 -24 4.5
-18.4 -24.4 3.7
-16 -16 0.1
-16 -16 0.9
-20.8 -14.4 0.1
-20.8 -14.4 0.9
-23.2 -15.6 2.1
-24.4 -16.8 2.1
-19.6 -14.4 1.3
-19.2 -14.4 0.1
-19.2 -14.4 0.9
-24.4 -23.2 2.1
-20.8 -14.4 0.1
-20.8 -14.4 0.9
-19.6 -14.4 1.3
-19.2 -14.4 0.1
-19.2 -14.4 0.9
-16.8 -15.6 2.1
-24.8 -17 0.1
-24.8 -17 0.9
-24.8 -23 0.1
-24.8 -23 0.9
-24.8 -19.6 3.5
-15 -17.6 1.7
-25 -22.4 1.7
-20.4 -15.2 3.5
-17 -15.2 0.1
-17 -15.2 0.9
-23 -16.8 4.1
-23.6 -16 2.3
-18.8 -15 2.9
-17 -16.4 3.7
-16.4 -16 2.3
-16.8 -16.4 3.5
-23.8 -15.8 0.1
-23.8 -15.8 0.9
-16.2 -15.8 0.1
-16.2 -15.8 0.9
-17.2 -15.8 3.1
-23.6 -16.2 2.7
-15 -18 2.3
-20.6 -14.8 2.7
-18.6 -14.8 2.3
-24.6 -22.8 2.3
-18.2 -25 2.5
-21.4 -14.8 2.3
-20.6 -14.8 2.7
-17.2 -15.4 2.3
-16.4 -16.2 2.7
-16.2 -16.4 2.7
-24.2 -16.2 0.1
-24.2 -16.2 0.9
-14.8 -17.8 1.1
-24.2 -17.2 3.1
-18.2 -24.6 3.3
-24.2 -17.4 3.3
-25.2 -22.2 1.1
-24.8 -17.2 1.7
-24.8 -22.8 1.7
-18.8 -24.8 3.3
-18.8 -24.8 3.3
-17.2 -15.2 1.7
-23.6 -15.6 0.5
-16.4 -15.6 0.5
-18.8 -15.2 3.3
-24.4 -16.6 1.7
-18.4 -24.8 3.1
-16.6 -15.6 1.7
-20.2 -15.6 4.1
-24.8 -17.4 2.1
-24.4 -17 2.5
-19.2 -14.6 2.1
-18.4 -14.6 1.3
-24.8 -22.6 2.1
-24.4 -19.8 4.1
-20.8 -14.6 2.1
-19.2 -14.6 2.1
-17 -15.6 2.5
-24 -16 1.1
-23.6 -15.6 0.3
-23.6 -15.6 0.7
-18.4 -15.2 3.1
-18.8 -24.4 3.9
-16.4 -15.6 0.3
-16.4 -15.6 0.7
-16 -16 1.1
-21 -14.4 0.5
-20.8 -14.4 1.1
-20.6 -14.4 1.3
-15.2 -17.4 2.1
-19.4 -14.4 1.3
-19.2 -14.4 1.1
-19 -14.4 0.5
-21 -14.4 0.5
-20.8 -14.4 1.1
-20.6 -14.4 1.3
-19.4 -14.4 1.3
-19.2 -14.4 1.1
-19 -14.4 0.5
-17.4 -15.2 2.1
-24 -16.2 1.9
-23.8 -16 1.9
-24.8 -17 1.1
-24.8 -23 1.1
-18.6 -23.8 4.5
-24.8 -19.4 3.5
-16.2 -16 1.9
-16 -16.2 1.9
-23.4 -16 2.7
-19.2 -25 3.1
-25 -19.2 3.1
-17 -15.8 2.9
-16 -16.6 2.7
-15 -17.4 1.3
-20.6 -15.2 3.5
-25 -17.4 1.3
-18.4 -15 2.7
-25 -22.6 1.3
-18.6 -24 4.3
-18.4 -25 2.7
-17 -15.2 1.1
-21 -14.4 0.3
-21 -14.4 0.7
-15 -17.8 2.1
-19 -14.4 0.3
-19 -14.4 0.7
-25 -22.2 2.1
-21 -14.4 0.3
-21 -14.4 0.7
-19 -14.4 0.3
-19 -14.4 0.7
-23.2 -15.4 1.5
-24.6 -16.8 1.5
-24.2 -17 2.9
-24.6 -23.2 1.5
-16.8 -15.4 1.5
-23.8 -15.8 1.1
-16.2 -15.8 1.1
-23.4 -15.8 2.3
-17 -16.2 3.5
-16.6 -15.8 2.3
-24.2 -16.2 1.1
-24.2 -16.6 2.3
-18.2 -24.2 3.9
-19.4 -24.2 4.3
-19.6 -24.4 4.1
-14.8 -18 1.7
-20.4 -15.6 4.1
-23.6 -15.6 0.1
-23.6 -15.6 0.9
-18.8 -14.8 2.5
-16.4 -15.6 0.1
-16.4 -15.6 0.9
-17.2 -16.2 3.7
-19.2 -14.8 2.7
-20.8 -14.8 2.7
-16.8 -16.2 3.3
-14.8 -17.8 1.3
-17.2 -16.8 4.3
-16.8 -17.2 4.3
-21 -14.4 0.1
-21 -14.4 0.9
-19.6 -14.4 1.5
-19 -14.4 0.1
-19 -14.4 0.9
-21 -14.4 0.1
-21 -14.4 0.9
-19.6 -14.4 1.5
-19 -14.4 0.1
-19 -14.4 0.9
-25.2 -22.2 1.3
-18.6 -14.6 1.7
-21.4 -14.6 1.7
-19.6 -14.6 2.3
-21.2 -14.6 1.9
-18.8 -14.6 1.9
-23.6 -15.8 1.9
-16.4 -15.8 1.9
-18.6 -24.2 4.1
-24 -16 1.3
-16 -16 1.3
-20.8 -14.4 1.3
-19.2 -14.4 1.3
-20.8 -14.4 1.3
-19.2 -14.4 1.3
-19.2 -24.8 3.5
-24.8 -17 1.3
-24.8 -23 1.3
-24.8 -19.2 3.5
-20.6 -15.6 4.1
-19.4 -24.4 4.1
-23.6 -15.6 1.1
-24.6 -22.4 2.9
-17 -15.2 1.3
-16.4 -15.6 1.1
-17.4 -16.4 4.1
-16.4 -16.4 3.1
-23.8 -15.8 1.3
-16.2 -15.8 1.3
-15 -17.6 1.9
-19 -14.6 2.1
-18.4 -14.6 1.5
-25 -22.4 1.9
-24.8 -22.2 2.7
-19 -14.6 2.1
-24.2 -16.2 1.3
-23.4 -15.4 0.5
-23.2 -15.8 2.7
-24.6 -16.6 0.5
-18.6 -15 2.9
-18.6 -25 2.9
-16.6 -15.4 0.5
-21 -14.4 1.1
-20.6 -14.4 1.5
-15.2 -17.8 2.7
-20 -15.4 3.9
-24.6 -17 2.1
-19.4 -14.4 1.5
-19 -14.4 1.1
-24.6 -23 2.1
-18.4 -24.6 3.5
-21 -14.4 1.1
-20.6 -14.4 1.5
-19.4 -14.4 1.5
-19 -14.4 1.1
-17 -15.4 2.1
-19.2 -24.2 4.3
-24.2 -16.8 2.7
-23.4 -16.2 3.1
-16.6 -16.2 3.1
-19.4 -14.6 2.3
-20.6 -14.6 2.3
-19.4 -14.6 2.3
-19 -25 3.1
-17.4 -16.2 3.9
-23.4 -15.4 0.3
-23.4 -15.4 0.7
-15 -17.4 1.5
-25 -17.4 1.5
-24.6 -16.6 0.3
-24.6 -16.6 0.7
-25 -22.6 1.5
-16.6 -15.4 0.3
-16.6 -15.4 0.7
-19.8 -24.6 3.9
-19.8 -15.4 3.9
-24.6 -17.4 2.7
-24.6 -22.2 3.1
-24.8 -22.4 2.5
-14.8 -17.6 0.5
-20 -14.8 2.9
-15.2 -17.6 2.5
-18.8 -14.4 0.5
-25.2 -22.4 0.5
-21.2 -14.4 0.5
-18.8 -14.4 0.5
-24.8 -17.2 1.9
-24.8 -22.8 1.9
-14.8 -17.6 0.3
-14.8 -17.6 0.7
-19.8 -14.8 2.9
-25 -17.2 0.5
-18.4 -14.8 2.3
-25 -22.8 0.5
-18.2 -24.4 3.7
-17 -17.2 4.5
-17.2 -15.2 1.9
-20 -15 3.3
-18.6 -15.2 3.3
-23.2 -15.6 2.3
-24.4 -16.8 2.3
-24.4 -23.2 2.3
-16.8 -15.6 2.3
-23.2 -15.4 1.7
-24.6 -16.8 1.7
-18.8 -14.4 0.3
-18.8 -14.4 0.7
-25.2 -22.4 0.3
-25.2 -22.4 0.7
-24.6 -23.2 1.7
-18.8 -24.6 3.7
-21.2 -14.4 0.3
-21.2 -14.4 0.7
-18.8 -14.4 0.3
-18.8 -14.4 0.7
-16.8 -15.4 1.7
-23.8 -16.2 2.5
-16.2 -16.2 2.5
-24.4 -16.6 1.9
-16.6 -15.6 1.9
-25 -17.2 0.3
-25 -17.2 0.7
-24.4 -17.4 3.1
-19 -14.8 2.7
-25 -22.8 0.3
-25 -22.8 0.7
-21 -14.8 2.7
-23.4 -15.4 0.1
-23.4 -15.4 0.9
-14.8 -17.8 1.5
-24.6 -16.6 0.1
-24.6 -16.6 0.9
-16.6 -15.4 0.1
-16.6 -15.4 0.9
-19.6 -24.6 3.9
-20.4 -15.4 3.9
-19.6 -24.6 3.9
-24.6 -19.6 3.9
-25.2 -22.2 1.5
-24.4 -17.2 2.9
-24.4 -22.8 2.9
-17.2 -15.6 2.9
-14.8 -17.6 0.1
-14.8 -17.6 0.9
-24.4 -22.4 3.3
-19.2 -24.4 4.1
-24.4 -19.2 4.1
-19.6 -14.8 2.9
-16.4 -15.6 1.3
-23.6 -16 2.5
-19.6 -14.4 1.7
-19.6 -14.4 1.7
-18.8 -14.4 0.1
-18.8 -14.4 0.9
-25.2 -22.4 0.1
-25.2 -22.4 0.9
-21.2 -14.4 0.1
-21.2 -14.4 0.9
-18.8 -14.4 0.1
-18.8 -14.4 0.9
-24 -16.2 2.1
-23.8 -16 2.1
-14.8 -18 1.9
-25 -17.2 0.1
-25 -17.2 0.9
-25 -22.8 0.1
-25 -22.8 0.9
-21.4 -14.8 2.5
-16.2 -16 2.1
-16 -16.2 2.1
-19 -24 4.5
-24 -16 1.5
-15 -18 2.5
-19.6 -15 3.3
-21 -16 4.5
-19.6 -25 3.3
-19 -24 4.5
-17.2 -15.4 2.5
-16 -16 1.5
-21 -14.4 1.3
-20.8 -14.4 1.5
-23.2 -16 3.1
-19.2 -14.4 1.5
-19 -14.4 1.3
-18.4 -24 4.3
-21 -14.4 1.3
-19.2 -14.4 1.5
-19 -14.4 1.3
-17.4 -16 3.7
-22.6 -16.8 4.5
-17.4 -23.2 4.5
-17.4 -16.8 4.5
-24.8 -17.4 2.3
-24.8 -17 1.5
-19.2 -14.6 2.3
-24.8 -23 1.5
-24.8 -22.6 2.3
-20.8 -14.6 2.3
-19.2 -14.6 2.3
-15.2 -17.4 2.3
-19 -15.2 3.5
-17.4 -15.2 2.3
-17 -15.2 1.5
-23.8 -15.8 1.5
-16.2 -15.8 1.5
-18.6 -14.6 1.9
-21.4 -14.6 1.9
-21 -15.8 4.3
-18.2 -25 2.7
-24.2 -16.2 1.5
-23.4 -15.4 1.1
-15 -17.8 2.3
-24.6 -16.6 1.1
-25 -22.2 2.3
-16.6 -15.4 1.1
-20.6 -15.4 3.9
-19.4 -24.6 3.9
-19 -24.2 4.3
-23.6 -16.2 2.9
-14.8 -17.6 1.1
-14.6 -18 0.5
-20.6 -14.8 2.9
-20.6 -14.8 2.9
-16.4 -16.2 2.9
-16.2 -16.4 2.9
-18.8 -14.6 2.1
-16.4 -15.8 2.1
-20.6 -14.4 1.7
-19.4 -14.4 1.7
-20.6 -14.4 1.7
-19.4 -14.4 1.7
-18.8 -14.4 1.1
-25.2 -22.4 1.1
-21.2 -14.4 1.1
-18.8 -14.4 1.1
-23.4 -15.8 2.5
-14.6 -18 0.3
-14.6 -18 0.7
-25 -17.2 1.1
-24.4 -17 2.7
-25 -22.8 1.1
-17 -15.6 2.7
-16.6 -15.8 2.5
-15 -17.4 1.7
-19.4 -15 3.3
-18.8 -15 3.1
-25 -19.4 3.3
-24.2 -16.6 2.5
-24.8 -16.8 0.5
-24.8 -23.2 0.5
-20 -15.2 3.7
-23.2 -15.2 0.5
-16.8 -15.2 0.5
-17.2 -15.8 3.3
-20.2 -24.8 3.7
-14.6 -18 0.1
-14.6 -18 0.9
-19.6 -14.6 2.5
-19 -24.4 4.1
-23.4 -16 2.9
-15 -17.6 2.1
-14.8 -17.8 1.7
-24.8 -16.8 0.3
-24.8 -16.8 0.7
-18.8 -14.8 2.7
-18.4 -15 2.9
-25 -22.4 2.1
-24.8 -23.2 0.3
-24.8 -23.2 0.7
-18.4 -25 2.9
-16.4 -15.6 1.5
-16 -16.6 2.9
-24.2 -17.2 3.3
-18.6 -14.4 0.5
-21.4 -14.4 0.5
-23.2 -15.2 0.3
-23.2 -15.2 0.7
-16.8 -15.2 0.3
-16.8 -15.2 0.7
-25.2 -22.2 1.7
-23.4 -15.4 1.3
-24.6 -16.6 1.3
-16.6 -15.4 1.3
-19.2 -24.6 3.9
-21 -14.4 1.5
-19 -14.4 1.5
-18.6 -14.4 0.3
-18.6 -14.4 0.7
-18.6 -24.6 3.7
-24.6 -19.2 3.9
-21.4 -14.4 0.3
-21.4 -14.4 0.7
-21 -14.4 1.5
-19 -14.4 1.5
-16.8 -16.6 3.9
-23.2 -15.4 1.9
-24.6 -16.8 1.9
-24.6 -23.2 1.9
-16.8 -15.4 1.9
-19 -14.6 2.3
-19 -14.6 2.3
-17 -15.8 3.1
-24.6 -17 2.3
-18.2 -24.6 3.5
-17 -15.4 2.3
-24.2 -17 3.1
-24.2 -17.4 3.5
-24.8 -17.2 2.1
-24.8 -22.8 2.1
-14.8 -17.6 1.3
-19.2 -14.8 2.9
-18.4 -24.8 3.3
-24.8 -19.6 3.7
-20.8 -14.8 2.9
-24 -16 1.7
-24.8 -16.8 0.1
-24.8 -16.8 0.9
-24.8 -23.2 0.1
-24.8 -23.2 0.9
-17.2 -15.2 2.1
-16 -16 1.7
-20.8 -14.4 1.7
-19.2 -14.4 1.7
-18.4 -15.2 3.3
-18.8 -24 4.5
-19.2 -14.4 1.7
-23.2 -15.2 0.1
-23.2 -15.2 0.9
-18.8 -14.4 1.3
-25.2 -22.4 1.3
-21.2 -14.4 1.3
-18.8 -14.4 1.3
-16.8 -15.2 0.1
-16.8 -15.2 0.9
-23.2 -16.8 4.1
-16.8 -16.4 3.7
-24.8 -17 1.7
-24.8 -23 1.7
-25 -17.2 1.3
-24.4 -16.6 2.1
-25 -22.8 1.3
-18.8 -24.8 3.5
-16.6 -15.6 2.1
-18.4 -24.4 3.9
-25 -19.2 3.3
-17 -15.2 1.7
-19.6 -14.4 1.9
-18.8 -15.2 3.5
-18.6 -14.4 0.1
-18.6 -14.4 0.9
-21.4 -14.4 0.1
-21.4 -14.4 0.9
-19.6 -14.4 1.9
-23.8 -15.8 1.7
-16.2 -15.8 1.7
-14.6 -18 1.1
-19.4 -14.6 2.5
-20.6 -14.6 2.5
-19.4 -14.6 2.5
-24.2 -16.2 1.7
-18.8 -24.2 4.3
-18.8 -24.2 4.3
-14.8 -18 2.1
-18.4 -14.8 2.5
-23.2 -15.6 2.5
-24.4 -16.8 2.5
-24.4 -23.2 2.5
-16.8 -15.6 2.5
-24.8 -22.4 2.7
-24.8 -19.4 3.7
-24 -15.8 0.5
-23.2 -15.8 2.9
-15.2 -17.6 2.7
-24.8 -16.8 1.1
-24.8 -23.2 1.1
-24.8 -22.2 2.9
-16 -15.8 0.5
-20.6 -15.2 3.7
-24.2 -16 0.5
-23.2 -15.2 1.1
-15.2 -17.8 2.9
-16.8 -15.2 1.1
-24.2 -16.8 2.9
-24 -16.2 2.3
-23.8 -16 2.3
-16.2 -16 2.3
-16 -16.2 2.3
-18.6 -14.6 2.1
-21.4 -14.6 2.1
-24 -15.8 0.3
-24 -15.8 0.7
-24.6 -22.4 3.1
-16.8 -16.2 3.5
-16 -15.8 0.3
-16 -15.8 0.7
-20.6 -14.4 1.9
-19.4 -14.4 1.9
-18.6 -14.4 1.1
-21.4 -14.4 1.1
-20.6 -14.4 1.9
-19.4 -14.4 1.9
-23 -16.8 4.3
-20.2 -24.2 4.5
-19.8 -24.2 4.5
-24.2 -16 0.3
-24.2 -16 0.7
-24.6 -17.4 2.9
-23.8 -16.2 2.7
-18.6 -15 3.1
-18.6 -25 3.1
-23.4 -15.4 1.5
-15 -17.4 1.9
-24.6 -16.6 1.5
-16.6 -15.4 1.5
-18.8 -24.4 4.1
-16.4 -15.6 1.7
-16.4 -16.4 3.3
-24.4 -16.2 0.5
-23.8 -15.6 0.5
-16.2 -15.6 0.5
-14.8 -17.6 1.5
-14.6 -18 1.3
-20 -14.8 3.1
-19.2 -14.6 2.5
-19 -14.8 2.9
-24.8 -22.6 2.5
-21 -14.8 2.9
-20.8 -14.6 2.5
-19.2 -14.6 2.5
-24 -15.8 0.1
-24 -15.8 0.9
-14.8 -17.4 0.5
-16 -15.8 0.1
-16 -15.8 0.9
-21 -14.4 1.7
-23.6 -16 2.7
-15.2 -17.4 2.5
-19.6 -14.2 0.5
-19 -14.4 1.7
-21 -14.4 1.7
-19.6 -14.2 0.5
-19 -14.4 1.7
-17.4 -15.2 2.5
-24.2 -16 0.1
-24.2 -16 0.9
-18.8 -14.4 1.5
-25.2 -22.4 1.5
-21.2 -14.4 1.5
-18.8 -14.4 1.5
-25.2 -22.6 0.5
-17.2 -16.2 3.9
-24.4 -16.2 0.3
-24.4 -16.2 0.7
-23.8 -15.6 0.3
-23.8 -15.6 0.7
-23.4 -16.2 3.3
-16.6 -16.2 3.3
-16.2 -15.6 0.3
-16.2 -15.6 0.7
-19.8 -14.8 3.1
-25 -17.2 1.5
-25 -22.8 1.5
-21.4 -14.8 2.7
-18.8 -14.6 2.3
-15 -18 2.7
-14.8 -17.8 1.9
-14.8 -17.4 0.3
-14.8 -17.4 0.7
-20.2 -15.6 4.3
-19 -25 3.3
-24.4 -19.8 4.3
-17.2 -15.4 2.7
-16.4 -15.8 2.3
-15 -17.8 2.5
-19.6 -14.2 0.3
-19.6 -14.2 0.7
-25 -22.2 2.5
-18.2 -24.2 4.1
-19.6 -14.2 0.3
-19.6 -14.2 0.7
-24.6 -22.2 3.3
-25.2 -22.6 0.3
-25.2 -22.6 0.7
-25.2 -22.2 1.9
-19.2 -24.8 3.7
-24.8 -19.2 3.7
-24.8 -16.8 1.3
-24.8 -23.2 1.3
-23.2 -15.2 1.3
-18.4 -14.4 0.5
-16.8 -15.2 1.3
-24.4 -16.2 0.1
-24.4 -16.2 0.9
-23.8 -15.6 0.1
-23.8 -15.6 0.9
-24.4 -17.2 3.1
-24.4 -22.8 3.1
-16.2 -15.6 0.1
-16.2 -15.6 0.9
-19.6 -14.8 3.1
-19.6 -24.4 4.3
-24 -16 1.9
-14.8 -17.4 0.1
-14.8 -17.4 0.9
-20.4 -15.6 4.3
-18.6 -24 4.5
-16 -16 1.9
-20.8 -14.4 1.9
-19.6 -14.2 0.1
-19.6 -14.2 0.9
-19.2 -14.4 1.9
-21.4 -14.4 1.3
-19.6 -14.2 0.1
-19.6 -14.2 0.9
-19.2 -14.4 1.9
-18.4 -14.4 0.3
-18.4 -14.4 0.7
-18.4 -24.6 3.7
-23.2 -15.4 2.1
-24.6 -16.8 2.1
-25.2 -22.6 0.1
-25.2 -22.6 0.9
-24.6 -23.2 2.1
-16.8 -15.4 2.1
-24.8 -17 1.9
-24.8 -23 1.9
-24 -15.8 1.1
-15 -17.6 2.3
-14.6 -17.8 0.5
-20 -15 3.5
-25 -17 0.5
-18.6 -15.2 3.5
-25.4 -22.2 0.5
-25 -23 0.5
-25 -22.4 2.3
-18.2 -25 2.9
-17 -15.2 1.9
-16 -15.8 1.1
-20.6 -14.2 0.5
-19.4 -14.2 0.5
-20.6 -14.2 0.5
-19.4 -14.2 0.5
-19.4 -24.2 4.5
-24.2 -16 1.1
-23.8 -15.8 1.9
-16.2 -15.8 1.9
-23.4 -15.8 2.7
-16.6 -15.8 2.7
-24.2 -16.2 1.9
-14.6 -17.8 0.3
-14.6 -17.8 0.7
-25 -17 0.3
-25 -17 0.7
-25.4 -22.2 0.3
-25.4 -22.2 0.7
-25 -23 0.3
-25 -23 0.7
-20.6 -14.2 0.3
-20.6 -14.2 0.7
-24.2 -16.6 2.7
-19.4 -14.2 0.3
-19.4 -14.2 0.7
-20.6 -14.2 0.3
-20.6 -14.2 0.7
-19.4 -14.2 0.3
-19.4 -14.2 0.7
-23.2 -16 3.3
-19.6 -14.4 2.1
-18.4 -14.4 0.1
-18.4 -14.4 0.9
-19.6 -14.4 2.1
-24.8 -17.2 2.3
-24.4 -17 2.9
-24.4 -22.4 3.5
-17.2 -15.2 2.3
-20 -15.4 4.1
-23.6 -15.4 0.5
-16.4 -15.4 0.5
-24.4 -16.2 1.1
-23.8 -15.6 1.1
-16.2 -15.6 1.1
-23.6 -16.2 3.1
-14.6 -18 1.5
-20.6 -14.8 3.1
-24.4 -16.6 2.3
-19.6 -14.6 2.7
-19 -14.6 2.5
-18.2 -24.4 3.9
-20.6 -14.8 3.1
-19 -14.6 2.5
-17.4 -16.2 4.1
-16.6 -15.6 2.3
-16.4 -16.2 3.1
-16.2 -16.4 3.1
-23.4 -15.4 1.7
-14.8 -17.4 1.1
-14.6 -17.8 0.1
-14.6 -17.8 0.9
-20.6 -15.6 4.3
-25 -17 0.1
-25 -17 0.9
-24.6 -16.6 1.7
-19.6 -15 3.5
-25.4 -22.2 0.1
-25.4 -22.2 0.9
-25 -23 0.1
-25 -23 0.9
-19.6 -25 3.5
-19.4 -24.4 4.3
-19.8 -24.6 4.1
-20.6 -14.2 0.1
-20.6 -14.2 0.9
-19.8 -15.4 4.1
-24.6 -17 2.5
-19.6 -14.2 1.1
-19.4 -14.2 0.1
-19.4 -14.2 0.9
-20.6 -14.2 0.1
-20.6 -14.2 0.9
-19.6 -14.2 1.1
-19.4 -14.2 0.1
-19.4 -14.2 0.9
-17 -15.4 2.5
-23.6 -15.4 0.3
-23.6 -15.4 0.7
-18.8 -24.6 3.9
-17.4 -16.4 4.3
-16.4 -15.4 0.3
-16.4 -15.4 0.7
-25.2 -22.6 1.1
-14.8 -17.6 1.7
-18.8 -14.8 2.9
-18.8 -14.4 1.7
-25.2 -22.4 1.7
-21.2 -14.4 1.7
-18.8 -14.4 1.7
-25 -17.2 1.7
-25 -22.8 1.7
-24 -15.8 1.3
-24.8 -16.8 1.5
-24.8 -23.2 1.5
-16.4 -15.6 1.9
-16 -15.8 1.3
-20.8 -14.2 0.5
-20.4 -15.4 4.1
-19.2 -14.2 0.5
-19 -15.2 3.7
-18.8 -15 3.3
-19.6 -24.6 4.1
-24.6 -19.6 4.1
-20.8 -14.2 0.5
-19.2 -14.2 0.5
-20.6 -14.4 2.1
-24.2 -16 1.3
-23.6 -15.4 0.1
-23.6 -15.4 0.9
-23.2 -15.2 1.5
-18.4 -14.4 1.1
-19.2 -24.2 4.5
-20.6 -14.4 2.1
-19.4 -14.4 2.1
-16.8 -15.2 1.5
-16.4 -15.4 0.1
-16.4 -15.4 0.9
-23.4 -16 3.1
-16 -16.6 3.1
-18.4 -15 3.1
-18.4 -25 3.1
-21 -14.4 1.9
-20.8 -14.2 0.3
-20.8 -14.2 0.7
-15 -17.4 2.1
-19.2 -14.2 0.3
-19.2 -14.2 0.7
-19 -14.4 1.9
-21.4 -14.4 1.5
-21 -14.4 1.9
-20.8 -14.2 0.3
-20.8 -14.2 0.7
-19.2 -14.2 0.3
-19.2 -14.2 0.7
-17.4 -16 3.9
-18.6 -14.6 2.3
-21.4 -14.6 2.3
-19.4 -14.6 2.7
-20.6 -14.6 2.7
-19.4 -14.6 2.7
-14.6 -17.8 1.1
-25 -17 1.1
-25.4 -22.2 1.1
-25 -23 1.1
-25 -19.4 3.5
-20.6 -14.2 1.1
-19.4 -14.2 1.1
-20.6 -14.2 1.1
-19.4 -14.2 1.1
-24.4 -16.2 1.3
-23.8 -15.6 1.3
-16.2 -15.6 1.3
-24 -16.2 2.5
-23.8 -16 2.5
-19.2 -14.8 3.1
-16.2 -16 2.5
-16 -16.2 2.5
-14.8 -17.4 1.3
-18.4 -14.8 2.7
-19.2 -24.4 4.3
-24.4 -19.2 4.3
-20.8 -14.2 0.1
-20.8 -14.2 0.9
-23.2 -15.6 2.7
-14.8 -17.8 2.1
-24.4 -16.8 2.7
-19.6 -14.2 1.3
-19.2 -14.2 0.1
-19.2 -14.2 0.9
-24.4 -23.2 2.7
-20.8 -14.2 0.1
-20.8 -14.2 0.9
-19.6 -14.2 1.3
-19.2 -14.2 0.1
-19.2 -14.2 0.9
-16.8 -15.6 2.7
-25.2 -22.6 1.3
-25.2 -22.2 2.1
-17.2 -15.8 3.5
-17 -15.8 3.3
-20.6 -15.4 4.1
-24.2 -17.2 3.5
-19.4 -24.6 4.1
-23.6 -15.4 1.1
-24.2 -17 3.3
-16.4 -15.4 1.1
-24.8 -22.4 2.9
-15.2 -17.6 2.9
-24 -16 2.1
-18.4 -24 4.5
-19.2 -14.4 2.1
-19.2 -14.4 2.1
-24.8 -16.6 0.5
-14.6 -18 1.7
-24.8 -23 2.1
-18.4 -24.8 3.5
-23.4 -15.2 0.5
-18.8 -14.6 2.5
-16.6 -15.2 0.5
-16.4 -15.8 2.5
-20 -15.2 3.9
-18.4 -15.2 3.5
-17 -15.2 2.1
-23.8 -16.2 2.9
-23.8 -15.8 2.1
-24.8 -16.6 0.3
-24.8 -16.6 0.7
-16.2 -15.8 2.1
-20.2 -24.8 3.9
-19.2 -14.6 2.7
-24.8 -22.6 2.7
-24.8 -22.2 3.1
-20.8 -14.6 2.7
-19.2 -14.6 2.7
-24 -15.8 1.5
-23.4 -15.2 0.3
-23.4 -15.2 0.7
-23.2 -15.8 3.1
-14.6 -17.8 1.3
-25 -17 1.3
-21 -15.8 4.5
-25.4 -22.2 1.3
-25 -23 1.3
-25 -19.2 3.5
-16.6 -15.2 0.3
-16.6 -15.2 0.7
-16 -15.8 1.5
-21 -14.2 0.5
-20.8 -14.2 1.1
-20.6 -14.2 1.3
-24.2 -16.2 2.1
-15.2 -17.8 3.1
-15.2 -17.4 2.7
-19.4 -14.2 1.3
-19.2 -14.2 1.1
-19 -14.2 0.5
-21 -14.2 0.5
-20.8 -14.2 1.1
-20.6 -14.2 1.3
-19.4 -14.2 1.3
-19.2 -14.2 1.1
-19 -14.2 0.5
-17.4 -15.2 2.7
-24.2 -16 1.5
-23.2 -15.4 2.3
-24.6 -16.8 2.3
-24.6 -23.2 2.3
-19 -24.2 4.5
-16.8 -15.4 2.3
-24.2 -17.4 3.7
-24.2 -16.8 3.1
-23.4 -15.4 1.9
-24.6 -16.6 1.9
-21 -14.2 0.3
-21 -14.2 0.7
-15 -17.8 2.7
-24.6 -17.4 3.1
-19 -14.2 0.3
-19 -14.2 0.7
-25 -22.2 2.7
-18.6 -24.6 3.9
-21 -14.2 0.3
-21 -14.2 0.7
-19 -14.2 0.3
-19 -14.2 0.7
-24.8 -16.8 1.7
-24.8 -23.2 1.7
-18.8 -24.8 3.7
-23.6 -16 2.9
-23.2 -15.2 1.7
-18.8 -15.2 3.7
-16.8 -15.2 1.7
-24.8 -16.6 0.1
-24.8 -16.6 0.9
-14.8 -17.6 1.9
-24.8 -19.6 3.9
-21.4 -14.8 2.9
-23.4 -15.2 0.1
-23.4 -15.2 0.9
-15 -17.6 2.5
-25 -22.4 2.5
-16.6 -15.2 0.1
-16.6 -15.2 0.9
-19.2 -24.6 4.1
-15 -18 2.9
-19.6 -14.4 2.3
-24.6 -22.4 3.3
-24.6 -19.2 4.1
-21.4 -14.4 1.7
-19.6 -14.4 2.3
-17.2 -15.4 2.9
-16.8 -16.6 4.1
-23.6 -15.4 1.3
-18.8 -14.4 1.9
-25.2 -22.4 1.9
-21.2 -14.4 1.9
-18.8 -14.4 1.9
-16.4 -15.4 1.3
-16.8 -16.4 3.9
-24.4 -16.2 1.5
-23.8 -15.6 1.5
-16.2 -15.6 1.5
-25 -17.2 1.9
-19 -14.8 3.1
-25 -22.8 1.9
-21 -14.8 3.1
-14.8 -17.4 1.5
-18.6 -15 3.3
-19 -24.4 4.3
-18.6 -25 3.3
-21 -14.2 0.1
-21 -14.2 0.9
-19.6 -14.2 1.5
-19 -14.2 0.1
-19 -14.2 0.9
-21 -14.2 0.1
-21 -14.2 0.9
-19.6 -14.2 1.5
-19 -14.2 0.1
-19 -14.2 0.9
-25.2 -22.6 1.5
-24.8 -17.2 2.5
-20 -14.8 3.3
-18.4 -24.4 4.1
-17.2 -15.2 2.5
-16.4 -15.6 2.1
-25.2 -22.8 0.5
-14.6 -17.6 0.5
-24.4 -16.6 2.5
-25.4 -22.4 0.5
-16.6 -15.6 2.5
-19.8 -14.8 3.3
-16.8 -16.2 3.7
-20.8 -14.2 1.3
-19.2 -14.2 1.3
-20.8 -14.2 1.3
-19.2 -14.2 1.3
-21 -14.4 2.1
-19 -14.4 2.1
-25.2 -22.8 0.3
-25.2 -22.8 0.7
-16.4 -16.4 3.5
-24.8 -16.6 1.1
-23.4 -15.8 2.9
-14.6 -17.6 0.3
-14.6 -17.6 0.7
-25.4 -22.4 0.3
-25.4 -22.4 0.7
-24.8 -19.4 3.9
-16.6 -15.8 2.9
-23.4 -15.2 1.1
-16.6 -15.2 1.1
-20.6 -15.2 3.9
-20.6 -14.4 2.3
-24.2 -16.6 2.9
-20.6 -14.4 2.3
-19.4 -14.4 2.3
-23.4 -16.2 3.5
-16.6 -16.2 3.5
-19 -14.6 2.7
-18.2 -25 3.1
-19 -14.6 2.7
-15 -17.4 2.3
-14.6 -17.8 1.5
-25 -17 1.5
-25.4 -22.2 1.5
-25 -23 1.5
-19 -25 3.5
-21 -14.2 1.1
-20.6 -14.2 1.5
-24.6 -17 2.7
-19.4 -14.2 1.5
-19 -14.2 1.1
-21 -14.2 1.1
-20.6 -14.2 1.5
-19.4 -14.2 1.5
-19 -14.2 1.1
-17 -15.4 2.7
-24.6 -22.2 3.5
-24.4 -17.2 3.3
-24.4 -22.8 3.3
-19.6 -14.8 3.3
-25.2 -22.8 0.1
-25.2 -22.8 0.9
-14.6 -17.6 0.1
-14.6 -17.6 0.9
-19.6 -14.6 2.9
-25.4 -22.4 0.1
-25.4 -22.4 0.9
-24 -15.8 1.7
-16 -15.8 1.7
-24.2 -16 1.7
-18.8 -14.2 0.5
-21.2 -14.2 0.5
-18.8 -14.2 0.5
-18.8 -24.2 4.5
-14.6 -18 1.9
-24.4 -17 3.1
-18.6 -14.6 2.5
-21.4 -14.6 2.5
-14.8 -17.8 2.3
-23.6 -15.4 1.5
-18.8 -14.2 0.3
-18.8 -14.2 0.7
-21.2 -14.2 0.3
-21.2 -14.2 0.7
-18.8 -14.2 0.3
-18.8 -14.2 0.7
-16.4 -15.4 1.5
-25.2 -22.2 2.3
-24.4 -16.2 1.7
-23.8 -15.6 1.7
-24.8 -16.6 1.3
-17.2 -16.2 4.1
-16.2 -15.6 1.7
-19.2 -24.8 3.9
-24.8 -19.2 3.9
-24 -16 2.3
-23.6 -16.2 3.3
-23.4 -15.2 1.3
-14.8 -17.4 1.7
-20.6 -14.8 3.3
-24.8 -16.8 1.9
-18.8 -14.8 3.1
-24.8 -23.2 1.9
-16.6 -15.2 1.3
-16.4 -16.2 3.3
-16.2 -16.4 3.3
-20 -15 3.7
-19.6 -14.2 1.7
-18.6 -15.2 3.7
-18.8 -24.4 4.3
-19.6 -14.2 1.7
-23 -16.8 4.5
-23.2 -16 3.5
-23.2 -15.2 1.9
-23.2 -15 0.5
-25 -16.8 0.5
-19.2 -14.4 2.3
-18.8 -14.2 0.1
-18.8 -14.2 0.9
-25.2 -22.8 1.1
-25 -23.2 0.5
-21.2 -14.2 0.1
-21.2 -14.2 0.9
-19.2 -14.4 2.3
-18.8 -14.2 0.1
-18.8 -14.2 0.9
-16.8 -15.2 1.9
-25.2 -22.6 1.7
-24.8 -23 2.3
-24 -16.2 2.7
-23.8 -16 2.7
-14.6 -17.6 1.1
-25.4 -22.4 1.1
-16.2 -16 2.7
-16 -16.2 2.7
-19.4 -14.6 2.9
-20.6 -14.6 2.9
-19.4 -14.6 2.9
-17 -15.2 2.3
-21 -14.2 1.3
-20.8 -14.2 1.5
-23.4 -15.4 2.1
-24.6 -16.6 2.1
-19.2 -14.2 1.5
-19 -14.2 1.3
-21.4 -14.4 1.9
-21 -14.2 1.3
-20.8 -14.2 1.5
-19.2 -14.2 1.5
-19 -14.2 1.3
-24.2 -15.8 0.5
-23.2 -15 0.3
-23.2 -15 0.7
-25 -16.8 0.3
-25 -16.8 0.7
-25 -23.2 0.3
-25 -23.2 0.7
-18.4 -24.6 3.9
-23.8 -15.8 2.3
-16.2 -15.8 2.3
-24.2 -16.2 2.3
-24.2 -15.8 0.3
-24.2 -15.8 0.7
-18.2 -24.2 4.3
-24.4 -16 0.5
-24 -15.6 0.5
-14.8 -17.6 2.1
-24.4 -22.4 3.7
-16 -15.6 0.5
-23.2 -15.6 2.9
-24.4 -16.8 2.9
-18.4 -14.8 2.9
-24.4 -23.2 2.9
-16.8 -15.6 2.9
-18.8 -14.4 2.1
-25.2 -22.4 2.1
-21.2 -14.4 2.1
-24.4 -16 0.3
-24.4 -16 0.7
-24 -15.6 0.3
-24 -15.6 0.7
-23.4 -16 3.3
-25 -17.2 2.1
-25 -22.8 2.1
-24.4 -19.8 4.5
-16 -16.6 3.3
-16 -15.6 0.3
-16 -15.6 0.7
-19.6 -15 3.7
-18.4 -15 3.3
-19.6 -25 3.7
-18.4 -25 3.3
-23.2 -15 0.1
-23.2 -15 0.9
-25 -16.8 0.1
-25 -16.8 0.9
-25 -23.2 0.1
-25 -23.2 0.9
-23.2 -15.4 2.5
-24.6 -16.8 2.5
-24.6 -23.2 2.5
-16.8 -15.4 2.5
-14.6 -17.8 1.7
-25 -17 1.7
-25.4 -22.2 1.7
-25 -23 1.7
-18.8 -14.6 2.7
-20.6 -14.2 1.7
-19.4 -14.2 1.7
-18.8 -15 3.5
-20.6 -14.2 1.7
-19.4 -14.2 1.7
-16.4 -15.8 2.7
-24.2 -15.8 0.1
-24.2 -15.8 0.9
-18.8 -14.2 1.1
-21.2 -14.2 1.1
-18.8 -14.2 1.1
-19.6 -24.4 4.5
-24.4 -16 0.1
-24.4 -16 0.9
-24 -15.6 0.1
-24 -15.6 0.9
-19.2 -14.8 3.3
-16 -15.6 0.1
-16 -15.6 0.9
-19.6 -14.4 2.5
-25.2 -22.8 1.3
-19.6 -14.4 2.5
-24.8 -22.4 3.1
-14.6 -17.6 1.3
-25.4 -22.4 1.3
-18.2 -24.4 4.1
-15.2 -17.6 3.1
-19.2 -14.6 2.9
-24.8 -22.6 2.9
-20.8 -14.6 2.9
-19.2 -14.6 2.9
-16.4 -15.6 2.3
-23.6 -15.4 1.7
-15.2 -17.4 2.9
-18.8 -24.6 4.1
-17.4 -15.2 2.9
-16.4 -15.4 1.7
-24.8 -16.6 1.5
-24 -15.8 1.9
-23.8 -15.4 0.5
-23.4 -15.2 1.5
-15 -17.6 2.7
-25 -22.4 2.7
-16.6 -15.2 1.5
-16.2 -15.4 0.5
-16 -15.8 1.9
-19 -15.2 3.9
-18.6 -14.2 0.5
-25 -19.4 3.7
-21.4 -14.2 0.5
-21 -14.4 2.3
-24.2 -16 1.9
-23.2 -15 1.1
-15 -17.8 2.9
-20 -15.4 4.3
-25 -16.8 1.1
-19 -14.4 2.3
-25 -23.2 1.1
-25 -22.2 2.9
-23.8 -16.2 3.1
-23.8 -15.4 0.3
-23.8 -15.4 0.7
-17 -15.8 3.5
-16.2 -15.4 0.3
-16.2 -15.4 0.7
-21 -14.2 1.5
-19 -14.2 1.5
-18.6 -14.2 0.3
-18.6 -14.2 0.7
-21.4 -14.2 0.3
-21.4 -14.2 0.7
-21 -14.2 1.5
-19 -14.2 1.5
-19.8 -24.6 4.3
-24.2 -15.8 1.1
-19.8 -15.4 4.3
-24.2 -17 3.5
-24.8 -17.2 2.7
-17.2 -15.8 3.7
-24.4 -16 1.1
-24 -15.6 1.1
-14.6 -18 2.1
-20.6 -15.6 4.5
-24.8 -22.2 3.3
-19.4 -24.4 4.5
-17.2 -15.2 2.7
-16 -15.6 1.1
-20.8 -14.2 1.7
-23.6 -16 3.1
-23.2 -15.8 3.3
-19.2 -14.2 1.7
-20.8 -14.2 1.7
-19.2 -14.2 1.7
-17.4 -16 4.1
-20.6 -14.4 2.5
-15.2 -17.8 3.3
-24.2 -17.2 3.7
-18.8 -14.2 1.3
-21.2 -14.2 1.3
-20.6 -14.4 2.5
-19.4 -14.4 2.5
-18.8 -14.2 1.3
-17.4 -16.4 4.5
-24.2 -16.8 3.3
-24.4 -16.2 1.9
-23.8 -15.6 1.9
-16.2 -15.6 1.9
-24.4 -16.6 2.7
-23.8 -15.4 0.1
-23.8 -15.4 0.9
-15 -18 3.1
-14.8 -17.4 1.9
-17.2 -15.4 3.1
-16.2 -15.4 0.1
-16.2 -15.4 0.9
-15 -17.4 2.5
-19.6 -14.2 1.9
-18.6 -14.2 0.1
-18.6 -14.2 0.9
-21.4 -14.2 0.1
-21.4 -14.2 0.9
-20.4 -15.4 4.3
-24.6 -17.4 3.3
-19.6 -24.6 4.3
-24.6 -19.6 4.3
-24.8 -16.8 2.1
-24.8 -23.2 2.1
-18.4 -15.2 3.7
-23.2 -15.2 2.1
-16.8 -15.2 2.1
-19 -14.8 3.3
-21 -14.8 3.3
-14.8 -17.8 2.5
-25 -19.2 3.7
-23.2 -15 1.3
-25 -16.8 1.3
-25.2 -22.8 1.5
-25 -23.2 1.3
-21.4 -14.4 2.1
-25.2 -22.2 2.5
-14.6 -17.6 1.5
-25.4 -22.4 1.5
-14.6 -17.4 0.5
-19 -14.6 2.9
-25.4 -22.6 0.5
-19 -14.6 2.9
-24.6 -22.4 3.5
-24.2 -15.8 1.3
-24.6 -17 2.9
-17 -15.4 2.9
-23.4 -15.8 3.1
-21.4 -14.6 2.7
-16.6 -15.8 3.1
-23.8 -15.4 1.1
-23.4 -15.4 2.3
-14.6 -17.8 1.9
-14.6 -17.4 0.3
-14.6 -17.4 0.7
-25 -17 1.9
-24.6 -16.6 2.3
-18.6 -15 3.5
-25.4 -22.6 0.3
-25.4 -22.6 0.7
-25.4 -22.2 1.9
-25 -23 1.9
-18.6 -25 3.5
-16.2 -15.4 1.1
-20.6 -14.2 1.9
-24.2 -16.6 3.1
-19.4 -14.2 1.9
-18.6 -14.2 1.1
-21.4 -14.2 1.1
-20.6 -14.2 1.9
-19.4 -14.2 1.9
-20.6 -15.4 4.3
-19.4 -24.6 4.3
-24.2 -17.4 3.9
-24.4 -16 1.3
-24 -15.6 1.3
-19.2 -24.4 4.5
-24.4 -19.2 4.5
-16 -15.6 1.3
-24 -16 2.5
-20 -15.2 4.1
-23.6 -15.2 0.5
-19.2 -14.4 2.5
-19.2 -14.4 2.5
-16.4 -15.2 0.5
-24.8 -16.6 1.7
-20.2 -24.8 4.1
-14.8 -17.6 2.3
-24.8 -23 2.5
-23.4 -15.2 1.7
-20 -14.8 3.5
-18.8 -24.8 3.9
-16.6 -15.2 1.7
-17 -15.2 2.5
-23.6 -15.2 0.3
-23.6 -15.2 0.7
-18.8 -15.2 3.9
-16.4 -15.2 0.3
-16.4 -15.2 0.7
-18.8 -14.4 2.3
-25.2 -23 0.5
-25.2 -22.4 2.3
-21.2 -14.4 2.3
-23.8 -15.8 2.5
-16.2 -15.8 2.5
-25 -17.2 2.3
-19.6 -14.6 3.1
-25 -22.8 2.3
-14.6 -17.4 0.1
-14.6 -17.4 0.9
-19.8 -14.8 3.5
-25.4 -22.6 0.1
-25.4 -22.6 0.9
-18.2 -25 3.3
-21 -14.2 1.7
-24.2 -16.2 2.5
-19 -14.2 1.7
-18.6 -24.6 4.1
-21 -14.2 1.7
-19 -14.2 1.7
-23.6 -15.4 1.9
-18.8 -14.2 1.5
-21.2 -14.2 1.5
-18.8 -14.2 1.5
-16.4 -15.4 1.9
-25.2 -23 0.3
-25.2 -23 0.7
-24.8 -19.6 4.1
-19.6 -14 0.5
-19.6 -14 0.5
-23.6 -15.2 0.1
-23.6 -15.2 0.9
-16.4 -15.2 0.1
-16.4 -15.2 0.9
-16.8 -16.4 4.1
-16.4 -16.4 3.7
-24.4 -17.2 3.5
-24.4 -22.8 3.5
-23.8 -16 2.9
-24.4 -17 3.3
-19.6 -14.8 3.5
-16 -16.2 2.9
-24 -15.8 2.1
-19.6 -14 0.3
-19.6 -14 0.7
-19.6 -14 0.3
-19.6 -14 0.7
-16 -15.8 2.1
-18.4 -14.2 0.5
-24.2 -16 2.1
-25.2 -23 0.1
-25.2 -23 0.9
-23.4 -16.2 3.7
-16.6 -16.2 3.7
-23.8 -15.4 1.3
-16.8 -16.2 3.9
-16.2 -15.4 1.3
-20.8 -14.2 1.9
-19.2 -14.2 1.9
-18.6 -14.2 1.3
-19 -25 3.7
-21.4 -14.2 1.3
-20.8 -14.2 1.9
-19.2 -14.2 1.9
-19.2 -24.6 4.3
-23.2 -15 1.5
-25 -16.8 1.5
-18.4 -14.2 0.3
-18.4 -14.2 0.7
-25 -23.2 1.5
-24.6 -19.2 4.3
-16.8 -16.6 4.3
-23.2 -15.4 2.7
-24.6 -16.8 2.7
-24.6 -23.2 2.7
-16.8 -15.4 2.7
-19.4 -14.6 3.1
-20.6 -14.6 3.1
-19.4 -14.6 3.1
-14.6 -17.4 1.1
-25.4 -22.6 1.1
-24.2 -15.8 1.5
-19.6 -14 0.1
-19.6 -14 0.9
-18.8 -14.8 3.3
-19.6 -14 0.1
-19.6 -14 0.9
-16.4 -15.6 2.5
-24.4 -16.2 2.1
-23.8 -15.6 2.1
-14.6 -17.6 1.7
-25.4 -22.4 1.7
-24.8 -19.4 4.1
-16.2 -15.6 2.1
-24.4 -16 1.5
-24 -15.6 1.5
-18.4 -14.8 3.1
-16 -15.6 1.5
-20.6 -14 0.5
-14.8 -17.4 2.1
-20.6 -15.2 4.1
-24.4 -16.8 3.1
-19.4 -14 0.5
-24.4 -23.2 3.1
-18.4 -24.4 4.3
-20.6 -14 0.5
-19.4 -14 0.5
-18.8 -14.6 2.9
-16.8 -15.6 3.1
-16.4 -15.8 2.9
-21 -14.4 2.5
-23.6 -15.2 1.1
-19.6 -14.4 2.7
-19.6 -14.2 2.1
-19 -14.4 2.5
-18.4 -14.2 0.1
-18.4 -14.2 0.9
-19.6 -14.4 2.7
-16.4 -15.2 1.1
-14.6 -18 2.3
-23.6 -16.2 3.5
-20.6 -14.8 3.5
-16.4 -16.2 3.5
-16.2 -16.4 3.5
-20.6 -14 0.3
-20.6 -14 0.7
-19.4 -14 0.3
-19.4 -14 0.7
-20.6 -14 0.3
-20.6 -14 0.7
-19.4 -14 0.3
-19.4 -14 0.7
-25.2 -23 1.1
-23.2 -16 3.7
-15 -17.6 2.9
-24.8 -16.8 2.3
-25 -22.4 2.9
-24.8 -23.2 2.3
-20.6 -14 0.1
-20.6 -14 0.9
-19.6 -14 1.1
-19.4 -14 0.1
-19.4 -14 0.9
-20.6 -14 0.1
-20.6 -14 0.9
-19.6 -14 1.1
-19.4 -14 0.1
-19.4 -14 0.9
-23.2 -15.2 2.3
-18.8 -14.2 1.7
-21.2 -14.2 1.7
-18.8 -14.2 1.7
-16.8 -15.2 2.3
-24.8 -16.6 1.9
-19.2 -14.6 3.1
-24.8 -22.6 3.1
-20.8 -14.6 3.1
-19.2 -14.6 3.1
-23.4 -16 3.5
-23.4 -15.2 1.9
-23.4 -15 0.5
-14.6 -17.4 1.3
-25 -16.6 0.5
-25.4 -22.6 1.3
-16.6 -15.2 1.9
-16 -16.6 3.5
-15.2 -17.4 3.1
-14.6 -17.8 2.1
-20 -15 3.9
-25 -17 2.1
-18.6 -15.2 3.9
-18.4 -15 3.5
-25.4 -22.2 2.1
-25 -23 2.1
-18.4 -25 3.5
-17.4 -15.2 3.1
-20.6 -14.4 2.7
-20.6 -14.2 2.1
-19.4 -14.2 2.1
-18.4 -14.2 1.1
-21.4 -14.4 2.3
-20.6 -14.4 2.7
-20.6 -14.2 2.1
-19.4 -14.4 2.7
-19.4 -14.2 2.1
-23.8 -15.4 1.5
-23.4 -15 0.3
-23.4 -15 0.7
-25 -16.6 0.3
-25 -16.6 0.7
-16.2 -15.4 1.5
-21 -14.2 1.9
-15 -17.8 3.1
-15 -17.4 2.7
-19 -14.2 1.9
-18.6 -14.2 1.5
-25 -22.2 3.1
-21.4 -14.2 1.5
-21 -14.2 1.9
-19 -14.2 1.9
-24.8 -17.2 2.9
-24.8 -22.4 3.3
-24.8 -19.2 4.1
-20.8 -14 0.5
-15.2 -17.6 3.3
-19.2 -14 0.5
-20.8 -14 0.5
-19.2 -14 0.5
-17.2 -15.2 2.9
-23.6 -15.2 1.3
-16.4 -15.2 1.3
-24.4 -16.6 2.9
-19.2 -14.8 3.5
-24.4 -22.4 3.9
-20.8 -14 0.3
-20.8 -14 0.7
-19.2 -14 0.3
-19.2 -14 0.7
-20.8 -14 0.3
-20.8 -14 0.7
-19.2 -14 0.3
-19.2 -14 0.7
-23.2 -15 1.7
-25 -16.8 1.7
-18.8 -15 3.7
-25 -23.2 1.7
-18.4 -24.6 4.1
-23.6 -15.4 2.1
-25.2 -23 1.3
-16.4 -15.4 2.1
-23.8 -16.2 3.3
-17.2 -16.2 4.3
-23.4 -15 0.1
-23.4 -15 0.9
-25 -16.6 0.1
-25 -16.6 0.9
-20.6 -14 1.1
-23.4 -15.4 2.5
-14.8 -17.8 2.7
-24.6 -16.6 2.5
-19.6 -15 3.9
-19.4 -14 1.1
-19.6 -25 3.9
-20.6 -14 1.1
-19.4 -14 1.1
-24.2 -15.8 1.7
-25.2 -22.2 2.7
-24 -15.6 1.7
-14.8 -17.6 2.5
-16 -15.6 1.7
-20.8 -14 0.1
-20.8 -14 0.9
-19.6 -14 1.3
-19.2 -14 0.1
-19.2 -14 0.9
-18.8 -24.4 4.5
-20.8 -14 0.1
-20.8 -14 0.9
-19.6 -14 1.3
-19.2 -14 0.1
-19.2 -14 0.9
-23.6 -16 3.3
-18.8 -14.4 2.5
-25.2 -22.4 2.5
-21.2 -14.4 2.5
-25 -17.2 2.5
-25 -22.8 2.5
-24 -16 2.7
-15 -18 3.3
-17.2 -15.4 3.3
-20.8 -14.2 2.1
-19.2 -14.4 2.7
-19.2 -14.2 2.1
-18.4 -14.2 1.3
-20.8 -14.2 2.1
-19.2 -14.4 2.7
-19.2 -14.2 2.1
-14.6 -17.6 1.9
-25.4 -22.4 1.9
-24.8 -23 2.7
-24 -15.8 2.3
-24.8 -22.2 3.5
-21.4 -14.6 2.9
-17 -15.8 3.7
-16 -15.8 2.3
-23.2 -15.8 3.5
-17 -15.2 2.7
-24.2 -16 2.3
-15.2 -17.8 3.5
-18.2 -24.2 4.5
-24.2 -17 3.7
-24.2 -16.8 3.5
-23.8 -15.8 2.7
-16.2 -15.8 2.7
-19 -14.6 3.1
-19 -14.6 3.1
-23.4 -15 1.1
-14.6 -17.4 1.5
-25 -16.6 1.1
-25.4 -22.6 1.5
-24.2 -16.2 2.7
-24.6 -17 3.1
-25 -19.4 3.9
-17 -15.4 3.1
-24.6 -17.4 3.5
-24.4 -15.8 0.5
-25.4 -22.8 0.5
-21 -14 0.5
-20.8 -14 1.1
-20.6 -14 1.3
-19.4 -14 1.3
-19.2 -14 1.1
-19 -15.2 4.1
-19 -14 0.5
-21 -14 0.5
-20.8 -14 1.1
-20.6 -14 1.3
-19.4 -14 1.3
-19.2 -14 1.1
-19 -14 0.5
-24.2 -15.6 0.5
-23.6 -15.2 1.5
-16.4 -15.2 1.5
-24.4 -16.2 2.3
-24.4 -15.8 0.3
-24.4 -15.8 0.7
-23.8 -15.6 2.3
-23.4 -15.8 3.3
-25.4 -22.8 0.3
-25.4 -22.8 0.7
-16.6 -15.8 3.3
-16.2 -15.6 2.3
-23.8 -15.4 1.7
-19 -14.8 3.5
-18.2 -24.4 4.3
-21 -14.8 3.5
-16.2 -15.4 1.7
-21 -14 0.3
-21 -14 0.7
-14.8 -17.4 2.3
-19.6 -14.2 2.3
-19 -14 0.3
-19 -14 0.7
-18.6 -14.2 1.7
-21.4 -14.2 1.7
-21 -14 0.3
-21 -14 0.7
-19 -14 0.3
-19 -14 0.7
-24.2 -15.6 0.3
-24.2 -15.6 0.7
-24.2 -17.2 3.9
-24.2 -16.6 3.3
-18.8 -14.2 1.9
-21.2 -14.2 1.9
-18.8 -14.2 1.9
-25.2 -23 1.5
-18.8 -24.6 4.3
-24.4 -15.8 0.1
-24.4 -15.8 0.9
-24.8 -16.6 2.1
-25.4 -22.8 0.1
-25.4 -22.8 0.9
-14.6 -18 2.5
-19.6 -14.6 3.3
-21 -14 0.1
-21 -14 0.9
-23.4 -15.2 2.1
-19.6 -14 1.5
-19 -14 0.1
-19 -14 0.9
-21 -14 0.1
-21 -14 0.9
-19 -14 0.1
-19 -14 0.9
-16.6 -15.2 2.1
-16.4 -15.6 2.7
-24.2 -15.6 0.1
-24.2 -15.6 0.9
-24 -15.4 0.5
-20 -15.4 4.5
-18.4 -15.2 3.9
-24.6 -22.4 3.7
-16 -15.4 0.5
-23.2 -15.4 2.9
-24.6 -16.8 2.9
-24.6 -23.2 2.9
-16.8 -15.4 2.9
-23.8 -16 3.1
-16 -16.2 3.1
-23.4 -15 1.3
-25 -16.6 1.3
-18.6 -15 3.7
-18.6 -25 3.7
-25 -19.2 3.9
-19.8 -24.6 4.5
-21 -14.4 2.7
-21 -14.2 2.1
-24 -15.4 0.3
-24 -15.4 0.7
-23.2 -15 1.9
-19.8 -15.4 4.5
-25 -16.8 1.9
-19 -14.4 2.7
-19 -14.2 2.1
-18.4 -14.2 1.5
-25 -23.2 1.9
-21 -14.2 2.1
-19 -14.2 2.1
-17.4 -16 4.3
-16 -15.4 0.3
-16 -15.4 0.7
-14.6 -17.8 2.3
-25 -17 2.3
-25.4 -22.2 2.3
-25 -23 2.3
-18.2 -25 3.5
-20.6 -14.2 2.3
-24.2 -15.8 1.9
-19.4 -14.2 2.3
-20.6 -14.2 2.3
-19.4 -14.2 2.3
-20.8 -14 1.3
-20 -14.8 3.7
-24.8 -16.8 2.5
-19.2 -14 1.3
-24.8 -23.2 2.5
-20.8 -14 1.3
-19.2 -14 1.3
-16.8 -14.8 0.5
-23.2 -15.2 2.5
-19.6 -14.4 2.9
-19.6 -14.4 2.9
-16.8 -15.2 2.5
-25.2 -23.2 0.5
-24 -15.6 1.9
-16 -15.6 1.9
-19.8 -14.8 3.7
-24 -15.4 0.1
-24 -15.4 0.9
-16.8 -14.8 0.3
-16.8 -14.8 0.7
-20.4 -15.4 4.5
-19.6 -24.6 4.5
-24.6 -19.6 4.5
-16 -15.4 0.1
-16 -15.4 0.9
-25.2 -23.2 0.3
-25.2 -23.2 0.7
-24.4 -15.8 1.1
-25.4 -22.8 1.1
-14.6 -17.4 1.7
-24.4 -17 3.5
-19.4 -14.6 3.3
-25.4 -22.6 1.7
-20.6 -14.6 3.3
-19.4 -14.6 3.3
-18.8 -14.6 3.1
-21 -14 1.1
-20.6 -14 1.5
-19.4 -14 1.5
-19 -14 1.1
-21 -14 1.1
-20.6 -14 1.5
-19.4 -14 1.5
-19 -14 1.1
-16.4 -15.8 3.1
-24.2 -15.6 1.1
-23.6 -15.4 2.3
-24.2 -17.4 4.1
-16.4 -15.4 2.3
-24.4 -17.2 3.7
-24.4 -22.8 3.7
-18.8 -24.8 4.1
-19.6 -14.8 3.7
-18.4 -14.8 3.3
-16.8 -14.8 0.1
-16.8 -14.8 0.9
-24.4 -16.8 3.3
-18.8 -15.2 4.1
-18.8 -14 0.5
-24.4 -23.2 3.3
-21.2 -14 0.5
-18.8 -14 0.5
-16.8 -15.6 3.3
-16.4 -15.2 1.7
-25.2 -23.2 0.1
-25.2 -23.2 0.9
-23.8 -15.2 0.5
-14.6 -17.6 2.1
-16.2 -15.2 0.5
-18.8 -14.8 3.5
-20.6 -14.4 2.9
-20 -15.2 4.3
-18.8 -14 0.3
-18.8 -14 0.7
-21.2 -14 0.3
-21.2 -14 0.7
-20.6 -14.4 2.9
-18.8 -14 0.3
-18.8 -14 0.7
-25.2 -23 1.7
-16.4 -16.4 3.9
-20.2 -24.8 4.3
-23.8 -15.2 0.3
-23.8 -15.2 0.7
-15 -17.6 3.1
-25 -22.4 3.1
-16.2 -15.2 0.3
-16.2 -15.2 0.7
-20.8 -14.2 2.3
-24 -15.4 1.1
-15 -17.4 2.9
-20.6 -15.4 4.5
-19.2 -14.2 2.3
-19.4 -24.6 4.5
-20.8 -14.2 2.3
-19.2 -14.2 2.3
-16 -15.4 1.1
-23.4 -16.2 3.9
-16.6 -16.2 3.9
-23.8 -15.4 1.9
-23.4 -15 1.5
-25 -16.6 1.5
-16.2 -15.4 1.9
-23.4 -15.4 2.7
-24.6 -16.6 2.7
-18.6 -14.2 1.9
-19 -25 3.9
-21.4 -14.2 1.9
-19.6 -14 1.7
-18.8 -14 0.1
-18.8 -14 0.9
-21.2 -14 0.1
-21.2 -14 0.9
-18.8 -14 0.1
-18.8 -14 0.9
-24.8 -17.2 3.1
-24.4 -15.8 1.3
-25.4 -22.8 1.3
-23.8 -15.2 0.1
-23.8 -15.2 0.9
-14.8 -17.6 2.7
-19.2 -14.6 3.3
-24.8 -22.6 3.3
-20.8 -14.6 3.3
-19.2 -14.6 3.3
-17.2 -15.2 3.1
-16.2 -15.2 0.1
-16.2 -15.2 0.9
-21 -14 1.3
-20.8 -14 1.5
-24 -15.8 2.5
-23.6 -16.2 3.7
-14.8 -17.8 2.9
-19.2 -14 1.5
-19 -14 1.3
-21 -14 1.3
-20.8 -14 1.5
-19.2 -14 1.5
-19 -14 1.3
-16.4 -16.2 3.7
-16.2 -16.4 3.7
-16 -15.8 2.5
-24.2 -15.6 1.3
-15.2 -17.4 3.3
-16.8 -14.8 1.1
-18.4 -14.2 1.7
-17.4 -15.2 3.3
-24.2 -16 2.5
-18.8 -14.4 2.7
-18.8 -14.2 2.1
-25.2 -22.4 2.7
-21.2 -14.4 2.7
-21.2 -14.2 2.1
-18.8 -14.2 2.1
-25.2 -23.2 1.1
-25.2 -22.2 2.9
-24.4 -16.6 3.1
-25 -17.2 2.7
-25 -22.8 2.7
-15 -17.8 3.3
-25 -22.2 3.3
-24 -16 2.9
-19.2 -14.4 2.9
-19.2 -14.4 2.9
-24.4 -16.2 2.5
-23.8 -15.6 2.5
-24.8 -22.4 3.5
-16.2 -15.6 2.5
-24.8 -23 2.9
-20.6 -14 1.7
-23.4 -16 3.7
-15.2 -17.6 3.5
-14.8 -17.4 2.5
-19.4 -14 1.7
-20.6 -14 1.7
-19.4 -14 1.7
-19.2 -24.6 4.5
-24 -15.4 1.3
-19.6 -14.2 2.5
-18.8 -14 1.1
-18.4 -15 3.7
-18.4 -25 3.7
-24.6 -19.2 4.5
-21.2 -14 1.1
-18.8 -14 1.1
-17 -15.2 2.9
-16.8 -16.6 4.5
-16 -15.4 1.3
-23.2 -16 3.9
-23.2 -15 2.1
-25 -16.8 2.1
-25 -23.2 2.1
-23.8 -15.8 2.9
-24.8 -16.6 2.3
-16.2 -15.8 2.9
-23.8 -15.2 1.1
-23.4 -15.2 2.3
-24.8 -19.4 4.3
-16.6 -15.2 2.3
-16.2 -15.2 1.1
-24.2 -16.2 2.9
-20.6 -15.2 4.3
-24.2 -15.8 2.1
-23.8 -16.2 3.5
-21.4 -14.6 3.1
-14.6 -17.4 1.9
-25.4 -22.6 1.9
-21 -14.2 2.3
-19 -14.2 2.3
-21 -14.2 2.3
-19 -14.2 2.3
-24 -15.6 2.1
-19.2 -14.8 3.7
-18.4 -24.4 4.5
-16 -15.6 2.1
-25.2 -23.2 1.3
-20 -15 4.1
-18.6 -15.2 4.1
-18.6 -14 0.5
-21.4 -14 0.5
-23.6 -16 3.5
-23.6 -15 0.5
-23.6 -15 0.5
-16.4 -15.2 1.9
-24.4 -15.8 1.5
-25.4 -22.8 1.5
-23.4 -15 1.7
-14.6 -18 2.7
-25 -16.6 1.7
-19 -14.6 3.3
-19 -14.6 3.3
-21 -14 1.5
-15 -18 3.5
-14.6 -17.8 2.5
-25 -17 2.5
-19 -14 1.5
-18.6 -14 0.3
-18.6 -14 0.7
-25.4 -22.2 2.5
-21.4 -14 0.3
-21.4 -14 0.7
-21 -14 1.5
-19 -14 1.5
-17.2 -15.4 3.5
-20.6 -14.2 2.5
-24.2 -15.6 1.5
-23.6 -15 0.3
-23.6 -15 0.7
-24.6 -17 3.3
-19.4 -14.2 2.5
-18.8 -15 3.9
-19.4 -14.2 2.5
-23.6 -15 0.3
-23.6 -15 0.7
-17 -15.4 3.3
-25.2 -23 1.9
-20.8 -14 1.7
-19.2 -14 1.7
-20.8 -14 1.7
-19.2 -14 1.7
-18.8 -14 1.3
-21.2 -14 1.3
-18.8 -14 1.3
-16.4 -15.6 2.9
-23.8 -15.2 1.3
-24.8 -19.2 4.3
-16.2 -15.2 1.3
-24.8 -16.8 2.7
-19.6 -15 4.1
-19.6 -14 1.9
-18.6 -14 0.1
-18.6 -14 0.9
-24.8 -23.2 2.7
-24.8 -22.2 3.7
-19.6 -25 4.1
-21.4 -14 0.1
-21.4 -14 0.9
-21 -14.4 2.9
-23.6 -15 0.1
-23.6 -15 0.9
-23.2 -15.8 3.7
-19 -14.4 2.9
-23.6 -15 0.1
-23.6 -15 0.9
-23.6 -15.4 2.5
-23.2 -15.2 2.7
-15.2 -17.8 3.7
-16.8 -15.2 2.7
-16.4 -15.4 2.5
-14.6 -17.6 2.3
-25.4 -23 0.5
-23.8 -15.4 2.1
-16.2 -15.4 2.1
-24 -15.4 1.5
-18.6 -14.2 2.1
-18.4 -14.2 1.9
-21.4 -14.2 2.1
-16 -15.4 1.5
-23.2 -15.4 3.1
-24.6 -16.8 3.1
-18.4 -24.6 4.3
-16.8 -15.4 3.1
-23.4 -15.8 3.5
-25.4 -23 0.3
-25.4 -23 0.7
-17 -15.8 3.9
-16.6 -15.8 3.5
-24.2 -16.6 3.5
-24.2 -17 3.9
-17.2 -16.2 4.5
-23.8 -16 3.3
-16 -16.2 3.3
-19 -14.8 3.7
-21 -14.8 3.7
-20.8 -14.2 2.5
-19.6 -14.4 3.1
-19.2 -14.2 2.5
-20.8 -14.2 2.5
-19.6 -14.4 3.1
-19.2 -14.2 2.5
-25.2 -23.2 1.5
-19.6 -14.6 3.5
-25.4 -23 0.1
-25.4 -23 0.9
-20.6 -14 1.9
-19.4 -14 1.9
-18.6 -14 1.1
-25 -19.4 4.1
-21.4 -14 1.1
-20.6 -14 1.9
-19.4 -14 1.9
-23.6 -15 1.1
-23.6 -15 1.1
-18.8 -14.2 2.3
-21.2 -14.2 2.3
-24.4 -15.8 1.7
-25.4 -22.8 1.7
-21 -14 1.7
-19 -14 1.7
-21 -14 1.7
-19 -14 1.7
-18.8 -14.6 3.3
-16.4 -15.8 3.3
-24.2 -15.6 1.7
-24.2 -17.2 4.1
-18.8 -14 1.5
-18.8 -14 1.5
-23.8 -15.2 1.5
-16.2 -15.2 1.5
-24 -15.8 2.7
-14.6 -17.4 2.1
-16 -15.8 2.7
-20.6 -14.4 3.1
-23.4 -15.4 2.9
-23.2 -15 2.3
-25 -16.8 2.3
-24.6 -16.6 2.9
-19 -15.2 4.3
-25 -23.2 2.3
-24.6 -22.4 3.9
-20.6 -14.4 3.1
-24.2 -16 2.7
-23.4 -15 1.9
-25 -16.6 1.9
-19.4 -14.6 3.5
-25.4 -23 1.1
-20.6 -14.6 3.5
-19.4 -14.6 3.5
-15 -17.4 3.1
-18.6 -15 3.9
-18.6 -25 3.9
-24.2 -15.8 2.3
-14.8 -17.6 2.9
-18.4 -15.2 4.1
-18.4 -14 0.5
-18.8 -14.4 2.9
-25.2 -22.4 2.9
-21.2 -14.4 2.9
-16.4 -15.2 2.1
-24.8 -16.6 2.5
-16.6 -14.8 0.5
-18.2 -24.4 4.5
-20.8 -14 1.9
-24 -15.6 2.3
-23.4 -15.2 2.5
-15 -17.6 3.3
-20 -14.8 3.9
-25 -17.2 2.9
-24.4 -17 3.7
-19.2 -14 1.9
-18.6 -14 1.3
-18.4 -14.8 3.5
-25 -22.8 2.9
-25 -22.4 3.3
-25 -19.2 4.1
-21.4 -14 1.3
-20.8 -14 1.9
-19.6 -13.8 0.5
-19.2 -14 1.9
-16.6 -15.2 2.5
-16 -15.6 2.3
-23.6 -15 1.3
-24.4 -16.8 3.5
-18.4 -14 0.3
-18.4 -14 0.7
-24.4 -23.2 3.5
-23.6 -15 1.3
-16.8 -15.6 3.5
-16 -15.4 1.7
-18.8 -24.6 4.5
-25.2 -23 2.1
-24.4 -16.2 2.7
-23.8 -15.6 2.7
-16.2 -15.6 2.7
-16.6 -14.8 0.3
-16.6 -14.8 0.7
-14.8 -17.8 3.1
-14.8 -17.4 2.7
-19.6 -13.8 0.3
-19.6 -13.8 0.7
-21 -14.2 2.5
-19.6 -14.2 2.7
-19 -14.2 2.5
-21 -14.2 2.5
-19 -14.2 2.5
-25.2 -22.2 3.1
-24.8 -17.2 3.3
-24.4 -15.6 0.5
-17.2 -15.2 3.3
-19.6 -14 2.1
-18.8 -14.8 3.7
-18.4 -14 0.1
-18.4 -14 0.9
-25.2 -23.2 1.7
-24.4 -15.6 0.3
-24.4 -15.6 0.7
-16.6 -14.8 0.1
-16.6 -14.8 0.9
-24.4 -16.6 3.3
-24.4 -22.8 3.9
-24 -16 3.1
-19.6 -14.8 3.9
-19.6 -13.8 0.1
-19.6 -13.8 0.9
-19.2 -14.4 3.1
-19.2 -14.4 3.1
-17.4 -16 4.5
-18.4 -14.2 2.1
-24.8 -23 3.1
-19.2 -14.6 3.5
-25.4 -23 1.3
-24.8 -22.6 3.5
-20.8 -14.6 3.5
-19.2 -14.6 3.5
-19.4 -13.8 0.5
-17 -15.2 3.1
-15.2 -17.4 3.5
-17.4 -15.2 3.5
-24.2 -15.4 0.5
-23.8 -15.8 3.1
-16.2 -15.8 3.1
-23.8 -15.4 2.3
-16.2 -15.4 2.3
-14.6 -17.8 2.7
-25 -17 2.7
-19.4 -13.8 0.3
-19.4 -13.8 0.7
-20.6 -14.2 2.7
-18.6 -14.2 2.3
-25 -22.2 3.5
-19.4 -14.2 2.7
-24.2 -15.4 0.3
-24.2 -15.4 0.7
-24.2 -17.4 4.3
-24.4 -15.6 0.1
-24.4 -15.6 0.9
-18.8 -14 1.7
-18.8 -14 1.7
-16.4 -16.4 4.1
-23.8 -15.2 1.7
-14.6 -17.6 2.5
-16.2 -15.2 1.7
-14.6 -18 2.9
-18.8 -24.8 4.3
-20.6 -14 2.1
-19.4 -14 2.1
-18.4 -14 1.1
-20.6 -14 2.1
-19.4 -14 2.1
-24.4 -15.8 1.9
-23.4 -16.2 4.1
-25.4 -22.8 1.9
-16.6 -16.2 4.1
-16.6 -14.8 1.1
-21.4 -14.6 3.3
-21 -14 1.9
-23.6 -16.2 3.9
-19 -14 1.9
-18.6 -14 1.5
-19 -25 4.1
-21.4 -14 1.5
-21 -14 1.9
-19.6 -13.8 1.1
-19.4 -13.8 0.1
-19.4 -13.8 0.9
-19 -14 1.9
-16.4 -16.2 3.9
-16.2 -16.4 3.9
-24.2 -15.6 1.9
-23.6 -15 1.5
-23.6 -15 1.5
-23.6 -15.4 2.7
-16.4 -15.4 2.7
-24.2 -15.4 0.1
-24.2 -15.4 0.9
-24.8 -22.4 3.7
-24 -15.2 0.5
-15.2 -17.6 3.7
-20 -15.2 4.5
-24.8 -16.8 2.9
-24.8 -23.2 2.9
-16 -15.2 0.5
-23.2 -15.2 2.9
-16.8 -15.2 2.9
-20.2 -24.8 4.5
-24.4 -15.6 1.1
-19.2 -13.8 0.5
-16.4 -15.6 3.1
-24 -15.2 0.3
-24 -15.2 0.7
-16 -15.2 0.3
-16 -15.2 0.7
-18.8 -14.2 2.5
-21.2 -14.2 2.5
-23.8 -16.2 3.7
-23.4 -16 3.9
-23.4 -15 2.1
-25 -16.6 2.1
-19.2 -13.8 0.3
-19.2 -13.8 0.7
-21 -14.4 3.1
-20.8 -14.2 2.7
-19.2 -14.2 2.7
-19 -14.4 3.1
-18.4 -15 3.9
-18.4 -25 3.9
-20.8 -14.2 2.7
-19.2 -14.2 2.7
-16 -15.4 1.9
-14.6 -17.4 2.3
-19 -14.6 3.5
-25.4 -23 1.5
-19 -14.6 3.5
-19.4 -13.8 1.1
-24.6 -17 3.5
-17 -15.4 3.5
-24.2 -15.4 1.1
-24 -15.2 0.1
-24 -15.2 0.9
-19.2 -14 2.1
-18.4 -14 1.3
-20.8 -14 2.1
-19.2 -14 2.1
-16 -15.2 0.1
-16 -15.2 0.9
-23.6 -16 3.7
-23.2 -16 4.1
-16.6 -14.8 1.3
-19.2 -14.8 3.9
-19.6 -13.8 1.3
-19.2 -13.8 0.1
-19.2 -13.8 0.9
-15 -18 3.7
-17.2 -15.4 3.7
-23.2 -15 2.5
-25 -16.8 2.5
-25 -23.2 2.5
-16.4 -15.2 2.3
-23.2 -15.4 3.3
-24.6 -16.8 3.3
-16.8 -15.4 3.3
-25.2 -23.2 1.9
-24.2 -15.8 2.5
-25.2 -23 2.3
-24.4 -15.6 1.3
-24 -15.6 2.5
-16 -15.6 2.5
-19.6 -14.4 3.3
-19.6 -14.4 3.3
-24.8 -19.4 4.5
-18.6 -14 1.7
-21.4 -14 1.7
-24 -15.8 2.9
-24 -15.2 1.1
-23.6 -15 1.7
-16.8 -14.6 0.5
-20.6 -15.2 4.5
-19.6 -14 2.3
-18.8 -15 4.1
-18.8 -14 1.9
-25.4 -23.2 0.5
-18.8 -14 1.9
-23.6 -15 1.7
-16 -15.8 2.9
-16 -15.2 1.1
-24.2 -16 2.9
-24.8 -16.6 2.7
-23.8 -16 3.5
-23.8 -15.2 1.9
-23.8 -15 0.5
-23.4 -15.8 3.7
-23.8 -15 0.5
-16.6 -15.8 3.7
-16.2 -15.2 1.9
-16 -16.2 3.5
-23.4 -15.2 2.7
-24.8 -22.2 3.9
-19.4 -13.8 1.3
-19.2 -13.8 1.1
-19 -13.8 0.5
-16.6 -15.2 2.7
-23.2 -15.8 3.9
-16.8 -14.6 0.3
-16.8 -14.6 0.7
-20 -15 4.3
-18.6 -15.2 4.3
-18.4 -14.2 2.3
-25.4 -23.2 0.3
-25.4 -23.2 0.7
-15.2 -17.8 3.9
-24.2 -16.6 3.7
-24.2 -15.4 1.3
-23.8 -15 0.3
-23.8 -15 0.7
-23.8 -15 0.3
-23.8 -15 0.7
-23.4 -15.4 3.1
-19 -13.8 0.3
-19 -13.8 0.7
-21 -14.2 2.7
-19 -14.2 2.7
-21 -14.2 2.7
-19 -14.2 2.7
-24.4 -16.2 2.9
-23.8 -15.6 2.9
-16.2 -15.6 2.9
-24.4 -15.8 2.1
-14.8 -17.6 3.1
-25.4 -22.8 2.1
-14.8 -17.4 2.9
-19.6 -14.6 3.7
-21 -14 2.1
-16.8 -14.6 0.1
-16.8 -14.6 0.9
-25.4 -23.2 0.1
-25.4 -23.2 0.9
-21 -14 2.1
-19 -14 2.1
-20.6 -14.4 3.3
-24.2 -15.6 2.1
-19.6 -14.2 2.9
-18.8 -14.4 3.1
-25.2 -22.4 3.1
-21.2 -14.4 3.1
-20.6 -14.4 3.3
-23.8 -15 0.1
-23.8 -15 0.9
-16.6 -14.8 1.5
-25 -17.2 3.1
-25.4 -23 1.7
-25 -22.8 3.1
-23.8 -15 0.1
-23.8 -15 0.9
-20.6 -14 2.3
-23.8 -15.4 2.5
-19.4 -14 2.3
-19 -14.8 3.9
-21 -14.8 3.9
-20.6 -14 2.3
-19.6 -13.8 1.5
-19.4 -14 2.3
-19 -13.8 0.1
-19 -13.8 0.9
-18.8 -14.6 3.5
-17 -15.8 4.1
-16.2 -15.4 2.5
-15 -17.4 3.3
-19.6 -15 4.3
-18.6 -14.2 2.5
-19.6 -25 4.3
-24.2 -17 4.1
-24 -15.2 1.3
-16 -15.2 1.3
-24.4 -15.6 1.5
-19.2 -13.8 1.3
-14.8 -17.8 3.3
-16 -15.4 2.1
-25.2 -22.2 3.3
-14.6 -17.6 2.7
-15 -17.6 3.5
-19.4 -14.6 3.7
-25 -22.4 3.5
-20.6 -14.6 3.7
-19.4 -14.6 3.7
-20.6 -14.2 2.9
-14.6 -17.8 2.9
-16.8 -14.6 1.1
-25 -17 2.9
-25.4 -23.2 1.1
-23.8 -15 1.1
-23.4 -15 2.3
-25 -16.6 2.3
-23.8 -15 1.1
-19.4 -13.8 1.5
-19 -13.8 1.1
-25 -19.4 4.3
-24 -16 3.3
-18.4 -14.8 3.7
-24.4 -16.8 3.7
-19.2 -14.4 3.3
-24.4 -23.2 3.7
-19.2 -14.4 3.3
-16.8 -15.6 3.7
-25.2 -23.2 2.1
-24.8 -17.2 3.5
-24.8 -23 3.3
-19.2 -14 2.3
-20.8 -14 2.3
-19.2 -14 2.3
-17.2 -15.2 3.5
-18.8 -13.8 0.5
-17 -15.2 3.3
-23.6 -15.4 2.9
-16.4 -15.4 2.9
-23.8 -15.8 3.3
-16.2 -15.8 3.3
-14.6 -18 3.1
-24.4 -16.6 3.5
-14.6 -17.4 2.5
-24.4 -17 3.9
-18.6 -15 4.1
-18.6 -14 1.9
-21.4 -14 1.9
-23.6 -15 1.9
-18.8 -13.8 0.3
-18.8 -13.8 0.7
-23.6 -15 1.9
-18.8 -14.2 2.7
-20 -14.8 4.1
-16.4 -14.8 0.5
-23.6 -14.8 0.5
-18.8 -14 2.1
-18.8 -14 2.1
-16.4 -15.2 2.5
-16.6 -14.8 1.7
-23.8 -15.2 2.1
-24.8 -16.8 3.1
-19.2 -14.6 3.7
-24.8 -23.2 3.1
-24.8 -22.6 3.7
-20.8 -14.6 3.7
-19.6 -13.8 1.7
-19.2 -14.6 3.7
-16.2 -15.2 2.1
-20.8 -14.2 2.9
-24 -15.2 1.5
-16.8 -14.6 1.3
-16.4 -14.8 0.3
-16.4 -14.8 0.7
-19.2 -14.2 2.9
-19 -15.2 4.5
-18.8 -14.8 3.9
-25.4 -23.2 1.3
-20.8 -14.2 2.9
-19.2 -14.2 2.9
-18.8 -13.8 0.1
-18.8 -13.8 0.9
-23.6 -14.8 0.3
-23.6 -14.8 0.7
-16 -15.2 1.5
-23.2 -15.2 3.1
-18.4 -15.2 4.3
-17.4 -15.2 3.7
-16.8 -15.2 3.1
-25.2 -23 2.5
-23.8 -15 1.3
-23.8 -15 1.3
-19.2 -13.8 1.5
-19 -13.8 1.3
-25 -19.2 4.3
-23.2 -15 2.7
-25 -16.8 2.7
-25 -23.2 2.7
-25 -22.2 3.7
-25.4 -23 1.9
-21.4 -14.6 3.5
-24.2 -15.8 2.7
-24.4 -15.6 1.7
-19.6 -14.8 4.1
-16.4 -14.8 0.1
-16.4 -14.8 0.9
-19.6 -14 2.5
-23.6 -14.8 0.1
-23.6 -14.8 0.9
-16.4 -15.6 3.3
-24 -15.6 2.7
-16 -15.6 2.7
-21 -14.4 3.3
-19 -14.4 3.3
-18.4 -14.2 2.5
-25.4 -22.8 2.3
-21 -14 2.3
-21 -14 2.3
-19.4 -13.8 1.7
-19 -14 2.3
-18.8 -13.8 1.1
-24.2 -15.6 2.3
-24.8 -16.6 2.9
-24.8 -22.4 3.9
-23.6 -16.2 4.1
-16.4 -16.2 4.1
-16.2 -16.4 4.1
-20.6 -14 2.5
-23.4 -15.2 2.9
-15.2 -17.6 3.9
-16.4 -14.8 1.1
-19.4 -14 2.5
-20.6 -14 2.5
-19.4 -14 2.5
-23.6 -14.8 1.1
-16.6 -15.2 2.9
-16.4 -16.4 4.3
-24 -15.8 3.1
-19 -14.6 3.7
-19 -14.6 3.7
-16 -15.8 3.1
-21 -14.2 2.9
-16.8 -14.6 1.5
-19 -14.2 2.9
-25.4 -23.2 1.5
-21 -14.2 2.9
-19 -14.2 2.9
-16 -15.4 2.3
-24.2 -16 3.1
-24.6 -17 3.7
-17 -15.4 3.7
-23.2 -15.4 3.5
-24.6 -16.8 3.5
-24.2 -17.4 4.5
-16.8 -15.4 3.5
-23.8 -16.2 3.9
-23.8 -15 1.5
-23.4 -16.2 4.3
-23.8 -15 1.5
-16.6 -16.2 4.3
-23.8 -15.4 2.7
-19 -13.8 1.5
-16.2 -15.4 2.7
-18.6 -14.2 2.7
-19 -25 4.3
-24 -15.2 1.7
-16 -15.2 1.7
-23.4 -16 4.1
-19.2 -13.8 1.7
-24.4 -15.4 0.5
-18.6 -14 2.1
-18.4 -15 4.1
-18.4 -25 4.1
-21.4 -14 2.1
-18.8 -13.8 1.3
-23.6 -16 3.9
-23.6 -15 2.1
-19.6 -14.4 3.5
-19.6 -14.4 3.5
-23.6 -15 2.1
-24.4 -16.2 3.1
-16.2 -15.6 3.1
-16.6 -14.8 1.9
-14.8 -17.4 3.1
-25 -16.6 2.5
-19.6 -13.8 1.9
-24.4 -15.4 0.3
-24.4 -15.4 0.7
-23.4 -15.4 3.3
-15 -18 3.9
-17.2 -15.4 3.9
-14.8 -17.6 3.3
-19.2 -14.8 4.1
-16.4 -14.8 1.3
-19.2 -14 2.5
-20.8 -14 2.5
-19.2 -14 2.5
-23.6 -14.8 1.3
-18.8 -14.4 3.3
-25.2 -22.4 3.3
-21.2 -14.4 3.3
-24.4 -15.6 1.9
-14.6 -17.6 2.9
-25 -17.2 3.3
-25 -22.8 3.3
-16 -16.2 3.7
-24.4 -15.4 0.1
-24.4 -15.4 0.9
-18.8 -14 2.3
-18.8 -14 2.3
-24.2 -15.2 0.5
-23.2 -16 4.3
-23.8 -15.2 2.3
-16.6 -14.6 0.5
-16.2 -15.2 2.3
-25.4 -23 2.1
-20.6 -14.4 3.5
-20.6 -14.4 3.5
-24.2 -15.2 0.3
-24.2 -15.2 0.7
-23.4 -15.8 3.9
-16.6 -14.6 0.3
-16.6 -14.6 0.7
-16.6 -15.8 3.9
-14.6 -17.8 3.1
-14.6 -17.4 2.7
-19.4 -13.8 1.9
-20.6 -14.2 3.1
-15 -17.4 3.5
-24.2 -16.6 3.9
-24.8 -22.2 4.1
-23.2 -15.8 4.1
-16.8 -14.6 1.7
-25.4 -23.2 1.7
-18.8 -14.6 3.7
-15.2 -17.8 4.1
-18.8 -14.2 2.9
-24.2 -15.2 0.1
-24.2 -15.2 0.9
-23.8 -15 1.7
-16.6 -14.6 0.1
-16.6 -14.6 0.9
-23.8 -15 1.7
-19.6 -14.6 3.9
-19 -13.8 1.7
-24.4 -15.4 1.1
-14.8 -17.8 3.5
-18.8 -13.8 1.5
-23.6 -15.4 3.1
-18.8 -15 4.3
-16.4 -15.4 3.1
-25.2 -23 2.7
-25.2 -22.2 3.5
-25.4 -22.8 2.5
-14.6 -18 3.3
-19 -14.8 4.1
-21 -14.8 4.1
-21 -14 2.5
-24 -16 3.5
-24 -15.2 1.9
-24 -15 0.5
-15 -17.6 3.7
-16.4 -14.8 1.5
-20 -15 4.5
-19.6 -14 2.7
-18.6 -15.2 4.5
-25 -22.4 3.7
-21 -14 2.5
-19 -14 2.5
-24 -15 0.5
-23.6 -14.8 1.5
-16 -15.2 1.9
-24.2 -15.6 2.5
-19.2 -14.4 3.5
-23.2 -15 2.9
-25 -16.8 2.9
-25 -23.2 2.9
-24.8 -23 3.5
-20.8 -14.2 3.1
-24 -15 0.3
-24 -15 0.7
-19.2 -14.2 3.1
-20.8 -14.2 3.1
-19.2 -14.2 3.1
-24 -15 0.3
-24 -15 0.7
-17 -15.2 3.5
-18.4 -14.2 2.7
-24.2 -15.8 2.9
-24.2 -15.2 1.1
-23.8 -15.8 3.5
-16.2 -15.8 3.5
-16.6 -14.6 1.1
-19.4 -14.6 3.9
-20.6 -14.6 3.9
-19.4 -14.6 3.9
-17 -15.8 4.3
-24.2 -17 4.3
-24.8 -17.2 3.7
-24 -15.6 2.9
-16 -15.6 2.9
-24.8 -16.8 3.3
-24.8 -23.2 3.3
-17.2 -15.2 3.7
-23.2 -15.2 3.3
-16.8 -15.2 3.3
-16.6 -14.8 2.1
-24.4 -16.6 3.7
-24.4 -15.4 1.3
-24 -15 0.1
-24 -15 0.9
-19.6 -15 4.5
-18.4 -14.8 3.9
-19.6 -25 4.5
-19.6 -13.8 2.1
-24 -15 0.1
-24 -15 0.9
-24.4 -16.8 3.9
-24.4 -23.2 3.9
-16.8 -15.6 3.9
-16 -15.4 2.5
-21.4 -14 2.3
-20.6 -14 2.7
-19.4 -14 2.7
-20.6 -14 2.7
-23.6 -15 2.3
-23.6 -15 2.3
-24.4 -15.6 2.1
-24.4 -17 4.1
-18.8 -13.8 1.7
-16.4 -15.6 3.5
-24.2 -15.2 1.3
-24.8 -16.6 3.1
-16.6 -14.6 1.3
-23.4 -15.2 3.1
-19.2 -14.6 3.9
-24.8 -22.6 3.9
-21.4 -14.6 3.7
-20.8 -14.6 3.9
-19.2 -14.6 3.9
-16.6 -15.2 3.1
-24 -15 1.1
-23.8 -15.4 2.9
-16.8 -14.6 1.9
-18.6 -14.2 2.9
-25.4 -23.2 1.9
-25 -19.4 4.5
-19.4 -13.8 2.1
-24 -15 1.1
-16.2 -15.4 2.9
-19 -14.4 3.5
-17.4 -15.2 3.9
-25.4 -23 2.3
-23.8 -15 1.9
-25 -16.6 2.7
-19 -13.8 1.9
-21 -14.2 3.1
-19 -14.2 3.1
-18.6 -15 4.3
-21 -14.2 3.1
-19 -14.2 3.1
-16.4 -14.8 1.7
-18.8 -14.8 4.1
-23.6 -14.8 1.7
-18.8 -14 2.5
-18.8 -14 2.5
-16.2 -14.8 0.5
-23.8 -14.8 0.5
-23.8 -15.2 2.5
-16.2 -15.2 2.5
-24 -15.8 3.3
-20 -14.8 4.3
-19.2 -14 2.7
-20.8 -14 2.7
-19.2 -14 2.7
-16 -15.8 3.3
-24.2 -16 3.3
-16.2 -14.8 0.3
-16.2 -14.8 0.7
-23.8 -14.8 0.3
-23.8 -14.8 0.7
-24.4 -15.4 1.5
-24 -15.2 2.1
-18.4 -15.2 4.5
-16.8 -14.4 0.5
-24.4 -16.2 3.3
-16.2 -14.8 0.1
-16.2 -14.8 0.9
-23.8 -14.8 0.1
-23.8 -14.8 0.9
-16.2 -15.6 3.3
-24 -15 1.3
-14.8 -17.4 3.3
-19.6 -14.8 4.3
-25 -19.2 4.5
-24 -15 1.3
-23.2 -15.4 3.7
-16.8 -14.4 0.3
-16.8 -14.4 0.7
-24.6 -16.8 3.7
-14.6 -17.6 3.1
-14.6 -17.4 2.9
-24.2 -15.2 1.5
-19 -14.6 3.9
-23.4 -15.4 3.5
-24.6 -17 3.9
-17 -15.4 3.9
-24.8 -22.4 4.1
-15.2 -17.6 4.1
-19.6 -14.4 3.7
-16.8 -14.4 0.1
-16.8 -14.4 0.9
-18.8 -14.4 3.5
-21.2 -14.4 3.5
-25.2 -23 2.9
-23.8 -16.2 4.1
-16.2 -14.8 1.1
-23.8 -14.8 1.1
-16.6 -14.8 2.3
-25 -17.2 3.5
-25 -22.8 3.5
-19.6 -13.8 2.3
-21 -14 2.7
-14.6 -17.8 3.3
-21 -14 2.7
-19 -14 2.7
-18.8 -13.8 1.9
-16.4 -16.2 4.3
-16.2 -16.4 4.3
-20.6 -14.2 3.3
-24.2 -15.6 2.7
-18.8 -14.2 3.1
-19.6 -14 2.9
-23.6 -16 4.1
-24.4 -15.6 2.3
-24.4 -15.4 1.7
-15 -18 4.1
-16.4 -14.8 1.9
-21.4 -14 2.5
-23.6 -14.8 1.9
-17.2 -15.4 4.1
-23.6 -15 2.5
-16.8 -14.6 2.1
-25.4 -23.2 2.1
-23.6 -15 2.5
-20.6 -14.4 3.7
-23.6 -15.4 3.3
-18.4 -14.2 2.9
-20.6 -14.4 3.7
-16.8 -14.4 1.1
-23.4 -16.2 4.5
-16.6 -16.2 4.5
-23.8 -15 2.1
-16 -16.2 3.9
-24 -15 1.5
-23.4 -16 4.3
-19 -25 4.5
-24 -15 1.5
-23.2 -15 3.1
-15 -17.4 3.7
-25 -16.8 3.1
-25 -23.2 3.1
-18.4 -25 4.3
-16 -15.4 2.7
-19.4 -13.8 2.3
-24.2 -15.8 3.1
-16.2 -14.8 1.3
-16 -15.6 3.1
-16.4 -14.6 0.5
-19.2 -14.8 4.3
-23.6 -14.6 0.5
-20.8 -14.2 3.3
-20.6 -14 2.9
-19.4 -14 2.9
-19.2 -14.2 3.3
-20.8 -14.2 3.3
-20.6 -14 2.9
-19.2 -14.2 3.3
-24.2 -15.2 1.7
-25.2 -22.2 3.7
-23.4 -15.8 4.1
-14.6 -18 3.5
-25.4 -23 2.5
-16.4 -14.6 0.3
-16.4 -14.6 0.7
-18.8 -14.6 3.9
-23.6 -14.6 0.3
-23.6 -14.6 0.7
-24.2 -16.6 4.1
-24 -16 3.7
-23.2 -16 4.5
-19.2 -14.4 3.7
-16.8 -14.4 1.3
-19.6 -14.6 4.1
-24.8 -23 3.7
-16.4 -14.6 0.1
-16.4 -14.6 0.9
-24.8 -16.8 3.5
-24.8 -23.2 3.5
-23.6 -14.6 0.1
-23.6 -14.6 0.9
-18.8 -14 2.7
-18.8 -14 2.7
-17 -15.2 3.7
-23.2 -15.2 3.5
-16.8 -15.2 3.5
-23.8 -15.8 3.7
-16.2 -15.8 3.7
-23.8 -15.2 2.7
-16.2 -15.2 2.7
-15 -17.6 3.9
-25 -16.6 2.9
-25 -22.4 3.9
-24.8 -22.2 4.3
-23.2 -15.8 4.3
-15.2 -17.8 4.3
-23.8 -15.4 3.1
-16.2 -15.4 3.1
-18.6 -14.2 3.1
-24.4 -15.2 0.5
-19.2 -14 2.9
-20.8 -14 2.9
-19.2 -14 2.9
-24.8 -17.2 3.9
-24.8 -16.6 3.3
-24.4 -15.2 0.3
-24.4 -15.2 0.7
-24 -15 1.7
-23.4 -15.2 3.3
-24 -15 1.7
-17.2 -15.2 3.9
-16.6 -15.2 3.3
-18.8 -15 4.5
-18.8 -13.8 2.1
-16.2 -14.8 1.5
-24.4 -16.6 3.9
-20.6 -14.6 4.1
-19.4 -14.6 4.1
-24.4 -15.4 1.9
-16.4 -14.6 1.1
-21 -14.8 4.3
-23.6 -14.6 1.1
-21 -14.2 3.3
-19 -14.2 3.3
-21 -14.2 3.3
-19 -14.2 3.3
-24.4 -15.2 0.1
-24.4 -15.2 0.9
-18.4 -14.8 4.1
-16.4 -14.8 2.1
-24.4 -16.8 4.1
-24.4 -23.2 4.1
-23.6 -14.8 2.1
-16.8 -15.6 4.1
-16.4 -15.6 3.7
-19.6 -13.8 2.5
-19 -14.4 3.7
-16.8 -14.4 1.5
-24 -15.8 3.5
-16.8 -14.6 2.3
-25.4 -23.2 2.3
-17 -15.8 4.5
-24.2 -16 3.5
-24.2 -15.2 1.9
-24.2 -15 0.5
-24.2 -17 4.5
-24.2 -15 0.5
-23.8 -15 2.3
-14.6 -17.4 3.1
-21.4 -14.6 3.9
-24.2 -15 0.3
-24.2 -15 0.7
-24.2 -15 0.3
-24.2 -15 0.7
-14.6 -17.6 3.3
-19.2 -14.6 4.1
-24.8 -22.6 4.1
-20.8 -14.6 4.1
-19.2 -14.6 4.1
-24.4 -15.2 1.1
-16.4 -14.6 1.3
-23.6 -14.6 1.3
-21 -14 2.9
-24.2 -15.6 2.9
-21 -14 2.9
-19 -14 2.9
-17.4 -15.2 4.1
-16.2 -15.6 3.5
-14.8 -17.4 3.5
-21.4 -14 2.7
-19.4 -13.8 2.5
-23.6 -15 2.7
-23.6 -15 2.7
-24.2 -15 0.1
-24.2 -15 0.9
-25.2 -23 3.1
-24.2 -15 0.1
-24.2 -15 0.9
-16.2 -14.8 1.7
-19.6 -14 3.1
-16.6 -14.4 0.5
-18.8 -14.8 4.3
-18.8 -14.2 3.3
-16 -15.4 2.9
-24 -15 1.9
-18.6 -15 4.5
-24 -15 1.9
-23.4 -15.4 3.7
-16.6 -14.4 0.3
-16.6 -14.4 0.7
-18.4 -14.2 3.1
-23.2 -15.4 3.9
-24.6 -16.8 3.9
-25.4 -23 2.7
-14.6 -17.8 3.5
-20.6 -14.2 3.5
-24.2 -15 1.1
-24.2 -15 1.1
-24.4 -15.2 1.3
-16 -14.8 0.5
-20 -14.8 4.5
-24 -14.8 0.5
-16.8 -14.4 1.7
-18.8 -14.4 3.7
-21.2 -14.4 3.7
-16 -14.8 0.3
-16 -14.8 0.7
-25 -17.2 3.7
-25 -22.8 3.7
-24 -14.8 0.3
-24 -14.8 0.7
-24.4 -15.4 2.1
-16.6 -14.4 0.1
-16.6 -14.4 0.9
-23.2 -15 3.3
-25 -16.8 3.3
-19.6 -14.4 3.9
-25 -23.2 3.3
-20.6 -14 3.1
-16.4 -14.6 1.5
-19.4 -14 3.1
-20.6 -14 3.1
-23.6 -14.6 1.5
-24.6 -17 4.1
-18.8 -13.8 2.3
-17 -15.4 4.1
-24.2 -15.8 3.3
-23.6 -15.4 3.5
-16 -14.8 0.1
-16 -14.8 0.9
-24 -14.8 0.1
-24 -14.8 0.9
-16 -15.6 3.3
-18.8 -14 2.9
-18.8 -14 2.9
-24.8 -22.4 4.3
-23.6 -14.8 2.3
-16.2 -15.2 2.9
-15.2 -17.6 4.3
-24.2 -15.2 2.1
-20.8 -14.2 3.5
-16.6 -14.4 1.1
-19.2 -14.2 3.5
-20.8 -14.2 3.5
-19.2 -14.2 3.5
-20.6 -14.4 3.9
-24.2 -15 1.3
-20.6 -14.4 3.9
-24.2 -15 1.3
-23.8 -16.2 4.3
-25 -16.6 3.1
-16 -16.2 4.1
-24.4 -15.2 1.5
-14.6 -18 3.7
-16 -14.8 1.1
-19.2 -14 3.1
-20.8 -14 3.1
-19.2 -14 3.1
-24 -14.8 1.1
-16.4 -16.2 4.5
-16.2 -16.4 4.5
-16.8 -14.6 2.5
-25.4 -23.2 2.5
-23.6 -16 4.3
-16.2 -14.8 1.9
-23.8 -15 2.5
-23.8 -15.4 3.3
-19.6 -13.8 2.7
-16.2 -15.4 3.3
-15 -18 4.3
-18.6 -14.2 3.3
-17.2 -15.4 4.3
-25.2 -22.2 3.9
-24.8 -16.8 3.7
-23.2 -15.2 3.7
-16.8 -15.2 3.7
-23.4 -16 4.5
-16.4 -14.6 1.7
-18.8 -14.6 4.1
-23.6 -14.6 1.7
-24 -16 3.9
-24 -15 2.1
-16.6 -14.4 1.3
-18.4 -25 4.5
-24 -15 2.1
-19.2 -14.4 3.9
-16.8 -14.4 1.9
-16.2 -14.6 0.5
-24.8 -16.6 3.5
-23.8 -14.6 0.5
-24.8 -23 3.9
-23.4 -15.2 3.5
-16.6 -15.2 3.5
-17 -15.2 3.9
-13.4 -20.2 0.5
-23.8 -15.8 3.9
-16.2 -14.6 0.3
-16.2 -14.6 0.7
-23.8 -14.6 0.3
-23.8 -14.6 0.7
-16.2 -15.8 3.9
-23.4 -15.8 4.3
-19.4 -13.8 2.7
-21 -14.2 3.5
-19 -14.2 3.5
-21 -14.2 3.5
-19 -14.2 3.5
-24.2 -15 1.5
-13.4 -20.2 0.3
-13.4 -20.2 0.7
-24.2 -16.6 4.3
-24.2 -15 1.5
-16 -14.8 1.3
-19.2 -14.8 4.5
-24 -14.8 1.3
-15 -17.6 4.1
-25 -22.4 4.1
-23.6 -15 2.9
-21.4 -14 2.9
-23.6 -15 2.9
-13.4 -20.4 0.5
-16.2 -14.6 0.1
-16.2 -14.6 0.9
-23.8 -14.6 0.1
-23.8 -14.6 0.9
-14.6 -17.4 3.3
-19.6 -14.6 4.3
-21 -14 3.1
-19 -14 3.1
-24.4 -15.4 2.3
-24.2 -15.6 3.1
-13.4 -20.4 0.3
-13.4 -20.4 0.7
-13.4 -20.2 0.1
-13.4 -20.2 0.9
-24.8 -17.2 4.1
-24.4 -15.2 1.7
-17.2 -15.2 4.1
-24.4 -16.6 4.1
-24.8 -22.2 4.5
-24 -15.8 3.7
-23.2 -15.8 4.5
-18.8 -13.8 2.5
-16.4 -15.6 3.9
-15.2 -17.8 4.5
-13.4 -20.4 0.1
-13.4 -20.4 0.9
-24.2 -16 3.7
-16.8 -14.2 0.5
-25.2 -23 3.3
-14.6 -17.6 3.5
-25.4 -23 2.9
-16.6 -14.4 1.5
-16 -15.4 3.1
-24.2 -15.2 2.3
-13.4 -20.6 0.5
-19 -14.4 3.9
-16.8 -14.2 0.3
-16.8 -14.2 0.7
-16.2 -14.6 1.1
-23.8 -14.6 1.1
-20.6 -14.6 4.3
-13.4 -20.6 0.3
-13.4 -20.6 0.7
-13.4 -20.2 1.1
-19.6 -14 3.3
-23.6 -14.8 2.5
-16.2 -14.8 2.1
-16.2 -15.6 3.7
-16 -14.8 1.5
-21 -14.8 4.5
-24 -14.8 1.5
-14.8 -17.4 3.7
-18.4 -14.8 4.3
-24.4 -16.8 4.3
-18.4 -14.2 3.3
-24.4 -23.2 4.3
-16.8 -15.6 4.3
-16.8 -14.2 0.1
-16.8 -14.2 0.9
-21.4 -14.6 4.1
-16.4 -14.6 1.9
-23.6 -14.6 1.9
-24.2 -15 1.7
-13.4 -20.6 0.1
-13.4 -20.6 0.9
-13.4 -20.4 1.1
-18.8 -14.2 3.5
-24.2 -15 1.7
-16.8 -14.4 2.1
-20.6 -14 3.3
-19.4 -14 3.3
-18.8 -14 3.1
-20.6 -14 3.3
-18.8 -14 3.1
-13.4 -20.8 0.5
-16.2 -14.6 1.3
-23.8 -14.6 1.3
-16.2 -15.2 3.1
-24 -15 2.3
-19.2 -14.6 4.3
-24.8 -22.6 4.3
-20.8 -14.6 4.3
-19.2 -14.6 4.3
-24 -15 2.3
-14.6 -17.8 3.7
-16.8 -14.6 2.7
-20.6 -14.2 3.7
-23.2 -15 3.5
-13.4 -20.8 0.3
-13.4 -20.8 0.7
-13.4 -20.2 1.3
-25 -23.2 3.5
-17.4 -15.2 4.3
-16.8 -14.2 1.1
-23.8 -15 2.7
-23.4 -15.4 3.9
-24.2 -15.8 3.5
-13.4 -20.6 1.1
-16.4 -14.4 0.5
-23.6 -14.4 0.5
-24.4 -15.2 1.9
-24.4 -15 0.5
-24.4 -15 0.5
-16 -15.6 3.5
-16.6 -14.4 1.7
-19.6 -13.8 2.9
-13.4 -20.8 0.1
-13.4 -20.8 0.9
-13.4 -20.4 1.3
-23.6 -15.4 3.7
-23.2 -15.4 4.1
-16.4 -14.4 0.3
-16.4 -14.4 0.7
-21.2 -14.4 3.9
-23.6 -14.4 0.3
-23.6 -14.4 0.7
-24.4 -15 0.3
-24.4 -15 0.7
-25 -17.2 3.9
-25 -16.6 3.3
-25 -22.8 3.9
-24.4 -15 0.3
-24.4 -15 0.7
-16 -14.8 1.7
-19.2 -14 3.3
-20.8 -14 3.3
-19.2 -14 3.3
-19.6 -14.4 4.1
-16.4 -14.4 0.1
-16.4 -14.4 0.9
-23.6 -14.4 0.1
-23.6 -14.4 0.9
-24.4 -15 0.1
-24.4 -15 0.9
-24.4 -15 0.1
-24.4 -15 0.9
-24.4 -15.4 2.5
-20.8 -14.2 3.7
-19.2 -14.2 3.7
-20.8 -14.2 3.7
-19.2 -14.2 3.7
-19.4 -13.8 2.9
-13.4 -21 0.5
-13.4 -20.8 1.1
-13.4 -20.6 1.3
-16.2 -14.6 1.5
-23.8 -14.6 1.5
-18.6 -14.2 3.5
-24.2 -15 1.9
-13.4 -21 0.3
-13.4 -21 0.7
-13.4 -20.2 1.5
-24.6 -17 4.3
-24.2 -15 1.9
-17 -15.4 4.3
-15.8 -14.8 0.5
-16.4 -14.6 2.1
-23.6 -14.6 2.1
-20.6 -14.4 4.1
-20.6 -14.4 4.1
-24.2 -14.8 0.5
-24.2 -15.2 2.5
-16.4 -14.4 1.1
-23.6 -14.4 1.1
-16.2 -14.8 2.3
-15.8 -14.8 0.3
-15.8 -14.8 0.7
-24.4 -15 1.1
-14.6 -18 3.9
-21.4 -14 3.1
-24.4 -15 1.1
-23.6 -15 3.1
-18.8 -13.8 2.7
-23.6 -15 3.1
-13.4 -21 0.1
-13.4 -21 0.9
-13.4 -20.4 1.5
-24.2 -14.8 0.3
-24.2 -14.8 0.7
-24.8 -22.4 4.5
-15.2 -17.6 4.5
-15.8 -14.8 0.1
-15.8 -14.8 0.9
-24.8 -16.6 3.7
-23.4 -15.2 3.7
-24.8 -16.8 3.9
-21 -14 3.3
-23.6 -14.8 2.7
-16.6 -15.2 3.7
-24.2 -15.6 3.3
-13.4 -20.8 1.3
-24.2 -14.8 0.1
-24.2 -14.8 0.9
-23.2 -15.2 3.9
-16.8 -15.2 3.9
-16.8 -14.4 2.3
-25.2 -22.2 4.1
-23.8 -16.2 4.5
-16 -16.2 4.3
-16.6 -14.4 1.9
-21 -14.2 3.7
-19 -14.2 3.7
-21 -14.2 3.7
-19 -14.2 3.7
-25.4 -23 3.1
-14.6 -17.4 3.5
-13.4 -21 1.1
-13.4 -20.6 1.5
-24.4 -15.2 2.1
-24 -16 4.1
-23.6 -16 4.5
-19.2 -14.4 4.1
-16.4 -14.4 1.3
-23.6 -14.4 1.3
-24.8 -23 4.1
-24.4 -15 1.3
-16 -14.8 1.9
-24.4 -15 1.3
-24 -15 2.5
-15 -18 4.5
-24 -15 2.5
-17.2 -15.4 4.5
-17 -15.2 4.1
-16 -15.4 3.3
-13.4 -21.2 0.5
-23.8 -15.8 4.1
-16.2 -14.6 1.7
-23.8 -14.6 1.7
-16.2 -15.8 4.1
-15.8 -14.8 1.1
-18.8 -14.6 4.3
-13.4 -20.2 1.7
-24.2 -14.8 1.1
-13.4 -21.2 0.3
-13.4 -21.2 0.7
-14.6 -17.6 3.7
-16 -14.6 0.5
-24 -14.6 0.5
-19.6 -14 3.5
-16.8 -14.6 2.9
-13.4 -20.4 1.7
-13.4 -21.2 0.1
-13.4 -21.2 0.9
-23.4 -15.8 4.5
-16 -14.6 0.3
-16 -14.6 0.7
-24 -14.6 0.3
-24 -14.6 0.7
-23.8 -15 2.9
-24 -15.8 3.9
-15 -17.6 4.3
-16.6 -14.2 0.5
-13.4 -21 1.3
-13.4 -20.8 1.5
-18.4 -14.2 3.5
-24.2 -16 3.9
-24.2 -15 2.1
-24.2 -15 2.1
-16.6 -14.2 0.3
-16.6 -14.2 0.7
-16.4 -15.6 4.1
-18.8 -14 3.3
-15.8 -14.8 1.3
-24.8 -17.2 4.3
-16 -14.6 0.1
-16 -14.6 0.9
-19.6 -14.6 4.5
-24 -14.6 0.1
-24 -14.6 0.9
-16.2 -15.2 3.3
-17.2 -15.2 4.3
-19 -14.4 4.1
-24.2 -14.8 1.3
-16.4 -14.4 1.5
-18.8 -14.2 3.7
-23.6 -14.4 1.5
-16.2 -15.6 3.9
-24.4 -15 1.5
-24.4 -16.6 4.3
-19.6 -13.8 3.1
-24.4 -15 1.5
-24.4 -15.4 2.7
-14.8 -17.4 3.9
-16.6 -14.2 0.1
-16.6 -14.2 0.9
-16.4 -14.6 2.3
-19.4 -14 3.5
-20.6 -14 3.5
-23.6 -14.6 2.3
-13.4 -20.6 1.7
-13.4 -21.2 1.1
-16.2 -14.8 2.5
-16.6 -14.4 2.1
-16 -14.6 1.1
-24 -14.6 1.1
-24.2 -15.8 3.7
-24.2 -15.2 2.7
-16.2 -14.6 1.9
-23.8 -14.6 1.9
-25 -16.6 3.5
-21.4 -14.6 4.3
-19.4 -13.8 3.1
-14.6 -17.8 3.9
-16.6 -14.2 1.1
-20.6 -14.2 3.9
-13.4 -21 1.5
-13.4 -20.2 1.9
-16 -14.8 2.1
-18.4 -14.8 4.5
-16 -15.6 3.7
-24.4 -16.8 4.5
-24.4 -23.2 4.5
-16.8 -15.6 4.5
-16.8 -14.4 2.5
-24.4 -15.2 2.3
-19.2 -14 3.5
-20.8 -14 3.5
-19.2 -14 3.5
-18.8 -13.8 2.9
-13.4 -20.8 1.7
-13.4 -21.2 1.3
-15.8 -14.8 1.5
-23.4 -15.4 4.1
-13.4 -20.4 1.9
-24.2 -14.8 1.5
-23.6 -15.4 3.9
-23.6 -14.8 2.9
-16.4 -14.4 1.7
-21.2 -14.4 4.1
-24.4 -15 1.7
-16 -14.6 1.3
-25 -17.2 4.1
-19.2 -14.6 4.5
-25 -22.8 4.1
-24.8 -22.6 4.5
-20.8 -14.6 4.5
-19.2 -14.6 4.5
-24.4 -15 1.7
-24 -14.6 1.3
-16.2 -14.4 0.5
-21.4 -14 3.3
-23.8 -14.4 0.5
-23.6 -15 3.3
-17.4 -15.2 4.5
-24 -15 2.7
-16.6 -14.2 1.3
-16.2 -14.4 0.3
-16.2 -14.4 0.7
-24 -15 2.7
-23.8 -14.4 0.3
-23.8 -14.4 0.7
-20.8 -14.2 3.9
-19.2 -14.2 3.9
-18.6 -14.2 3.7
-20.8 -14.2 3.9
-19.2 -14.2 3.9
-23.2 -15.4 4.3
-24.2 -15 2.3
-13.4 -20.6 1.9
-24.2 -15 2.3
-16.2 -14.4 0.1
-16.2 -14.4 0.9
-23.8 -14.4 0.1
-23.8 -14.4 0.9
-19.6 -14.4 4.3
-21 -14 3.5
-24.2 -15.6 3.5
-13.4 -21 1.7
-13.4 -21.2 1.5
-15.8 -14.8 1.7
-14.6 -18 4.1
-16.4 -14.6 2.5
-23.6 -14.6 2.5
-24.2 -14.8 1.7
-16.2 -14.6 2.1
-24.8 -16.6 3.9
-23.8 -14.6 2.1
-16 -14.6 1.5
-24 -14.6 1.5
-23.4 -15.2 3.9
-14.6 -17.4 3.7
-16.8 -14.6 3.1
-16.2 -14.4 1.1
-23.8 -14.4 1.1
-16.6 -15.2 3.9
-16.6 -14.4 2.3
-24.6 -17 4.5
-24.6 -15 0.5
-17 -15.4 4.5
-20.6 -14.4 4.3
-13.4 -20.2 2.1
-23.8 -15 3.1
-16.6 -14.2 1.5
-21 -14.2 3.9
-19 -14.2 3.9
-21 -14.2 3.9
-19 -14.2 3.9
-24.6 -15 0.3
-24.6 -15 0.7
-24.8 -16.8 4.1
-16.8 -14 0.5
-16.8 -15.2 4.1
-24.4 -15.4 2.9
-16 -14.8 2.3
-13.2 -20.2 0.5
-16.8 -14 0.3
-16.8 -14 0.7
-16.4 -14.4 1.9
-13.4 -20.4 2.1
-16.2 -14.8 2.7
-24.4 -15 1.9
-24.4 -15 1.9
-13.2 -20.2 0.3
-13.2 -20.2 0.7
-24.6 -15 0.1
-24.6 -15 0.9
-25.2 -22.2 4.3
-15.6 -14.8 0.5
-24.4 -14.8 0.5
-24.4 -15.2 2.5
-13.2 -20.4 0.5
-19.6 -14 3.7
-16.8 -14 0.1
-16.8 -14 0.9
-15.6 -14.8 0.3
-15.6 -14.8 0.7
-24.4 -14.8 0.3
-24.4 -14.8 0.7
-16 -16.2 4.5
-16.2 -14.4 1.3
-19.6 -13.8 3.3
-23.8 -14.4 1.3
-13.2 -20.4 0.3
-13.2 -20.4 0.7
-13.2 -20.2 0.1
-13.2 -20.2 0.9
-18.8 -14 3.5
-13.4 -21.2 1.7
-19.2 -14.4 4.3
-18.4 -14.2 3.7
-24.2 -15.2 2.9
-16.8 -14.4 2.7
-14.6 -17.6 3.9
-24.8 -23 4.3
-16.2 -15.2 3.5
-17 -15.2 4.3
-13.4 -20.6 2.1
-23.8 -15.8 4.3
-16.2 -15.8 4.3
-13.4 -21 1.9
-24.6 -15 1.1
-15.6 -14.8 0.1
-15.6 -14.8 0.9
-24.4 -14.8 0.1
-24.4 -14.8 0.9
-13.2 -20.4 0.1
-13.2 -20.4 0.9
-16 -14.6 1.7
-24 -14.6 1.7
-24 -15.8 4.1
-18.8 -14.6 4.5
-13.2 -20.6 0.5
-19.4 -14 3.7
-20.6 -14 3.7
-24.2 -16 4.1
-16.8 -14 1.1
-16.4 -14.2 0.5
-23.6 -14.2 0.5
-15.8 -14.8 1.9
-16.6 -14.2 1.7
-19.4 -13.8 3.3
-18.8 -13.8 3.1
-13.2 -20.6 0.3
-13.2 -20.6 0.7
-13.2 -20.2 1.1
-24.2 -14.8 1.9
-24.2 -15 2.5
-16.4 -14.2 0.3
-16.4 -14.2 0.7
-18.8 -14.2 3.9
-24.2 -15 2.5
-23.6 -14.2 0.3
-23.6 -14.2 0.7
-16.2 -15.6 4.1
-15.6 -14.8 1.1
-24.4 -14.8 1.1
-15 -17.6 4.5
-14.8 -17.4 4.1
-23.6 -14.8 3.1
-24 -15 2.9
-13.2 -20.6 0.1
-13.2 -20.6 0.9
-13.2 -20.4 1.1
-24 -15 2.9
-16.4 -15.6 4.3
-16.4 -14.2 0.1
-16.4 -14.2 0.9
-23.6 -14.2 0.1
-23.6 -14.2 0.9
-15.8 -14.6 0.5
-16.2 -14.4 1.5
-25 -16.6 3.7
-23.8 -14.4 1.5
-24.6 -15 1.3
-24.2 -14.6 0.5
-16.2 -14.6 2.3
-23.8 -14.6 2.3
-15.8 -14.6 0.3
-15.8 -14.6 0.7
-13.4 -20.2 2.3
-24.2 -14.6 0.3
-24.2 -14.6 0.7
-24.2 -15.8 3.9
-24.8 -17.2 4.5
-17.2 -15.2 4.5
-13.2 -20.8 0.5
-19.2 -14 3.7
-20.8 -14 3.7
-19.2 -14 3.7
-16.8 -14 1.3
-16.4 -14.4 2.1
-24.4 -16.6 4.5
-24.4 -15 2.1
-24.4 -15 2.1
-16 -15.6 3.9
-16.6 -14.4 2.5
-13.2 -20.8 0.3
-13.2 -20.8 0.7
-13.2 -20.2 1.3
-15.8 -14.6 0.1
-15.8 -14.6 0.9
-14.6 -17.8 4.1
-16.4 -14.6 2.7
-21.4 -14 3.5
-23.6 -14.6 2.7
-20.6 -14.2 4.1
-13.2 -20.6 1.1
-24.2 -14.6 0.1
-24.2 -14.6 0.9
-23.6 -15 3.5
-16.4 -14.2 1.1
-13.4 -21.2 1.9
-13.4 -20.4 2.3
-23.6 -14.2 1.1
-15.6 -14.8 1.3
-24.4 -14.8 1.3
-16 -14.8 2.5
-13.2 -20.8 0.1
-13.2 -20.8 0.9
-13.2 -20.4 1.3
-23.6 -15.4 4.1
-16 -14.6 1.9
-21.4 -14.6 4.5
-13.4 -21 2.1
-15.8 -14.6 1.1
-16.6 -14.2 1.9
-23.4 -15.4 4.3
-13.4 -20.6 2.3
-18.6 -14.2 3.9
-24.6 -15 1.5
-24.2 -14.6 1.1
-16.2 -14.8 2.9
-15.8 -14.8 2.1
-24.4 -15.2 2.7
-16.2 -14.4 1.7
-23.8 -14.4 1.7
-20.8 -14.2 4.1
-16.8 -14.6 3.3
-13.2 -21 0.5
-13.2 -20.8 1.1
-13.2 -20.6 1.3
-19.2 -14.2 4.1
-21 -14 3.7
-20.8 -14.2 4.1
-19.2 -14.2 4.1
-24.2 -15.6 3.7
-16.8 -14 1.5
-16.4 -14.2 1.3
-24.2 -14.8 2.1
-23.6 -14.2 1.3
-21.2 -14.4 4.3
-23.8 -15 3.3
-24.4 -15.4 3.1
-25 -17.2 4.3
-25 -22.8 4.3
-13.2 -21 0.3
-13.2 -21 0.7
-13.2 -20.2 1.5
-16 -14.4 0.5
-24 -14.4 0.5
-16.8 -14.4 2.9
-15.6 -14.8 1.5
-24.4 -14.8 1.5
-13.2 -21 0.1
-13.2 -21 0.9
-13.2 -20.4 1.5
-16 -14.4 0.3
-16 -14.4 0.7
-24 -14.4 0.3
-24 -14.4 0.7
-23.2 -15.4 4.5
-15.8 -14.6 1.3
-24.2 -14.6 1.3
-24.2 -15.2 3.1
-14.6 -17.4 3.9
-24.2 -15 2.7
-24.2 -15 2.7
-13.2 -20.8 1.3
-16 -14.4 0.1
-16 -14.4 0.9
-24 -14.4 0.1
-24 -14.4 0.9
-24.8 -16.6 4.1
-23.4 -15.2 4.1
-16.6 -14 0.5
-16.4 -14.4 2.3
-13.4 -21.2 2.1
-16.2 -14.6 2.5
-23.8 -14.6 2.5
-24.4 -15 2.3
-16.6 -14 0.3
-16.6 -14 0.7
-19.6 -13.8 3.5
-24.4 -15 2.3
-21 -14.2 4.1
-13.2 -21 1.1
-13.2 -20.6 1.5
-19 -14.2 4.1
-24.6 -15 1.7
-16.4 -14.2 1.5
-13.4 -20.2 2.5
-23.6 -14.2 1.5
-16.8 -14 1.7
-13.2 -21.2 0.5
-18.8 -14 3.7
-16.6 -14 0.1
-16.6 -14 0.9
-16 -14.6 2.1
-16.2 -15.2 3.7
-13.2 -20.2 1.7
-24.8 -16.8 4.3
-19.6 -14 3.9
-18.8 -13.8 3.3
-20.6 -14.4 4.5
-16 -14.4 1.1
-13.4 -20.4 2.5
-13.2 -21.2 0.3
-13.2 -21.2 0.7
-24 -14.4 1.1
-16.8 -15.2 4.3
-24 -15 3.1
-16.2 -14.4 1.9
-24 -15 3.1
-23.8 -14.4 1.9
-16.6 -14.4 2.7
-16.6 -14.2 2.1
-18.4 -14.2 3.9
-15.8 -14.6 1.5
-19.4 -13.8 3.5
-13.4 -21 2.3
-24.2 -14.6 1.5
-15.6 -14.8 1.7
-24.4 -14.8 1.7
-13.2 -20.4 1.7
-23.6 -14.8 3.3
-13.2 -21.2 0.1
-13.2 -21.2 0.9
-14.6 -17.6 4.1
-16.4 -14.6 2.9
-16 -14.8 2.7
-23.6 -14.6 2.9
-13.2 -21 1.3
-13.2 -20.8 1.5
-25.2 -22.2 4.5
-15.8 -14.8 2.3
-16.6 -14 1.1
-19.4 -14 3.9
-20.6 -14 3.9
-13.4 -20.6 2.5
-24.2 -14.8 2.3
-16 -14.4 1.3
-19.2 -14.4 4.5
-24 -14.4 1.3
-24.8 -23 4.5
-24.8 -15 0.5
-13.2 -20.6 1.7
-17 -15.2 4.5
-16.4 -14.2 1.7
-13.2 -21.2 1.1
-18.8 -14.2 4.1
-23.6 -14.2 1.7
-23.8 -15.8 4.5
-24.8 -15 0.3
-24.8 -15 0.7
-16.2 -14.2 0.5
-23.8 -14.2 0.5
-24 -15.8 4.3
-24.2 -16 4.3
-16.2 -14.2 0.3
-16.2 -14.2 0.7
-25 -16.6 3.9
-23.8 -14.2 0.3
-23.8 -14.2 0.7
-24.6 -15 1.9
-24.4 -15.2 2.9
-24.8 -15 0.1
-24.8 -15 0.9
-16.6 -14 1.3
-15.4 -14.8 0.5
-19.2 -14 3.9
-21.4 -14 3.7
-20.8 -14 3.9
-24.6 -14.8 0.5
-16.8 -14 1.9
-23.6 -15 3.7
-16.2 -14.8 3.1
-15.8 -14.6 1.7
-16.2 -14.2 0.1
-16.2 -14.2 0.9
-23.8 -14.2 0.1
-23.8 -14.2 0.9
-14.8 -17.4 4.3
-15.4 -14.8 0.3
-15.4 -14.8 0.7
-13.2 -21 1.5
-13.2 -20.2 1.9
-24.6 -14.8 0.3
-24.6 -14.8 0.7
-24.2 -14.6 1.7
-24.2 -15.8 4.1
-13.4 -21.2 2.3
-16 -15.6 4.1
-13.2 -20.8 1.7
-16.4 -15.6 4.5
-13.2 -21.2 1.3
-16.4 -14.4 2.5
-15.6 -14.8 1.9
-24.4 -14.8 1.9
-24.4 -15 2.5
-24.4 -15 2.5
-24.4 -15.4 3.3
-16.2 -14.4 2.1
-15.4 -14.8 0.1
-15.4 -14.8 0.9
-13.2 -20.4 1.9
-24.6 -14.8 0.1
-24.6 -14.8 0.9
-23.8 -14.4 2.1
-16 -14.4 1.5
-24 -14.4 1.5
-16.8 -14.4 3.1
-16 -14.6 2.3
-24.8 -15 1.1
-16.8 -14.6 3.5
-24.2 -15 2.9
-24.2 -15 2.9
-16.2 -14.6 2.7
-23.8 -14.6 2.7
-23.8 -15 3.5
-16.2 -14.2 1.1
-23.8 -14.2 1.1
-16.6 -14.2 2.3
-20.6 -14.2 4.3
-13.4 -20.2 2.7
-15.6 -14.6 0.5
-24.4 -14.6 0.5
-24.2 -15.2 3.3
-15.6 -14.6 0.3
-15.6 -14.6 0.7
-24.4 -14.6 0.3
-24.4 -14.6 0.7
-16.6 -14 1.5
-15.4 -14.8 1.1
-13.2 -20.6 1.9
-21 -14 3.9
-24.6 -14.8 1.1
-24.2 -15.6 3.9
-16.4 -14.2 1.9
-13.4 -21 2.5
-13.4 -20.4 2.7
-23.6 -14.2 1.9
-15.8 -14.8 2.5
-15.6 -14.6 0.1
-15.6 -14.6 0.9
-24.8 -15 1.3
-24.4 -14.6 0.1
-24.4 -14.6 0.9
-16.6 -14.4 2.9
-13.2 -21 1.7
-16.8 -13.8 0.5
-13.2 -21.2 1.5
-24.2 -14.8 2.5
-16.2 -14.2 1.3
-23.8 -14.2 1.3
-23.4 -15.4 4.5
-16.8 -13.8 0.3
-16.8 -13.8 0.7
-19.2 -14.2 4.3
-20.8 -14.2 4.3
-19.2 -14.2 4.3
-24.6 -15 2.1
-15.8 -14.6 1.9
-24.2 -14.6 1.9
-13.4 -20.6 2.7
-16 -14.8 2.9
-16 -14.4 1.7
-24 -14.4 1.7
-16.8 -14 2.1
-21.2 -14.4 4.5
-25 -17.2 4.5
-25 -22.8 4.5
-24 -15 3.3
-15.4 -14.8 1.3
-13.2 -20.8 1.9
-19.6 -13.8 3.7
-24.6 -14.8 1.3
-24 -15 3.3
-16.8 -13.8 0.1
-16.8 -13.8 0.9
-13.2 -20.2 2.1
-15.6 -14.6 1.1
-24.4 -14.6 1.1
-14.6 -17.4 4.1
-16.4 -14.6 3.1
-23.6 -14.6 3.1
-18.8 -13.8 3.5
-15.6 -14.8 2.1
-24.4 -14.8 2.1
-16.4 -14 0.5
-13.2 -20.4 2.1
-23.6 -14 0.5
-16.6 -14 1.7
-15.8 -14.4 0.5
-23.6 -14.8 3.5
-16.4 -14 0.3
-16.4 -14 0.7
-18.8 -14 3.9
-23.6 -14 0.3
-23.6 -14 0.7
-13.4 -21.2 2.5
-24.2 -14.4 0.5
-24.8 -15 1.5
-16.2 -15.2 3.9
-23.4 -15.2 4.3
-16.2 -14.4 2.3
-15.8 -14.4 0.3
-15.8 -14.4 0.7
-13 -20.2 0.5
-19.4 -13.8 3.7
-23.8 -14.4 2.3
-16.8 -13.8 1.1
-24.2 -14.4 0.3
-24.2 -14.4 0.7
-16.2 -14.2 1.5
-23.8 -14.2 1.5
-13 -20.2 0.3
-13 -20.2 0.7
-21 -14.2 4.3
-19 -14.2 4.3
-19.6 -14 4.1
-16.4 -14 0.1
-16.4 -14 0.9
-13.2 -21.2 1.7
-23.6 -14 0.1
-23.6 -14 0.9
-15.6 -14.6 1.3
-24.4 -14.6 1.3
-24.4 -15.2 3.1
-16 -14.6 2.5
-15.8 -14.4 0.1
-15.8 -14.4 0.9
-13 -20.4 0.5
-13.2 -20.6 2.1
-18.4 -14.2 4.1
-16.4 -14.4 2.7
-16.4 -14.2 2.1
-23.6 -14.2 2.1
-24.2 -14.4 0.1
-24.2 -14.4 0.9
-24.4 -15 2.7
-24.4 -15 2.7
-16.6 -14.2 2.5
-15.4 -14.8 1.5
-13.2 -21 1.9
-13 -20.4 0.3
-13 -20.4 0.7
-13 -20.2 0.1
-13 -20.2 0.9
-24.6 -14.8 1.5
-24.8 -16.8 4.5
-16.8 -15.2 4.5
-16.2 -14.8 3.3
-13 -20.4 0.1
-13 -20.4 0.9
-19.4 -14 4.1
-20.6 -14 4.1
-16.8 -13.8 1.3
-16.4 -14 1.1
-16 -14.4 1.9
-24 -14.4 1.9
-23.6 -14 1.1
-23.8 -14.6 2.9
-14.6 -17.6 4.3
-15.8 -14.6 2.1
-15.8 -14.4 1.1
-13 -20.6 0.5
-24.2 -14.6 2.1
-13.4 -20.2 2.9
-24.2 -14.4 1.1
-13 -20.6 0.3
-13 -20.6 0.7
-13 -20.2 1.1
-24.6 -15 2.3
-24.2 -15 3.1
-13.4 -21 2.7
-24.2 -15 3.1
-13.2 -20.8 2.1
-16.8 -14.4 3.3
-24.8 -15 1.7
-16.8 -14 2.3
-13.4 -20.4 2.9
-15.8 -14.8 2.7
-15.6 -14.6 1.5
-24.4 -14.6 1.5
-16.6 -14 1.9
-16.2 -14.2 1.7
-25 -16.6 4.1
-23.8 -14.2 1.7
-24.4 -15.4 3.5
-13 -20.6 0.1
-13 -20.6 0.9
-13 -20.4 1.1
-13.2 -20.2 2.3
-24.2 -14.8 2.7
-23.6 -15 3.9
-18.8 -14.2 4.3
-19.2 -14 4.1
-16.4 -14 1.3
-23.6 -14 1.3
-15.6 -14.8 2.3
-24.4 -14.8 2.3
-20.8 -13 0.5
-24 -15.8 4.5
-15.8 -14.4 1.3
-15.4 -14.8 1.7
-13.2 -20.4 2.3
-13 -20.8 0.5
-24.6 -14.8 1.7
-16.8 -14.6 3.7
-16 -14.2 0.5
-13.2 -21.2 1.9
-24 -14.2 0.5
-24.2 -16 4.5
-24.2 -14.4 1.3
-23.8 -15 3.7
-20.8 -13 0.3
-20.8 -13 0.7
-13 -20.8 0.3
-13 -20.8 0.7
-13 -20.2 1.3
-16.8 -13.8 1.5
-16 -14.2 0.3
-16 -14.2 0.7
-24 -14.2 0.3
-24 -14.2 0.7
-24.2 -15.2 3.5
-13.4 -20.6 2.9
-13 -20.6 1.1
-24.2 -15.8 4.3
-16 -14.8 3.1
-20.8 -13 0.1
-20.8 -13 0.9
-14.8 -17.4 4.5
-16.2 -14.4 2.5
-13 -20.8 0.1
-13 -20.8 0.9
-13 -20.4 1.3
-16 -14.2 0.1
-16 -14.2 0.9
-13.2 -21 2.1
-24 -14.2 0.1
-24 -14.2 0.9
-16.4 -14.2 2.3
-13.2 -20.6 2.3
-23.6 -14.2 2.3
-13.4 -21.2 2.7
-16 -14.4 2.1
-24 -14.4 2.1
-15.6 -14.6 1.7
-24.4 -14.6 1.7
-16.4 -14.6 3.3
-21 -14 4.1
-24.2 -15.6 4.1
-16.4 -14 1.5
-23.6 -14 1.5
-16.6 -13.8 0.5
-16 -14.6 2.7
-21 -13 0.5
-20.8 -13 1.1
-24 -15 3.5
-15.8 -14.4 1.5
-13 -21 0.5
-13 -20.8 1.1
-13 -20.6 1.3
-24 -15 3.5
-20.6 -14.2 4.5
-16 -14.2 1.1
-24 -14.2 1.1
-24.2 -14.4 1.5
-15.8 -14.6 2.3
-16.6 -13.8 0.3
-16.6 -13.8 0.7
-16.2 -14.2 1.9
-23.8 -14.2 1.9
-21 -13 0.3
-21 -13 0.7
-16.6 -14.2 2.7
-13 -21 0.3
-13 -21 0.7
-13 -20.2 1.5
-24.2 -14.6 2.3
-14.8 -24.8 0.5
-24.8 -14.8 0.5
-16.4 -14.4 2.9
-14.8 -24.8 0.3
-14.8 -24.8 0.7
-24.8 -14.8 0.3
-24.8 -14.8 0.7
-24.4 -15 2.9
-24.4 -15 2.9
-16.6 -14 2.1
-16.8 -13.8 1.7
-13.2 -20.8 2.3
-18.8 -13.8 3.7
-16.6 -13.8 0.1
-16.6 -13.8 0.9
-21 -13 0.1
-21 -13 0.9
-15.4 -14.8 1.9
-13 -21 0.1
-13 -21 0.9
-13 -20.4 1.5
-19.6 -13.8 3.9
-24.6 -14.8 1.9
-24.6 -15 2.5
-14.8 -24.8 0.1
-14.8 -24.8 0.9
-24.8 -14.8 0.1
-24.8 -14.8 0.9
-24.4 -15.2 3.3
-23.6 -14.8 3.7
-16.8 -14 2.5
-13.2 -21.2 2.1
-20.8 -13 1.3
-13 -20.8 1.3
-16 -14.2 1.3
-13.2 -20.2 2.5
-19.2 -14.2 4.5
-20.8 -14.2 4.5
-19.2 -14.2 4.5
-15.4 -14.6 0.5
-24.6 -14.6 0.5
-13.4 -21 2.9
-23.8 -14.6 3.1
-16.6 -13.8 1.1
-21 -13 1.1
-14.6 -17.4 4.3
-15.4 -14.6 0.3
-15.4 -14.6 0.7
-13 -21 1.1
-13 -20.6 1.5
-19.4 -13.8 3.9
-24.6 -14.6 0.3
-24.6 -14.6 0.7
-13.4 -20.2 3.1
-15.6 -14.8 2.5
-24.4 -14.8 2.5
-13.2 -20.4 2.5
-18.8 -14 4.1
-23.6 -14 1.7
-14.8 -24.8 1.1
-24.8 -14.8 1.1
-16.2 -14 0.5
-15.8 -14.8 2.9
-23.8 -14 0.5
-16.2 -15.2 4.1
-15.8 -14.4 1.7
-21.2 -13 0.5
-13 -21.2 0.5
-24.2 -14.8 2.9
-24.2 -14.4 1.7
-16.2 -14.8 3.5
-15.6 -14.6 1.9
-24.4 -14.6 1.9
-16.2 -14 0.3
-16.2 -14 0.7
-23.8 -14 0.3
-23.8 -14 0.7
-15.4 -14.6 0.1
-15.4 -14.6 0.9
-13 -20.2 1.7
-24.6 -14.6 0.1
-24.6 -14.6 0.9
-21.2 -13 0.3
-21.2 -13 0.7
-13.4 -20.4 3.1
-13.2 -21 2.3
-13 -21.2 0.3
-13 -21.2 0.7
-24.2 -15 3.3
-24.2 -15 3.3
-16.2 -14 0.1
-16.2 -14 0.9
-23.8 -14 0.1
-23.8 -14 0.9
-13 -20.4 1.7
-21.2 -13 0.1
-21.2 -13 0.9
-13.2 -20.6 2.5
-13 -21.2 0.1
-13 -21.2 0.9
-19.6 -14 4.3
-16.4 -14.2 2.5
-16 -14.4 2.3
-23.6 -14.2 2.5
-16.8 -14.4 3.5
-16.6 -13.8 1.3
-21 -13 1.3
-20.8 -13 1.5
-16.2 -14.2 2.1
-13 -20.8 1.5
-23.8 -14.2 2.1
-21 -14.2 4.5
-16.8 -13.8 1.9
-16 -14.2 1.5
-19 -14.2 4.5
-18.4 -14.2 4.3
-15.4 -14.6 1.1
-24.6 -14.6 1.1
-13.4 -20.6 3.1
-14.8 -24.8 1.3
-24.8 -14.8 1.3
-15.6 -14.4 0.5
-24.4 -14.4 0.5
-24.4 -15.4 3.7
-15.6 -14.4 0.3
-15.6 -14.4 0.7
-15.4 -14.8 2.1
-24.6 -14.8 2.1
-24.4 -14.4 0.3
-24.4 -14.4 0.7
-13.4 -21.2 2.9
-16.2 -14 1.1
-15.8 -14.6 2.5
-23.8 -14 1.1
-13 -20.6 1.7
-21.2 -13 1.1
-13 -21.2 1.1
-19.4 -14 4.3
-20.6 -14 4.3
-24.2 -14.6 2.5
-16 -14.8 3.3
-15.6 -14.4 0.1
-15.6 -14.4 0.9
-13.2 -20.8 2.5
-24.4 -14.4 0.1
-24.4 -14.4 0.9
-14.6 -17.6 4.5
-16 -14.6 2.9
-23.6 -15 4.1
-23.6 -14 1.9
-13.2 -21.2 2.3
-24.2 -15.2 3.7
-21.4 -13 0.5
-16.6 -14.2 2.9
-15.8 -14.4 1.9
-15.4 -14.6 1.3
-24.6 -14.6 1.3
-16.8 -14.6 3.9
-24.2 -14.4 1.9
-16.6 -13.8 1.5
-23.8 -15 3.9
-21.4 -13 0.3
-21.4 -13 0.7
-21 -13 1.5
-13 -20.2 1.9
-25 -16.6 4.3
-24.6 -15 2.7
-14.8 -24.8 1.5
-24.8 -14.8 1.5
-16.2 -14 1.3
-15.6 -14.6 2.1
-24.4 -14.6 2.1
-23.8 -14 1.3
-20.8 -13 1.7
-13 -20.8 1.7
-21.2 -13 1.3
-16 -14.2 1.7
-15.6 -14.4 1.1
-13 -21.2 1.3
-19.2 -14 4.3
-24.4 -14.4 1.1
-16.8 -14 2.7
-16.4 -14.4 3.1
-18.8 -14.2 4.5
-24.4 -15 3.1
-24.4 -15 3.1
-21.4 -13 0.1
-21.4 -13 0.9
-16.4 -14.6 3.5
-13 -20.4 1.9
-13.2 -20.2 2.7
-16.8 -13.6 0.5
-15.6 -14.8 2.7
-24.4 -14.8 2.7
-24 -15 3.7
-16.8 -13.6 0.3
-16.8 -13.6 0.7
-13.2 -21 2.5
-13.2 -20.4 2.7
-24 -15 3.7
-16.8 -13.8 2.1
-15.8 -14.2 0.5
-24.2 -15.8 4.5
-24.2 -14.2 0.5
-24.2 -14.2 0.5
-21.4 -13 1.1
-16.2 -14.2 2.3
-15.8 -14.2 0.3
-15.8 -14.2 0.7
-15.4 -14.6 1.5
-13 -20.6 1.9
-23.8 -14.2 2.3
-13.4 -21 3.1
-24.2 -14.2 0.3
-24.2 -14.2 0.7
-24.2 -14.2 0.3
-24.2 -14.2 0.7
-16.8 -13.6 0.1
-16.8 -13.6 0.9
-15.6 -14.4 1.3
-24.4 -14.4 1.3
-16 -14.4 2.5
-24.4 -15.2 3.5
-16.4 -13.8 0.5
-23.6 -13.8 0.5
-15.8 -14.8 3.1
-23.8 -14.6 3.3
-16.6 -13.8 1.7
-16.2 -14 1.5
-23.8 -14 1.5
-21 -13 1.7
-15.8 -14.2 0.1
-15.8 -14.2 0.9
-21.2 -13 1.5
-16.4 -13.8 0.3
-16.4 -13.8 0.7
-15.4 -14.8 2.3
-13.2 -20.6 2.7
-13 -21.2 1.5
-21 -14 4.3
-18.8 -13.8 3.9
-24.2 -14.8 3.1
-23.6 -13.8 0.3
-23.6 -13.8 0.7
-24.2 -15.6 4.3
-16.4 -14.2 2.7
-13.4 -20.2 3.3
-23.6 -14.2 2.7
-24.2 -14.2 0.1
-24.2 -14.2 0.9
-24.2 -14.2 0.1
-24.2 -14.2 0.9
-14.8 -24.8 1.7
-24.8 -14.8 1.7
-23.6 -14 2.1
-19.6 -13.8 4.1
-16.8 -13.6 1.1
-16.4 -13.8 0.1
-16.4 -13.8 0.9
-15.8 -14.4 2.1
-23.6 -14.8 3.9
-23.6 -13.8 0.1
-23.6 -13.8 0.9
-13.4 -20.4 3.3
-24.2 -14.4 2.1
-21.4 -13 1.3
-20.8 -13 1.9
-13 -20.8 1.9
-16 -14.2 1.9
-13 -20.2 2.1
-15.8 -14.6 2.7
-15.8 -14.2 1.1
-24.2 -14.6 2.7
-24.2 -15 3.5
-24.2 -15 3.5
-24.2 -14.2 1.1
-24.2 -14.2 1.1
-13.2 -21.2 2.5
-16.2 -14.8 3.7
-15.6 -14.4 1.5
-13.2 -20.8 2.7
-13 -20.4 2.1
-24.4 -14.4 1.5
-15.6 -14.6 2.3
-15.4 -14.6 1.7
-19.4 -13.8 4.1
-16.4 -13.8 1.1
-23.6 -13.8 1.1
-13.4 -21.2 3.1
-13.4 -20.6 3.3
-16.8 -13.6 1.3
-16.8 -14.4 3.7
-16.2 -14 1.7
-23.8 -14 1.7
-12.8 -20.2 0.5
-21.2 -13 1.7
-13 -21.2 1.7
-18.8 -14 4.3
-16 -14.6 3.1
-15.8 -14.2 1.3
-12.8 -20.2 0.3
-12.8 -20.2 0.7
-16.2 -15.2 4.3
-13 -20.6 2.1
-16.8 -13.8 2.3
-24.6 -15 2.9
-24.2 -14.2 1.3
-24.2 -14.2 1.3
-16.6 -13.8 1.9
-21.4 -13 1.5
-21 -13 1.9
-16.6 -14.2 3.1
-12.8 -20.4 0.5
-16 -14 0.5
-24 -14 0.5
-16.8 -14 2.9
-14.8 -24.8 1.9
-24.8 -14.8 1.9
-16 -14.8 3.5
-12.8 -20.4 0.3
-12.8 -20.4 0.7
-12.8 -20.2 0.1
-12.8 -20.2 0.9
-14.8 -25 0.5
-16.4 -13.8 1.3
-16 -14 0.3
-16 -14 0.7
-13.2 -20.2 2.9
-24 -14 0.3
-24 -14 0.7
-23.6 -13.8 1.3
-16.2 -14.2 2.5
-14.8 -25 0.3
-14.8 -25 0.7
-23.8 -14.2 2.5
-24.4 -15.4 3.9
-13.2 -21 2.7
-15.6 -14.8 2.9
-12.8 -20.4 0.1
-12.8 -20.4 0.9
-24.4 -14.8 2.9
-16 -14 0.1
-16 -14 0.9
-15.6 -14.4 1.7
-19.6 -14 4.5
-24.4 -14.4 1.7
-24 -14 0.1
-24 -14 0.9
-13.2 -20.4 2.9
-16.4 -14.4 3.3
-14.6 -24.8 0.5
-24.8 -14.6 0.5
-24.4 -15 3.3
-12.8 -20.6 0.5
-14.8 -25 0.1
-14.8 -25 0.9
-24.4 -15 3.3
-20.8 -13 2.1
-16.8 -13.6 1.5
-15.4 -14.8 2.5
-13 -20.8 2.1
-16 -14.4 2.7
-16 -14.2 2.1
-18.4 -14.2 4.5
-23.6 -14 2.3
-14.6 -24.8 0.3
-14.6 -24.8 0.7
-24.8 -14.6 0.3
-24.8 -14.6 0.7
-15.8 -14.4 2.3
-12.8 -20.6 0.3
-12.8 -20.6 0.7
-12.8 -20.2 1.1
-24.2 -15.2 3.9
-24.2 -14.4 2.3
-15.8 -14.2 1.5
-15.4 -14.6 1.9
-13 -20.2 2.3
-24.2 -14.2 1.5
-24.2 -14.2 1.5
-14.6 -24.8 0.1
-14.6 -24.8 0.9
-24.8 -14.6 0.1
-24.8 -14.6 0.9
-12.8 -20.6 0.1
-12.8 -20.6 0.9
-12.8 -20.4 1.1
-16.8 -14.6 4.1
-16.4 -14.6 3.7
-16 -14 1.1
-13.2 -20.6 2.9
-20.6 -14 4.5
-24 -14 1.1
-16.4 -14.2 2.9
-23.6 -14.2 2.9
-16.2 -14 1.9
-23.8 -15 4.1
-23.8 -14 1.9
-21.4 -13 1.7
-14.8 -25 1.1
-21.2 -13 1.9
-16.4 -13.8 1.5
-13 -20.4 2.3
-23.6 -13.8 1.5
-13.4 -21 3.3
-23.6 -15 4.3
-20.8 -12.8 0.5
-12.8 -20.8 0.5
-16.6 -13.6 0.5
-15.8 -14.8 3.3
-15.6 -14.6 2.5
-20.8 -12.8 0.3
-20.8 -12.8 0.7
-12.8 -20.8 0.3
-12.8 -20.8 0.7
-12.8 -20.2 1.3
-13.2 -21.2 2.7
-24.2 -14.8 3.3
-14.4 -15.4 0.5
-15.4 -14.4 0.5
-24.6 -14.4 0.5
-14.6 -24.8 1.1
-24.8 -14.6 1.1
-16.6 -13.6 0.3
-16.6 -13.6 0.7
-16.6 -13.8 2.1
-12.8 -20.6 1.1
-25 -16.6 4.5
-21 -13 2.1
-24 -15 3.9
-24 -15 3.9
-24.2 -14.6 2.9
-14.4 -15.4 0.3
-14.4 -15.4 0.7
-15.4 -14.4 0.3
-15.4 -14.4 0.7
-24.6 -14.4 0.3
-24.6 -14.4 0.7
-23.8 -14.6 3.5
-13 -20.6 2.3
-13.4 -20.2 3.5
-14.8 -24.8 2.1
-24.8 -14.8 2.1
-20.8 -12.8 0.1
-20.8 -12.8 0.9
-12.8 -20.8 0.1
-12.8 -20.8 0.9
-12.8 -20.4 1.3
-24.4 -15.2 3.7
-16.8 -13.6 1.7
-16 -14 1.3
-13.2 -20.8 2.9
-19.2 -14 4.5
-24 -14 1.3
-16.6 -13.6 0.1
-16.6 -13.6 0.9
-14.8 -25 1.3
-15.6 -14.4 1.9
-24.4 -14.4 1.9
-16.8 -13.8 2.5
-14.4 -15.4 0.1
-14.4 -15.4 0.9
-15.4 -14.4 0.1
-15.4 -14.4 0.9
-24.6 -14.4 0.1
-24.6 -14.4 0.9
-15.8 -14.2 1.7
-13.4 -20.4 3.5
-24.2 -14.2 1.7
-24.2 -14.2 1.7
-14.6 -24.8 1.3
-24.8 -14.6 1.3
-21 -12.8 0.5
-20.8 -12.8 1.1
-12.8 -21 0.5
-12.8 -20.8 1.1
-12.8 -20.6 1.3
-16.4 -13.8 1.7
-18.8 -13.8 4.1
-23.6 -13.8 1.7
-13.4 -21.2 3.3
-16.6 -13.6 1.1
-16.2 -13.8 0.5
-23.8 -13.8 0.5
-21 -12.8 0.3
-21 -12.8 0.7
-20.8 -13 2.3
-13 -20.8 2.3
-12.8 -21 0.3
-12.8 -21 0.7
-12.8 -20.2 1.5
-15.4 -14.6 2.1
-16 -14.2 2.3
-14.4 -15.4 1.1
-24.2 -15 3.7
-15.4 -14.4 1.1
-24.6 -14.4 1.1
-24.2 -15 3.7
-16.2 -13.8 0.3
-16.2 -13.8 0.7
-23.8 -13.8 0.3
-23.8 -13.8 0.7
-21.4 -13 1.9
-16.2 -14.2 2.7
-23.8 -14.2 2.7
-24.6 -15 3.1
-23.6 -14.8 4.1
-23.6 -14 2.5
-21 -12.8 0.1
-21 -12.8 0.9
-16.2 -14 2.1
-16 -14.6 3.3
-12.8 -21 0.1
-12.8 -21 0.9
-12.8 -20.4 1.5
-23.8 -14 2.1
-16 -14 1.5
-15.8 -14.4 2.5
-15.6 -14.2 0.5
-13.2 -21 2.9
-21 -14 4.5
-24.4 -14.2 0.5
-24 -14 1.5
-24.4 -14.2 0.5
-21.2 -13 2.1
-24.2 -15.6 4.5
-16.8 -14 3.1
-24.2 -14.4 2.5
-16.2 -14.8 3.9
-16.2 -13.8 0.1
-16.2 -13.8 0.9
-23.8 -13.8 0.1
-23.8 -13.8 0.9
-14.8 -25 1.5
-15.6 -14.2 0.3
-15.6 -14.2 0.7
-15.4 -14.8 2.7
-13.2 -20.2 3.1
-13 -20.2 2.5
-19.6 -13.8 4.3
-24.4 -14.2 0.3
-24.4 -14.2 0.7
-24.4 -14.2 0.3
-24.4 -14.2 0.7
-20.8 -12.8 1.3
-12.8 -20.8 1.3
-16 -14.4 2.9
-16.6 -13.6 1.3
-16.8 -13.6 1.9
-15.6 -14.2 0.1
-15.6 -14.2 0.9
-13.2 -20.4 3.1
-13 -20.4 2.5
-24.4 -14.2 0.1
-24.4 -14.2 0.9
-24.4 -14.2 0.1
-24.4 -14.2 0.9
-14.4 -15.4 1.3
-15.4 -14.4 1.3
-24.6 -14.4 1.3
-16.8 -14.4 3.9
-14.6 -24.8 1.5
-24.8 -14.6 1.5
-21 -12.8 1.1
-12.8 -21 1.1
-12.8 -20.6 1.5
-16.2 -13.8 1.1
-23.8 -13.8 1.1
-21 -13 2.3
-16.6 -13.8 2.3
-15.8 -14.2 1.9
-19.4 -13.8 4.3
-24.2 -14.2 1.9
-24.2 -14.2 1.9
-21.2 -12.8 0.5
-16 -14.8 3.7
-12.8 -21.2 0.5
-15.6 -14.4 2.1
-24.4 -14.4 2.1
-14.8 -24.8 2.3
-24.8 -14.8 2.3
-12.8 -20.2 1.7
-21.2 -12.8 0.3
-21.2 -12.8 0.7
-12.8 -21.2 0.3
-12.8 -21.2 0.7
-16.4 -14.4 3.5
-15.6 -14.6 2.7
-24.4 -15 3.5
-24.4 -15 3.5
-16.4 -13.8 1.9
-15.6 -14.2 1.1
-13.2 -20.6 3.1
-13 -20.6 2.5
-24.4 -14.2 1.1
-23.6 -13.8 1.9
-24.4 -14.2 1.1
-16.4 -14.2 3.1
-23.6 -14.2 3.1
-12.8 -20.4 1.7
-21.2 -12.8 0.1
-21.2 -12.8 0.9
-16 -14 1.7
-12.8 -21.2 0.1
-12.8 -21.2 0.9
-24 -14 1.7
-13.2 -21.2 2.9
-18.8 -14 4.5
-21 -12.8 1.3
-20.8 -12.8 1.5
-12.8 -21 1.3
-12.8 -20.8 1.5
-14.8 -25 1.7
-16.2 -15.2 4.5
-24.4 -15.4 4.1
-16.6 -13.6 1.5
-16.2 -13.8 1.3
-23.8 -13.8 1.3
-21.4 -13 2.1
-16.8 -13.8 2.7
-14.4 -15.4 1.5
-15.4 -14.4 1.5
-24.6 -14.4 1.5
-15.4 -14.6 2.3
-24.2 -14.6 3.1
-13.4 -21 3.5
-14.6 -24.8 1.7
-24.8 -14.6 1.7
-12.8 -20.6 1.7
-21.2 -12.8 1.1
-20.8 -13 2.5
-15.8 -14 0.5
-15.6 -14.2 1.3
-13.2 -20.8 3.1
-12.8 -21.2 1.1
-24.4 -14.2 1.3
-24.4 -14.2 1.3
-16 -14.2 2.5
-24.2 -15.2 4.1
-24.2 -14 0.5
-24.2 -14 0.5
-16.2 -14 2.3
-15.8 -14.8 3.5
-23.8 -14 2.3
-21.2 -13 2.3
-16.4 -14.6 3.9
-15.8 -14 0.3
-15.8 -14 0.7
-24.2 -14.8 3.5
-24.2 -14 0.3
-24.2 -14 0.7
-24.2 -14 0.3
-24.2 -14 0.7
-16.8 -13.6 2.1
-21.4 -12.8 0.5
-15.8 -14 0.1
-15.8 -14 0.9
-23.6 -14 2.7
-24.2 -14 0.1
-24.2 -14 0.9
-24.2 -14 0.1
-24.2 -14 0.9
-16.8 -13.4 0.5
-23.8 -14.6 3.7
-21.4 -12.8 0.3
-21.4 -12.8 0.7
-21 -12.8 1.5
-16.2 -14.2 2.9
-12.8 -21 1.5
-12.8 -20.2 1.9
-23.8 -14.2 2.9
-15.8 -14.4 2.7
-15.8 -14.2 2.1
-16.8 -14.6 4.3
-13.4 -20.2 3.7
-16.8 -13.4 0.3
-16.8 -13.4 0.7
-24.2 -14.4 2.7
-24.2 -14.2 2.1
-24.2 -14.2 2.1
-16.2 -13.8 1.5
-23.8 -15 4.3
-13 -20.2 2.7
-20.8 -12.8 1.7
-12.8 -20.8 1.7
-21.2 -12.8 1.3
-16.4 -13.6 0.5
-12.8 -21.2 1.3
-16.6 -13.6 1.7
-21.4 -12.8 0.1
-21.4 -12.8 0.9
-12.8 -20.4 1.9
-24.4 -15.2 3.9
-24 -15 4.1
-16.4 -13.6 0.3
-16.4 -13.6 0.7
-15.4 -14.8 2.9
-24.4 -14.4 2.3
-24 -15 4.1
-24 -14 1.9
-16.4 -13.8 2.1
-23.6 -15 4.5
-23.6 -13.8 2.1
-14.4 -15.4 1.7
-15.4 -14.4 1.7
-24.6 -14.4 1.7
-16.8 -13.4 0.1
-16.8 -13.4 0.9
-16.6 -13.8 2.5
-14.8 -25 1.9
-21 -13 2.5
-15.8 -14 1.1
-15.6 -14.2 1.5
-13.2 -21 3.1
-13 -20.4 2.7
-24.4 -14.2 1.5
-24.6 -15 3.3
-13.4 -21.2 3.5
-24.2 -14 1.1
-24.2 -14 1.1
-14.8 -24.8 2.5
-24.8 -14.8 2.5
-16.4 -13.6 0.1
-16.4 -13.6 0.9
-16.8 -14 3.3
-16 -14.4 3.1
-13.2 -20.2 3.3
-14.6 -24.8 1.9
-24.8 -14.6 1.9
-21.4 -12.8 1.1
-16 -14.6 3.5
-12.8 -20.6 1.9
-14.6 -25 0.5
-16.8 -13.4 1.1
-21.4 -13 2.3
-14.6 -25 0.3
-14.6 -25 0.7
-13 -20.6 2.7
-24.2 -15 3.9
-15.6 -14.6 2.9
-12.8 -21 1.7
-21.2 -12.8 1.5
-16.4 -13.6 1.1
-15.8 -14 1.3
-12.8 -21.2 1.5
-24.2 -14 1.3
-24.2 -14 1.3
-16.2 -13.8 1.7
-14.6 -25 0.1
-14.6 -25 0.9
-15.4 -14.6 2.5
-18.8 -13.8 4.3
-24.8 -14.4 0.5
-14.4 -15.2 0.5
-16.2 -14.8 4.1
-21.4 -12.8 1.3
-20.8 -12.8 1.9
-16.2 -14 2.5
-12.8 -20.8 1.9
-23.8 -14 2.5
-16 -13.8 0.5
-15.6 -14.2 1.7
-12.8 -20.2 2.1
-24.8 -14.4 0.3
-24.8 -14.4 0.7
-24 -13.8 0.5
-24.4 -14.2 1.7
-21.2 -13 2.5
-16.8 -13.8 2.9
-16.8 -13.6 2.3
-13.2 -21.2 3.1
-13.2 -20.6 3.3
-23.6 -14.8 4.3
-14.4 -15.2 0.3
-14.4 -15.2 0.7
-16.4 -14.2 3.3
-23.6 -14.2 3.3
-16.8 -13.4 1.3
-16.6 -13.6 1.9
-20.8 -13 2.7
-16 -13.8 0.3
-16 -13.8 0.7
-24 -13.8 0.3
-24 -13.8 0.7
-16 -14.2 2.7
-14.4 -15.4 1.9
-15.4 -14.4 1.9
-24.6 -14.4 1.9
-15.8 -14.2 2.3
-14.6 -25 1.1
-24.2 -14.2 2.3
-16.4 -13.6 1.3
-12.8 -20.4 2.1
-24.8 -14.4 0.1
-24.8 -14.4 0.9
-24 -14 2.1
-14.4 -15.2 0.1
-14.4 -15.2 0.9
-16.8 -14.4 4.1
-16.4 -14.4 3.7
-24.4 -15 3.7
-16 -14.8 3.9
-16 -13.8 0.1
-16 -13.8 0.9
-19.6 -13.8 4.5
-14.8 -25 2.1
-24.4 -15 3.7
-24 -13.8 0.1
-24 -13.8 0.9
-16.4 -13.8 2.3
-15.8 -14 1.5
-23.6 -13.8 2.3
-24.2 -14.6 3.3
-24.2 -14 1.5
-24.2 -14 1.5
-21.2 -12.8 1.7
-12.8 -21.2 1.7
-13.2 -20.8 3.3
-23.6 -14 2.9
-14.6 -24.8 2.1
-24.8 -14.6 2.1
-12.8 -20.6 2.1
-24.8 -14.4 1.1
-15.8 -14.4 2.9
-14.4 -15.2 1.1
-24.2 -14.4 2.9
-21.4 -12.8 1.5
-12.8 -21 1.9
-12.6 -20.2 0.5
-14.6 -25 1.3
-16 -13.8 1.1
-19.4 -13.8 4.5
-24 -13.8 1.1
-14.2 -15.4 0.5
-15.4 -14.2 0.5
-13.4 -21 3.7
-24.6 -14.2 0.5
-24.6 -14.2 0.5
-16.8 -13.4 1.5
-16.2 -13.8 1.9
-16.6 -13.8 2.7
-16.2 -14.2 3.1
-12.6 -20.2 0.3
-12.6 -20.2 0.7
-23.8 -14.2 3.1
-21 -13 2.7
-14.2 -15.4 0.3
-14.2 -15.4 0.7
-15.4 -14.2 0.3
-15.4 -14.2 0.7
-24.6 -14.2 0.3
-24.6 -14.2 0.7
-24.6 -14.2 0.3
-24.6 -14.2 0.7
-14.8 -24.8 2.7
-24.8 -14.8 2.7
-15.8 -14.8 3.7
-12.6 -20.4 0.5
-16.4 -13.6 1.5
-13 -20.4 2.9
-12.6 -20.4 0.3
-12.6 -20.4 0.7
-12.6 -20.2 0.1
-12.6 -20.2 0.9
-21.4 -13 2.5
-15.6 -14.2 1.9
-15.4 -14.8 3.1
-24.4 -14.2 1.9
-24.4 -15.4 4.3
-14.2 -15.4 0.1
-14.2 -15.4 0.9
-15.4 -14.2 0.1
-15.4 -14.2 0.9
-24.6 -14.2 0.1
-24.6 -14.2 0.9
-24.6 -14.2 0.1
-24.6 -14.2 0.9
-20.8 -12.8 2.1
-12.8 -20.8 2.1
-24.8 -14.4 1.3
-14.4 -15.2 1.3
-12.6 -20.4 0.1
-12.6 -20.4 0.9
-12.8 -21.8 0.5
-16.4 -14.6 4.1
-16 -13.8 1.3
-15.8 -14 1.7
-24 -13.8 1.3
-13.2 -21 3.3
-24.2 -14 1.7
-24.2 -14 1.7
-14.4 -15.4 2.1
-15.4 -14.4 2.1
-24.6 -14.4 2.1
-12.8 -20.2 2.3
-12.6 -20.6 0.5
-12.8 -21.8 0.3
-12.8 -21.8 0.7
-16.6 -13.4 0.5
-13 -20.6 2.9
-24.2 -15.2 4.3
-23.8 -14.6 3.9
-12.6 -20.6 0.3
-12.6 -20.6 0.7
-12.6 -20.2 1.1
-14.6 -25 1.5
-15.4 -14.6 2.7
-16.6 -13.4 0.3
-16.6 -13.4 0.7
-24.6 -15 3.5
-14.2 -15.4 1.1
-15.4 -14.2 1.1
-13.4 -20.2 3.9
-24.6 -14.2 1.1
-24.6 -14.2 1.1
-16.8 -13.6 2.5
-16 -14.4 3.3
-12.8 -21.8 0.1
-12.8 -21.8 0.9
-21.2 -12.8 1.9
-12.8 -21.2 1.9
-12.8 -20.4 2.3
-24 -14 2.3
-16.8 -14 3.5
-16.8 -13.4 1.7
-13.4 -21.2 3.7
-15.6 -14.6 3.1
-16.2 -14 2.7
-12.6 -20.6 0.1
-12.6 -20.6 0.9
-12.6 -20.4 1.1
-23.8 -14 2.7
-15.8 -14.2 2.5
-14.8 -25 2.3
-21.2 -13 2.7
-16.6 -13.4 0.1
-16.6 -13.4 0.9
-24.2 -14.2 2.5
-24.4 -15.2 4.1
-16.4 -13.6 1.7
-15.6 -14 0.5
-24.4 -14 0.5
-24.4 -14 0.5
-16.2 -13.6 0.5
-20.8 -12.6 0.5
-12.6 -20.8 0.5
-16 -14.6 3.7
-15.6 -14 0.3
-15.6 -14 0.7
-12.8 -21 2.1
-24.8 -14.4 1.5
-24.4 -14 0.3
-24.4 -14 0.7
-24.4 -14 0.3
-24.4 -14 0.7
-20.8 -13 2.9
-16.4 -13.8 2.5
-16 -14.2 2.9
-14.4 -15.2 1.5
-14.6 -24.8 2.3
-24.8 -14.6 2.3
-16.2 -13.6 0.3
-16.2 -13.6 0.7
-20.8 -12.6 0.3
-20.8 -12.6 0.7
-16.2 -13.8 2.1
-12.8 -20.6 2.3
-12.6 -20.8 0.3
-12.6 -20.8 0.7
-12.6 -20.2 1.3
-12.8 -21.8 1.1
-23.8 -15 4.5
-16 -13.8 1.5
-24 -13.8 1.5
-24 -15 4.3
-16.8 -13.8 3.1
-24 -15 4.3
-14.2 -15.4 1.3
-15.4 -14.2 1.3
-24.6 -14.2 1.3
-24.6 -14.2 1.3
-12.6 -20.6 1.1
-16.6 -13.4 1.1
-15.6 -14 0.1
-15.6 -14 0.9
-24.4 -14 0.1
-24.4 -14 0.9
-24.4 -14 0.1
-24.4 -14 0.9
-13.2 -21.2 3.3
-16.2 -13.6 0.1
-16.2 -13.6 0.9
-20.8 -12.6 0.1
-20.8 -12.6 0.9
-12.6 -20.8 0.1
-12.6 -20.8 0.9
-12.6 -20.4 1.3
-15.6 -14.2 2.1
-14.6 -25 1.7
-15.8 -14 1.9
-13.2 -20.6 3.5
-16.4 -14.2 3.5
-24.2 -15 4.1
-24.2 -14 1.9
-23.6 -14.2 3.5
-24.2 -14 1.9
-20.8 -12.8 2.3
-12.8 -20.8 2.3
-12.8 -21.8 1.3
-15.6 -14 1.1
-24.4 -14 1.1
-24.4 -14 1.1
-23.6 -14 3.1
-16.2 -13.6 1.1
-21 -12.6 0.5
-20.8 -12.6 1.1
-16.6 -13.8 2.9
-12.6 -21 0.5
-12.6 -20.8 1.1
-12.6 -20.6 1.3
-21 -12.6 0.5
-15.8 -14.4 3.1
-21 -13 2.9
-16.6 -13.4 1.3
-14.4 -15.4 2.3
-16.8 -13.4 1.9
-15.4 -14.4 2.3
-24.6 -14.4 2.3
-24.2 -14.4 3.1
-21 -12.6 0.3
-21 -12.6 0.7
-12.6 -21 0.3
-12.6 -21 0.7
-12.6 -20.2 1.5
-21 -12.6 0.3
-21 -12.6 0.7
-21.4 -13 2.7
-24.2 -14.6 3.5
-14.2 -15.4 1.5
-15.4 -14.2 1.5
-24.6 -14.2 1.5
-24.6 -14.2 1.5
-24.8 -14.8 2.9
-12.8 -22 0.5
-24.8 -14.4 1.7
-21.2 -12.8 2.1
-12.8 -21.2 2.1
-14.4 -15.2 1.7
-16.4 -13.6 1.9
-16 -13.8 1.7
-12.8 -20.2 2.5
-12.8 -22 0.3
-12.8 -22 0.7
-24 -13.8 1.7
-13.2 -20.8 3.5
-18.8 -13.8 4.5
-16.4 -14.4 3.9
-21 -12.6 0.1
-21 -12.6 0.9
-16.2 -14.8 4.3
-12.6 -21 0.1
-12.6 -21 0.9
-12.6 -20.4 1.5
-21 -12.6 0.1
-21 -12.6 0.9
-24.4 -15 3.9
-16.2 -14.2 3.3
-13 -20.4 3.1
-24.4 -15 3.9
-23.8 -14.2 3.3
-16 -14.8 4.1
-15.6 -14 1.3
-12.8 -20.4 2.5
-12.8 -22 0.1
-12.8 -22 0.9
-24.4 -14 1.3
-24.4 -14 1.3
-24 -14 2.5
-23.6 -14.8 4.5
-16.2 -13.6 1.3
-20.8 -12.6 1.3
-12.6 -20.8 1.3
-14.8 -25 2.5
-16.8 -13.6 2.7
-16.8 -14.4 4.3
-15.8 -13.8 0.5
-12.8 -21 2.3
-12.8 -21.8 1.5
-15.4 -14.6 2.9
-24.2 -13.8 0.5
-24.2 -13.8 0.5
-21 -12.6 1.1
-16.2 -13.8 2.3
-15.8 -13.8 0.3
-15.8 -13.8 0.7
-12.6 -21 1.1
-12.6 -20.6 1.5
-21 -12.6 1.1
-14.6 -25 1.9
-15.8 -14.2 2.7
-13 -20.6 3.1
-16.6 -13.4 1.5
-24.2 -13.8 0.3
-24.2 -13.8 0.7
-24.2 -13.8 0.3
-24.2 -13.8 0.7
-24.2 -14.2 2.7
-14.6 -24.8 2.5
-21.2 -12.6 0.5
-16.2 -14 2.9
-12.8 -20.6 2.5
-12.6 -21.2 0.5
-12.8 -22 1.1
-21.2 -12.6 0.5
-23.8 -14 2.9
-15.8 -14 2.1
-21.2 -13 2.9
-24.2 -14 2.1
-24.2 -14 2.1
-15.8 -14.8 3.9
-15.8 -13.8 0.1
-15.8 -13.8 0.9
-12.6 -20.2 1.7
-21.2 -12.6 0.3
-21.2 -12.6 0.7
-15.6 -14.2 2.3
-12.6 -21.2 0.3
-12.6 -21.2 0.7
-21.2 -12.6 0.3
-21.2 -12.6 0.7
-16.4 -13.8 2.7
-13.2 -21 3.5
-14.2 -15.4 1.7
-15.4 -14.2 1.7
-24.6 -14.2 1.7
-24.2 -13.8 0.1
-24.2 -13.8 0.9
-24.6 -14.2 1.7
-24.2 -13.8 0.1
-24.2 -13.8 0.9
-15.6 -14.6 3.3
-21.2 -12.6 0.1
-21.2 -12.6 0.9
-15.6 -14 1.5
-12.6 -21.2 0.1
-12.6 -21.2 0.9
-21.2 -12.6 0.1
-21.2 -12.6 0.9
-24.8 -14.4 1.9
-24.4 -14 1.5
-24.4 -14 1.5
-14.4 -15.2 1.9
-14.4 -15 0.5
-16 -14.4 3.5
-16.8 -13.4 2.1
-16.2 -13.6 1.5
-21 -12.6 1.3
-20.8 -12.6 1.5
-12.6 -21 1.3
-12.6 -20.8 1.5
-21 -12.6 1.3
-20.8 -13 3.1
-16 -13.8 1.9
-24 -13.8 1.9
-16 -14.2 3.1
-14.4 -15 0.3
-14.4 -15 0.7
-24.6 -15 3.7
-15.8 -13.8 1.1
-24.2 -13.8 1.1
-24.2 -13.8 1.1
-20.8 -12.8 2.5
-12.8 -20.8 2.5
-12.8 -22 1.3
-16.4 -13.6 2.1
-16.8 -14 3.7
-12.8 -21.8 1.7
-21.2 -12.8 2.3
-12.8 -21.2 2.3
-24.4 -15.4 4.5
-14.4 -15 0.1
-14.4 -15 0.9
-16.8 -13.8 3.3
-14.4 -15.4 2.5
-16.4 -13.4 0.5
-15.4 -14.4 2.5
-24.6 -14.4 2.5
-23.8 -14.6 4.1
-12.6 -20.6 1.7
-21.2 -12.6 1.1
-12.6 -21.2 1.1
-21.2 -12.6 1.1
-16.6 -13.4 1.7
-16.4 -14.6 4.3
-13.4 -20.2 4.1
-16.4 -13.4 0.3
-16.4 -13.4 0.7
-13.4 -21.2 3.9
-24.8 -14.2 0.5
-24.8 -14.2 0.5
-12.8 -22.2 0.5
-14.2 -15.2 0.5
-13.2 -21.2 3.5
-24.2 -15.2 4.5
-16.4 -13.4 0.1
-16.4 -13.4 0.9
-21.4 -12.6 0.5
-15.8 -13.8 1.3
-16 -14.6 3.9
-12.8 -20.2 2.7
-14.6 -25 2.1
-24.8 -14.2 0.3
-24.8 -14.2 0.7
-24.8 -14.2 0.3
-24.8 -14.2 0.7
-21.4 -13 2.9
-12.8 -22.2 0.3
-12.8 -22.2 0.7
-14.4 -15 1.1
-14.2 -15.2 0.3
-14.2 -15.2 0.7
-24.2 -13.8 1.3
-24.2 -13.8 1.3
-21.4 -12.6 0.3
-21.4 -12.6 0.7
-21 -12.6 1.5
-16.6 -13.8 3.1
-12.6 -21 1.5
-12.6 -20.2 1.9
-21 -12.6 1.5
-21 -13 3.1
-14.2 -15.4 1.9
-15.4 -14.2 1.9
-24.6 -14.2 1.9
-24.6 -14.2 1.9
-24.4 -14 1.7
-24.4 -14 1.7
-23.6 -14 3.3
-24.8 -14.8 3.1
-20.8 -12.6 1.7
-12.6 -20.8 1.7
-21.2 -12.6 1.3
-12.8 -21 2.5
-12.8 -20.4 2.7
-12.6 -21.2 1.3
-12.8 -22 1.5
-21.2 -12.6 1.3
-24.8 -14.2 0.1
-24.8 -14.2 0.9
-24.8 -14.2 0.1
-24.8 -14.2 0.9
-24.4 -15.2 4.3
-15.8 -14.4 3.3
-12.8 -22.2 0.1
-12.8 -22.2 0.9
-24 -14 2.7
-14.2 -15.2 0.1
-14.2 -15.2 0.9
-13.2 -20.6 3.7
-16.4 -14.2 3.7
-23.6 -14.2 3.7
-24.2 -14.4 3.3
-21.4 -12.6 0.1
-21.4 -12.6 0.9
-15.8 -14 2.3
-14.8 -25 2.7
-24.2 -14 2.3
-24.2 -14 2.3
-16.4 -13.4 1.1
-16 -13.6 0.5
-16.8 -13.6 2.9
-24.8 -14.4 2.1
-14.4 -15.2 2.1
-16 -13.6 0.3
-16 -13.6 0.7
-24 -15 4.5
-16 -13.8 2.1
-15.6 -14.2 2.5
-13 -20.4 3.3
-24 -15 4.5
-24 -13.8 2.1
-14.4 -15 1.3
-14.6 -24.8 2.7
-12.8 -21.8 1.9
-12.8 -20.6 2.7
-24.8 -14.2 1.1
-24.8 -14.2 1.1
-15.8 -14.2 2.9
-12.8 -22.2 1.1
-14.2 -15.2 1.1
-24.2 -14.6 3.7
-16.8 -13.4 2.3
-24.2 -14.2 2.9
-21.4 -12.6 1.1
-15.8 -13.8 1.5
-12.6 -20.6 1.9
-16.2 -14.2 3.5
-16.6 -13.4 1.9
-24.2 -13.8 1.5
-24.2 -13.8 1.5
-24.2 -15 4.3
-16 -13.6 0.1
-16 -13.6 0.9
-13.2 -20.8 3.7
-16.4 -13.6 2.3
-14 -15.4 0.5
-16.4 -13.8 2.9
-15.4 -14 0.5
-24.6 -14 0.5
-24.6 -14 0.5
-16.4 -13.4 1.3
-21 -12.6 1.7
-16.2 -14 3.1
-12.6 -21 1.7
-23.8 -14 3.1
-21.2 -12.6 1.5
-12.6 -21.2 1.5
-21.2 -12.6 1.5
-21.2 -13 3.1
-13 -20.6 3.3
-14 -15.4 0.3
-14 -15.4 0.7
-15.4 -14 0.3
-15.4 -14 0.7
-24.6 -14 0.3
-24.6 -14 0.7
-24.6 -14 0.3
-24.6 -14 0.7
-12.8 -22 1.7
-21.2 -12.8 2.5
-12.8 -21.2 2.5
-16.4 -14.4 4.1
-24.4 -15 4.1
-16 -13.6 1.1
-12.8 -20.8 2.7
-24.4 -14 1.9
-24.8 -14.2 1.3
-12.8 -22.2 1.3
-14.2 -15.2 1.3
-14 -15.4 0.1
-14 -15.4 0.9
-15.4 -14 0.1
-15.4 -14 0.9
-24.6 -14 0.1
-24.6 -14 0.9
-24.6 -14 0.1
-24.6 -14 0.9
-21.4 -12.6 1.3
-20.8 -12.6 1.9
-12.6 -20.8 1.9
-14.4 -15 1.5
-14.4 -15.4 2.7
-14.2 -15.4 2.1
-15.4 -14.4 2.7
-15.4 -14.2 2.1
-24.6 -14.4 2.7
-24.6 -14.2 2.1
-24.6 -14.2 2.1
-14.6 -25 2.3
-16.2 -14.8 4.5
-20.8 -13 3.3
-16 -14.8 4.3
-16 -14.2 3.3
-15.8 -13.8 1.7
-15.6 -14.6 3.5
-14 -15.4 1.1
-15.4 -14 1.1
-24.6 -14 1.1
-24.2 -13.8 1.7
-24.6 -14 1.1
-24.2 -13.8 1.7
-16.4 -13.4 1.5
-16 -13.6 1.3
-12.8 -22.4 0.5
-16 -14.4 3.7
-16.8 -14.4 4.5
-15.8 -14.8 4.1
-21.2 -12.6 1.7
-12.6 -21.2 1.7
-12.8 -22.4 0.3
-12.8 -22.4 0.7
-12.8 -21.8 2.1
-21.2 -12.6 1.7
-15.8 -14 2.5
-12.8 -20.2 2.9
-24.8 -14.4 2.3
-14.4 -15.2 2.3
-24.2 -14 2.5
-24.2 -14 2.5
-12.8 -21 2.7
-12.6 -20.6 2.1
-24.8 -14.2 1.5
-16 -13.8 2.3
-12.8 -22.2 1.5
-24 -13.8 2.3
-14.2 -15.2 1.5
-16.8 -13.8 3.5
-21.4 -12.6 1.5
-21 -12.6 1.9
-12.6 -21 1.9
-21.4 -13 3.1
-24.6 -15 3.9
-12.8 -20.4 2.9
-12.8 -22.4 0.1
-12.8 -22.4 0.9
-24 -14 2.9
-15.6 -13.8 0.5
-12.8 -22 1.9
-14.8 -25 2.9
-24.4 -13.8 0.5
-24.4 -13.8 0.5
-14 -15.4 1.3
-15.4 -14 1.3
-24.6 -14 1.3
-24.6 -14 1.3
-16.8 -14 3.9
-12.4 -20.2 0.5
-16.8 -13.4 2.5
-16.6 -13.8 3.3
-15.6 -13.8 0.3
-15.6 -13.8 0.7
-24.4 -13.8 0.3
-24.4 -13.8 0.7
-24.4 -13.8 0.3
-24.4 -13.8 0.7
-21 -13 3.3
-15.6 -14.2 2.7
-12.4 -20.2 0.3
-12.4 -20.2 0.7
-24.8 -14.8 3.3
-16.4 -13.6 2.5
-24.4 -14 2.1
-13.2 -21.2 3.7
-12.4 -20.4 0.5
-14.6 -24.8 2.9
-20.8 -12.6 2.1
-16 -13.6 1.5
-15.6 -13.8 0.1
-15.6 -13.8 0.9
-12.6 -20.8 2.1
-12.8 -22.4 1.1
-24.4 -13.8 0.1
-24.4 -13.8 0.9
-24.4 -13.8 0.1
-24.4 -13.8 0.9
-16.8 -13.6 3.1
-12.8 -20.6 2.9
-23.6 -14 3.5
-16.4 -13.4 1.7
-13.4 -21.2 4.1
-12.4 -20.4 0.3
-12.4 -20.4 0.7
-12.4 -20.2 0.1
-12.4 -20.2 0.9
-12.6 -21.8 0.5
-16.2 -13.4 0.5
-15.8 -14.4 3.5
-24.2 -14.4 3.5
-15.8 -13.8 1.9
-12.6 -21.8 0.3
-12.6 -21.8 0.7
-23.8 -14.6 4.3
-15.8 -14.2 3.1
-16.2 -13.4 0.3
-16.2 -13.4 0.7
-24.2 -13.8 1.9
-24.2 -13.8 1.9
-14.2 -15.4 2.3
-13.4 -20.2 4.3
-24.6 -14.2 2.3
-24.2 -14.2 3.1
-24.6 -14.2 2.3
-12.4 -20.4 0.1
-12.4 -20.4 0.9
-16 -14.6 4.1
-24.8 -14.2 1.7
-21.2 -12.8 2.7
-16.4 -14.6 4.5
-12.8 -21.2 2.7
-14.2 -15.2 1.7
-12.4 -20.6 0.5
-21.4 -12.6 1.7
-12.6 -21.8 0.1
-12.6 -21.8 0.9
-21.2 -12.6 1.9
-15.6 -13.8 1.1
-12.6 -21.2 1.9
-21.2 -12.6 1.9
-14.6 -25 2.5
-24.4 -13.8 1.1
-24.4 -13.8 1.1
-16.4 -13.8 3.1
-16.2 -13.4 0.1
-16.2 -13.4 0.9
-13 -20.4 3.5
-15.4 -14 1.5
-13.2 -20.6 3.9
-16.4 -14.2 3.9
-12.4 -20.6 0.3
-12.4 -20.6 0.7
-12.4 -20.2 1.1
-23.6 -14.2 3.9
-12.8 -22.4 1.3
-12.8 -20.8 2.9
-16.2 -14 3.3
-23.8 -14 3.3
-21.2 -13 3.3
-14.4 -15.4 2.9
-15.4 -14.4 2.9
-12.4 -20.6 0.1
-12.4 -20.6 0.9
-12.4 -20.4 1.1
-24.6 -14.4 2.9
-12.8 -21.8 2.3
-21 -12.6 2.1
-12.6 -21 2.1
-16.2 -14.2 3.7
-12.6 -20.6 2.3
-12.6 -21.8 1.1
-16.2 -13.4 1.1
-13 -20.6 3.5
-24.2 -14.6 3.9
-12.8 -22 2.1
-24.8 -14.4 2.5
-14.4 -14.8 0.5
-14.4 -15.2 2.5
-20.8 -12.4 0.5
-12.4 -20.8 0.5
-15.6 -13.8 1.3
-24.4 -13.8 1.3
-24.4 -13.8 1.3
-16 -13.8 2.5
-24 -13.8 2.5
-14.4 -14.8 0.3
-14.4 -14.8 0.7
-13.2 -20.8 3.9
-20.8 -12.4 0.3
-20.8 -12.4 0.7
-12.4 -20.8 0.3
-12.4 -20.8 0.7
-12.4 -20.2 1.3
-15.8 -14 2.7
-16.4 -13.4 1.9
-12.4 -20.6 1.1
-24.2 -14 2.7
-24.2 -14 2.7
-14.4 -14.8 0.1
-14.4 -14.8 0.9
-20.8 -12.4 0.1
-20.8 -12.4 0.9
-12.4 -20.8 0.1
-12.4 -20.8 0.9
-12.4 -20.4 1.3
-15.8 -13.6 0.5
-12.8 -22.4 1.5
-12.8 -21 2.9
-12.8 -22.6 0.5
-24.4 -14 2.3
-15.4 -14 1.7
-24.2 -13.6 0.5
-20.8 -12.6 2.3
-15.8 -13.6 0.3
-15.8 -13.6 0.7
-12.6 -20.8 2.3
-12.6 -21.8 1.3
-15.8 -13.8 2.1
-12.8 -20.2 3.1
-24.8 -14.2 1.9
-20.8 -13 3.5
-16.2 -13.4 1.3
-12.8 -22.6 0.3
-12.8 -22.6 0.7
-14.2 -15.2 1.9
-14.2 -15 0.5
-16 -14.2 3.5
-24.2 -13.6 0.3
-24.2 -13.6 0.7
-24.2 -15 4.5
-24.2 -13.8 2.1
-24.2 -13.8 2.1
-14.2 -15 0.3
-14.2 -15 0.7
-15.8 -13.6 0.1
-15.8 -13.6 0.9
-15.6 -14.6 3.7
-12.8 -20.4 3.1
-12.6 -22 0.5
-21.2 -12.6 2.1
-16.4 -13.6 2.7
-12.6 -21.2 2.1
-12.8 -22.6 0.1
-12.8 -22.6 0.9
-24 -14 3.1
-14.4 -14.8 1.1
-15.6 -14.2 2.9
-24.2 -13.6 0.1
-24.2 -13.6 0.9
-21 -12.4 0.5
-20.8 -12.4 1.1
-12.4 -21 0.5
-12.4 -20.8 1.1
-12.4 -20.6 1.3
-21 -12.4 0.5
-16.4 -14.4 4.3
-15.6 -13.8 1.5
-12.6 -22 0.3
-12.6 -22 0.7
-14.8 -25 3.1
-24.4 -13.8 1.5
-24.4 -13.8 1.5
-21.4 -13 3.3
-24.4 -15 4.3
-14.2 -15 0.1
-14.2 -15 0.9
-14.2 -15.4 2.5
-21 -12.4 0.3
-21 -12.4 0.7
-12.4 -21 0.3
-12.4 -21 0.7
-12.4 -20.2 1.5
-21 -12.4 0.3
-21 -12.4 0.7
-24.6 -14.2 2.5
-24.6 -14.2 2.5
-12.6 -22 0.1
-12.6 -22 0.9
-21 -12.4 0.1
-21 -12.4 0.9
-16.8 -13.8 3.7
-16 -14.4 3.9
-12.4 -21 0.1
-12.4 -21 0.9
-12.4 -20.4 1.5
-21 -12.4 0.1
-21 -12.4 0.9
-14.6 -24.8 3.1
-15.8 -13.6 1.1
-12.8 -20.6 3.1
-12.8 -22.6 1.1
-24.2 -13.6 1.1
-21 -12.6 2.3
-12.6 -21 2.3
-12.6 -21.8 1.5
-16.6 -13.8 3.5
-14.6 -25 2.7
-21 -13 3.5
-16.2 -13.4 1.5
-14.2 -15 1.1
-12.8 -22.4 1.7
-24.8 -14 0.5
-24.8 -14 0.5
-16 -14.8 4.5
-14.4 -14.8 1.3
-14 -15.2 0.5
-21.2 -12.8 2.9
-16.8 -13.6 3.3
-12.8 -21.2 2.9
-20.8 -12.4 1.3
-12.4 -20.8 1.3
-24.8 -14.8 3.5
-12.8 -22 2.3
-12.8 -21.8 2.5
-24.8 -14 0.3
-24.8 -14 0.7
-24.8 -14 0.3
-24.8 -14 0.7
-14 -15.2 0.3
-14 -15.2 0.7
-16.4 -13.4 2.1
-15.8 -14.8 4.3
-12.6 -20.6 2.5
-12.6 -22 1.1
-15.8 -14.2 3.3
-15.4 -14 1.9
-24.6 -15 4.1
-21 -12.4 1.1
-12.4 -21 1.1
-12.4 -20.6 1.5
-21 -12.4 1.1
-24.2 -14.2 3.3
-24.8 -14 0.1
-24.8 -14 0.9
-24.8 -14 0.1
-24.8 -14 0.9
-14 -15.2 0.1
-14 -15.2 0.9
-16.8 -14 4.1
-23.6 -14 3.7
-21.2 -12.4 0.5
-12.4 -21.2 0.5
-21.2 -12.4 0.5
-15.8 -13.6 1.3
-15.6 -13.8 1.7
-12.8 -20.8 3.1
-24.4 -13.8 1.7
-24.4 -13.8 1.7
-12.8 -22.6 1.3
-24.8 -14.4 2.7
-24.8 -14.2 2.1
-16.4 -13.8 3.3
-15.8 -14.4 3.7
-24.2 -13.6 1.3
-14.4 -15.2 2.7
-14.2 -15.2 2.1
-13.2 -21.2 3.9
-12.4 -20.2 1.7
-21.2 -12.4 0.3
-21.2 -12.4 0.7
-12.4 -21.2 0.3
-12.4 -21.2 0.7
-21.2 -12.4 0.3
-21.2 -12.4 0.7
-24 -13.8 2.7
-14.4 -15.4 3.1
-15.4 -14.4 3.1
-24.6 -14.4 3.1
-15.8 -13.8 2.3
-24.2 -13.8 2.3
-24.2 -13.8 2.3
-24.4 -14 2.5
-12.4 -20.4 1.7
-21.2 -12.4 0.1
-21.2 -12.4 0.9
-12.4 -21.2 0.1
-12.4 -21.2 0.9
-21.2 -12.4 0.1
-21.2 -12.4 0.9
-20.8 -12.6 2.5
-12.6 -20.8 2.5
-12.6 -22 1.3
-24.8 -14 1.1
-24.8 -14 1.1
-14.4 -14.8 1.5
-14 -15.2 1.1
-15.8 -14 2.9
-13 -20.4 3.7
-21 -12.4 1.3
-20.8 -12.4 1.5
-12.4 -21 1.3
-12.4 -20.8 1.5
-24.2 -14 2.9
-24.2 -14 2.9
-12.6 -21.8 1.7
-21.2 -12.6 2.3
-12.6 -21.2 2.3
-23.8 -14 3.5
-16.2 -13.4 1.7
-21.2 -13 3.5
-13.4 -21.2 4.3
-12.8 -22.4 1.9
-13.2 -20.6 4.1
-16.4 -14.2 4.1
-16 -13.4 0.5
-12.4 -20.6 1.7
-23.6 -14.2 4.1
-21.2 -12.4 1.1
-12.4 -21.2 1.1
-21.2 -12.4 1.1
-23.8 -14.6 4.5
-12.8 -21 3.1
-16 -14.6 4.3
-12.8 -22.6 1.5
-12.6 -22.2 0.5
-13.8 -15.4 0.5
-15.4 -13.8 0.5
-13 -20.6 3.7
-24.6 -13.8 0.5
-24.6 -13.8 0.5
-24.2 -13.6 1.5
-16 -13.4 0.3
-16 -13.4 0.7
-13.4 -20.2 4.5
-16.2 -14.2 3.9
-12.6 -22.2 0.3
-12.6 -22.2 0.7
-13.8 -15.4 0.3
-13.8 -15.4 0.7
-15.4 -13.8 0.3
-15.4 -13.8 0.7
-24.6 -13.8 0.3
-24.6 -13.8 0.7
-24.6 -13.8 0.3
-24.6 -13.8 0.7
-14.2 -15.4 2.7
-24.6 -14.2 2.7
-24.6 -14.2 2.7
-24.8 -14 1.3
-24.8 -14 1.3
-14 -15.2 1.3
-12.8 -20.2 3.3
-21.4 -12.4 0.5
-16 -13.4 0.1
-16 -13.4 0.9
-15.4 -14 2.1
-21 -12.6 2.5
-15.6 -13.8 1.9
-12.6 -21 2.5
-12.6 -22 1.5
-24.4 -13.8 1.9
-24.4 -13.8 1.9
-15.6 -14.2 3.1
-12.6 -22.2 0.1
-12.6 -22.2 0.9
-13.8 -15.4 0.1
-13.8 -15.4 0.9
-15.4 -13.8 0.1
-15.4 -13.8 0.9
-24.6 -13.8 0.1
-24.6 -13.8 0.9
-24.2 -14.6 4.1
-24.6 -13.8 0.1
-24.6 -13.8 0.9
-21.4 -12.4 0.3
-21.4 -12.4 0.7
-21 -12.4 1.5
-12.4 -21 1.5
-12.4 -20.2 1.9
-16.4 -13.4 2.3
-12.8 -20.4 3.3
-14.4 -14.8 1.7
-13.2 -20.8 4.1
-24 -14 3.3
-20.8 -12.4 1.7
-12.4 -20.8 1.7
-21.2 -12.4 1.3
-12.4 -21.2 1.3
-21.2 -12.4 1.3
-20.8 -13 3.7
-21.4 -12.4 0.1
-21.4 -12.4 0.9
-16 -14.2 3.7
-12.4 -20.4 1.9
-12.8 -21.8 2.7
-14.6 -25 2.9
-14.2 -15.2 2.3
-16 -13.4 1.1
-12.6 -21.8 1.9
-12.6 -20.6 2.7
-21.4 -13 3.5
-16.2 -13.4 1.9
-12.6 -22.2 1.1
-13.8 -15.4 1.1
-15.4 -13.8 1.1
-24.6 -13.8 1.1
-24.6 -13.8 1.1
-14.6 -24.8 3.3
-24.8 -14 1.5
-24.8 -14 1.5
-21.2 -12.8 3.1
-12.8 -21.2 3.1
-12.8 -20.6 3.3
-12.8 -22.6 1.7
-14 -15.2 1.5
-24.2 -13.6 1.7
-15.6 -14.6 3.9
-21.4 -12.4 1.1
-12.4 -20.6 1.9
-24.2 -13.8 2.5
-24.2 -13.8 2.5
-12.8 -22.4 2.1
-24.8 -14.4 2.9
-12.6 -22 1.7
-21.2 -12.6 2.5
-12.6 -21.2 2.5
-24.4 -14 2.7
-24 -13.8 2.9
-16.8 -13.6 3.5
-21 -12.4 1.7
-16 -13.4 1.3
-12.4 -21 1.7
-21.2 -12.4 1.5
-12.4 -21.2 1.5
-21.2 -12.4 1.5
-20.8 -12.6 2.7
-12.6 -20.8 2.7
-16.6 -13.8 3.7
-13.8 -15.4 1.3
-21 -13 3.7
-15.4 -13.8 1.3
-24.6 -13.8 1.3
-24.6 -13.8 1.3
-16.8 -13.8 3.9
-15.8 -14.2 3.5
-24.2 -14.2 3.5
-13.6 -15.6 0.5
-15.6 -13.6 0.5
-24.8 -14.8 3.7
-24.4 -13.6 0.5
-12.8 -20.8 3.3
-16.4 -14.4 4.5
-13.6 -15.6 0.3
-13.6 -15.6 0.7
-15.6 -13.6 0.3
-15.6 -13.6 0.7
-24.4 -13.6 0.3
-24.4 -13.6 0.7
-15.6 -13.8 2.1
-24.4 -13.8 2.1
-24.4 -13.8 2.1
-14.4 -14.8 1.9
-21.4 -12.4 1.3
-20.8 -12.4 1.9
-12.4 -20.8 1.9
-14.4 -15.4 3.3
-15.4 -14.4 3.3
-12.4 -20.2 2.1
-24.6 -14.4 3.3
-15.8 -14 3.1
-16.4 -13.8 3.5
-15.4 -14 2.3
-24.2 -14 3.1
-24.2 -14 3.1
-13.6 -15.6 0.1
-13.6 -15.6 0.9
-15.6 -13.6 0.1
-15.6 -13.6 0.9
-24.8 -14 1.7
-24.8 -14 1.7
-24.4 -13.6 0.1
-24.4 -13.6 0.9
-14 -15.2 1.7
-12.4 -20.4 2.1
-12.6 -22.4 0.5
-14.4 -14.6 0.5
-23.6 -14 3.9
-16.4 -13.4 2.5
-12.6 -22.4 0.3
-12.6 -22.4 0.7
-12.6 -21.8 2.1
-12.8 -22.6 1.9
-14.4 -14.6 0.3
-14.4 -14.6 0.7
-16.2 -13.4 2.1
-15.8 -14.4 3.9
-24.2 -13.6 1.9
-14.2 -15.4 2.9
-16 -13.4 1.5
-24.6 -14.2 2.9
-24.6 -14.2 2.9
-21 -12.6 2.7
-12.6 -21 2.7
-13.8 -15.4 1.5
-15.4 -13.8 1.5
-24.6 -13.8 1.5
-24.6 -13.8 1.5
-24.6 -15 4.3
-13.2 -21.2 4.1
-21.2 -12.4 1.7
-12.4 -21.2 1.7
-21.2 -12.4 1.7
-13.6 -15.6 1.1
-15.8 -14.8 4.5
-15.6 -13.6 1.1
-12.6 -22.4 0.1
-12.6 -22.4 0.9
-24.4 -13.6 1.1
-12.8 -21 3.3
-23.8 -14 3.7
-14.4 -14.6 0.1
-14.4 -14.6 0.9
-14.2 -14.8 0.5
-14.2 -15.2 2.5
-21.2 -13 3.7
-16.8 -14 4.3
-12.4 -20.6 2.1
-12.6 -22 1.9
-14.2 -14.8 0.3
-14.2 -14.8 0.7
-13 -20.4 3.9
-21.4 -12.4 1.5
-21 -12.4 1.9
-12.4 -21 1.9
-12.8 -22.4 2.3
-12.8 -21.8 2.9
-14.2 -14.8 0.1
-14.2 -14.8 0.9
-15.6 -14.2 3.3
-12.2 -20 0.5
-12.6 -22.4 1.1
-12.8 -20.2 3.5
-12.6 -20.6 2.9
-14.4 -14.6 1.1
-12.2 -20.2 0.5
-12.2 -20 0.3
-12.2 -20 0.7
-14.6 -25 3.1
-13 -20.6 3.9
-12.2 -20.2 0.3
-12.2 -20.2 0.7
-24.2 -13.8 2.7
-24.2 -13.8 2.7
-13.6 -15.6 1.3
-15.6 -13.6 1.3
-24.4 -13.6 1.3
-14.4 -14.8 2.1
-20.8 -12.4 2.1
-12.4 -20.8 2.1
-24.8 -14 1.9
-24.8 -14 1.9
-12.8 -20.4 3.5
-14 -15.2 1.9
-14 -15 0.5
-24 -14 3.5
-16 -13.4 1.7
-12.2 -20.4 0.5
-12.2 -20 0.1
-12.2 -20 0.9
-12.4 -21.8 0.5
-13.4 -21.2 4.5
-15.6 -13.8 2.3
-24.4 -13.8 2.3
-24.4 -13.8 2.3
-21.2 -12.6 2.7
-16.2 -14.2 4.1
-12.6 -21.2 2.7
-14.2 -14.8 1.1
-14 -15 0.3
-14 -15 0.7
-13.8 -15.4 1.7
-15.4 -13.8 1.7
-24.6 -13.8 1.7
-24.6 -13.8 1.7
-13.2 -20.6 4.3
-12.2 -20.4 0.3
-12.2 -20.4 0.7
-12.2 -20.2 0.1
-12.2 -20.2 0.9
-12.4 -21.8 0.3
-12.4 -21.8 0.7
-16.4 -14.2 4.3
-12.4 -20.2 2.3
-23.6 -14.2 4.3
-24.4 -14 2.9
-21.2 -12.8 3.3
-12.8 -21.2 3.3
-12.6 -22.4 1.3
-20.8 -12.6 2.9
-16 -14.6 4.5
-12.6 -20.8 2.9
-24.8 -14.4 3.1
-14.4 -14.6 1.3
-14 -15 0.1
-14 -15 0.9
-12.8 -22.6 2.1
-21.4 -12.4 1.7
-15.4 -14 2.5
-12.4 -20.4 2.3
-12.2 -20.4 0.1
-12.2 -20.4 0.9
-12.4 -21.8 0.1
-12.4 -21.8 0.9
-24.2 -13.6 2.1
-21.2 -12.4 1.9
-12.4 -21.2 1.9
-21.2 -12.4 1.9
-14.6 -24.8 3.5
-12.8 -20.6 3.5
-24 -13.8 3.1
-21.4 -13 3.7
-20.8 -13 3.9
-16 -14.2 3.9
-15.8 -13.4 0.5
-12.2 -20 1.1
-12.6 -21.8 2.3
-16.2 -13.4 2.3
-15.8 -13.4 0.3
-15.8 -13.4 0.7
-12.2 -20.2 1.1
-24.2 -14.6 4.3
-13.6 -15.6 1.5
-15.6 -13.6 1.5
-24.4 -13.6 1.5
-12.6 -22 2.1
-14.2 -14.8 1.3
-13.2 -20.8 4.3
-21 -12.4 2.1
-12.4 -21 2.1
-14 -15 1.1
-15.8 -13.4 0.1
-15.8 -13.4 0.9
-12.2 -20.4 1.1
-12.4 -21.8 1.1
-16.4 -13.4 2.7
-12.4 -20.6 2.3
-15.6 -14.6 4.1
-24.8 -13.8 0.5
-24.8 -13.8 0.5
-12.8 -20.8 3.5
-13.8 -15.2 0.5
-15.8 -14 3.3
-15.2 -13.8 0.5
-12.2 -20 1.3
-24.2 -14 3.3
-24.2 -14 3.3
-12.6 -22.4 1.5
-24.8 -13.8 0.3
-24.8 -13.8 0.7
-24.8 -13.8 0.3
-24.8 -13.8 0.7
-21 -12.6 2.9
-12.6 -21 2.9
-12.6 -22.6 0.5
-14.4 -14.6 1.5
-13.8 -15.2 0.3
-13.8 -15.2 0.7
-15.8 -14.2 3.7
-15.2 -13.8 0.3
-15.2 -13.8 0.7
-14.2 -15.2 2.7
-16 -13.4 1.9
-12.2 -20.2 1.3
-14.4 -15.4 3.5
-15.4 -14.4 3.5
-24.6 -14.4 3.5
-24.2 -14.2 3.7
-16.6 -13.8 3.9
-12.6 -22.6 0.3
-12.6 -22.6 0.7
-13.8 -15.4 1.9
-21 -13 3.9
-15.4 -13.8 1.9
-24.6 -13.8 1.9
-14.2 -15.4 3.1
-15.8 -13.4 1.1
-24.6 -14.2 3.1
-24.6 -14.2 3.1
-12.8 -22.4 2.5
-24.8 -14 2.1
-24.8 -14 2.1
-14 -15.2 2.1
-24.8 -14.8 3.9
-24.8 -13.8 0.1
-24.8 -13.8 0.9
-24.8 -13.8 0.1
-24.8 -13.8 0.9
-14.4 -14.8 2.3
-14 -15 1.3
-13.8 -15.2 0.1
-13.8 -15.2 0.9
-15.2 -13.8 0.1
-15.2 -13.8 0.9
-16.8 -13.8 4.1
-16.4 -13.8 3.7
-12.2 -20.4 1.3
-12.4 -20.8 2.3
-12.6 -22.6 0.1
-12.6 -22.6 0.9
-14.2 -14.8 1.5
-21.4 -12.4 1.9
-13.6 -15.6 1.7
-15.6 -13.6 1.7
-24.4 -13.6 1.7
-12.4 -22 0.5
-21.2 -12.4 2.1
-12.4 -21.2 2.1
-21.2 -12.4 2.1
-15.6 -13.8 2.5
-24.4 -13.8 2.5
-24.4 -13.8 2.5
-12.4 -20.2 2.5
-12.4 -22 0.3
-12.4 -22 0.7
-12.8 -21.8 3.1
-24.8 -13.8 1.1
-24.8 -13.8 1.1
-12.8 -21 3.5
-12.8 -22.6 2.3
-13.8 -15.2 1.1
-15.2 -13.8 1.1
-15.8 -13.4 1.3
-12.2 -20 1.5
-24.2 -13.8 2.9
-24.2 -13.8 2.9
-24.2 -13.6 2.3
-12.6 -20.6 3.1
-12.6 -22.6 1.1
-12.2 -20.2 1.5
-12.4 -20.4 2.5
-12.4 -22 0.1
-12.4 -22 0.9
-12.6 -22.4 1.7
-14.4 -14.6 1.7
-21.2 -12.6 2.9
-12.6 -21.2 2.9
-12.6 -22 2.3
-12.6 -21.8 2.5
-14.6 -25 3.3
-23.8 -14 3.9
-14 -15 1.5
-16.2 -13.4 2.5
-15.6 -14.2 3.5
-21.2 -13 3.9
-15.4 -14 2.7
-12.2 -20.4 1.5
-21 -12.4 2.3
-12.4 -21 2.3
-24.8 -13.8 1.3
-24.8 -13.8 1.3
-24.4 -14 3.1
-14.2 -14.8 1.7
-13.8 -15.2 1.3
-13.6 -15.4 0.5
-13.6 -15.4 0.5
-15.4 -13.6 0.5
-13 -20.4 4.1
-12.8 -20.2 3.7
-15.2 -13.8 1.3
-24.6 -13.6 0.5
-16 -13.4 2.1
-13.2 -21.2 4.3
-12.4 -20.6 2.5
-12.4 -22 1.1
-20.8 -12.6 3.1
-12.6 -20.8 3.1
-12.6 -22.6 1.3
-13.6 -15.4 0.3
-13.6 -15.4 0.7
-13.6 -15.4 0.3
-13.6 -15.4 0.7
-15.4 -13.6 0.3
-15.4 -13.6 0.7
-24.6 -13.6 0.3
-24.6 -13.6 0.7
-13.8 -15.4 2.1
-15.4 -13.8 2.1
-24.6 -15 4.5
-24.6 -13.8 2.1
-15.8 -13.4 1.5
-12.8 -20.4 3.7
-24.8 -14.4 3.3
-24 -14 3.7
-16.8 -14 4.5
-13.6 -15.6 1.9
-15.6 -13.6 1.9
-24.8 -14 2.3
-24.8 -14 2.3
-24.4 -13.6 1.9
-14 -15.2 2.3
-13.6 -15.4 0.1
-13.6 -15.4 0.9
-21.2 -12.8 3.5
-13.6 -15.4 0.1
-13.6 -15.4 0.9
-15.4 -13.6 0.1
-15.4 -13.6 0.9
-12.8 -21.2 3.5
-24 -13.8 3.3
-24.6 -13.6 0.1
-24.6 -13.6 0.9
-12.2 -20 1.7
-21.4 -12.4 2.1
-16.4 -13.4 2.9
-13 -20.6 4.1
-12.2 -20.2 1.7
-14.4 -14.8 2.5
-12.4 -20.8 2.5
-12.4 -22 1.3
-14.6 -24.8 3.7
-12.8 -22.4 2.7
-14 -15 1.7
-12.8 -20.6 3.7
-14.2 -15.2 2.9
-12.2 -20.4 1.7
-21.2 -12.4 2.3
-12.4 -21.2 2.3
-21.2 -12.4 2.3
-12.6 -22.4 1.9
-24.8 -13.8 1.5
-24.8 -13.8 1.5
-14.4 -14.6 1.9
-13.8 -15.2 1.5
-13.6 -15.4 1.1
-13.6 -15.4 1.1
-15.4 -13.6 1.1
-15.2 -13.8 1.5
-24.6 -13.6 1.1
-21 -12.6 3.1
-12.6 -21 3.1
-12.6 -22.6 1.5
-21.4 -13 3.9
-16.2 -14.2 4.3
-20.8 -13 4.1
-12.8 -22.6 2.5
-16 -14.2 4.1
-13.2 -20.6 4.5
-24.2 -13.6 2.5
-16.4 -14.2 4.5
-23.6 -14.2 4.5
-12.4 -22.2 0.5
-15.6 -13.8 2.7
-24.4 -13.8 2.7
-14.2 -14.8 1.9
-15.8 -13.4 1.7
-14.2 -15.4 3.3
-12.4 -20.2 2.7
-24.6 -14.2 3.3
-24.2 -14 3.5
-24.6 -14.2 3.3
-24.2 -14 3.5
-12.4 -22.2 0.3
-12.4 -22.2 0.7
-12.8 -20.8 3.7
-14.4 -14.4 0.5
-12.6 -22 2.5
-13.6 -15.4 1.3
-13.6 -15.4 1.3
-15.4 -13.6 1.3
-21 -12.4 2.5
-12.4 -21 2.5
-12.4 -20.4 2.7
-12.4 -22 1.5
-14.4 -15.4 3.7
-14.4 -14.4 0.3
-14.4 -14.4 0.7
-15.4 -14.4 3.7
-12.4 -22.2 0.1
-12.4 -22.2 0.9
-24.6 -14.4 3.7
-14.2 -14.6 0.5
-16 -13.4 2.3
-12.2 -20 1.9
-24.2 -14.6 4.5
-12.6 -21.8 2.7
-14.2 -14.6 0.3
-14.2 -14.6 0.7
-16.2 -13.4 2.7
-15.8 -14.2 3.9
-13.8 -15.4 2.3
-15.4 -13.8 2.3
-12.2 -20.2 1.9
-24.6 -13.8 2.3
-24.2 -13.8 3.1
-24.2 -13.8 3.1
-24.2 -14.2 3.9
-13.6 -15.6 2.1
-15.6 -13.6 2.1
-24.4 -13.6 2.1
-13.2 -20.8 4.5
-14.4 -14.4 0.1
-14.4 -14.4 0.9
-24.8 -13.8 1.7
-24.8 -13.8 1.7
-12.8 -21.8 3.3
-13.8 -15.2 1.7
-15.2 -13.8 1.7
-13.4 -15.6 0.5
-15.6 -13.4 0.5
-15.4 -14 2.9
-21.2 -12.6 3.1
-15.6 -14.6 4.3
-12.6 -21.2 3.1
-12.6 -20.6 3.3
-12.6 -22.6 1.7
-14.2 -14.6 0.1
-14.2 -14.6 0.9
-14 -15 1.9
-21 -13 4.1
-13.4 -15.6 0.3
-13.4 -15.6 0.7
-16.4 -13.8 3.9
-15.6 -13.4 0.3
-15.6 -13.4 0.7
-12.2 -20.4 1.9
-21.4 -12.4 2.3
-12.4 -20.6 2.7
-12.4 -22.2 1.1
-24.8 -14.8 4.1
-24.8 -14 2.5
-24.8 -14 2.5
-14 -14.8 0.5
-14 -15.2 2.5
-12.6 -22.4 2.1
-14 -14.8 0.3
-14 -14.8 0.7
-12.8 -21 3.7
-14.4 -14.6 2.1
-13.4 -15.6 0.1
-13.4 -15.6 0.9
-15.6 -13.4 0.1
-15.6 -13.4 0.9
-14.4 -14.4 1.1
-13.6 -15.4 1.5
-13.6 -15.4 1.5
-15.4 -13.6 1.5
-16.8 -13.8 4.3
-14.2 -14.6 1.1
-15.8 -13.4 1.9
-14 -14.8 0.1
-14 -14.8 0.9
-24.4 -14 3.3
-12.4 -22 1.7
-21.2 -12.4 2.5
-12.4 -21.2 2.5
-21.2 -12.4 2.5
-20.8 -12.6 3.3
-12.6 -20.8 3.3
-14.4 -14.8 2.7
-14.2 -14.8 2.1
-15.6 -14.2 3.7
-12.4 -20.8 2.7
-12.4 -22.2 1.3
-13.4 -15.6 1.1
-15.6 -13.4 1.1
-16.4 -13.4 3.1
-12.8 -22.4 2.9
-23.8 -14 4.1
-14 -14.8 1.1
-24.8 -14.4 3.5
-21.2 -13 4.1
-12.2 -20 2.1
-24.8 -13.8 1.9
-24.8 -13.8 1.9
-14.2 -14.6 1.3
-13.8 -15.2 1.9
-13.8 -15 0.5
-12.8 -20.2 3.9
-15.2 -13.8 1.9
-15 -13.8 0.5
-12.8 -22.6 2.7
-24.2 -13.6 2.7
-12.6 -22.6 1.9
-13.8 -15 0.3
-13.8 -15 0.7
-15 -13.8 0.3
-15 -13.8 0.7
-21.2 -12.8 3.7
-12.8 -21.2 3.7
-12.4 -22.4 0.5
-13.6 -15.6 2.3
-15.6 -13.6 2.3
-24.4 -13.6 2.3
-13.6 -15.4 1.7
-13.6 -15.4 1.7
-15.6 -13.8 2.9
-15.4 -13.6 1.7
-12.8 -20.4 3.9
-24.4 -13.8 2.9
-14 -15 2.1
-13.4 -15.6 1.3
-15.6 -13.4 1.3
-24 -14 3.9
-16 -13.4 2.5
-12.2 -20.4 2.1
-12.4 -22.4 0.3
-12.4 -22.4 0.7
-21 -12.6 3.3
-12.6 -21 3.3
-12.6 -22 2.7
-13.8 -15 0.1
-13.8 -15 0.9
-15 -13.8 0.1
-15 -13.8 0.9
-13.8 -15.4 2.5
-15.4 -13.8 2.5
-13 -20.4 4.3
-24.6 -13.8 2.5
-21 -12.4 2.7
-12.4 -21 2.7
-12.4 -22.2 1.5
-14 -14.8 1.3
-12.4 -22.4 0.1
-12.4 -22.4 0.9
-12.4 -20.4 2.9
-21.4 -12.4 2.5
-12.4 -22 1.9
-14.6 -24.8 3.9
-12.6 -22.4 2.3
-12.8 -20.6 3.9
-14.4 -14.6 2.3
-16.2 -13.4 2.9
-15.8 -13.4 2.1
-14.2 -14.6 1.5
-13.8 -15 1.1
-15 -13.8 1.1
-13 -20.6 4.3
-14.2 -15.4 3.5
-24.6 -14.2 3.5
-24.6 -14.2 3.5
-24.8 -14 2.7
-24.8 -14 2.7
-14 -15.2 2.7
-12.4 -20.6 2.9
-12.4 -22.4 1.1
-13.2 -24.2 0.5
-24.2 -14 3.7
-24.2 -14 3.7
-14.2 -14.8 2.3
-21.4 -13 4.1
-13.4 -15.6 1.5
-15.6 -13.4 1.5
-15.4 -14 3.1
-24.2 -13.8 3.3
-24.2 -13.8 3.3
-13.2 -24.2 0.3
-13.2 -24.2 0.7
-24.8 -13.6 0.5
-13.6 -15.2 0.5
-13.6 -15.2 0.5
-15.2 -13.6 0.5
-12 -20 0.5
-24.8 -13.6 0.3
-24.8 -13.6 0.7
-14 -14.8 1.5
-13.6 -15.2 0.3
-13.6 -15.2 0.7
-21.2 -12.6 3.3
-13.6 -15.2 0.3
-13.6 -15.2 0.7
-12.8 -20.8 3.9
-12.6 -21.2 3.3
-15.2 -13.6 0.3
-15.2 -13.6 0.7
-24.8 -13.8 2.1
-24.8 -13.8 2.1
-15.2 -13.8 2.1
-12 -20.2 0.5
-12 -20 0.3
-12 -20 0.7
-21.2 -12.4 2.7
-12.4 -21.2 2.7
-12.4 -22.2 1.7
-13.2 -24.2 0.1
-13.2 -24.2 0.9
-21.2 -12.4 2.7
-12.8 -21.8 3.5
-12.6 -22.6 2.1
-13.8 -15 1.3
-13.6 -15.4 1.9
-20.8 -13 4.3
-13.6 -15.4 1.9
-16.2 -14.2 4.5
-16 -14.2 4.3
-15.4 -13.6 1.9
-15 -13.8 1.3
-12.2 -20 2.3
-12 -20.2 0.3
-12 -20.2 0.7
-12.2 -21.8 0.5
-14.4 -15.4 3.9
-15.4 -14.4 3.9
-24.6 -14.4 3.9
-12.6 -20.6 3.5
-12.2 -21.8 0.3
-12.2 -21.8 0.7
-24.8 -13.6 0.1
-24.8 -13.6 0.9
-13.6 -15.2 0.1
-13.6 -15.2 0.9
-13.6 -15.2 0.1
-13.6 -15.2 0.9
-15.2 -13.6 0.1
-15.2 -13.6 0.9
-12 -20.4 0.5
-14.4 -14.8 2.9
-12.4 -20.8 2.9
-12 -20 0.1
-12 -20 0.9
-12.4 -22.4 1.3
-12 -20.4 0.3
-12 -20.4 0.7
-12 -20.2 0.1
-12 -20.2 0.9
-14.2 -14.6 1.7
-14 -15 2.3
-15.8 -14.2 4.1
-12.2 -20.4 2.3
-12.2 -21.8 0.1
-12.2 -21.8 0.9
-13.2 -24.2 1.1
-24.2 -14.2 4.1
-13.6 -15.6 2.5
-24.4 -13.6 2.5
-12 -20.4 0.1
-12 -20.4 0.9
-12.4 -22 2.1
-24.8 -13.6 1.1
-13.6 -15.2 1.1
-13.6 -15.2 1.1
-15.2 -13.6 1.1
-12.8 -22.4 3.1
-13.4 -15.6 1.7
-16.4 -13.8 4.1
-15.6 -13.4 1.7
-12 -20 1.1
-12.8 -22.6 2.9
-24.4 -14 3.5
-24.2 -13.6 2.9
-16.4 -13.4 3.3
-20.8 -12.6 3.5
-12.6 -20.8 3.5
-12 -20.2 1.1
-16 -13.4 2.7
-13.8 -15 1.5
-21 -13 4.3
-15.8 -13.4 2.3
-15.4 -13.8 2.7
-15 -13.8 1.5
-12.2 -21.8 1.1
-24.6 -13.8 2.7
-14 -14.8 1.7
-15.6 -14.6 4.5
-12.6 -22.4 2.5
-24.8 -14.8 4.3
-12 -20.4 1.1
-12.6 -22 2.9
-14.4 -14.6 2.5
-21 -12.4 2.9
-12.4 -21 2.9
-12.4 -22.6 0.5
-12.4 -22.4 1.5
-13.2 -24.2 1.3
-15.6 -14.2 3.9
-15.6 -13.8 3.1
-24.4 -13.8 3.1
-21.4 -12.4 2.7
-12.4 -22.6 0.3
-12.4 -22.6 0.7
-12.4 -22.2 1.9
-24.8 -13.6 1.3
-13.6 -15.2 1.3
-13.6 -15.2 1.3
-15.2 -13.6 1.3
-12 -20 1.3
-24.8 -14.4 3.7
-14.2 -14.8 2.5
-13.6 -15.4 2.1
-13.6 -15.4 2.1
-15.4 -13.6 2.1
-12 -20.2 1.3
-16.8 -13.8 4.5
-12.4 -22.6 0.1
-12.4 -22.6 0.9
-24.8 -13.8 2.3
-24.8 -13.8 2.3
-15.2 -13.8 2.3
-12.2 -21.8 1.3
-13.4 -15.4 0.5
-13.4 -15.4 0.5
-15.4 -13.4 0.5
-12.6 -21 3.5
-12.6 -22.6 2.3
-14.2 -14.6 1.9
-16.2 -13.4 3.1
-13.4 -15.4 0.3
-13.4 -15.4 0.7
-13.4 -15.4 0.3
-13.4 -15.4 0.7
-15.4 -13.4 0.3
-15.4 -13.4 0.7
-12 -20.4 1.3
-24.8 -14 2.9
-24.8 -14 2.9
-14 -15.2 2.9
-12.8 -21.2 3.9
-12.8 -20.2 4.1
-12.2 -20 2.5
-12.2 -22 0.5
-13.8 -15 1.7
-15 -13.8 1.7
-23.8 -14 4.3
-21.2 -13 4.3
-13.4 -15.6 1.9
-15.6 -13.4 1.9
-12.4 -20.6 3.1
-12.4 -22.6 1.1
-12.2 -22 0.3
-12.2 -22 0.7
-13.2 -24.2 1.5
-13.4 -15.4 0.1
-13.4 -15.4 0.9
-13.4 -15.4 0.1
-13.4 -15.4 0.9
-15.4 -13.4 0.1
-15.4 -13.4 0.9
-12.8 -20.4 4.1
-24 -14 4.1
-21.2 -12.4 2.9
-12.4 -21.2 2.9
-12.4 -22.4 1.7
-21.2 -12.4 2.9
-24.8 -13.6 1.5
-14 -15 2.5
-14 -14.8 1.9
-13.6 -15.2 1.5
-13.6 -15.2 1.5
-15.4 -14 3.3
-15.2 -13.6 1.5
-12.2 -20.4 2.5
-12 -20 1.5
-14.4 -14.2 0.5
-14.2 -14.4 0.5
-12.4 -22 2.3
-12.2 -22 0.1
-12.2 -22 0.9
-12 -20.2 1.5
-14.4 -14.2 0.3
-14.4 -14.2 0.7
-14.2 -15.4 3.7
-14.2 -14.4 0.3
-14.2 -14.4 0.7
-24.6 -14.2 3.7
-12.2 -21.8 1.5
-24.2 -13.8 3.5
-24.2 -13.8 3.5
-13.4 -15.4 1.1
-13.4 -15.4 1.1
-15.4 -13.4 1.1
-13.6 -15.6 2.7
-14.6 -24.8 4.1
-24.4 -13.6 2.7
-14 -14.6 0.5
-12.8 -20.6 4.1
-12 -20.4 1.5
-14.4 -14.8 3.1
-13 -20.4 4.5
-12.4 -20.8 3.1
-12.4 -22.6 1.3
-14.4 -14.2 0.1
-14.4 -14.2 0.9
-14.2 -14.4 0.1
-14.2 -14.4 0.9
-12.4 -22.2 2.1
-14 -14.6 0.3
-14 -14.6 0.7
-21.2 -12.6 3.5
-12.6 -21.2 3.5
-15.8 -13.4 2.5
-12.2 -22 1.1
-24.2 -14 3.9
-12.8 -21.8 3.7
-14 -14.6 0.1
-14 -14.6 0.9
-16 -13.4 2.9
-13.2 -24.2 1.7
-12.6 -20.6 3.7
-12.6 -22.4 2.7
-14.4 -14.6 2.7
-14.2 -14.6 2.1
-13.6 -15.4 2.3
-13.6 -15.4 2.3
-15.4 -13.8 2.9
-15.4 -13.6 2.3
-13 -20.6 4.5
-12.8 -22.6 3.1
-24.6 -13.8 2.9
-24.2 -13.6 3.1
-14.4 -14.2 1.1
-14.2 -14.4 1.1
-13.4 -15.4 1.3
-13.4 -15.4 1.3
-15.4 -13.4 1.3
-13.8 -15 1.9
-21.4 -13 4.3
-15 -13.8 1.9
-24.8 -13.6 1.7
-13.6 -15.2 1.7
-13.6 -15.2 1.7
-12.8 -20.8 4.1
-15.2 -13.6 1.7
-12.8 -22.4 3.3
-12 -20 1.7
-13.8 -14.8 0.5
-15.2 -13.8 2.5
-14.8 -13.8 0.5
-24.8 -13.8 2.5
-24.8 -13.8 2.5
-21.4 -12.4 2.9
-13.4 -15.6 2.1
-15.6 -13.4 2.1
-12 -20.2 1.7
-12.4 -22.4 1.9
-12.2 -22 1.3
-14.4 -15.4 4.1
-15.4 -14.4 4.1
-24.6 -14.4 4.1
-14 -14.6 1.1
-13.8 -14.8 0.3
-13.8 -14.8 0.7
-14.8 -13.8 0.3
-14.8 -13.8 0.7
-12.6 -22.6 2.5
-12.6 -22 3.1
-14.2 -14.8 2.7
-21 -12.4 3.1
-16.4 -13.4 3.5
-12.4 -21 3.1
-12.4 -22.6 1.5
-12.2 -21.8 1.7
-14 -14.8 2.1
-13.2 -15.6 0.5
-12 -20.4 1.7
-13.2 -24.4 0.5
-24.4 -14 3.7
-20.8 -12.6 3.7
-15.6 -13.8 3.3
-12.6 -20.8 3.7
-24.4 -13.8 3.3
-13.8 -14.8 0.1
-13.8 -14.8 0.9
-20.8 -13 4.5
-13.2 -15.6 0.3
-13.2 -15.6 0.7
-16 -14.2 4.5
-14.8 -13.8 0.1
-14.8 -13.8 0.9
-13.2 -24.4 0.3
-13.2 -24.4 0.7
-14.4 -14.2 1.3
-14.2 -14.4 1.3
-12.2 -20 2.7
-12.2 -22.2 0.5
-15.8 -14.2 4.3
-13.4 -15.4 1.5
-13.4 -15.4 1.5
-15.4 -13.4 1.5
-12.2 -22.2 0.3
-12.2 -22.2 0.7
-24.2 -14.2 4.3
-13.2 -15.6 0.1
-13.2 -15.6 0.9
-13.2 -24.4 0.1
-13.2 -24.4 0.9
-12.4 -22 2.5
-14 -14.6 1.3
-24.8 -14 3.1
-24.8 -14 3.1
-14 -15.2 3.1
-14 -15 2.7
-13.8 -14.8 1.1
-16.2 -13.4 3.3
-14.8 -13.8 1.1
-16.4 -13.8 4.3
-12.2 -20.4 2.7
-12.2 -22 1.5
-12.4 -22.2 2.3
-12.2 -22.2 0.1
-12.2 -22.2 0.9
-13.2 -24.2 1.9
-13.6 -15 0.5
-15 -13.6 0.5
-24.8 -13.6 1.9
-13.6 -15.2 1.9
-13.6 -15.2 1.9
-13.2 -15.6 1.1
-15.6 -14.2 4.1
-15.2 -13.6 1.9
-12 -20 1.9
-13.2 -24.4 1.1
-24.8 -14.4 3.9
-21.2 -12.4 3.1
-12.4 -21.2 3.1
-12.4 -20.6 3.3
-12.4 -22.6 1.7
-21.2 -12.4 3.1
-13.6 -15 0.3
-13.6 -15 0.7
-12.6 -21 3.7
-15 -13.6 0.3
-15 -13.6 0.7
-13.8 -15 2.1
-21 -13 4.5
-15 -13.8 2.1
-12 -20.2 1.9
-14.4 -14.2 1.5
-14.2 -14.4 1.5
-14.2 -14.6 2.3
-12.2 -21.8 1.9
-15.8 -13.4 2.7
-12.2 -22.2 1.1
-24.8 -14.8 4.5
-13.6 -15.6 2.9
-24.4 -13.6 2.9
-12.4 -22.4 2.1
-13.8 -14.8 1.3
-13.6 -15 0.1
-13.6 -15 0.9
-13.6 -15.4 2.5
-15.4 -13.6 2.5
-15 -13.6 0.1
-15 -13.6 0.9
-14.8 -13.8 1.3
-12 -20.4 1.9
-14 -14.6 1.5
-13.4 -15.6 2.3
-15.6 -13.4 2.3
-15.4 -14 3.5
-13.4 -15.4 1.7
-13.4 -15.4 1.7
-15.4 -13.4 1.7
-14.4 -14.8 3.3
-13.2 -15.6 1.3
-12.8 -21.2 4.1
-13.2 -24.4 1.3
-12.4 -20.8 3.3
-12.6 -22.4 2.9
-14.4 -14.6 2.9
-14 -14.8 2.3
-12.2 -22 1.7
-13.6 -15 1.1
-15 -13.6 1.1
-24.8 -13.8 2.7
-24.8 -13.8 2.7
-12.8 -20.2 4.3
-15.2 -13.8 2.7
-16 -13.4 3.1
-12.2 -22.2 1.3
-24.2 -13.8 3.7
-15.4 -13.8 3.1
-12.6 -22.6 2.7
-24.6 -13.8 3.1
-14.2 -15.4 3.9
-24.6 -14.2 3.9
-21.2 -12.6 3.7
-12.8 -20.4 4.3
-12.6 -21.2 3.7
-12.8 -22.6 3.3
-23.8 -14 4.5
-14.2 -14.8 2.9
-21.2 -13 4.5
-24 -14 4.3
-24.2 -13.6 3.3
-14.4 -14.2 1.7
-14.2 -14.4 1.7
-13.2 -24.2 2.1
-13.8 -14.8 1.5
-14.8 -13.8 1.5
-21.4 -12.4 3.1
-12.4 -22.6 1.9
-24.8 -13.6 2.1
-13.6 -15.2 2.1
-13.6 -15.2 2.1
-15.2 -13.6 2.1
-12 -20 2.1
-13.6 -15 1.3
-15 -13.6 1.3
-12.8 -22.4 3.5
-12.6 -22 3.3
-14 -14.6 1.7
-13.2 -15.6 1.5
-12 -20.2 2.1
-13.2 -24.4 1.5
-13.4 -15.2 0.5
-13.4 -15.2 0.5
-12.4 -21 3.3
-15.2 -13.4 0.5
-12.2 -20 2.9
-12.4 -22 2.7
-12.2 -22.4 0.5
-24.2 -14 4.1
-12.8 -21.8 3.9
-12.8 -20.6 4.3
-12.2 -21.8 2.1
-13.4 -15.2 0.3
-13.4 -15.2 0.7
-13.4 -15.2 0.3
-13.4 -15.2 0.7
-15.2 -13.4 0.3
-15.2 -13.4 0.7
-12.2 -22.4 0.3
-12.2 -22.4 0.7
-13 -24.2 0.5
-12.6 -20.6 3.9
-13.8 -15 2.3
-15 -13.8 2.3
-13.4 -15.4 1.9
-13.4 -15.4 1.9
-15.4 -13.4 1.9
-12.2 -22.2 1.5
-13 -24.2 0.3
-13 -24.2 0.7
-12 -20.4 2.1
-14 -15 2.9
-12.2 -20.4 2.9
-12.4 -22.4 2.3
-13.4 -15.2 0.1
-13.4 -15.2 0.9
-13.4 -15.2 0.1
-13.4 -15.2 0.9
-16.4 -13.4 3.7
-15.2 -13.4 0.1
-15.2 -13.4 0.9
-12.2 -22.4 0.1
-12.2 -22.4 0.9
-15.6 -13.8 3.5
-24.4 -13.8 3.5
-14.2 -14.6 2.5
-13 -24.2 0.1
-13 -24.2 0.9
-24.8 -14 3.3
-14 -15.2 3.3
-13.8 -14.8 1.7
-13.4 -15.6 2.5
-15.6 -13.4 2.5
-12.8 -20.8 4.3
-14.8 -13.8 1.7
-24.4 -14 3.9
-13.6 -15 1.5
-20.8 -12.6 3.9
-12.6 -20.8 3.9
-15 -13.6 1.5
-21.4 -13 4.5
-13.6 -15.4 2.7
-15.4 -13.6 2.7
-14.4 -15.4 4.3
-14.4 -14.2 1.9
-14.2 -14.4 1.9
-13.4 -15.2 1.1
-13.4 -15.2 1.1
-15.8 -13.4 2.9
-15.2 -13.4 1.1
-12.2 -22.4 1.1
-24.6 -14.4 4.3
-16.2 -13.4 3.5
-13 -24.2 1.1
-14 -14.8 2.5
-13.2 -15.6 1.7
-21.2 -12.4 3.3
-12.4 -21.2 3.3
-21.2 -12.4 3.3
-24.4 -13.6 3.1
-12.4 -22.6 2.1
-14 -14.6 1.9
-12.4 -20.6 3.5
-12.2 -22.2 1.7
-13.2 -24.2 2.3
-24.8 -13.8 2.9
-24.8 -13.6 2.3
-13.6 -15.2 2.3
-13.6 -15.2 2.3
-15.2 -13.8 2.9
-15.2 -13.6 2.3
-12 -20 2.3
-12 -21.8 0.5
-13.4 -15.2 1.3
-13.4 -15.2 1.3
-15.2 -13.4 1.3
-12.2 -22.4 1.3
-12.6 -22.4 3.1
-14.4 -14.6 3.1
-15.8 -14.2 4.5
-12 -20.2 2.3
-12.6 -22.6 2.9
-12 -21.8 0.3
-12 -21.8 0.7
-14.2 -14.2 0.5
-13.4 -15.4 2.1
-13.4 -15.4 2.1
-15.4 -13.4 2.1
-13 -24.2 1.3
-24.2 -14.2 4.5
-12.6 -21 3.9
-12.2 -21.8 2.3
-14.2 -14.2 0.3
-14.2 -14.2 0.7
-14.4 -14 0.5
-14 -14.4 0.5
-13.6 -15 1.7
-15 -13.6 1.7
-12 -20.4 2.3
-14.4 -14.8 3.5
-14.4 -14 0.3
-14.4 -14 0.7
-14 -14.4 0.3
-14 -14.4 0.7
-16.4 -13.8 4.5
-16 -13.4 3.3
-15.4 -14 3.7
-12 -21.8 0.1
-12 -21.8 0.9
-13.2 -15.4 0.5
-13.2 -15.4 0.5
-12.4 -20.8 3.5
-13.8 -14.8 1.9
-14.8 -13.8 1.9
-14.2 -14.8 3.1
-13.8 -15 2.5
-15.6 -14.2 4.3
-15.4 -13.8 3.3
-15 -13.8 2.5
-14.2 -14.2 0.1
-14.2 -14.2 0.9
-13.2 -15.4 0.3
-13.2 -15.4 0.7
-13.2 -15.4 0.3
-13.2 -15.4 0.7
-14.4 -14 0.1
-14.4 -14 0.9
-14 -14.4 0.1
-14 -14.4 0.9
-12.4 -22.4 2.5
-12.4 -22 2.9
-13.2 -15.6 1.9
-14.4 -14.2 2.1
-14.2 -14.4 2.1
-21.4 -12.4 3.3
-13.2 -15.4 0.1
-13.2 -15.4 0.9
-13.2 -15.4 0.1
-13.2 -15.4 0.9
-13.8 -14.6 0.5
-14.6 -13.8 0.5
-12.8 -22.6 3.5
-12 -21.8 1.1
-13.4 -15.2 1.5
-13.4 -15.2 1.5
-15.2 -13.4 1.5
-12.2 -20 3.1
-12.2 -22.6 0.5
-12.2 -22.4 1.5
-24.2 -13.6 3.5
-13.8 -14.6 0.3
-13.8 -14.6 0.7
-14.6 -13.8 0.3
-14.6 -13.8 0.7
-14.2 -14.6 2.7
-14.2 -14.2 1.1
-12.2 -22.6 0.3
-12.2 -22.6 0.7
-12.2 -22.2 1.9
-24.2 -13.8 3.9
-14 -14.6 2.1
-14.4 -14 1.1
-14 -14.4 1.1
-12.8 -21.2 4.3
-13.8 -14.6 0.1
-13.8 -14.6 0.9
-21.2 -12.6 3.9
-12.6 -21.2 3.9
-14.6 -13.8 0.1
-14.6 -13.8 0.9
-12.6 -22 3.5
-14 -15 3.1
-13.4 -15.6 2.7
-15.6 -13.4 2.7
-12.2 -20.4 3.1
-12.4 -22.6 2.3
-14.2 -15.4 4.1
-13.2 -15.4 1.1
-13.2 -15.4 1.1
-12.4 -21 3.5
-12.2 -22.6 0.1
-12.2 -22.6 0.9
-24.6 -14.2 4.1
-12.8 -22.4 3.7
-14 -14.8 2.7
-13.6 -15.4 2.9
-15.4 -13.6 2.9
-12.8 -20.2 4.5
-12 -21.8 1.3
-13.2 -24.2 2.5
-13.6 -15 1.9
-15 -13.6 1.9
-14.2 -14.2 1.3
-13.8 -14.6 1.1
-14.6 -13.8 1.1
-13.4 -15.4 2.3
-13.4 -15.4 2.3
-15.8 -13.4 3.1
-15.4 -13.4 2.3
-12.2 -22.6 1.1
-24.8 -13.6 2.5
-13.6 -14.8 0.5
-14.8 -13.6 0.5
-14.4 -14 1.3
-14 -14.4 1.3
-13.6 -15.2 2.5
-13.6 -15.2 2.5
-12.8 -20.4 4.5
-15.2 -13.6 2.5
-12 -20 2.5
-12 -22 0.5
-24 -14 4.5
-13.8 -14.8 2.1
-13.6 -14.8 0.3
-13.6 -14.8 0.7
-15.6 -13.8 3.7
-14.8 -13.8 2.1
-14.8 -13.6 0.3
-14.8 -13.6 0.7
-12.8 -21.8 4.1
-24.8 -14 3.5
-24.4 -13.8 3.7
-14 -15.2 3.5
-12 -20.2 2.5
-12 -22 0.3
-12 -22 0.7
-13.4 -15.2 1.7
-13.2 -15.4 1.3
-13.4 -15.2 1.7
-13.2 -15.4 1.3
-15.2 -13.4 1.7
-12.2 -22.4 1.7
-12.2 -21.8 2.5
-16.4 -13.4 3.9
-24.2 -14 4.3
-24.4 -13.6 3.3
-13.6 -14.8 0.1
-13.6 -14.8 0.9
-13.2 -15.6 2.1
-14.8 -13.6 0.1
-14.8 -13.6 0.9
-12 -20.4 2.5
-12 -22 0.1
-12 -22 0.9
-12.8 -20.6 4.5
-21.2 -12.4 3.5
-12.4 -21.2 3.5
-13.8 -14.6 1.3
-14.6 -13.8 1.3
-16.2 -13.4 3.7
-12 -21.8 1.5
-14.4 -14.2 2.3
-14.2 -14.4 2.3
-12.2 -22.6 1.3
-12.2 -22.2 2.1
-13.8 -15 2.7
-15 -13.8 2.7
-12.6 -22.6 3.1
-14.2 -14.2 1.5
-24.4 -14 4.1
-13.6 -14.8 1.1
-20.8 -12.6 4.1
-12.6 -20.8 4.1
-14.8 -13.6 1.1
-12.6 -22.4 3.3
-14.4 -14.6 3.3
-14.4 -14 1.5
-14 -14.4 1.5
-12 -22 1.1
-13 -24.4 0.5
-12.4 -20.6 3.7
-14 -14.6 2.3
-13 -24.4 0.3
-13 -24.4 0.7
-13.2 -15.4 1.5
-13.2 -15.4 1.5
-12.8 -20.8 4.5
-13.6 -15 2.1
-15 -13.6 2.1
-14.2 -14.8 3.3
-14.4 -15.4 4.5
-12.4 -22.6 2.5
-12.4 -22 3.1
-13 -24.4 0.1
-13 -24.4 0.9
-24.6 -14.4 4.5
-14.2 -14.6 2.9
-13.4 -15.2 1.9
-13.4 -15 0.5
-13.4 -15.2 1.9
-16 -13.4 3.5
-15.2 -13.4 1.9
-15 -13.4 0.5
-12.2 -22.4 1.9
-13.8 -14.6 1.5
-14.6 -13.8 1.5
-13.4 -15 0.3
-13.4 -15 0.7
-15.4 -13.8 3.5
-15 -13.4 0.3
-15 -13.4 0.7
-12.2 -22.6 1.5
-13.6 -14.8 1.3
-14.8 -13.6 1.3
-14.4 -14.8 3.7
-12 -22 1.3
-12.4 -20.8 3.7
-13.4 -15.6 2.9
-15.6 -13.4 2.9
-12.2 -20 3.3
-12 -21.8 1.7
-13.8 -14.8 2.3
-12.6 -21 4.1
-14.8 -13.8 2.3
-21.4 -12.4 3.5
-15.4 -14 3.9
-13 -24.4 1.1
-14.2 -14.2 1.7
-13.4 -15.4 2.5
-13.4 -15 0.1
-13.4 -15 0.9
-13.4 -15.4 2.5
-15.4 -13.4 2.5
-15 -13.4 0.1
-15 -13.4 0.9
-13.2 -24.2 2.7
-14 -14.8 2.9
-14.4 -14 1.7
-24.8 -13.6 2.7
-14 -15 3.3
-13.6 -15.2 2.7
-13.6 -15.2 2.7
-13.2 -15.6 2.3
-15.2 -13.6 2.7
-12 -20 2.7
-12.8 -22.6 3.7
-12.2 -20.4 3.3
-12 -22.2 0.5
-24.2 -13.6 3.7
-13.2 -15.4 1.7
-13.2 -15.4 1.7
-13.6 -15.4 3.1
-15.4 -13.6 3.1
-12 -20.2 2.7
-12 -22.2 0.3
-12 -22.2 0.7
-12.2 -21.8 2.7
-13.4 -15 1.1
-15 -13.4 1.1
-12.2 -22.2 2.3
-13.6 -14.8 1.5
-14.8 -13.6 1.5
-12.6 -22 3.7
-15.6 -14.2 4.5
-12 -20.4 2.7
-12 -22 1.5
-13 -24.4 1.3
-14.4 -14.2 2.5
-14.2 -14.4 2.5
-12.4 -21 3.7
-12 -22.2 0.1
-12 -22.2 0.9
-13.8 -14.6 1.7
-14.6 -13.8 1.7
-15.8 -13.4 3.3
-12.2 -22.6 1.7
-24.2 -13.8 4.1
-14 -14.6 2.5
-21.2 -12.6 4.1
-12.6 -21.2 4.1
-12.8 -22.4 3.9
-13.4 -15.2 2.1
-13.4 -15.2 2.1
-15.2 -13.4 2.1
-12.2 -22.4 2.1
-13.6 -15 2.3
-15 -13.6 2.3
-13.8 -15 2.9
-15 -13.8 2.9
-12 -21.8 1.9
-13.4 -15 1.3
-15 -13.4 1.3
-12 -22.2 1.1
-14.2 -15.4 4.3
-14.2 -14.2 1.9
-24.6 -14.2 4.3
-14 -15.2 3.7
-13.2 -15.2 0.5
-13.2 -15.2 0.5
-12.8 -21.2 4.5
-15.2 -13.2 0.5
-24.4 -13.6 3.5
-14.4 -14 1.9
-13.2 -15.2 0.3
-13.2 -15.2 0.7
-13.2 -15.2 0.3
-13.2 -15.2 0.7
-15.2 -13.2 0.3
-15.2 -13.2 0.7
-15.6 -13.8 3.9
-12.6 -22.6 3.3
-24.4 -13.8 3.9
-12.4 -22.6 2.7
-13 -24.4 1.5
-13.2 -15.4 1.9
-13.2 -15.4 1.9
-13.6 -14.8 1.7
-14.8 -13.6 1.7
-13.2 -15.2 0.1
-13.2 -15.2 0.9
-13.2 -15.2 0.1
-13.2 -15.2 0.9
-15.2 -13.2 0.1
-15.2 -13.2 0.9
-12 -22 1.7
-12.4 -21.2 3.7
-14.8 -13.8 2.5
-12 -22.2 1.3
-16.4 -13.4 4.1
-12.6 -22.4 3.5
-12.8 -21.8 4.3
-14.4 -14.6 3.5
-14.6 -13.8 1.9
-14.2 -14.6 3.1
-16.2 -13.4 3.9
-13.4 -15 1.5
-15 -13.4 1.5
-12.2 -22.6 1.9
-13.4 -15.4 2.7
-13.4 -15.4 2.7
-15.4 -13.4 2.7
-13.2 -15.6 2.5
-12.4 -22 3.3
-14.2 -14 0.5
-14 -14.2 0.5
-13.2 -15.2 1.1
-13.2 -15.2 1.1
-15.2 -13.2 1.1
-13.2 -24.2 2.9
-14.2 -14.8 3.5
-14.2 -14 0.3
-14.2 -14 0.7
-14 -14.2 0.3
-14 -14.2 0.7
-13.4 -15.6 3.1
-15.6 -13.4 3.1
-12.4 -20.6 3.9
-12.2 -22.2 2.5
-24.8 -13.6 2.9
-13.6 -15.2 2.9
-13.6 -15.2 2.9
-15.2 -13.6 2.9
-12 -22.4 0.5
-12 -20 2.9
-14 -14.8 3.1
-12 -22.4 0.3
-12 -22.4 0.7
-12 -21.8 2.1
-14.2 -14 0.1
-14.2 -14 0.9
-14 -14.2 0.1
-14 -14.2 0.9
-13.8 -14.4 0.5
-16 -13.4 3.7
-14.4 -13.8 0.5
-12 -20.2 2.9
-13 -24.4 1.7
-20.8 -12.6 4.3
-12.6 -20.8 4.3
-14.2 -14.2 2.1
-13.8 -14.4 0.3
-13.8 -14.4 0.7
-13.4 -15.2 2.3
-13.4 -15.2 2.3
-15.4 -13.8 3.7
-15.2 -13.4 2.3
-14.4 -13.8 0.3
-14.4 -13.8 0.7
-12.2 -20 3.5
-12.2 -21.8 2.9
-12 -22.2 1.5
-14.4 -14.2 2.7
-14.2 -14.4 2.7
-14.4 -14 2.1
-13.2 -15.2 1.3
-13.2 -15.2 1.3
-15.2 -13.2 1.3
-12 -20.4 2.9
-12 -22.4 0.1
-12 -22.4 0.9
-13.6 -15 2.5
-13.6 -14.8 1.9
-15 -13.6 2.5
-14.8 -13.6 1.9
-14.4 -14.8 3.9
-13.6 -15.4 3.3
-15.4 -13.6 3.3
-12 -22 1.9
-13.8 -14.4 0.1
-13.8 -14.4 0.9
-13.2 -15.4 2.1
-14.4 -13.8 0.1
-14.4 -13.8 0.9
-14.2 -14 1.1
-14 -15 3.5
-14 -14.2 1.1
-12.2 -20.4 3.5
-13.4 -15 1.7
-15 -13.4 1.7
-13.6 -14.6 0.5
-14.6 -13.6 0.5
-12 -22.4 1.1
-15.4 -14 4.1
-14.6 -13.8 2.1
-13.6 -14.6 0.3
-13.6 -14.6 0.7
-14.6 -13.6 0.3
-14.6 -13.6 0.7
-12.8 -22.6 3.9
-13.8 -14.4 1.1
-13 -15.4 0.5
-14.4 -13.8 1.1
-12.2 -22.6 2.1
-24.2 -13.6 3.9
-13.8 -15 3.1
-12.6 -21 4.3
-15 -13.8 3.1
-13 -15.4 0.3
-13 -15.4 0.7
-15.8 -13.4 3.5
-14.2 -14 1.3
-14 -14.2 1.3
-13.6 -14.6 0.1
-13.6 -14.6 0.9
-13.2 -15.2 1.5
-13.2 -15.2 1.5
-15.2 -13.2 1.5
-14.6 -13.6 0.1
-14.6 -13.6 0.9
-12.4 -22.6 2.9
-12 -22.2 1.7
-14.8 -13.8 2.7
-12.6 -22 3.9
-13 -24.4 1.9
-13 -15.4 0.1
-13 -15.4 0.9
-12.4 -21 3.9
-12 -22.4 1.3
-13.8 -14.4 1.3
-13.2 -15.6 2.7
-14.4 -13.8 1.3
-13.6 -14.6 1.1
-14.6 -13.6 1.1
-13.4 -15.4 2.9
-13.4 -15.4 2.9
-15.4 -13.4 2.9
-12.6 -22.6 3.5
-14.2 -14.2 2.3
-13.4 -15 1.9
-13 -15.4 1.1
-12.2 -22.2 2.7
-24.2 -13.8 4.3
-13.6 -14.8 2.1
-14.8 -13.6 2.1
-24.4 -13.6 3.7
-12.8 -22.4 4.1
-12 -22 2.1
-14.4 -14 2.3
-14 -15.2 3.9
-13.4 -15.2 2.5
-13.4 -14.8 0.5
-13.4 -15.2 2.5
-15.2 -13.4 2.5
-14.8 -13.4 0.5
-14.2 -14.6 3.3
-14.2 -14 1.5
-14 -14.2 1.5
-21.2 -12.6 4.3
-12.6 -21.2 4.3
-13.4 -14.8 0.3
-13.4 -14.8 0.7
-13.2 -15.4 2.3
-14.8 -13.4 0.3
-14.8 -13.4 0.7
-13.2 -24.2 3.1
-13.2 -15.2 1.7
-13.2 -15.2 1.7
-15.2 -13.2 1.7
-24.8 -13.6 3.1
-13.6 -15.2 3.1
-13.6 -14.6 1.3
-13.6 -15.2 3.1
-15.6 -13.8 4.1
-15.2 -13.6 3.1
-12.6 -22.4 3.7
-12 -22.4 1.5
-24.4 -13.8 4.1
-13.4 -15.6 3.3
-15.6 -13.4 3.3
-12 -20 3.1
-12 -22.6 0.5
-14.4 -14.2 2.9
-14.2 -14.4 2.9
-13.4 -14.8 0.1
-13.4 -14.8 0.9
-12.4 -21.2 3.9
-14.8 -13.4 0.1
-14.8 -13.4 0.9
-12.4 -22 3.5
-13.6 -15 2.7
-15 -13.6 2.7
-14.2 -15.4 4.5
-13.8 -14.4 1.5
-13 -15.4 1.3
-14.4 -13.8 1.5
-12 -20.2 3.1
-12 -22.6 0.3
-12 -22.6 0.7
-12 -22.2 1.9
-24.6 -14.2 4.5
-14.6 -13.8 2.3
-12.2 -22.6 2.3
-12.2 -21.8 3.1
-14 -14.8 3.3
-12 -20.4 3.1
-13 -24.4 2.1
-12 -22.6 0.1
-12 -22.6 0.9
-13.4 -14.8 1.1
-16.4 -13.4 4.3
-14.8 -13.4 1.1
-12.8 -21.8 4.5
-14.2 -14 1.7
-14 -14.2 1.7
-12.2 -20 3.7
-13.6 -14.6 1.5
-13.6 -15.4 3.5
-13.4 -15 2.1
-16 -13.4 3.9
-12 -22.6 1.1
-13 -15.4 1.5
-15.4 -13.8 3.9
-12 -22.4 1.7
-13.6 -14.8 2.3
-14.8 -13.6 2.3
-14 -15 3.7
-13.2 -15.2 1.9
-13.2 -15.2 1.9
-15.2 -13.2 1.9
-14.8 -13.8 2.9
-13.8 -14.4 1.7
-13.4 -14.8 1.3
-13.2 -15 0.5
-15 -13.2 0.5
-14.8 -13.4 1.3
-14.4 -13.8 1.7
-12.2 -20.4 3.7
-13.8 -15 3.3
-15 -13.8 3.3
-14.2 -14.2 2.5
-13.2 -15 0.3
-13.2 -15 0.7
-15 -13.2 0.3
-15 -13.2 0.7
-12.4 -22.6 3.1
-14.4 -14.8 4.1
-14.4 -14 2.5
-13.2 -15.6 2.9
-20.8 -12.6 4.5
-12.6 -20.8 4.5
-12 -22.6 1.3
-12 -22.2 2.1
-13.2 -15.4 2.5
-13.2 -15 0.1
-13.2 -15 0.9
-15 -13.2 0.1
-15 -13.2 0.9
-13.4 -15.2 2.7
-13.4 -15.2 2.7
-15.2 -13.4 2.7
-12.2 -22.2 2.9
-13.4 -15.4 3.1
-13.4 -15.4 3.1
-15.4 -13.4 3.1
-13.6 -14.6 1.7
-24.2 -13.6 4.1
-14.6 -13.8 2.5
-14.2 -14 1.9
-13 -24.4 2.3
-13.4 -14.8 1.5
-13.2 -15 1.1
-13 -15.4 1.7
-15.4 -14 4.3
-15 -13.2 1.1
-14.8 -13.4 1.5
-12.2 -22.6 2.5
-13.6 -15 2.9
-15 -13.6 2.9
-12.6 -22 4.1
-12 -22.4 1.9
-12.4 -21 4.1
-13.2 -24.2 3.3
-12.6 -21 4.5
-13.8 -14.4 1.9
-14.4 -13.8 1.9
-14.4 -14.2 3.1
-14.2 -14.4 3.1
-14.2 -14.6 3.5
-13.4 -15 2.3
-24.8 -13.6 3.3
-13.6 -15.2 3.3
-13.2 -15.2 2.1
-13.6 -15.2 3.3
-13.2 -15.2 2.1
-15.2 -13.6 3.3
-15.2 -13.2 2.1
-12 -20 3.3
-24.4 -13.6 3.9
-12 -20.2 3.3
-13.2 -15 1.3
-15 -13.2 1.3
-13.4 -15.6 3.5
-15.6 -13.4 3.5
-12.2 -21.8 3.3
-13.6 -14.8 2.5
-14.8 -13.6 2.5
-14 -14 0.5
-12.4 -22 3.7
-14 -14.8 3.5
-12.8 -22.4 4.3
-14 -14 0.3
-14 -14 0.7
-13 -15.2 0.5
-15.2 -13 0.5
-13.4 -14.8 1.7
-14.8 -13.4 1.7
-13.6 -14.6 1.9
-13.8 -14.2 0.5
-13 -15.2 0.3
-13 -15.2 0.7
-15.2 -13 0.3
-15.2 -13 0.7
-14.2 -13.8 0.5
-12 -22.2 2.3
-24.2 -13.8 4.5
-13.8 -14.2 0.3
-13.8 -14.2 0.7
-13 -15.4 1.9
-14.2 -13.8 0.3
-14.2 -13.8 0.7
-14.2 -14.2 2.7
-14 -14 0.1
-14 -14 0.9
-12.4 -21.2 4.1
-14.4 -14 2.7
-14.2 -14 2.1
-21.2 -12.6 4.5
-13 -15.2 0.1
-13 -15.2 0.9
-15.2 -13 0.1
-15.2 -13 0.9
-15.6 -13.8 4.3
-14.8 -13.8 3.1
-24.4 -13.8 4.3
-13.8 -14.2 0.1
-13.8 -14.2 0.9
-13.2 -15.4 2.7
-13.2 -15 1.5
-15 -13.2 1.5
-14.2 -13.8 0.1
-14.2 -13.8 0.9
-12 -22.4 2.1
-13.6 -14.4 0.5
-14.4 -13.6 0.5
-14 -14 1.1
-13.8 -14.4 2.1
-13.6 -14.4 0.3
-13.6 -14.4 0.7
-13.6 -15.4 3.7
-13.2 -15.6 3.1
-14.4 -13.8 2.1
-14.4 -13.6 0.3
-14.4 -13.6 0.7
-12.4 -22.6 3.3
-13 -24.4 2.5
-13.4 -15.2 2.9
-13.4 -15.2 2.9
-15.2 -13.4 2.9
-13 -15.2 1.1
-15.2 -13 1.1
-12.2 -20 3.9
-14.6 -13.8 2.7
-13.8 -15 3.5
-13.8 -14.2 1.1
-15 -13.8 3.5
-14.2 -13.8 1.1
-12.2 -22.6 2.7
-12.2 -22.2 3.1
-13.6 -14.4 0.1
-13.6 -14.4 0.9
-14.4 -13.6 0.1
-14.4 -13.6 0.9
-13.2 -15.2 2.3
-13.2 -15.2 2.3
-15.2 -13.2 2.3
-16.4 -13.4 4.5
-16 -13.4 4.1
-14 -15 3.9
-15.4 -13.8 4.1
-13.4 -15.4 3.3
-13.4 -14.8 1.9
-13.4 -15.4 3.3
-15.4 -13.4 3.3
-14.8 -13.4 1.9
-12.2 -20.4 3.9
-14 -14 1.3
-13.6 -14.6 2.1
-13.6 -14.4 1.1
-13 -15.2 1.3
-15.2 -13 1.3
-14.4 -13.6 1.1
-13.2 -15 1.7
-15 -13.2 1.7
-13.6 -15 3.1
-15 -13.6 3.1
-13.4 -14.6 0.5
-13 -15.4 2.1
-14.6 -13.4 0.5
-14.2 -13.8 1.3
-13.4 -14.6 0.3
-13.4 -14.6 0.7
-14.6 -13.4 0.3
-14.6 -13.4 0.7
-13.6 -14.8 2.7
-14.8 -13.6 2.7
-14.4 -14.8 4.3
-14.4 -14.2 3.3
-14.2 -14.4 3.3
-12 -22.2 2.5
-14.2 -14 2.3
-13.4 -14.6 0.1
-13.4 -14.6 0.9
-14.6 -13.4 0.1
-14.6 -13.4 0.9
-13.2 -24.2 3.5
-13.6 -14.4 1.3
-14.4 -13.6 1.3
-24.8 -13.6 3.5
-12 -22.4 2.3
-14 -14 1.5
-13.6 -15.2 3.5
-13.6 -15.2 3.5
-15.2 -13.6 3.5
-12 -20 3.5
-14.2 -14.6 3.7
-13.8 -14.4 2.3
-13 -15.2 1.5
-15.2 -13 1.5
-14.4 -13.8 2.3
-12 -20.2 3.5
-24.2 -13.6 4.3
-13.4 -14.6 1.1
-14.6 -13.4 1.1
-14.2 -13.8 1.5
-12.2 -21.8 3.5
-14.4 -14 2.9
-13.4 -14.8 2.1
-13.4 -15.6 3.7
-15.6 -13.4 3.7
-15.4 -14 4.5
-14.8 -13.4 2.1
-13.2 -15.4 2.9
-12.6 -22 4.3
-13 -24.4 2.7
-13.2 -15 1.9
-12.4 -21 4.3
-15 -13.2 1.9
-24.4 -13.6 4.1
-14 -14.8 3.7
-13.2 -15.2 2.5
-13.2 -14.8 0.5
-13.2 -15.2 2.5
-15.2 -13.2 2.5
-14.8 -13.2 0.5
-14.8 -13.8 3.3
-13.6 -14.4 1.5
-13.2 -14.8 0.3
-13.2 -14.8 0.7
-14.8 -13.2 0.3
-14.8 -13.2 0.7
-14.4 -13.6 1.5
-12.4 -22 3.9
-13.6 -14.6 2.3
-14.6 -13.8 2.9
-13.4 -14.6 1.3
-14.6 -13.4 1.3
-13.4 -15.2 3.1
-13.4 -15.2 3.1
-15.2 -13.4 3.1
-12.2 -22.6 2.9
-13 -15.4 2.3
-13.2 -15.6 3.3
-13.2 -14.8 0.1
-13.2 -14.8 0.9
-14.8 -13.2 0.1
-14.8 -13.2 0.9
-13 -15.2 1.7
-15.2 -13 1.7
-14.2 -13.8 1.7
-12.4 -22.6 3.5
-12.2 -22.2 3.3
-12.8 -22.4 4.5
-14.2 -14 2.5
-13.2 -14.8 1.1
-14.8 -13.2 1.1
-12.4 -21.2 4.3
-13.8 -15 3.7
-13.6 -15.4 3.9
-15 -13.8 3.7
-12 -22.2 2.7
-13.4 -14.6 1.5
-14.6 -13.4 1.5
-13.4 -15.4 3.5
-13.4 -15.4 3.5
-15.4 -13.4 3.5
-13.6 -14.8 2.9
-14.8 -13.6 2.9
-12 -22.4 2.5
-13.6 -14.4 1.7
-14.4 -13.6 1.7
-13.6 -15 3.3
-15 -13.6 3.3
-15.6 -13.8 4.5
-24.4 -13.8 4.5
-13.8 -14.4 2.5
-13.2 -15 2.1
-15 -13.2 2.1
-14.4 -13.8 2.5
-12.2 -20 4.1
-13.4 -14.8 2.3
-14.8 -13.4 2.3
-13.2 -14.8 1.3
-14.8 -13.2 1.3
-14 -15 4.1
-12.2 -20.4 4.1
-13 -15.2 1.9
-13 -15 0.5
-15.2 -13 1.9
-15 -13 0.5
-14.4 -14.2 3.5
-14.2 -14.4 3.5
-13 -15 0.3
-13 -15 0.7
-15.4 -13.8 4.3
-15 -13 0.3
-15 -13 0.7
-14.2 -13.8 1.9
-13.6 -14.6 2.5
-13.2 -15.2 2.7
-13.2 -15.2 2.7
-15.2 -13.2 2.7
-14.4 -14 3.1
-13 -24.4 2.9
-13.2 -24.2 3.7
-13.4 -14.6 1.7
-13 -15.4 2.5
-13 -15 0.1
-13 -15 0.9
-15 -13 0.1
-15 -13 0.9
-14.6 -13.4 1.7
-13.2 -15.4 3.1
-24.8 -13.6 3.7
-13.6 -15.2 3.7
-13.6 -15.2 3.7
-15.2 -13.6 3.7
-12 -20 3.7
-13.6 -14.4 1.9
-13.2 -14.8 1.5
-14.8 -13.2 1.5
-14.4 -13.6 1.9
-12 -20.2 3.7
-12.2 -21.8 3.7
-14.6 -13.8 3.1
-14.2 -14.6 3.9
-13 -15 1.1
-15 -13 1.1
-12.2 -22.6 3.1
-14.4 -14.8 4.5
-13.8 -14 0.5
-13.4 -15.2 3.3
-13.4 -15.2 3.3
-15.2 -13.4 3.3
-14 -13.8 0.5
-14.2 -14 2.7
-14.8 -13.8 3.5
-13.8 -14 0.3
-13.8 -14 0.7
-13.2 -15 2.3
-13.4 -15.6 3.9
-15.6 -13.4 3.9
-15 -13.2 2.3
-14 -13.8 0.3
-14 -13.8 0.7
-12 -22.4 2.7
-14 -14.8 3.9
-13.6 -14.2 0.5
-13 -15.2 2.1
-13.2 -15.6 3.5
-15.2 -13 2.1
-14.2 -13.6 0.5
-13.8 -14 0.1
-13.8 -14 0.9
-14.8 -13.4 2.5
-14 -13.8 0.1
-14 -13.8 0.9
-12 -22.2 2.9
-24.2 -13.6 4.5
-13.6 -14.2 0.3
-13.6 -14.2 0.7
-13 -15 1.3
-15 -13 1.3
-14.4 -13.8 2.7
-14.2 -13.8 2.1
-14.2 -13.6 0.3
-14.2 -13.6 0.7
-13.4 -14.6 1.9
-14.6 -13.4 1.9
-12.2 -22.2 3.5
-13.2 -14.8 1.7
-14.8 -13.2 1.7
-12.4 -22 4.1
-13.6 -14.8 3.1
-14.8 -13.6 3.1
-12.6 -22 4.5
-24.4 -13.6 4.3
-13.6 -14.2 0.1
-13.6 -14.2 0.9
-14.2 -13.6 0.1
-14.2 -13.6 0.9
-12.4 -22.6 3.7
-12.4 -21 4.5
-13.8 -14 1.1
-14 -13.8 1.1
-13.6 -14.4 2.1
-15.2 -12.8 0.5
-15.2 -12.8 0.5
-14.4 -13.6 2.1
-15.2 -12.8 0.3
-15.2 -12.8 0.7
-15.2 -12.8 0.3
-15.2 -12.8 0.7
-13.4 -14.4 0.5
-14.4 -13.4 0.5
-13.6 -15 3.5
-13.6 -14.6 2.7
-15 -13.6 3.5
-13.6 -14.2 1.1
-14.2 -13.6 1.1
-13.4 -15.4 3.7
-13.4 -15.4 3.7
-15.4 -13.4 3.7
-13.4 -14.4 0.3
-13.4 -14.4 0.7
-14.4 -13.4 0.3
-14.4 -13.4 0.7
-13.8 -15 3.9
-13 -15.4 2.7
-13 -15 1.5
-15 -13.8 3.9
-15 -13 1.5
-13.2 -15.2 2.9
-13.2 -15.2 2.9
-15.2 -12.8 0.1
-15.2 -12.8 0.9
-15.2 -13.2 2.9
-15.2 -12.8 0.1
-15.2 -12.8 0.9
-13.8 -14 1.3
-13.6 -15.4 4.1
-14 -13.8 1.3
-13.4 -14.4 0.1
-13.4 -14.4 0.9
-14.4 -13.4 0.1
-14.4 -13.4 0.9
-13 -24.4 3.1
-14.4 -14 3.3
-13.6 -14.2 1.3
-13.2 -14.8 1.9
-15.2 -12.8 1.1
-15.2 -12.8 1.1
-14.8 -13.2 1.9
-14.2 -14.4 3.7
-13.2 -15.4 3.3
-13.2 -15 2.5
-15 -13.2 2.5
-13.4 -14.6 2.1
-13 -15.2 2.3
-15.2 -13 2.3
-14.6 -13.4 2.1
-12.2 -20 4.3
-13.4 -14.4 1.1
-14.4 -13.4 1.1
-14.2 -13.8 2.3
-13.2 -14.6 0.5
-14.6 -13.2 0.5
-14.2 -14 2.9
-14.6 -13.8 3.3
-13.2 -14.6 0.3
-13.2 -14.6 0.7
-14.6 -13.2 0.3
-14.6 -13.2 0.7
-14 -15 4.3
-13.8 -14 1.5
-15 -13 1.7
-14.8 -13.4 2.7
-14 -13.8 1.5
-12.2 -20.4 4.3
-12.2 -22.6 3.3
-13.2 -24.2 3.9
-15.2 -12.8 1.3
-12 -22.4 2.9
-24.8 -13.6 3.9
-13.6 -15.2 3.9
-13.6 -14.4 2.3
-13.2 -14.6 0.1
-13.2 -14.6 0.9
-13.6 -15.2 3.9
-15.2 -13.6 3.9
-14.6 -13.2 0.1
-14.6 -13.2 0.9
-14.4 -13.6 2.3
-12 -20 3.9
-14.4 -13.8 2.9
-13.4 -14.4 1.3
-14.4 -13.4 1.3
-13.6 -14.2 1.5
-12 -20.2 3.9
-13.4 -15.2 3.5
-15.4 -13.8 4.5
-15.2 -13.4 3.5
-12 -22.2 3.1
-12.2 -21.8 3.9
-14.8 -13.8 3.7
-14.2 -14.6 4.1
-13.2 -14.6 1.1
-14.6 -13.2 1.1
-13.6 -14.8 3.3
-14.8 -13.6 3.3
-13.2 -14.8 2.1
-13.2 -15.6 3.7
-14.8 -13.2 2.1
-13.6 -14.6 2.9
-13.8 -14 1.7
-13.4 -15.6 4.1
-15.6 -13.4 4.1
-14 -13.8 1.7
-13 -15.4 2.9
-12.2 -22.2 3.7
-13.4 -14.4 1.5
-14.4 -13.4 1.5
-15 -13 1.9
-14.6 -13.4 2.3
-14 -14.8 4.1
-13.2 -14.6 1.3
-13 -14.8 0.5
-14.8 -13 0.5
-14.6 -13.2 1.3
-13.6 -14.2 1.7
-13.2 -15.2 3.1
-13 -15.2 2.5
-13.2 -15.2 3.1
-15.2 -13.2 3.1
-15.2 -13 2.5
-13 -14.8 0.3
-13 -14.8 0.7
-14.8 -13 0.3
-14.8 -13 0.7
-13.2 -15 2.7
-14.2 -13.8 2.5
-12.4 -22.6 3.9
-13.6 -15 3.7
-15 -13.6 3.7
-13 -14.8 0.1
-13 -14.8 0.9
-14.8 -13 0.1
-14.8 -13 0.9
-13 -24.4 3.3
-12.4 -22 4.3
-13.4 -15.4 3.9
-13.4 -15.4 3.9
-15.4 -13.4 3.9
-24.4 -13.6 4.5
-13.6 -14.4 2.5
-14.4 -13.6 2.5
-14.8 -13.4 2.9
-13.4 -14.4 1.7
-14.4 -13.4 1.7
-13.8 -15 4.1
-13.2 -14.6 1.5
-13 -14.8 1.1
-15 -13.8 4.1
-14.8 -13 1.1
-14.6 -13.2 1.5
-14.2 -14 3.1
-13.8 -14 1.9
-14 -13.8 1.9
-13.2 -15.4 3.5
-14.8 -13.2 2.3
-12 -22.4 3.1
-13.6 -14.2 1.9
-13.6 -15.4 4.3
-15 -13 2.1
-14.2 -14.4 3.9
-14.4 -13.8 3.1
-14.6 -13.8 3.5
-12.2 -22.6 3.5
-13 -14.8 1.3
-14.8 -13 1.3
-12 -22.2 3.3
-14.6 -13.4 2.5
-13.2 -14.6 1.7
-15 -12.8 0.5
-15 -12.8 0.5
-14.6 -13.2 1.7
-12.2 -20 4.5
-13.2 -24.2 4.1
-13.6 -14.6 3.1
-15 -12.8 0.3
-15 -12.8 0.7
-15 -12.8 0.3
-15 -12.8 0.7
-13 -15.2 2.7
-15.2 -13 2.7
-13.4 -14.4 1.9
-14.4 -13.4 1.9
-14.2 -13.8 2.7
-13 -15.4 3.1
-13.6 -15.2 4.1
-13.6 -14 0.5
-15.2 -13.6 4.1
-14 -13.6 0.5
-24.8 -13.6 4.1
-12 -20 4.1
-13.6 -14.8 3.5
-13.6 -14 0.3
-13.6 -14 0.7
-14.8 -13.6 3.5
-14 -13.6 0.3
-14 -13.6 0.7
-14 -15 4.5
-13.8 -14 2.1
-15 -12.8 0.1
-15 -12.8 0.9
-15 -12.8 0.1
-15 -12.8 0.9
-14 -13.8 2.1
-12 -20.2 4.1
-13.2 -15 2.9
-13 -14.8 1.5
-14.8 -13.8 3.9
-14.8 -13 1.5
-12.2 -21.8 4.1
-13.6 -14 0.1
-13.6 -14 0.9
-13.2 -15.2 3.3
-13.2 -15.2 3.3
-15.2 -13.2 3.3
-14 -13.6 0.1
-14 -13.6 0.9
-13.6 -14.2 2.1
-13.2 -15.6 3.9
-13.6 -14.4 2.7
-14.4 -13.6 2.7
-15 -12.8 1.1
-15 -12.8 1.1
-13.4 -14.2 0.5
-14.2 -13.4 0.5
-15 -13 2.3
-12.2 -22.2 3.9
-13.4 -14.2 0.3
-13.4 -14.2 0.7
-14.2 -13.4 0.3
-14.2 -13.4 0.7
-14.8 -13.2 2.5
-13.6 -14 1.1
-14 -13.6 1.1
-13.2 -14.6 1.9
-14.6 -13.2 1.9
-13.4 -15.6 4.3
-15.6 -13.4 4.3
-13 -24.4 3.5
-14.8 -13.4 3.1
-13.4 -14.2 0.1
-13.4 -14.2 0.9
-14.2 -13.4 0.1
-14.2 -13.4 0.9
-14.2 -14 3.3
-14 -14.8 4.3
-13 -14.8 1.7
-15 -12.8 1.3
-15 -12.8 1.3
-14.8 -13 1.7
-12.4 -22.6 4.1
-13.4 -14.4 2.1
-14.4 -13.4 2.1
-13.6 -15 3.9
-14.6 -13.4 2.7
-13.4 -14.2 1.1
-14.2 -13.4 1.1
-13.6 -14 1.3
-14 -13.6 1.3
-12 -22.4 3.3
-13.2 -14.4 0.5
-14.4 -13.2 0.5
-14.4 -13.8 3.3
-13.2 -15.4 3.7
-13.2 -14.4 0.3
-13.2 -14.4 0.7
-14.4 -13.2 0.3
-14.4 -13.2 0.7
-13.8 -14 2.3
-13.4 -15.4 4.1
-13.4 -15.4 4.1
-15.4 -13.4 4.1
-13.2 -14.4 0.1
-13.2 -14.4 0.9
-14.4 -13.2 0.1
-14.4 -13.2 0.9
-12.4 -22 4.5
-15.2 -12.6 0.5
-15.2 -12.6 0.5
-13 -15.2 2.9
-15.2 -13 2.9
-13.6 -14.2 2.3
-15.2 -12.6 0.3
-15.2 -12.6 0.7
-15 -12.8 1.5
-15.2 -12.6 0.3
-15.2 -12.6 0.7
-15 -12.8 1.5
-14.2 -13.8 2.9
-12.2 -22.6 3.7
-12 -22.2 3.5
-13.4 -14.2 1.3
-14.2 -13.4 1.3
-13.8 -15 4.3
-15 -13.8 4.3
-13.6 -14.6 3.3
-13.6 -14 1.5
-13.2 -14.6 2.1
-14.6 -13.2 2.1
-14 -13.6 1.5
-15.2 -12.6 0.1
-15.2 -12.6 0.9
-15.2 -12.6 0.1
-15.2 -12.6 0.9
-14.2 -14.4 4.1
-13.2 -14.4 1.1
-14.4 -13.2 1.1
-13 -14.8 1.9
-14.8 -13 1.9
-13 -15.4 3.3
-15 -13 2.5
-13.2 -15 3.1
-13.6 -14.4 2.9
-14.4 -13.6 2.9
-13.6 -15.4 4.5
-13 -14.6 0.5
-15.2 -12.6 1.1
-15.2 -12.6 1.1
-14.6 -13 0.5
-13.4 -14.4 2.3
-14.4 -13.4 2.3
-13 -14.6 0.3
-13 -14.6 0.7
-14.6 -13 0.3
-14.6 -13 0.7
-13.4 -14.2 1.5
-14.2 -13.4 1.5
-13.6 -14.8 3.7
-14.8 -13.6 3.7
-13.2 -14.4 1.3
-14.4 -13.2 1.3
-13.2 -15.2 3.5
-13.2 -15.2 3.5
-15 -12.8 1.7
-15.2 -13.2 3.5
-15 -12.8 1.7
-13 -14.6 0.1
-13 -14.6 0.9
-14.6 -13 0.1
-14.6 -13 0.9
-13.6 -14 1.7
-14 -13.6 1.7
-24.8 -13.6 4.3
-13.6 -15.2 4.3
-15.2 -12.6 1.3
-15.2 -13.6 4.3
-15.2 -12.6 1.3
-14.8 -13.8 4.1
-13.8 -14 2.5
-14.8 -13.4 3.3
-12 -20 4.3
-14.6 -13.4 2.9
-12 -20.2 4.3
-13 -14.6 1.1
-14.6 -13 1.1
-12.2 -21.8 4.3
-13.2 -15.6 4.1
-13 -14.8 2.1
-14.8 -13 2.1
-13.6 -14.2 2.5
-13 -24.4 3.7
-13.2 -14.4 1.5
-14.4 -13.2 1.5
-13.2 -14.6 2.3
-14.6 -13.2 2.3
-14.2 -14 3.5
-12.2 -22.2 4.1
-13.4 -14.2 1.7
-14.2 -13.4 1.7
-12 -22.4 3.5
-13 -14.6 1.3
-15.2 -12.6 1.5
-15 -12.8 1.9
-15.2 -12.6 1.5
-14.6 -13 1.3
-13 -15.2 3.1
-15.2 -13 3.1
-14.4 -13.8 3.5
-15 -13 2.7
-14.2 -13.8 3.1
-14.8 -12.8 0.5
-13.6 -15 4.1
-13.6 -14 1.9
-14.8 -12.8 0.3
-14.8 -12.8 0.7
-14 -13.6 1.9
-13.4 -15.6 4.5
-13.4 -14.4 2.5
-14.4 -13.4 2.5
-13.2 -15.4 3.9
-12.4 -22.6 4.3
-14 -14.8 4.5
-14.8 -12.8 0.1
-14.8 -12.8 0.9
-13.2 -14.4 1.7
-14.4 -13.2 1.7
-13.6 -14.4 3.1
-13.2 -15 3.3
-14.4 -13.6 3.1
-12 -22.2 3.7
-13.6 -14.6 3.5
-13 -14.6 1.5
-14.6 -13 1.5
-13 -15.4 3.5
-12.2 -22.6 3.9
-13.4 -15.4 4.3
-13.4 -14.2 1.9
-13.4 -15.4 4.3
-15.4 -13.4 4.3
-14.2 -13.4 1.9
-14.8 -12.8 1.1
-15.2 -12.6 1.7
-15.2 -12.6 1.7
-13 -14.8 2.3
-14.8 -13 2.3
-13.8 -14 2.7
-13.2 -14.6 2.5
-15 -12.8 2.1
-14.6 -13.2 2.5
-13.8 -15 4.5
-13.6 -14.2 2.7
-15 -13.8 4.5
-14.2 -14.4 4.3
-14.6 -13.4 3.1
-14.8 -12.8 1.3
-14 -13.6 2.1
-13.2 -15.2 3.7
-13.2 -15.2 3.7
-13.6 -14.8 3.9
-14.8 -13.6 3.9
-13.4 -14 0.5
-13.2 -14.4 1.9
-14.4 -13.2 1.9
-14 -13.4 0.5
-13 -14.6 1.7
-14.6 -13 1.7
-13.4 -14 0.3
-13.4 -14 0.7
-14.8 -13.4 3.5
-14 -13.4 0.3
-14 -13.4 0.7
-13.4 -14 0.1
-13.4 -14 0.9
-14 -13.4 0.1
-14 -13.4 0.9
-15.2 -12.6 1.9
-15 -12.6 0.5
-15.2 -12.6 1.9
-15 -12.6 0.5
-15 -13 2.9
-13.4 -14.4 2.7
-13.4 -14.2 2.1
-14.4 -13.4 2.7
-14.2 -13.4 2.1
-15 -12.6 0.3
-15 -12.6 0.7
-15 -12.6 0.3
-15 -12.6 0.7
-14.8 -12.8 1.5
-14.2 -14 3.7
-13 -15.2 3.3
-15.2 -13 3.3
-13.2 -14.2 0.5
-14.2 -13.2 0.5
-15 -12.6 0.1
-15 -12.6 0.9
-15 -12.6 0.1
-15 -12.6 0.9
-14.8 -13.8 4.3
-14.2 -13.8 3.3
-13 -24.4 3.9
-13.4 -14 1.1
-13.2 -14.2 0.3
-13.2 -14.2 0.7
-14.2 -13.2 0.3
-14.2 -13.2 0.7
-14 -13.4 1.1
-24.8 -13.6 4.5
-12 -22.4 3.7
-13.6 -15.2 4.5
-15.2 -13.6 4.5
-12 -20 4.5
-13 -14.8 2.5
-14.8 -13 2.5
-13.2 -15.6 4.3
-14.4 -13.8 3.7
-12 -20.2 4.5
-13.2 -14.2 0.1
-13.2 -14.2 0.9
-14.2 -13.2 0.1
-14.2 -13.2 0.9
-15 -12.8 2.3
-12.2 -21.8 4.5
-13 -14.6 1.9
-15 -12.6 1.1
-15 -12.6 1.1
-14.6 -13 1.9
-12.2 -22.2 4.3
-13.6 -14.4 3.3
-14.4 -13.6 3.3
-13.2 -14.4 2.1
-14.4 -13.2 2.1
-14 -13.6 2.3
-13.8 -14 2.9
-13.4 -14 1.3
-13.2 -14.6 2.7
-14.6 -13.2 2.7
-13.2 -15 3.5
-13.2 -14.2 1.1
-14.2 -13.2 1.1
-14.8 -12.8 1.7
-13.6 -14.6 3.7
-15.2 -12.6 2.1
-15.2 -12.6 2.1
-13.6 -14.2 2.9
-13 -14.4 0.5
-14.4 -13 0.5
-13.2 -15.4 4.1
-13.6 -15 4.3
-15 -12.6 1.3
-15 -12.6 1.3
-13 -14.4 0.3
-13 -14.4 0.7
-14.4 -13 0.3
-14.4 -13 0.7
-12 -22.2 3.9
-13.4 -14.2 2.3
-14.2 -13.4 2.3
-13 -14.4 0.1
-13 -14.4 0.9
-14.4 -13 0.1
-14.4 -13 0.9
-14.2 -13.2 1.3
-12.4 -22.6 4.5
-14.6 -13.4 3.3
-13.4 -14 1.5
-12.2 -22.6 4.1
-13.4 -14.4 2.9
-14.4 -13.4 2.9
-13 -14.6 2.1
-14.6 -13 2.1
-13 -14.4 1.1
-14.4 -13 1.1
-13.4 -15.4 4.5
-13.4 -15.4 4.5
-15.4 -13.4 4.5
-15 -12.6 1.5
-15 -12.6 1.5
-15 -13 3.1
-13.2 -15.2 3.9
-13.2 -15.2 3.9
-15 -12.8 2.5
-13.2 -14.4 2.3
-14.8 -13.4 3.7
-14.4 -13.2 2.3
-13 -14.8 2.7
-14.8 -13 2.7
-14.2 -13.2 1.5
-13.6 -14.8 4.1
-14 -13.6 2.5
-14.6 -12.8 0.5
-13 -14.4 1.3
-14.4 -13 1.3
-14.2 -14.4 4.5
-13.4 -14 1.7
-15.2 -12.6 2.3
-15.2 -12.6 2.3
-14.6 -12.8 0.3
-14.6 -12.8 0.7
-13 -15.2 3.5
-15.2 -13 3.5
-14.2 -13.8 3.5
-13.2 -14.6 2.9
-14.6 -13.2 2.9
-14.6 -12.8 0.1
-14.6 -12.8 0.9
-14.2 -14 3.9
-15 -12.6 1.7
-15 -12.6 1.7
-13.8 -14 3.1
-13.4 -14.2 2.5
-14.2 -13.4 2.5
-12 -22.4 3.9
-13.6 -14.4 3.5
-14.4 -13.6 3.5
-13 -24.4 4.1
-14.2 -13.2 1.7
-14.6 -12.8 1.1
-13.6 -14.2 3.1
-13 -14.4 1.5
-14.4 -13.8 3.9
-13 -14.6 2.3
-14.6 -13 2.3
-14.8 -13.8 4.5
-13.2 -15 3.7
-13.4 -14 1.9
-13.2 -15.6 4.5
-13.2 -14.4 2.5
-14.4 -13.2 2.5
-14.6 -12.8 1.3
-13.6 -14.6 3.9
-12.2 -22.2 4.5
-13.4 -14.4 3.1
-14.4 -13.4 3.1
-15 -12.6 1.9
-15 -12.6 1.9
-14.6 -13.4 3.5
-14.8 -12.6 0.5
-14 -13.6 2.7
-13 -14.8 2.9
-15.2 -12.6 2.5
-15.2 -12.6 2.5
-14.8 -13 2.9
-13 -14.4 1.7
-12 -22.2 4.1
-14.8 -12.6 0.3
-14.8 -12.6 0.7
-15 -13 3.3
-14.2 -13.2 1.9
-13.2 -15.4 4.3
-13.6 -15 4.5
-14.8 -12.6 0.1
-14.8 -12.6 0.9
-14.6 -12.8 1.5
-13.4 -14.2 2.7
-14.2 -13.4 2.7
-12.2 -22.6 4.3
-13.4 -14 2.1
-14.8 -12.6 1.1
-13 -14.6 2.5
-14.6 -13.2 3.1
-14.6 -13 2.5
-14.8 -13.4 3.9
-13.2 -15.2 4.1
-13.2 -15.2 4.1
-13.2 -14 0.5
-14 -13.2 0.5
-13.8 -14 3.3
-13 -15.2 3.7
-15.2 -13 3.7
-13.2 -14 0.3
-13.2 -14 0.7
-14 -13.2 0.3
-14 -13.2 0.7
-15 -12.6 2.1
-15 -12.6 2.1
-13 -14.4 1.9
-14.2 -13.8 3.7
-13.2 -14 0.1
-13.2 -14 0.9
-14 -13.2 0.1
-14 -13.2 0.9
-14.8 -12.6 1.3
-13.6 -14.2 3.3
-14.6 -12.8 1.7
-13.2 -14.4 2.7
-14.4 -13.2 2.7
-14.2 -13.2 2.1
-13.6 -14.4 3.7
-14.4 -13.6 3.7
-14.2 -14 4.1
-13.2 -14 1.1
-14 -13.2 1.1
-13 -14.2 0.5
-15.2 -12.6 2.7
-15.2 -12.6 2.7
-14.2 -13 0.5
-13 -14.2 0.3
-13 -14.2 0.7
-14.2 -13 0.3
-14.2 -13 0.7
-14 -13.6 2.9
-12 -22.4 4.1
-14.4 -13.8 4.1
-14.4 -13.4 3.3
-13 -14.8 3.1
-14.8 -13 3.1
-13.4 -14 2.3
-13.2 -15 3.9
-13 -14.2 0.1
-13 -14.2 0.9
-14.2 -13 0.1
-14.2 -13 0.9
-13 -24.4 4.3
-14 -13.2 1.3
-13 -14.4 2.1
-14.6 -12.8 1.9
-14.6 -13.4 3.7
-13.4 -14.2 2.9
-15 -12.6 2.3
-15 -12.6 2.3
-13 -14.6 2.7
-13 -14.2 1.1
-15 -13 3.5
-14.6 -13 2.7
-14.2 -13 1.1
-13.6 -14.6 4.1
-14.2 -13.2 2.3
-14.4 -12.8 0.5
-14.6 -13.2 3.3
-14.4 -12.8 0.3
-14.4 -12.8 0.7
-14 -13.2 1.5
-13 -14.2 1.3
-14.2 -13 1.3
-12 -22.2 4.3
-14.4 -12.8 0.1
-14.4 -12.8 0.9
-13.2 -14.4 2.9
-14.4 -13.2 2.9
-13.2 -15.4 4.5
-13.8 -14 3.5
-15.2 -12.6 2.9
-15.2 -12.6 2.9
-14.4 -12.8 1.1
-13.4 -14 2.5
-14.8 -13.4 4.1
-13.6 -14.2 3.5
-13 -15.2 3.9
-13 -14.4 2.3
-12.2 -22.6 4.5
-13 -14.2 1.5
-14.2 -13.8 3.9
-14.2 -13 1.5
-14 -13.2 1.7
-14 -13.6 3.1
-13.2 -15.2 4.3
-13.2 -15.2 4.3
-15 -12.6 2.5
-13 -14.8 3.3
-14.8 -13 3.3
-13.6 -14.4 3.9
-14.4 -13.6 3.9
-14.2 -13.2 2.5
-14.6 -12.6 0.5
-13 -14.6 2.9
-14.6 -13 2.9
-14.4 -13.4 3.5
-14.6 -12.6 0.3
-14.6 -12.6 0.7
-13.4 -14.2 3.1
-14.6 -12.6 0.1
-14.6 -12.6 0.9
-14.2 -14 4.3
-13 -14.2 1.7
-14.2 -13 1.7
-13.2 -15 4.1
-14 -13.2 1.9
-15 -13 3.7
-14.4 -13.8 4.3
-14.6 -12.6 1.1
-13 -14.4 2.5
-13 -24.4 4.5
-13.2 -14.4 3.1
-14.4 -13.2 3.1
-14.6 -13.2 3.5
-13.4 -14 2.7
-14.6 -12.6 1.3
-13.6 -14.6 4.3
-15.2 -12.6 3.1
-15.2 -12.6 3.1
-15 -12.6 2.7
-13 -14.2 1.9
-14.2 -13 1.9
-13.8 -14 3.7
-14.2 -13.2 2.7
-14 -13.6 3.3
-14 -13.2 2.1
-13.6 -14.2 3.7
-12 -22.2 4.5
-14.6 -12.6 1.5
-13 -14.6 3.1
-14.6 -13 3.1
-13 -15.2 4.1
-13 -14 0.5
-14 -13 0.5
-13 -14.8 3.5
-13 -14 0.3
-13 -14 0.7
-14.2 -13.8 4.1
-14 -13 0.3
-14 -13 0.7
-13.4 -14.2 3.3
-14.8 -13.4 4.3
-13 -14 0.1
-13 -14 0.9
-14 -13 0.1
-14 -13 0.9
-14.4 -13.4 3.7
-13 -14.4 2.7
-13 -14.2 2.1
-14.2 -13 2.1
-13.2 -15.2 4.5
-13.2 -15.2 4.5
-14.4 -13.6 4.1
-13.4 -14 2.9
-14.6 -12.6 1.7
-13 -14 1.1
-14 -13 1.1
-13.2 -14.4 3.3
-14.4 -13.2 3.3
-14.2 -12.8 0.5
-14 -13.2 2.3
-15 -12.6 2.9
-14.2 -12.8 0.3
-14.2 -12.8 0.7
-15 -13 3.9
-15.2 -12.6 3.3
-15.2 -12.6 3.3
-14.6 -13.2 3.7
-14.2 -14 4.5
-13 -14 1.3
-14.2 -12.8 0.1
-14.2 -12.8 0.9
-14 -13 1.3
-14.2 -13.2 2.9
-13.2 -15 4.3
-14.2 -12.8 1.1
-14.6 -12.6 1.9
-13 -14.2 2.3
-14.2 -13 2.3
-14 -13.6 3.5
-13 -14.6 3.3
-14.6 -13 3.3
-13.8 -14 3.9
-13 -14 1.5
-14 -13 1.5
-13.6 -14.6 4.5
-14.4 -12.6 0.5
-14.2 -12.8 1.3
-13 -14.4 2.9
-13.6 -14.2 3.9
-14.4 -12.6 0.3
-14.4 -12.6 0.7
-13.4 -14.2 3.5
-14 -13.2 2.5
-13 -14.8 3.7
-14.4 -12.6 0.1
-14.4 -12.6 0.9
-13.4 -14 3.1
-13 -14 1.7
-14 -13 1.7
-14.6 -12.6 2.1
-14.4 -12.6 1.1
-14.2 -12.8 1.5
-13 -15.2 4.3
-14.4 -13.4 3.9
-15 -12.6 3.1
-14.2 -13.8 4.3
-14.8 -13.4 4.5
-14.4 -13.2 3.5
-13 -14.2 2.5
-14.2 -13 2.5
-14.2 -13.2 3.1
-14.4 -12.6 1.3
-15.2 -12.6 3.5
-15.2 -12.6 3.5
-14.2 -12.8 1.7
-14.6 -13.2 3.9
-13 -14 1.9
-15 -13 4.1
-14 -13 1.9
-14 -13.2 2.7
-14.4 -12.6 1.5
-13 -14.4 3.1
-14.6 -12.6 2.3
-13 -14.6 3.5
-14.6 -13 3.5
-13.2 -15 4.5
-13.8 -14 4.1
-13.4 -14 3.3
-14.2 -12.8 1.9
-13.4 -14.2 3.7
-13 -14.2 2.7
-14.2 -13 2.7
-13.6 -14.2 4.1
-13 -14 2.1
-14.4 -12.6 1.7
-14 -13 2.1
-13 -14.8 3.9
-15 -12.6 3.3
-14.2 -13.2 3.3
-14 -12.8 0.5
-14.4 -13.2 3.7
-14 -12.8 0.3
-14 -12.8 0.7
-14.4 -13.4 4.1
-14 -12.8 0.1
-14 -12.8 0.9
-14 -13.2 2.9
-15.2 -12.6 3.7
-13 -15.2 4.5
-14.4 -12.6 1.9
-14.2 -13.8 4.5
-13 -14.4 3.3
-14 -12.8 1.1
-13 -14 2.3
-14 -13 2.3
-13 -14.6 3.7
-14.6 -13 3.7
-14.2 -12.6 0.5
-13 -14.2 2.9
-14.2 -13 2.9
-14.2 -12.6 0.3
-14.2 -12.6 0.7
-15 -13 4.3
-14.2 -12.6 0.1
-14.2 -12.6 0.9
-13.4 -14 3.5
-14.4 -12.6 2.1
-15 -12.6 3.5
-14.2 -12.6 1.1
-13.4 -14.2 3.9
-13.8 -14 4.3
-14.2 -13.2 3.5
-13 -14.8 4.1
-13 -14 2.5
-14 -13 2.5
-14 -13.2 3.1
-14.2 -12.6 1.3
-13.6 -14.2 4.3
-14.4 -13.2 3.9
-15.2 -12.6 3.9
-14.4 -12.6 2.3
-13 -14.4 3.5
-14.4 -13.4 4.3
-14.2 -12.6 1.5
-13 -14.2 3.1
-14.2 -13 3.1
-13 -14.6 3.9
-14.6 -13 3.9
-13.4 -14 3.7
-13 -14 2.7
-14.2 -12.6 1.7
-14 -13 2.7
-15 -12.6 3.7
-14 -13.2 3.3
-14.4 -12.6 2.5
-14.2 -13.2 3.7
-13.4 -14.2 4.1
-14.2 -12.6 1.9
-13.8 -14 4.5
-13 -14.8 4.3
-13 -14.2 3.3
-14.2 -13 3.3
-14.4 -13.2 4.1
-13.6 -14.2 4.5
-13 -14.4 3.7
-15.2 -12.6 4.1
-14 -12.6 0.5
-13 -14 2.9
-14 -13 2.9
-14 -12.6 0.3
-14 -12.6 0.7
-14 -12.6 0.1
-14 -12.6 0.9
-14.4 -13.4 4.5
-14.4 -12.6 2.7
-14.2 -12.6 2.1
-14.6 -13 4.1
-14 -12.6 1.1
-13.4 -14 3.9
-14 -13.2 3.5
-15 -12.6 3.9
-14 -12.6 1.3
-14.2 -13.2 3.9
-14.2 -12.6 2.3
-13 -14.2 3.5
-14.2 -13 3.5
-13.4 -14.2 4.3
-14 -12.6 1.5
-14 -13 3.1
-14.4 -12.6 2.9
-13 -14.4 3.9
-13 -14.8 4.5
-14.4 -13.2 4.3
-14 -12.6 1.7
-15.2 -12.6 4.3
-14.2 -12.6 2.5
-14 -13.2 3.7
-13.4 -14 4.1
-14.6 -13 4.3
-15 -12.6 4.1
-14 -12.6 1.9
-14 -13 3.3
-14.2 -13.2 4.1
-14.4 -12.6 3.1
-14.2 -13 3.7
-13.4 -14.2 4.5
-14.2 -12.6 2.7
-14.4 -13.2 4.5
-15.2 -12.6 4.5
-14 -13.2 3.9
-14.4 -12.6 3.3
-14 -13 3.5
-14.6 -13 4.5
-14.2 -12.6 2.9
-15 -12.6 4.3
-14.2 -13 3.9
-14.2 -13.2 4.3
-14.4 -12.6 3.5
-14.2 -12.6 3.1
-14 -13.2 4.1
-14 -13 3.7
-14.2 -13 4.1
-15 -12.6 4.5
-14.2 -13.2 4.5
-14.2 -12.6 3.3
-14.4 -12.6 3.7
-14 -13 3.9
-14 -13.2 4.3
-14.2 -12.6 3.5
-14.4 -12.6 3.9
-14 -13.2 4.5
-14.2 -12.6 3.7
-14.4 -12.6 4.1
-14.2 -12.6 3.9
-14.4 -12.6 4.3
-14.2 -12.6 4.1
-14.4 -12.6 4.5
-14.2 -12.6 4.3
-14.2 -12.6 4.5
-12.4 -12.6 0.5
-12.4 -12.6 0.3
-12.4 -12.6 0.7
-12.4 -12.6 0.1
-12.4 -12.6 0.9
-12.4 -12.6 1.1
-12.4 -12.6 1.3
-12.4 -12.6 1.5
-12.4 -12.6 1.7
-12.4 -12.6 1.9
-12.4 -12.6 2.1
-12.4 -12.4 0.5
-12.4 -12.4 0.3
-12.4 -12.4 0.7
-12.2 -12.6 0.5
-12.2 -12.6 0.3
-12.2 -12.6 0.7
-12.4 -12.4 0.1
-12.4 -12.4 0.9
-12.4 -12.6 2.3
-12.2 -12.6 0.1
-12.2 -12.6 0.9
-12.4 -12.4 1.1
-12.2 -12.6 1.1
-12.4 -12.4 1.3
-12.2 -12.6 1.3
-12.4 -12.6 2.5
-12.4 -12.4 1.5
-12.2 -12.6 1.5
-12.4 -12.4 1.7
-12.2 -12.6 1.7
-12.4 -12.6 2.7
-12.4 -12.4 1.9
-12.2 -12.6 1.9
-12.4 -12.4 2.1
-12.2 -12.6 2.1
-12.4 -12.6 2.9
-12.4 -12.2 0.5
-12.2 -12.4 0.5
-12.4 -12.2 0.3
-12.4 -12.2 0.7
-12.2 -12.4 0.3
-12.2 -12.4 0.7
-12 -12.6 0.5
-12.4 -12.4 2.3
-12.4 -12.2 0.1
-12.4 -12.2 0.9
-12.2 -12.4 0.1
-12.2 -12.4 0.9
-12 -12.6 0.3
-12 -12.6 0.7
-12.2 -12.6 2.3
-12 -12.6 0.1
-12 -12.6 0.9
-12.4 -12.2 1.1
-12.2 -12.4 1.1
-12 -12.6 1.1
-12.4 -12.2 1.3
-12.2 -12.4 1.3
-12.4 -12.6 3.1
-12 -12.6 1.3
-12.4 -12.4 2.5
-12.2 -12.6 2.5
-12.4 -12.2 1.5
-12.2 -12.4 1.5
-12 -12.6 1.5
-12.4 -12.2 1.7
-12.2 -12.4 1.7
-12 -12.6 1.7
-12.4 -12.6 3.3
-12.4 -12.4 2.7
-12.2 -12.6 2.7
-12.4 -12.2 1.9
-12.2 -12.4 1.9
-12 -12.6 1.9
-12.4 -12.2 2.1
-12.2 -12.4 2.1
-12.4 -12.4 2.9
-12 -12.6 2.1
-12.2 -12.6 2.9
-12.4 -12.6 3.5
-12.2 -12.2 0.5
-12.2 -12.2 0.3
-12.2 -12.2 0.7
-12.4 -12 0.5
-12 -12.4 0.5
-12.4 -12 0.3
-12.4 -12 0.7
-12 -12.4 0.3
-12 -12.4 0.7
-12.4 -12.2 2.3
-12.2 -12.4 2.3
-12.2 -12.2 0.1
-12.2 -12.2 0.9
-12.4 -12 0.1
-12.4 -12 0.9
-12 -12.4 0.1
-12 -12.4 0.9
-12 -12.6 2.3
-12.2 -12.2 1.1
-12.4 -12 1.1
-12 -12.4 1.1
-12.4 -12.4 3.1
-12.2 -12.2 1.3
-12.2 -12.6 3.1
-12.4 -12 1.3
-12 -12.4 1.3
-12.4 -12.2 2.5
-12.2 -12.4 2.5
-12.2 -12.2 1.5
-12 -12.6 2.5
-12.4 -12.6 3.7
-12.4 -12 1.5
-12 -12.4 1.5
-12.2 -12.2 1.7
-12.4 -12 1.7
-12 -12.4 1.7
-12.4 -12.4 3.3
-12.2 -12.6 3.3
-12.4 -12.2 2.7
-12.2 -12.4 2.7
-12 -12.6 2.7
-12.2 -12.2 1.9
-12.4 -12 1.9
-12 -12.4 1.9
-12.4 -12.6 3.9
-12.2 -12.2 2.1
-12.4 -12 2.1
-12 -12.4 2.1
-12.2 -12.4 2.9
-12 -12.6 2.9
-12.4 -12.4 3.5
-12.2 -12.6 3.5
-12.2 -12 0.5
-12 -12.2 0.5
-12.2 -12 0.3
-12.2 -12 0.7
-12 -12.2 0.3
-12 -12.2 0.7
-12.2 -12.2 2.3
-12.4 -12 2.3
-12.2 -12 0.1
-12.2 -12 0.9
-12 -12.4 2.3
-12 -12.2 0.1
-12 -12.2 0.9
-12.2 -12 1.1
-12 -12.2 1.1
-12.2 -12.4 3.1
-12.4 -12.6 4.1
-12.2 -12 1.3
-12 -12.2 1.3
-12 -12.6 3.1
-12.2 -12.2 2.5
-12.4 -12 2.5
-12 -12.4 2.5
-12.2 -12.6 3.7
-12.2 -12 1.5
-12 -12.2 1.5
-12.2 -12 1.7
-12 -12.2 1.7
-12.2 -12.2 2.7
-12 -12.6 3.3
-12.4 -12 2.7
-12 -12.4 2.7
-12.2 -12 1.9
-12 -12.2 1.9
-12.4 -12.6 4.3
-12.2 -12.6 3.9
-12.2 -12 2.1
-12 -12.2 2.1
-12.2 -12.2 2.9
-12.4 -12 2.9
-12 -12.4 2.9
-12 -12.6 3.5
-12 -12 0.5
-12 -12 0.3
-12 -12 0.7
-12.2 -12 2.3
-12 -12.2 2.3
-12 -12 0.1
-12 -12 0.9
-12 -12 1.1
-12.4 -12.6 4.5
-12.4 -12 3.1
-12 -12.4 3.1
-12 -12 1.3
-12.2 -12 2.5
-12 -12.2 2.5
-12 -12.6 3.7
-12 -12 1.5
-12 -12 1.7
-12.4 -12 3.3
-12 -12.4 3.3
-12.2 -12 2.7
-12 -12.2 2.7
-12 -12 1.9
-12 -12.6 3.9
-12 -12 2.1
-12.2 -12 2.9
-12 -12.2 2.9
-12.4 -12 3.5
-12 -12.4 3.5
-12 -12 2.3
-12.2 -12 3.1
-12 -12.2 3.1
-12 -12.6 4.1
-12 -12 2.5
-12.4 -12 3.7
-12 -12.4 3.7
-12 -12.2 3.3
-12 -12 2.7
-12 -12.6 4.3
-12.4 -12 3.9
-12 -12.4 3.9
-12 -12 2.9
-12 -12.2 3.5
-12.4 -12 4.1
-12 -12.6 4.5
-12 -12 3.1
-12 -12.2 3.7
-12 -12 3.3
-12.4 -12 4.3
-12 -12.2 3.9
-12 -12 3.5
-12.4 -12 4.5
-12 -12.2 4.1
-12 -12 3.7
-12 -12.2 4.3
-12 -12 3.9
-12 -12.2 4.5
-12 -12 4.1
-12 -12 4.3
-12 -12 4.5
