4.8 15.8 2.1
4.8 15.8 1.9
4.8 15.8 2.3
4.8 15.8 1.7
5.2 14.6 2.1
5.2 14.6 1.9
5.2 14.6 2.3
5.2 14.6 1.7
5.2 14.4 2.1
5.2 14.4 1.9
4.8 15.8 2.5
4.8 15.8 1.5
5.2 14.4 2.3
5.2 14.4 1.7
5.2 14.6 2.5
5.2 14.6 1.5
5.2 14.4 2.5
4.8 16 2.1
4.8 16 1.9
4.8 15.8 2.7
5.2 14.4 1.5
4.8 15.8 1.3
4.8 16 2.3
5 15.8 2.1
4.8 16 1.7
5 15.8 1.9
5.2 14.6 2.7
5.2 14.6 1.3
5 15.8 2.3
5 15.8 1.7
4.8 16 2.5
5.2 14.4 2.7
4.8 16 1.5
5.2 14.4 1.3
4.8 15.8 2.9
5 15.8 1.5
5.4 14.6 2.1
5.4 14.6 1.9
4.8 15.8 1.1
5.4 14.6 2.3
5.2 14.6 2.9
5.4 14.6 1.7
5.4 14.4 2.1
4.8 16 2.7
5.4 14.4 1.9
5.2 14.6 1.1
4.8 16 1.3
4.8 16.2 2.1
4.8 16.2 1.9
5.4 14.4 2.3
5.2 14.4 2.9
5.4 14.4 1.7
5 15.8 1.3
5.2 14.4 1.1
5.4 14.6 2.5
4.8 16.2 2.3
5.4 14.6 1.5
4.8 16.2 1.7
5.4 14.4 2.5
5.2 15.8 2.1
5.2 15.8 1.9
5.4 14.4 1.5
4.8 15.8 3.1
4.8 16.2 2.5
4.8 15.8 0.9
5.2 15.8 2.3
4.8 16 2.9
4.8 16.2 1.5
5 16 1.5
5.2 15.8 1.7
4.8 16 1.1
5.4 14.6 2.7
5.2 14.6 3.1
5.4 14.6 1.3
5.2 14.6 0.9
5 15.8 1.1
5.4 14.4 2.7
5.2 15.8 2.5
5.2 14.4 3.1
5.2 15.8 1.5
5.4 14.4 1.3
5.2 14.4 0.9
4.8 16.2 2.7
4.8 16.2 1.3
5 16 1.3
5 16.2 2.1
5 16.2 1.9
5.4 14.6 2.9
4.8 16.4 2.1
5 16.2 2.3
4.8 16.4 1.9
5.2 16 2.1
5 16.2 1.7
5.2 16 1.9
5.2 15.8 2.7
4.8 16 3.1
5.4 14.6 1.1
4.8 15.8 3.3
5.2 15.8 1.3
4.8 16.4 2.3
4.8 16 0.9
5.2 16 2.3
4.8 16.4 1.7
5.2 16 1.7
5.4 14.4 2.9
4.8 15.8 0.7
5.4 14.4 1.1
5 16.2 2.5
5 15.8 0.9
5.2 14.6 3.3
4.8 16.2 2.9
5 16.2 1.5
4.8 16.2 1.1
5 16 1.1
5.2 14.6 0.7
4.8 16.4 2.5
5.2 16 2.5
4.8 16.4 1.5
5.4 15.8 2.1
5.4 15.8 1.9
5.2 16 1.5
5.2 14.4 3.3
5.2 14.4 0.7
5.4 15.8 2.3
5.2 15.8 2.9
5.4 15.8 1.7
5.2 15.8 1.1
5.4 14.6 3.1
5 16.2 2.7
5 16.2 1.3
5.4 14.6 0.9
4.8 16.4 2.7
5.2 16 2.7
5.4 15.8 2.5
4.8 16.4 1.3
5.4 14.4 3.1
4.8 16 3.3
5.2 16 1.3
5.4 15.8 1.5
5.4 14.4 0.9
5.2 16.2 2.1
5.2 16.2 1.9
4.8 16 0.7
4.8 16.2 3.1
4.8 15.8 3.5
4.8 16.2 0.9
5 16 0.9
5.2 16.2 2.3
5.2 16.2 1.7
5 15.8 0.7
4.8 15.8 0.5
4.8 16.6 2.1
4.8 16.6 1.9
5 16.2 2.9
5.4 16 2.1
5.4 16 1.9
5.2 14.6 3.5
5.4 15.8 2.7
5.2 15.8 3.1
5 16.2 1.1
5.4 15.8 1.3
3.6 17 2.1
3.6 17 1.9
4.8 16.6 2.3
5.2 16.2 2.5
5.2 15.8 0.9
4.8 16.6 1.7
4.8 16.4 2.9
3.4 17 2.1
5.2 14.6 0.5
5.4 16 2.3
3.4 17 1.9
5.2 16 2.9
5.2 16.2 1.5
5.4 16 1.7
4.8 16.4 1.1
3.8 17 2.1
3.8 17 1.9
5.2 14.4 3.5
5.2 16 1.1
3.6 17 2.3
3.6 17 1.7
3.4 17 2.3
5.4 14.6 3.3
3.4 17 1.7
3.2 17 2.1
3.2 17 1.9
5.2 14.4 0.5
3.8 17 2.3
3.8 17 1.7
5.4 14.6 0.7
4.8 16.6 2.5
4.8 16.6 1.5
3.2 17 2.3
5.4 16 1.5
5.4 14.4 3.3
3.2 17 1.7
3.6 17 2.5
5.2 16.2 2.7
3.4 17 2.5
3.6 17 1.5
5.4 14.4 0.7
3.4 17 1.5
5.4 15.8 2.9
5.6 15.8 1.9
4.8 16.2 3.3
5.2 16.2 1.3
3.8 17 2.5
4.8 16 3.5
3 17 2.1
3 17 1.9
3.8 17 1.5
5.4 15.8 1.1
4.8 16.2 0.7
5 16 0.7
5 16.2 3.1
3.2 17 2.5
5.6 15.8 1.7
4.8 16 0.5
3.2 17 1.5
3 17 2.3
5 16.2 0.9
3 17 1.7
4.8 16.6 2.7
4.8 16.4 3.1
5.2 16 3.1
4.8 16.6 1.3
5.4 16 1.3
5 15.8 0.5
5.2 15.8 3.3
4.8 16.4 0.9
3.6 17 2.7
5.2 16 0.9
5.4 16.2 1.9
3.4 17 2.7
3.6 17 1.3
5.2 15.8 0.7
3.4 17 1.3
5.6 15.8 1.5
3.8 17 2.7
3 17 2.5
4.8 15.8 0.3
3 17 1.5
3.8 17 1.3
2.8 17 2.1
2.8 17 1.9
5.4 16.2 1.7
3.2 17 2.7
5.2 14.6 3.7
5 16.4 1.1
5.2 16.2 1.1
3.2 17 1.3
2.8 17 2.3
2.8 17 1.7
5.4 14.6 3.5
5.2 14.6 0.3
5.4 15.8 3.1
5.2 14.4 3.7
4.8 16.6 2.9
5.4 15.8 0.9
5.4 14.6 0.5
5.6 16 2.1
5.6 16 1.9
5.4 16.2 1.5
4.8 16.6 1.1
5.4 16 1.1
5.6 15.8 1.3
3 17 2.7
5.2 14.4 0.3
3.6 17 2.9
2.8 17 2.5
3 17 1.3
5.6 16 2.3
3.4 17 2.9
5.6 16 1.7
2.8 17 1.5
5 16.2 3.3
3.6 17 1.1
5.4 14.4 0.5
4.8 16.2 3.5
3.4 17 1.1
3.8 17 2.9
5 16.2 0.7
3.8 17 1.1
4.8 16.4 3.3
5.2 16.4 1.3
4.8 16.2 0.5
5 16 0.5
5.2 16 3.3
2.6 17 2.1
3.2 17 2.9
2.6 17 1.9
3.6 17.2 2.1
3.6 17.2 1.9
3.2 17 1.1
4.8 16.4 0.7
3.4 17.2 2.1
5.2 16 0.7
5.6 16 2.5
3.4 17.2 1.9
5 16.6 1.3
5.4 16.2 1.3
2.6 17 2.3
5.6 16 1.5
2.6 17 1.7
3.8 17.2 2.1
3.8 17.2 1.9
5 16.4 0.9
5.2 15.8 3.5
4.8 16 0.3
5.2 16.2 0.9
3.6 17.2 2.3
3.6 17.2 1.7
2.8 17 2.7
3.4 17.2 2.3
3.4 17.2 1.7
3.2 17.2 2.1
2.8 17 1.3
3.2 17.2 1.9
5.2 15.8 0.5
3.8 17.2 2.3
3.8 17.2 1.7
3 17 2.9
5.2 16.6 2.1
5 15.8 0.3
5.6 15.8 1.1
5.2 16.6 1.9
4.8 16.6 3.1
3 17 1.1
3.2 17.2 2.3
2.6 17 2.5
3.2 17.2 1.7
5.4 15.8 3.3
4.8 16.6 0.9
2.6 17 1.5
5.2 16.6 2.3
3.6 17.2 2.5
5.4 16 0.9
5.2 16.6 1.7
3.6 17 3.1
3.4 17.2 2.5
3.6 17.2 1.5
5.6 16 2.7
3.4 17 3.1
5.4 15.8 0.7
3.4 17.2 1.5
5.2 16.4 1.1
5.6 16 1.3
3.6 17 0.9
3.8 17.2 2.5
3 17.2 2.1
3.8 17 3.1
3 17.2 1.9
3.4 17 0.9
3.8 17.2 1.5
5.6 16.2 2.1
5.6 16.2 1.9
4.8 15.8 0.1
3.8 17 0.9
5 16.6 1.1
5.4 14.6 3.7
3.2 17 3.1
5.4 16.2 1.1
3.2 17.2 1.5
5.2 14.6 3.9
3 17.2 2.3
5.2 16.6 2.5
3 17.2 1.7
5.6 16.2 2.3
5.2 16.6 1.5
2.8 17 2.9
3.2 17 0.9
5.6 16.2 1.7
5.4 14.6 0.3
2.6 17 2.7
5 16.2 3.5
2.8 17 1.1
5.2 14.6 0.1
2.6 17 1.3
3.6 17.2 2.7
5.2 14.4 3.9
3.4 17.2 2.7
3.6 17.2 1.3
5 16.2 0.5
4.8 16.4 3.5
3.4 17.2 1.3
5.2 16 3.5
3.8 17.2 2.7
3 17.2 2.5
4.8 16.2 3.7
5.4 14.4 0.3
5 16.4 0.7
3 17.2 1.5
5.2 16.2 0.7
3.8 17.2 1.3
5.6 16.2 2.5
5.2 14.4 0.1
2.8 17.2 2.1
5.6 15.8 0.9
2.8 17.2 1.9
4.8 16.4 0.5
5.6 16 2.9
5.6 16.2 1.5
5.2 16 0.5
3 17 0.9
4.8 16.2 0.3
5 16 0.3
5.6 16 1.1
3.2 17.2 1.3
5.2 16.6 2.7
2.8 17.2 2.3
2.8 17.2 1.7
4.8 16.6 3.3
5.2 16.6 1.3
5.4 16.4 1.3
5.2 16.4 0.9
4.8 16.6 0.7
3.6 17 3.3
5.4 16 0.7
3.4 17 3.3
2.6 17 2.9
5 16.6 0.9
5.4 15.8 3.5
3 17.2 2.7
5.4 16.2 0.9
3.6 17 0.7
5.2 15.8 0.3
3.8 17 3.3
3.6 17.2 2.9
2.6 17 1.1
5.6 16.2 2.7
2.8 17.2 2.5
4.8 16 0.1
3.4 17 0.7
3 17.2 1.3
3.4 17.2 2.9
2.8 17 3.1
2.8 17.2 1.5
3.6 17.2 1.1
5.6 16.2 1.3
5.4 15.8 0.5
3.8 17 0.7
3.4 17.2 1.1
3.2 17 3.3
3.8 17.2 2.9
2.8 17 0.9
5.4 16.6 2.1
5.4 16.6 1.9
5 15.8 0.1
3.8 17.2 1.1
3.2 17 0.7
5.4 16.6 2.3
5.2 16.6 2.9
5.6 16.4 2.1
3.2 17.2 1.1
5.4 16.6 1.7
5.6 16.4 1.9
5.2 16.6 1.1
5.4 16.4 1.1
3.6 17.4 2.1
5.6 16.4 2.3
5.6 16 0.9
3.6 17.4 1.9
5.6 16.4 1.7
2.8 17.2 2.7
3.4 17.4 1.9
5.6 15.8 0.7
2.8 17.2 1.3
5 16.2 3.7
3.8 17.4 2.1
5.4 14.6 3.9
3 17 0.7
3.8 17.4 1.9
3 17.2 2.9
5.4 16.6 2.5
3.6 17.4 2.3
3.6 17.4 1.7
5.4 16.6 1.5
5.6 16.2 2.9
5 16.4 0.5
5.2 16.2 0.5
3 17.2 1.1
3.4 17.4 1.7
3.2 17.4 2.1
3.2 17.4 1.9
5 16.2 0.3
5.6 16.2 1.1
2.6 17 3.1
4.8 16.4 3.7
3.8 17.4 2.3
2.6 17.2 1.5
5.4 14.6 0.1
5.2 16 3.7
3.8 17.4 1.7
5.2 16.4 0.7
5.2 14.6 4.1
3.6 17.2 3.1
5.6 16.4 1.5
2.6 17 0.9
3.4 17.2 3.1
4.8 16.6 3.5
3.2 17.4 2.3
4.8 16.4 0.3
3.2 17.4 1.7
3.6 17.2 0.9
5.2 16 0.3
3.8 17.2 3.1
5 16.6 0.7
3.4 17.2 0.9
3.6 17.4 2.5
4.8 16.2 3.9
5.4 16.2 0.7
5.4 14.4 0.1
3.6 17.4 1.5
4.8 16.6 0.5
3.6 17 3.5
5.2 14.4 4.1
2.8 17 3.3
3.8 17.2 0.9
5.4 16 0.5
3.4 17.4 1.5
3.4 17 3.5
3.8 17.4 2.5
3 17.4 2.1
3 17.4 1.9
5.4 16.6 2.7
3.8 17.4 1.5
4.8 16.2 0.1
5.2 16.6 3.1
5 16 0.1
3.8 17 3.5
2.8 17 0.7
3.6 17 0.5
2.8 17.2 2.9
3.2 17.2 0.9
5.4 16.6 1.3
3.4 17 0.5
3.2 17.4 2.5
5.2 16.6 0.9
2.8 17.2 1.1
5.4 16.4 0.9
3.2 17.4 1.5
3 17.4 2.3
3.2 17 3.5
2.6 17.2 1.3
3.8 17 0.5
3 17.4 1.7
5.4 15.8 3.7
5.6 16.4 1.3
3.2 17 0.5
5.4 15.8 0.3
3 17.2 3.1
3.6 17.4 2.7
5.2 15.8 0.1
5.6 16 0.7
5.6 16.2 3.1
3.6 17.4 1.3
3 17.2 0.9
3.4 17.4 1.3
3.8 17.4 2.7
3 17.4 2.5
5.6 16.2 0.9
3 17.4 1.5
3.8 17.4 1.3
2.8 17.4 2.1
2.8 17.4 1.9
3.2 17.4 2.7
5.6 15.8 0.5
3.2 17.4 1.3
5.6 16.6 2.1
5.4 16.6 2.9
5.6 16.6 1.9
3 17 0.5
2.8 17.4 2.3
3.6 17.2 3.3
2.8 17.4 1.7
5.4 16.6 1.1
3.4 17.2 3.3
2.6 17 0.7
3.6 17.2 0.7
5.6 16.6 2.3
3.8 17.2 3.3
5.6 16.6 1.7
2.6 17.2 1.1
3.4 17.2 0.7
5.2 16.4 0.5
2.8 17.2 3.1
5 16.4 0.3
5.6 16.4 1.1
5.2 16.2 0.3
3.8 17.2 0.7
3 17.4 2.7
2.8 17.2 0.9
5 16.2 3.9
3.6 17.4 2.9
2.8 17.4 2.5
5 16.6 0.5
5.2 16.6 3.3
3 17.4 1.3
5.4 16.2 0.5
2.8 17.4 1.5
3.2 17.2 0.7
3.6 17.4 1.1
2.8 17 3.5
4.8 16.6 3.7
3.4 17.4 1.1
3.8 17.4 2.9
4.8 16.4 3.9
5.2 16.6 0.7
5.6 16.6 2.5
5 16.2 0.1
5.4 16.4 0.7
5.4 14.6 4.1
5.2 16 3.9
5.6 16.6 1.5
3.8 17.4 1.1
2.8 17 0.5
3.6 17 3.7
4.8 16.6 0.3
2.6 17.4 2.1
3.2 17.4 2.9
2.6 17.4 1.9
5.4 16 0.3
3.4 17 3.7
4.8 16.4 0.1
5.2 16 0.1
3.2 17.4 1.1
3 17.2 3.3
3.8 17 3.7
5.6 16.2 3.3
3.6 17 0.3
2.6 17.4 2.3
3.4 17 0.3
2.6 17.4 1.7
3 17.2 0.7
6.2 13.8 2.1
6.2 13.8 1.9
5.4 16.6 3.1
3.2 17 3.7
5.6 16.2 0.7
3.8 17 0.3
2.8 17.4 2.7
4.8 16.2 4.1
5.2 14.6 4.3
5.6 16 0.5
2.8 17.4 1.3
5.4 16.6 0.9
6.2 13.8 2.3
3 17.4 2.9
5.6 16.6 2.7
6.2 13.8 1.7
3.2 17 0.3
3.6 17.6 2.1
3.6 17.6 1.9
5.4 15.8 3.9
2.6 17.2 0.9
3.4 17.6 2.1
5.6 16.6 1.3
3.4 17.6 1.9
3 17.4 1.1
2.6 17.4 2.5
5.2 14.4 4.3
5.6 16.4 0.9
2.6 17.4 1.5
3.8 17.6 1.9
3.6 17.6 2.3
3.6 17.4 3.1
3.6 17.6 1.7
5.4 15.8 0.1
3.4 17.6 2.3
3.6 17.2 3.5
2.8 17.2 3.3
3.4 17.6 1.7
3.2 17.6 2.1
3.4 17.2 3.5
3.2 17.6 1.9
3.6 17.4 0.9
2.6 17 0.5
6.2 13.8 2.5
3.8 17.4 3.1
5.6 15.8 0.3
3.8 17.6 1.7
3.4 17.4 0.9
6.2 13.8 1.5
3.8 17.2 3.5
2.8 17.2 0.7
3.6 17.2 0.5
3 17 0.3
3.4 17.2 0.5
3.8 17.4 0.9
3.2 17.6 2.3
3.2 17.4 3.1
3.2 17.6 1.7
3.8 17.2 0.5
3.6 17.6 2.5
2.8 17.4 2.9
3.2 17.4 0.9
3.4 17.6 2.5
3.6 17.6 1.5
5.2 16.6 3.5
5.2 16.4 0.3
3.4 17.6 1.5
3.2 17.2 0.5
2.8 17.4 1.1
3 17.6 2.1
2.6 17.4 1.3
3 17.6 1.9
5.6 16.6 2.9
3.8 17.6 1.5
5.2 16.6 0.5
5.4 16.4 0.5
6.2 13.6 1.9
5 16.6 0.3
5.6 16.6 1.1
3.2 17.6 2.5
5.4 16.2 0.3
2.8 17 3.7
3.2 17.6 1.5
5 16.4 0.1
6.2 13.8 2.7
3 17.6 2.3
5.2 16.2 0.1
3 17.4 3.1
3 17.6 1.7
5.4 16.6 3.3
3 17.2 3.5
6.2 13.8 1.3
6.2 13.6 1.7
5.6 16.2 3.5
3 17.4 0.9
2.8 17 0.3
4.8 16.6 3.9
5.4 16.6 0.7
3 17.2 0.5
3.6 17.6 2.7
5 16.2 4.1
5.6 16.2 0.5
3.6 17.6 1.3
2.6 17.2 0.7
3.4 17.6 1.3
3.6 17 3.9
4.8 16.6 0.1
3 17.6 2.5
3.4 17 3.9
5.6 16.4 0.7
5.4 16 0.1
4.8 16.4 4.1
3 17.6 1.5
3.8 17.6 1.3
3.6 17.4 3.3
5.2 16 4.1
3.8 17 3.9
6.2 13.6 1.5
3.2 17.6 2.7
3.6 17 0.1
5.6 16 0.3
3.6 17.4 0.7
3.2 17.6 1.3
3.4 17 0.1
3.8 17.4 3.3
2.6 17.4 1.1
3.4 17.4 0.7
5.4 14.6 4.3
3.2 17 3.9
2.8 17.4 3.1
2.8 17.6 1.7
3.8 17 0.1
2.8 17.2 3.5
3.8 17.4 0.7
3.2 17.4 3.3
6.2 13.8 2.9
2.8 17.4 0.9
5.6 16.6 3.1
3.2 17 0.1
2.8 17.2 0.5
6.2 13.8 1.1
3.2 17.4 0.7
3.6 17.2 3.7
5.6 16.6 0.9
3.4 17.2 3.7
3 17.6 2.7
2.6 17 0.3
3.6 17.6 2.9
3 17.6 1.3
3.8 17.2 3.7
5.4 15.8 4.1
3.6 17.2 0.3
4.8 16.2 4.3
2.8 17.6 1.5
3.6 17.6 1.1
3.4 17.2 0.3
6.2 13.6 1.3
6.2 13.4 2.1
3.4 17.6 1.1
6.2 13.4 1.9
3.8 17.2 0.3
5.6 15.8 0.1
3.8 17.6 1.1
5.2 16.6 3.7
5.2 14.6 4.5
3 17 0.1
2.6 17.6 2.1
2.6 17.6 1.9
6.2 13.4 2.3
3 17.4 0.7
6.2 13.4 1.7
3.2 17.2 0.3
3.2 17.6 1.1
5.4 16.6 3.5
5.2 16.6 0.3
5.4 16.4 0.3
2.6 17.6 2.3
2.6 17.6 1.7
5.2 16.4 0.1
6.4 13.8 2.1
6.4 13.8 1.9
5.4 16.6 0.5
2.6 17.4 0.9
3 17.2 3.7
2.8 17.6 1.3
5.6 16.2 3.7
2.6 17.2 0.5
5 16.6 0.1
6.2 13.4 2.5
5.4 16.2 0.1
2.8 17 3.9
6.4 13.8 2.3
3 17.6 2.9
6.2 13.8 3.1
6.2 13.4 1.5
6.4 13.8 1.7
5.6 16.4 0.5
3 17.2 0.3
3 17.6 1.1
2.8 17.4 3.3
6.2 13.8 0.9
2.6 17.6 2.5
5.6 16.2 0.3
6.2 13.6 1.1
2.6 17.6 1.5
2.8 17 0.1
3.6 17.8 2.1
3.8 17.4 3.5
2.8 17.4 0.7
3.6 17.8 1.9
3.6 17.6 3.1
3.6 17.4 0.5
5.6 16.6 3.3
3.4 17.8 2.1
3.4 17.8 1.9
3.4 17.4 0.5
3.6 17.6 0.9
3.8 17.8 2.1
5.6 16.6 0.7
3.2 17.4 3.5
3.8 17.8 1.9
6.4 13.8 2.5
3.8 17.4 0.5
3.4 17.6 0.9
3.6 17.8 2.3
6.4 13.8 1.5
3.6 17.8 1.7
3.4 17.8 2.3
3.4 17.8 1.7
3.8 17.6 0.9
2.8 17.2 3.7
3.2 17.4 0.5
6.2 13.4 2.7
3.8 17.8 2.3
3.6 17 4.1
3.8 17.8 1.7
5.6 16 0.1
6.2 13.4 1.3
3.4 17 4.1
3.2 17.6 0.9
5 16.2 4.3
2.6 17.6 2.7
2.8 17.2 0.3
3.8 17 4.1
2.8 17.6 1.1
2.6 17.6 1.3
3.6 17.8 2.5
6.2 13.2 2.1
3.4 17.8 2.5
3.6 17.8 1.5
4.8 16.4 4.3
6.2 13.2 1.9
3.2 17 4.1
3.4 17.8 1.5
3.8 17.8 2.5
6.4 13.8 2.7
3.4 17.2 3.9
3 17.8 2.1
3 17.8 1.9
3 17.6 3.1
3 17.4 0.5
3.8 17.8 1.5
6.2 13.2 2.3
2.6 17 0.1
6.4 13.8 1.3
6.2 13.2 1.7
3.8 17.2 3.9
2.6 17.4 0.7
3 17.6 0.9
3.6 17.2 0.1
3 17.8 2.3
3.4 17.2 0.1
6.2 13.6 0.9
6.2 13.8 3.3
3 17.8 1.7
3.8 17.2 0.1
5.4 14.6 4.5
6.4 16 2.1
6.4 16 1.9
5.2 16.6 3.9
6.2 13.8 0.7
6.2 13.4 2.9
3.6 17.8 2.7
3.2 17.2 0.1
3.6 17.6 3.3
6.2 13.2 2.5
6.2 13.4 1.1
3.4 17.8 2.7
5.4 16.6 0.3
3.6 17.8 1.3
6.4 16 2.3
6.2 13.2 1.5
2.8 17.4 3.5
5.4 15.8 4.3
2.6 17.6 2.9
5.2 16.6 0.1
6.4 16 1.7
3.4 17.8 1.3
5.4 16.4 0.1
3.8 17.8 2.7
3 17.8 2.5
3.6 17.6 0.7
2.6 17.2 0.3
2.6 17.6 1.1
3 17.8 1.5
3.4 17.6 0.7
3.8 17.8 1.3
5.6 16.6 3.5
2.8 17.8 1.9
2.8 17.4 0.5
5.6 16.4 0.3
3.8 17.6 0.7
5.6 16.2 3.9
2.8 17.6 0.9
6.4 13.8 2.9
3.2 17.8 1.3
5.6 16.6 0.5
3.8 17.4 3.7
3.6 17.4 0.3
2.8 17.8 1.7
6.4 13.8 1.1
3.2 17.6 0.7
6.4 16 2.5
3 17.2 0.1
3.4 17.4 0.3
6.4 16 1.5
5.6 16.2 0.1
3.2 17.4 3.7
2.8 17 4.1
3.8 17.4 0.3
6.2 13.2 2.7
6.2 13.2 1.3
5.2 14.6 4.7
6.4 13.4 2.1
3 17.8 2.7
6.4 13.4 1.9
3.2 17.4 0.3
3 17.6 3.3
3.6 17.8 2.9
3 17.8 1.3
3.4 17.8 2.9
2.8 17.8 1.5
3.6 17.8 1.1
3 17.6 0.7
6.4 13.4 2.3
3.4 17.8 1.1
2.8 17.2 3.9
3.8 17.8 2.9
6.2 13.4 3.1
6.4 13.4 1.7
6.2 13.6 0.7
3.8 17.8 1.1
6.2 13.4 0.9
6.4 16 2.7
2.6 17.8 2.1
2.6 17.8 1.9
2.6 17.6 3.1
2.6 17.4 0.5
2.8 17.2 0.1
6.4 16 1.3
3.2 17.8 1.1
6.2 13.8 3.5
3 17.4 0.3
2.6 17.6 0.9
6.4 16.2 2.1
6.4 16.2 1.9
2.6 17.8 2.3
2.6 17.8 1.7
6.4 13.4 2.5
6.2 13.8 0.5
6.4 13.8 3.1
6.6 13.8 2.1
6.6 13.8 1.9
6.4 13.4 1.5
3.6 17 4.3
6.2 13.2 2.9
3.6 17.6 3.5
6.4 16.2 2.3
3.4 17 4.3
6.4 16.2 1.7
6.4 13.8 0.9
2.8 17.8 1.3
6.2 13.2 1.1
3.8 17 4.3
6.4 13.6 1.1
6.6 13.8 2.3
3.4 17.2 4.1
2.8 17.6 0.7
3.6 17.6 0.5
6.6 13.8 1.7
3.4 17.6 0.5
3 17.8 1.1
2.6 17.8 2.5
5 16.2 4.5
3.8 17.2 4.1
3.2 17 4.3
2.6 17.8 1.5
3.8 17.6 0.5
3.6 17.8 3.1
6.4 16.2 2.5
5.6 16.6 3.7
3.4 17.8 3.1
4.8 16.4 4.5
6.4 16 2.9
2.8 17.4 0.3
5.4 16.6 0.1
6.4 16.2 1.5
3.2 17.6 0.5
3.6 17.8 0.9
5.2 16.6 4.1
6.4 13.4 2.7
6.6 13.8 2.5
3.4 17.8 0.9
6.4 16 1.1
3.6 18 2.1
3.6 18 1.9
6.4 13.4 1.3
2.6 17.2 0.1
6.6 13.8 1.5
5.6 16.6 0.3
3.4 18 2.1
3.4 18 1.9
3.8 17.8 0.9
5.6 16.4 0.1
3.8 18 2.1
3.8 18 1.9
6.2 13.4 3.3
3.6 18 2.3
3 17.6 3.5
3.6 18 1.7
3.2 17.8 0.9
3.4 18 2.3
6.4 13.2 2.1
3.8 17.4 3.9
6.4 13.2 1.9
3.4 18 1.7
2.6 17.8 2.7
3.6 17.4 0.1
6.2 13.4 0.7
2.8 17.8 1.1
2.6 17.6 3.3
3.8 18 2.3
3.4 17.4 0.1
2.6 17.8 1.3
3 17.6 0.5
5.6 16.2 4.1
3.8 18 1.7
3.2 17.4 3.9
6.4 13.2 2.3
6.4 16.2 2.7
6.2 13.2 3.1
6.2 13.6 0.5
3.8 17.4 0.1
2.6 17.6 0.7
6.6 13.6 2.1
6.4 13.2 1.7
6.6 13.6 1.9
5.4 14.6 4.7
6.4 16.2 1.3
3.2 18 1.7
5.4 15.8 4.5
6.2 13.2 0.9
6.6 13.8 2.7
6.4 13.6 0.9
3.6 18 2.5
6.4 13.8 3.3
3.2 17.4 0.1
3.4 18 2.5
3.6 18 1.5
6.6 13.8 1.3
6.6 13.6 2.3
3 17.8 0.9
6.6 13.6 1.7
3.4 18 1.5
6.4 13.8 0.7
3.8 18 2.5
6.4 13.4 2.9
2.6 17.4 0.3
3 18 2.1
3 18 1.9
3.8 18 1.5
6.4 16.4 2.1
2.8 17 4.3
6.2 13.8 3.7
6.4 16.4 1.9
6.4 13.2 2.5
6.4 13.4 1.1
6.4 13.2 1.5
6.4 16 3.1
6.6 16 2.1
6.6 16 1.9
3.2 18 1.5
3 18 2.3
2.8 17.2 4.1
3 18 1.7
6.2 13.8 0.3
6.4 16.4 2.3
6.4 16 0.9
3.6 17.8 3.3
2.8 17.6 0.5
6.4 16.4 1.7
6.6 13.6 2.5
3.6 17.6 3.7
3 17.4 0.1
3.4 17.8 3.3
6.6 16 2.3
6.6 13.6 1.5
6.6 16 1.7
3.6 17.8 0.7
3.6 18 2.7
2.6 17.8 1.1
3.4 17.8 0.7
3.4 18 2.7
3.6 17.6 0.3
6.4 16.2 2.9
3.6 18 1.3
3.4 17.6 0.3
3.8 17.8 0.7
3.4 18 1.3
3.8 18 2.7
6.4 16.2 1.1
2.8 17.8 0.9
3 18 2.5
3.8 17.6 0.3
6.4 16.4 2.5
3 18 1.5
3.8 18 1.3
2.8 18 2.1
6.4 13.2 2.7
2.8 18 1.9
6.4 16.4 1.5
3.2 17.8 0.7
6.6 13.8 1.1
6.6 16 2.5
6.4 13.2 1.3
6.6 16 1.5
3.2 17.6 0.3
3.2 18 1.3
5.2 14.6 4.9
6.2 13.4 3.5
2.8 18 2.3
2.8 18 1.7
6.6 13.6 2.7
6.2 13.2 3.3
5.6 16.6 3.9
6.6 13.6 1.3
2.8 17.4 0.1
6.2 13.4 0.5
2.6 17.6 3.5
6.4 13.4 3.1
6.2 13.2 0.7
6.4 13.6 0.7
3.4 17.2 4.3
3.6 17 4.5
3 17.6 3.7
6.4 13.4 0.9
5.6 16.6 0.1
2.6 17.6 0.5
3 17.8 0.7
3.8 17.2 4.3
3 18 2.7
6.6 13.4 1.7
3.8 17 4.5
3.6 18 2.9
6.4 16.4 2.7
6.4 13.8 3.5
3 17.6 0.3
2.8 18 2.5
3 18 1.3
3.4 18 2.9
2.8 18 1.5
6.4 16.4 1.3
6.6 16 2.7
3.6 18 1.1
6.2 13.6 0.3
6.4 16 3.3
3.2 17 4.5
3.4 18 1.1
3.8 18 2.9
6.6 16 1.3
6.4 13.8 0.5
2.6 17.8 0.9
6.4 13.2 2.9
3.8 18 1.1
6.4 16 0.7
6.4 16.2 3.1
6.6 16.2 2.1
6.6 16.2 1.9
3.8 17.4 4.1
2.6 18 2.1
2.6 18 1.9
5 16.2 4.7
6.4 13.2 1.1
6.4 16.2 0.9
3.2 18 1.1
6.6 13.4 1.5
3.6 17.8 3.5
6.6 16.2 2.3
6.6 13.6 2.9
6.6 16.2 1.7
6.6 13.8 0.9
2.6 18 1.7
6.6 13.6 1.1
6.4 16.6 2.1
2.8 17.8 0.7
6.8 13.8 2.1
3.6 17.8 0.5
6.4 16.6 1.9
2.6 17.4 0.1
6.8 13.8 1.9
5.6 16.2 4.3
2.8 18 2.7
3.4 17.8 0.5
6.2 13.8 3.9
2.8 17.6 0.3
2.8 18 1.3
3.8 17.8 0.5
3 18 2.9
6.4 16.6 2.3
6.8 13.8 2.3
6.4 16.6 1.7
6.4 16.4 2.9
6.8 13.8 1.7
6.6 16.2 2.5
6.2 13.8 0.1
3 18 1.1
6.6 16 2.9
6.6 16.2 1.5
3.2 17.8 0.5
6.4 16.4 1.1
2.6 18 1.5
6.4 13.4 3.3
6.6 16 1.1
3.6 18 3.1
6.6 13.4 1.3
3.4 18 3.1
6.2 13.2 3.5
3.6 17.6 0.1
6.4 13.4 0.7
3.6 18 0.9
3.4 17.6 0.1
3.8 18 3.1
3.4 18 0.9
5.4 15.8 4.7
6.4 16.6 2.5
6.8 13.8 2.5
6.2 13.4 3.7
2.8 17.2 4.3
6.4 16.6 1.5
6.2 13.2 0.5
6.8 13.8 1.5
3.8 17.6 0.1
6.4 13.2 3.1
6.6 13.2 2.1
6.4 13.6 0.5
6.6 13.2 1.9
2.8 17 4.5
3.8 18 0.9
5.4 14.6 4.9
2.6 17.6 3.7
3 17.8 0.5
6.4 13.2 0.9
6.2 13.4 0.3
3.6 18.2 2.1
3.2 17.6 0.1
3.6 18.2 1.9
2.8 18 2.9
3.2 18 0.9
6.6 13.2 2.3
3.4 18.2 2.1
6.6 16.2 2.7
2.6 17.8 0.7
3.4 18.2 1.9
6.4 16.2 3.3
6.6 13.6 3.1
6.6 13.2 1.7
2.8 18 1.1
6.6 16.2 1.3
6.4 16 3.5
2.6 17.6 0.3
3.8 18.2 2.1
3.8 18.2 1.9
2.6 18 1.3
6.6 13.6 0.9
3.6 18.2 2.3
6.4 16.2 0.7
3.6 18.2 1.7
6.4 13.8 3.7
3.4 18.2 2.3
3 17.6 3.9
3.4 18.2 1.7
6.8 13.6 2.1
6.4 16 0.5
6.8 13.6 1.9
3.2 18.2 2.1
5.6 16.6 4.1
3.2 18.2 1.9
6.6 13.8 0.7
3.8 18.2 2.3
3.8 18.2 1.7
6.4 16.6 2.7
6.8 13.8 2.7
6.4 13.8 0.3
6.6 16.4 2.1
6.6 16.4 1.9
6.6 13.2 2.5
6.6 13.4 1.1
6.4 16.6 1.3
6.8 13.8 1.3
3 17.6 0.1
6.8 13.6 2.3
3 18 0.9
6.6 13.2 1.5
3.2 18.2 2.3
6.8 13.6 1.7
3.2 18.2 1.7
6.4 16.4 0.9
6.2 13.6 0.1
3.6 18.2 2.5
6.6 16.4 2.3
6.6 16 0.9
2.8 17.8 0.5
3.4 18.2 2.5
3.6 18.2 1.5
6.6 16.4 1.7
3.6 17.8 3.7
3.4 18.2 1.5
3.8 18.2 2.5
3 18.2 2.1
3 18.2 1.9
3.8 18.2 1.5
3.6 18 3.3
3.6 17.8 0.3
6.6 16.2 2.9
3.4 17.2 4.5
3.4 18 3.3
6.8 13.6 2.5
3.4 17.8 0.3
3.2 18.2 2.5
6.8 13.6 1.5
3.2 18.2 1.5
6.6 16.2 1.1
3.6 18 0.7
3 18.2 2.3
3.8 17.2 4.5
3.8 18 3.3
6.4 13.4 3.5
2.6 18 1.1
3.8 17.8 0.3
3 18.2 1.7
3.4 18 0.7
6.6 16.4 2.5
2.8 18 3.1
6.6 13.2 2.7
6.4 13.2 3.3
6.6 16.4 1.5
3.6 17 4.7
3.8 18 0.7
3.8 17.4 4.3
6.6 13.2 1.3
2.8 17.6 0.1
6.4 13.4 0.5
3.2 17.8 0.3
2.8 18 0.9
6.4 16.8 2.1
6.4 16.8 1.9
6.4 16.6 2.9
6.8 13.8 2.9
3.6 18.2 2.7
6.4 13.2 0.7
5.2 14.6 5.1
3.8 17 4.7
3.4 18.2 2.7
3.2 18 0.7
3.6 18.2 1.3
6.4 16.6 1.1
6.2 13.8 4.1
6.8 13.8 1.1
6.6 13.6 3.3
6.2 13.2 3.7
3.4 18.2 1.3
3.8 18.2 2.7
6.4 16.8 2.3
3 18.2 2.5
3.2 17 4.7
6.4 16.8 1.7
3 18.2 1.5
3.8 18.2 1.3
6.6 13.6 0.7
2.8 18.2 2.1
2.8 18.2 1.9
6.8 13.6 2.7
6.2 13.2 0.3
6.6 13.4 0.9
6.4 16.2 3.5
2.6 17.8 0.5
6.4 13.6 0.3
3.2 18.2 2.7
6.8 13.6 1.3
3.2 18.2 1.3
3 17.8 0.3
6.6 16.4 2.7
2.8 18.2 2.3
6.2 13.4 3.9
5.6 16.2 4.5
6.4 16.2 0.5
2.8 18.2 1.7
6.6 16.4 1.3
3 18 0.7
6.4 16 3.7
6.4 16.8 2.5
6.4 16.4 0.7
6.6 13.8 0.5
5 16.2 4.9
2.6 17.6 3.9
6.4 16.8 1.5
6.2 13.4 0.1
6.6 13.2 2.9
6.6 16 0.7
6.6 16.2 3.1
6.4 16 0.3
6.6 13.2 1.1
3 18.2 2.7
6.8 16 1.3
6.6 16.2 0.9
2.6 17.6 0.1
3.6 18.2 2.9
2.6 18 0.9
2.8 18.2 2.5
3 18.2 1.3
3.4 18.2 2.9
6.4 13.8 3.9
6.8 16.2 2.1
2.8 18.2 1.5
6.8 16.2 1.9
3.6 18.2 1.1
3.4 18.2 1.1
3.8 18.2 2.9
6.4 16.6 3.1
6.6 16.6 2.1
6.8 13.8 3.1
6.6 16.6 1.9
6.8 13.4 1.5
3.6 18 3.5
3.8 18.2 1.1
2.8 17.2 4.5
2.8 18 3.3
6.4 13.8 0.1
6.8 16.2 2.3
2.8 17.8 0.3
6.8 13.6 2.9
3.4 18 3.5
3 17.6 4.1
6.8 16.2 1.7
2.6 18.2 2.1
3.2 18.2 2.9
2.6 18.2 1.9
6.4 16.6 0.9
6.8 13.8 0.9
6.4 16.8 2.7
6.8 13.6 1.1
3.8 18 3.5
2.8 18 0.7
6.6 16.6 2.3
3.6 18 0.5
3.2 18.2 1.1
6.6 16.6 1.7
6.6 16.4 2.9
6.4 16.8 1.3
3.4 18 0.5
6.4 13.2 3.5
3.6 17.8 3.9
2.6 18.2 2.3
2.8 17 4.7
6.6 16.4 1.1
2.6 18.2 1.7
5.6 16.6 4.3
3.8 18 0.5
6.4 13.4 3.7
5.4 15.8 4.9
2.8 18.2 2.7
6.4 13.2 0.5
6.8 16.2 2.5
3.6 17.8 0.1
2.8 18.2 1.3
3.2 18 0.5
6.6 13.6 3.5
6.8 16.2 1.5
6.6 13.4 0.7
3.4 17.8 0.1
3 18.2 2.9
6.6 16.6 2.5
6.4 13.4 0.3
6.8 16 1.1
6.8 13.4 1.3
3.8 17.8 0.1
6.6 16.6 1.5
6.6 13.2 3.1
3 18.2 1.1
6.6 13.6 0.5
2.6 18.2 2.5
2.6 18.2 1.5
6.6 13.2 0.9
3.2 17.8 0.1
5.4 14.6 5.1
6.8 13.2 2.1
6.8 13.2 1.9
6.6 16.2 3.3
6.4 16.2 3.7
3.6 18.2 0.9
6.2 13.2 3.9
2.6 17.8 0.3
6.4 16.8 2.9
3 18 0.5
3.4 18.2 0.9
6.4 16.4 0.5
6.6 16.2 0.7
6.4 16.8 1.1
2.6 18 0.7
6.8 13.2 2.3
6.8 16.2 2.7
3.8 18.2 0.9
6.8 13.2 1.7
6.4 16.2 0.3
6.6 16 0.5
3.2 18.2 3.1
6.2 13.2 0.1
6.8 16.2 1.3
6.4 13.6 0.1
6.4 17 1.9
6.6 16.6 2.7
6.8 13.6 0.9
6.4 16.6 3.3
6.8 13.8 3.3
6.6 13.8 0.3
2.8 18.2 2.9
3.2 18.2 0.9
6.6 16.4 3.1
3 17.8 0.1
6.6 16.6 1.3
2.6 18.2 2.7
3.4 17.2 4.7
6.2 13.8 4.3
2.8 18.2 1.1
6.4 16.6 0.7
6.6 16.4 0.9
6.8 13.8 0.7
3.8 17.4 4.5
6.4 17 1.7
2.6 18.2 1.3
6.4 16 3.9
3.8 17.2 4.7
6.8 13.2 2.5
6.2 13.4 4.1
6.8 13.4 1.1
2.8 18 3.5
6.8 13.2 1.5
3 18.2 3.1
6.4 16 0.1
2.6 17.6 4.1
2.8 18 0.5
6.8 16 0.9
3.6 18 3.7
3 18.2 0.9
3.4 18 3.7
3.6 17 4.9
6.4 17 1.5
3.8 18 3.7
3.6 18 0.3
6.8 16.2 2.9
3.8 17 4.9
6.6 13.2 3.3
6.4 13.8 4.1
3.4 18 0.3
6.4 13.2 3.7
2.8 17.8 0.1
6.6 13.4 0.5
6.8 16.2 1.1
3.8 18 0.3
6.6 16.6 2.9
6.6 13.2 0.7
3.2 17 4.9
6.8 13.2 2.7
6.4 13.2 0.3
6.4 16.8 0.9
5.6 16.2 4.7
6.6 16.6 1.1
2.6 18.2 2.9
6.6 13.6 3.7
6.8 13.2 1.3
3.2 18 0.3
7 16 1.7
3.6 18.2 0.7
2.6 18.2 1.1
3.4 18.2 0.7
-1.11022e-16 13.8 2.1
6.4 13.4 3.9
-1.11022e-16 13.8 1.9
6.6 16.2 3.5
6.6 13.6 0.3
3.8 18.2 0.7
3.6 17.8 4.1
3.2 18.2 3.3
2.8 18.2 0.9
6.4 17 1.3
-1.11022e-16 13.8 2.3
6.4 13.4 0.1
6.8 13.6 0.7
6.6 16.4 3.3
6.6 16.2 0.5
-1.11022e-16 13.8 1.7
3.2 18.2 0.7
6.8 13.4 0.9
2.6 18 0.5
7 16 1.5
6.6 16.4 0.7
3 18 0.3
6.4 16.6 3.5
6.8 13.8 3.5
6.4 16.4 0.3
2.8 17.2 4.7
2 11.4 2.1
2 11.4 1.9
6.6 16 0.3
5.6 16.6 4.5
6.4 16.6 0.5
2.6 17.8 0.1
3 18.2 3.3
6.8 13.8 0.5
-1.11022e-16 13.8 2.5
6.8 13.2 2.9
6.8 16 0.7
-1.11022e-16 13.8 1.5
6.8 16.2 3.1
2 11.4 2.3
3 18.2 0.7
2 11.4 1.7
6.4 16.2 0.1
6.2 13.2 4.1
6.8 13.2 1.1
6.8 16.2 0.9
6.6 16.6 3.1
6.6 13.8 0.1
2.8 18 3.7
2.6 18.2 3.1
6.6 16.6 0.9
7 16 1.3
2.6 18.2 0.9
6.4 17 1.1
2.8 18 0.3
7 16.2 2.1
6.6 13.2 3.5
7 16.2 1.9
2 11.4 2.5
-1.11022e-16 13.6 2.1
6.4 16.8 0.7
-1.11022e-16 13.6 1.9
2 11.4 1.5
6.4 16 4.1
-1.11022e-16 13.8 2.7
6.8 16.6 1.7
6.6 13.2 0.5
5.4 15.8 5.1
7 16.2 2.3
3.6 18 3.9
-1.11022e-16 13.8 1.3
-1.11022e-16 13.6 2.3
7 16.2 1.7
6.4 17.2 2.1
6.8 16.4 1.1
6.4 17.2 1.9
-1.11022e-16 13.6 1.7
2.8 18.2 0.7
3.6 18.2 0.5
6.6 13.4 0.3
3.8 18 3.9
3.4 18.2 0.5
3.6 18 0.1
6.2 13.4 4.3
6.4 17.2 2.3
6.4 13.2 3.9
6.8 13.4 0.7
3.4 18 0.1
6.4 17.2 1.7
3.8 18.2 0.5
6.2 13.8 4.5
3.8 18 0.1
6.8 16.6 1.5
2.6 17.6 4.3
6.6 16.4 3.5
6.8 13.2 3.1
6.8 13.6 0.5
7 16.2 2.5
2 11.4 2.7
3.2 18.2 0.5
-1.11022e-16 13.6 2.5
6.6 16.2 3.7
6.4 13.2 0.1
7 16.2 1.5
6.6 13.6 3.9
-1.11022e-16 13.6 1.5
2 11.4 1.3
6.8 13.2 0.9
3.2 18 0.1
3.8 17.4 4.7
7 16 1.1
6.6 16.4 0.5
6.6 16.8 1.1
6.8 16.2 3.3
6.6 16.2 0.3
6.4 17.2 2.5
6.4 13.8 4.3
2.6 18 0.3
6.6 17 2.1
3.4 17.2 4.9
6.6 13.6 0.1
6.6 17 1.9
6.4 17.2 1.5
3 18.2 3.5
6.6 16.6 3.3
-1.11022e-16 13.8 2.9
6.8 16.2 0.7
6.4 16.6 3.7
6.8 13.8 3.7
3.8 17.2 4.9
6.4 13.4 4.1
6.4 17 0.9
6.8 16 0.5
2.6 18.2 3.3
-1.11022e-16 13.8 1.1
6.6 17 2.3
6.6 16.6 0.7
3 18.2 0.5
6.6 17 1.7
1.8 11.4 2.1
1.8 11.4 1.9
6.4 16.6 0.3
6.8 13.8 0.3
3 18 0.1
2.6 18.2 0.7
6.8 16.6 1.3
7 16.2 2.7
6.4 16.4 0.1
-1.11022e-16 13.6 2.7
3.6 17.8 4.3
7 16.2 1.3
6.8 16.4 0.9
6.6 16 0.1
-1.11022e-16 13.6 1.3
1.8 11.4 2.3
-1.11022e-16 13.4 2.1
1.8 11.4 1.7
-1.11022e-16 13.4 1.9
2 11.4 2.9
6.4 17.2 2.7
6.6 17 2.5
6.4 16.8 0.5
6.4 17.2 1.3
6.6 17 1.5
-1.11022e-16 13.4 2.3
2 11.4 1.1
-1.11022e-16 13.4 1.7
7 16.4 2.1
7 16.4 1.9
3.8 17 5.1
1.8 11.4 2.5
2.8 18.2 0.5
1.8 11.4 1.5
7 16.4 2.3
7 16 0.9
3.2 17 5.1
7 16.4 1.7
6.8 13.2 3.3
6.6 13.2 0.3
6.6 16.8 0.9
2.8 18 0.1
6.8 13.4 0.5
6.8 16.8 2.1
6.2 13.2 4.3
6.8 16.8 1.9
-1.11022e-16 13.4 2.5
6.8 13.2 0.7
3.6 18.2 0.3
-1.11022e-16 13.4 1.5
7 16.2 2.9
3.4 18.2 0.3
6.8 16.6 1.1
-1.11022e-16 13.6 2.9
6.6 17 2.7
-1.11022e-16 13.8 0.9
6.8 16.8 2.3
7 16.2 1.1
3.8 18.2 0.3
6.8 16.8 1.7
-1.11022e-16 13.6 1.1
6.6 17 1.3
5.6 16.6 4.7
6.6 13.4 0.1
7 16.4 2.5
7.4 14.8 2.1
6.6 16.4 3.7
7.4 14.8 1.9
7 16.4 1.5
6.4 17 0.7
6.8 16.2 3.5
3.6 18 4.1
6.4 17.2 2.9
6.8 13.6 0.3
7.2 16 2.1
3.2 18.2 0.3
7.4 14.6 2.1
7.2 16 1.9
7.4 14.6 1.9
1.8 11.4 2.7
6.4 17.2 1.1
7.4 15 2.1
7.4 15 1.9
6.6 16.6 3.5
6.4 16 4.3
1.8 11.4 1.3
3.8 18 4.1
6.6 16.4 0.3
6.8 16.2 0.5
7.4 14.8 2.3
7.4 14.8 1.7
2.6 18.2 3.5
7.2 16 2.3
7.4 14.6 2.3
6.6 16.2 3.9
6.4 13.2 4.1
7.2 16 1.7
6.8 16.8 2.5
7.4 14.6 1.7
6.6 16.6 0.5
6.8 16.4 0.7
-1.11022e-16 13.4 2.7
7.4 15 2.3
7.4 14.4 2.1
6.8 16.8 1.5
7.4 14.4 1.9
2 11.4 0.9
7.4 15 1.7
-1.11022e-16 13.4 1.3
2.6 18.2 0.5
6.6 16.2 0.1
6.8 16 0.3
-0.2 13.8 2.1
7.4 15.2 2.1
-0.2 13.8 1.9
7.4 15.2 1.9
6.6 13.6 4.1
2.6 18 0.1
3 18.2 0.3
7.4 14.4 2.3
7.4 14.4 1.7
7 16.4 2.7
6.4 16.6 3.9
7.4 14.8 2.5
6.8 13.8 3.9
-1.11022e-16 13.2 2.1
6.4 17.4 2.1
-1.11022e-16 13.2 1.9
6.4 17.4 1.9
7 16.4 1.3
7.4 14.8 1.5
6.2 13.4 4.5
7.2 16 2.5
7.4 14.6 2.5
6.6 17 2.9
-0.2 13.8 2.3
7.4 15.2 2.3
-0.2 13.8 1.7
7.4 15.2 1.7
7.2 16 1.5
7.4 14.6 1.5
7.4 15 2.5
6.6 17 1.1
2 11.2 1.9
7.4 15 1.5
6.4 16.6 0.1
6.8 13.8 0.1
1.6 11.4 2.1
7 16 0.7
2.6 17.6 4.5
1.6 11.4 1.9
7 16.2 3.1
-1.11022e-16 13.2 2.3
6.4 17.4 2.3
-1.11022e-16 13.6 3.1
-1.11022e-16 13.2 1.7
6.6 16.8 0.7
6.8 16.6 0.9
6.4 17.4 1.7
6.8 16.8 2.7
1.8 11.4 2.9
6.4 16.8 0.3
7.4 14.4 2.5
7 16.2 0.9
-1.11022e-16 13.6 0.9
6.8 16.8 1.3
7.4 14.4 1.5
2 11.2 1.7
1.6 11.4 2.3
1.8 11.4 1.1
6.4 13.4 4.3
6.8 13.2 3.5
1.6 11.4 1.7
6.4 17.2 3.1
6.6 17.2 2.1
6.6 17.2 1.9
6.4 13.8 4.5
-1.11022e-16 13.8 0.7
-0.2 13.8 1.5
-1.11022e-16 13.4 2.9
7.4 15.2 1.5
6.4 17.2 0.9
6.8 13.2 0.5
2.8 18.2 0.3
7.4 14.8 2.7
-1.11022e-16 16.4 1.9
-1.11022e-16 13.2 2.5
6.4 17.4 2.5
-1.11022e-16 13.4 1.1
6.6 17.2 2.3
5.4 15.8 5.3
7.2 16 2.7
7.4 14.6 2.7
-1.11022e-16 13.2 1.5
7.4 14.8 1.3
6.4 17.4 1.5
6.6 17.2 1.7
6.8 13.4 0.3
7.2 16 1.3
7.4 15 2.7
7.4 14.6 1.3
3.8 17.4 4.9
7 16.4 2.9
1.6 11.4 2.5
2 11.2 1.5
7.4 15 1.3
-1.11022e-16 16.4 1.7
7.2 16.2 2.1
7.2 16.2 1.9
1.6 11.4 1.5
6.4 17 0.5
6.6 13.2 0.1
7 16.4 1.1
3.6 17.8 4.5
7.4 14.4 2.7
-0.2 13.6 2.1
-0.2 13.6 1.9
2 11.4 0.7
7.4 14.4 1.3
3.6 18.2 0.1
7.2 16.2 2.3
6.6 17.2 2.5
6.8 16.2 3.7
7.2 16.2 1.7
3.4 18.2 0.1
6.6 17 3.1
6.6 17.2 1.5
6.8 16.8 2.9
3.4 17.2 5.1
-1.11022e-16 16.2 1.1
-0.2 13.8 1.3
7.4 15.2 1.3
6.8 16.4 0.5
-0.2 13.6 2.3
3.8 18.2 0.1
6.6 16.6 3.7
-0.2 13.6 1.7
6.6 17 0.9
6.8 16.8 1.1
-1.11022e-16 13.2 2.7
6.4 17.4 2.7
3.8 17.2 5.1
6.6 16.4 3.9
6.8 16.2 0.3
-1.11022e-16 16.4 1.5
2.6 18.2 3.7
6.8 17 2.1
6.8 13.6 0.1
-1.11022e-16 13.2 1.3
6.8 17 1.9
6.4 17.4 1.3
3.2 18.2 0.1
1.8 11.4 3.1
6.6 16.6 0.3
1.6 11.4 2.7
7.4 14.8 2.9
7.2 16.2 2.5
7 16.2 3.3
2 11.2 1.3
6.6 16.4 0.1
1.8 11.4 0.9
-1.11022e-16 13.6 3.3
2.6 18.2 0.3
7.2 16 2.9
7.4 14.6 2.9
1.6 11.4 1.3
7.2 16.2 1.5
6.8 17 2.3
6.8 16.6 0.7
7.4 14.8 1.1
6.8 17 1.7
-1.11022e-16 13.4 3.1
7.4 15 2.9
6.2 13.2 4.5
-0.2 13.6 2.5
7.2 16 1.1
7.4 14.6 1.1
7 16.2 0.7
-1.11022e-16 13.6 0.7
-0.2 13.6 1.5
7.4 15 1.1
6.6 17.2 2.7
7 16 0.5
-1.11022e-16 13.4 0.9
6.4 17.2 3.3
3.6 18 4.3
6.6 16.8 0.5
6.6 17.2 1.3
6.8 16 0.1
-1.11022e-16 13 2.1
-1.11022e-16 13 1.9
7.4 14.4 2.9
3 18.2 0.1
7 16.4 3.1
6.4 17.2 0.7
3.8 18 4.3
7.4 14.4 1.1
1.8 11.2 2.1
1.8 11.2 1.9
-1.11022e-16 16.4 1.3
6.8 17 2.5
7 16.4 0.9
-1.11022e-16 13 2.3
6.8 17 1.5
-1.11022e-16 13 1.7
-1.11022e-16 13.8 0.5
-0.2 13.8 1.1
7.4 15.2 1.1
6.4 16 4.5
-1.11022e-16 13.2 2.9
7.2 16.2 2.7
6.4 16.6 4.1
6.4 17.4 2.9
1.8 11.2 2.3
6.8 13.2 3.7
1.8 11.2 1.7
7.2 16.2 1.3
6.8 16.8 3.1
-1.11022e-16 13.2 1.1
6.4 17.4 1.1
6.6 13.6 4.3
-0.2 13.6 2.7
-1.11022e-16 16.2 0.9
6.4 16.8 0.1
5.6 16.6 4.9
1.6 11.4 2.9
6.8 13.2 0.3
6.8 16.8 0.9
-0.2 13.6 1.3
-0.2 13.4 2.1
2 11.2 1.1
-0.2 13.4 1.9
6.6 17 3.3
1.4 11.4 2.1
1.6 11.4 1.1
1.4 11.4 1.9
-1.11022e-16 13 2.5
-1.11022e-16 13 1.5
-1.11022e-16 16.6 2.1
-1.11022e-16 16.6 1.9
7.2 16.4 2.1
7.2 16.4 1.9
7.4 14.8 3.1
6.6 17 0.7
2 11.4 0.5
1.8 11.2 2.5
2.8 18.2 0.1
-0.2 13.4 2.3
6.8 17 2.7
7.2 16 3.1
7.4 14.6 3.1
-0.2 13.4 1.7
3 10.8 2.1
1.4 11.4 2.3
1.8 11.2 1.5
3 10.8 1.9
6.4 17 0.3
7 16.8 2.1
1.4 11.4 1.7
7.4 14.8 0.9
7 16.8 1.9
1.8 11.4 3.3
6.6 17.2 1.1
6.8 17 1.3
7.4 15 3.1
-1.11022e-16 16.6 2.3
6.8 13.4 0.1
7.2 16.4 2.3
7.2 16 0.9
-1.11022e-16 16.6 1.7
7.4 14.6 0.9
7.2 16.4 1.7
7 16.6 1.1
7.4 15 0.9
1.8 11.4 0.7
3 10.8 2.3
-1.11022e-16 16.4 1.1
6.2 13.4 4.7
3 10.8 1.7
7 16.8 2.3
7 16.8 1.7
7.4 14.4 3.1
-1.11022e-16 13.4 3.3
-0.2 16.2 2.1
-0.2 16.2 1.9
6.8 16.4 0.3
7.2 16.2 2.9
-0.2 13.4 2.5
7 16.2 3.5
2.6 17.6 4.7
6.4 13.4 4.5
7.4 14.4 0.9
-1.11022e-16 13.6 3.5
6.8 16.2 3.9
1.4 11.4 2.5
-1.11022e-16 13.4 0.7
-0.2 13.4 1.5
-1.11022e-16 13 2.7
7.2 16.2 1.1
6.8 16.6 0.5
1.4 11.4 1.5
-0.2 16.2 2.3
-1.11022e-16 16.6 2.5
-0.2 13.6 2.9
-0.2 16.2 1.7
7.2 16.4 2.5
-1.11022e-16 13 1.3
7 16.4 3.3
6.6 16.6 3.9
-0.2 13.8 0.9
7 16.2 0.5
7.4 15.2 0.9
-1.11022e-16 16.6 1.5
-1.11022e-16 13.2 3.1
6.4 17.4 3.1
6.6 17.4 2.1
-1.11022e-16 13.6 0.5
7.2 16.4 1.5
1.8 11.2 2.7
6.6 17.4 1.9
-0.2 13.6 1.1
3 10.8 2.5
6.8 16.2 0.1
6.4 17.2 3.5
2.6 18.2 3.9
1.8 11.2 1.3
6.4 13.8 4.7
3 10.8 1.5
7 16.4 0.7
-1.11022e-16 13.2 0.9
6.4 17.4 0.9
2.8 10.8 1.9
7 16.8 1.5
6.6 16.6 0.1
1.6 11.4 3.1
6.6 17.4 2.3
6.4 17.2 0.5
6.6 16.4 4.1
6.6 17.4 1.7
6.8 17 2.9
7 16 0.3
2 11.2 0.9
2.6 18.2 0.1
6.8 16.8 3.3
1.6 11.4 0.9
6.6 16.8 0.3
-0.2 16.2 2.5
2.8 10.8 1.7
6.8 17 1.1
-1.11022e-16 16.2 0.7
-0.2 16.2 1.5
7.6 14.8 2.1
7.6 14.8 1.9
-0.2 13.4 2.7
6.8 16.8 0.7
1.4 11.4 2.7
7.4 16 1.7
-0.2 13.4 1.3
3.6 17.8 4.7
-1.11022e-16 16.6 2.7
1.4 11.4 1.3
7.6 15 2.1
6.6 17.2 0.9
7.6 15 1.9
7.2 16.4 2.7
-1.11022e-16 13.8 0.3
7.4 14.8 3.3
7.6 14.8 2.3
6.6 17.4 2.5
-1.11022e-16 16.6 1.3
7.6 14.8 1.7
7.2 16.4 1.3
6.8 17.2 2.1
7 16.6 0.9
6.8 17.2 1.9
3 10.8 2.7
6.6 17.4 1.5
7.2 16 3.3
7.4 14.6 3.3
6.6 17 3.5
-1.11022e-16 13 2.9
-1.11022e-16 16.4 0.9
1.6 11.2 2.1
1.6 11.2 1.9
-0.2 13.2 2.1
3 10.8 1.3
-0.2 13.2 1.9
7.4 15 3.3
7.4 14.8 0.7
7.6 15 2.3
7.6 14.4 2.1
7.6 14.4 1.9
7 16.8 1.3
2.8 10.8 1.5
7.6 15 1.7
-0.4 13.8 2.1
3.8 17.4 5.1
-1.11022e-16 13 1.1
-0.4 13.8 1.9
7.2 16 0.7
7.4 14.6 0.7
7.2 16.2 3.1
1.8 11.2 2.9
6.8 17.2 2.3
6.6 17 0.5
6.8 13.2 3.9
6.8 17.2 1.7
7.4 15 0.7
2 11 2.1
7.6 15.2 2.1
2 11 1.9
7.6 15.2 1.9
1.6 11.2 2.3
7.4 16 1.5
-0.2 13.2 2.3
1.8 11.2 1.1
-0.2 16.2 2.7
1.8 11.4 3.5
7.2 16.2 0.9
7.4 14.4 3.3
7.6 14.4 2.3
1.6 11.2 1.7
-0.2 13.6 3.1
-0.2 13.2 1.7
7.6 14.4 1.7
-0.4 13.8 2.3
2.6 10.8 2.1
-0.2 16.2 1.3
7.6 14.8 2.5
2.6 10.8 1.9
-0.4 13.8 1.7
2 11.4 0.3
6.8 13.2 0.1
7.6 14.8 1.5
-0.2 13.6 0.9
2 11 2.3
7.4 14.4 0.7
3.6 18 4.5
5.4 15.8 5.5
7.6 15.2 2.3
1.8 11.4 0.5
2 11 1.7
7.6 15.2 1.7
7.6 15 2.5
-1.11022e-16 13.4 3.5
7.2 16.6 1.9
6.2 13.2 4.7
2.6 10.8 2.3
7.6 15 1.5
6.6 17.4 2.7
-0.2 13.8 0.7
2.6 10.8 1.7
7.4 15.2 0.7
-1.11022e-16 13.2 3.3
6.4 17.4 3.3
-0.2 13.4 2.9
6.8 17.2 2.5
3.8 18 4.5
6.4 16.6 4.3
6.8 17 3.1
1.4 11.4 2.9
6.6 17.4 1.3
6.8 17.2 1.5
-0.2 16.4 2.1
-1.11022e-16 13.4 0.5
1.6 11.2 2.5
-0.2 16.4 1.9
-0.2 13.2 2.5
-1.11022e-16 16.8 2.1
-0.2 13.4 1.1
6.4 17 0.1
-1.11022e-16 16.8 1.9
7.6 14.4 2.5
-1.11022e-16 16.6 2.9
3.4 17.2 5.3
1.6 11.2 1.5
-1.11022e-16 13.2 0.7
6.4 17.4 0.7
1.4 11.4 1.1
7.2 16.6 1.7
-0.2 13.2 1.5
7.2 16.4 2.9
-0.4 13.8 2.5
6.8 17 0.9
7.6 14.4 1.5
7 16.4 3.5
2.8 10.8 1.3
1.6 11.4 3.3
-0.4 13.8 1.5
-1.11022e-16 16.6 1.1
7 16.2 3.7
3.8 17.2 5.3
3 10.8 2.9
7.2 16.4 1.1
2 11 2.5
-1.11022e-16 13.6 3.7
7.6 15.2 2.5
-0.2 16.4 2.3
2 11.2 0.7
-1.11022e-16 16.8 2.3
2 11 1.5
-0.2 16.4 1.7
7.6 15.2 1.5
7.4 16 1.3
1.6 11.4 0.7
-1.11022e-16 16.8 1.7
6.8 16.6 0.3
7 16.4 0.5
6.6 13.6 4.5
3 10.8 1.1
1.2 11.4 2.1
1.2 11.4 1.9
2.6 10.8 2.5
7 16.8 1.1
7.6 14.8 2.7
6.4 16 4.7
6.8 16.4 0.1
7 16.2 0.3
7.4 16.2 2.1
2.6 10.8 1.5
7.4 16.2 1.9
-1.11022e-16 13.6 0.3
7 17 2.1
7.6 14.8 1.3
7 17 1.9
-1.11022e-16 13 3.1
6.8 16.8 3.5
-0.2 16.2 2.9
7.6 15 2.7
1.2 11.4 2.3
7.2 16.6 1.5
6.6 17.2 0.7
1.2 11.4 1.7
-1.11022e-16 16.2 0.5
7.6 15 1.3
-1.11022e-16 13 0.9
7.4 16.2 2.3
-0.2 16.2 1.1
6.8 17.2 2.7
1.8 11.2 3.1
7.4 16.2 1.7
6.4 17.2 0.3
-0.4 13.6 2.1
6.8 16.8 0.5
-0.4 13.6 1.9
7 16.6 0.7
6.8 16.2 4.1
-0.2 16.4 2.5
7 17 1.7
1.6 11.2 2.7
6.8 17.2 1.3
-1.11022e-16 16.8 2.5
-0.2 13.2 2.7
-1.11022e-16 16.4 0.7
7.6 14.4 2.7
-0.2 16.4 1.5
1.8 11.2 0.9
-1.11022e-16 16.8 1.5
-0.4 13.8 2.7
1.6 11.2 1.3
-0.2 13.2 1.3
6.6 16.6 4.1
6.6 17.4 2.9
7.6 14.4 1.3
7.4 14.8 3.5
7.2 16.2 3.3
-0.4 13.8 1.3
-0.4 13.6 2.3
2.4 10.8 2.1
2 11 2.7
2.4 10.8 1.9
7.6 15.2 2.7
7.2 16 3.5
7.4 14.6 3.5
-0.4 13.6 1.7
6.6 17.4 1.1
7 16 0.1
2.6 18.2 4.1
2 11 1.3
6.6 16.8 0.1
7.6 15.2 1.3
7.4 15 3.5
1.2 11.4 2.5
-0.2 13.6 3.3
7.2 16.2 0.7
7.4 14.8 0.5
2.6 10.8 2.7
1.2 11.4 1.5
5.6 16.6 5.1
2.8 10.8 1.1
7.4 16.2 2.5
-0.2 13.4 3.1
7.2 16 0.5
7.4 14.6 0.5
2.4 10.8 2.3
2.6 10.8 1.3
7.4 16.2 1.5
2.4 10.8 1.7
-0.2 13.6 0.7
6.6 17 3.7
7.4 15 0.5
7 17 1.5
-1.11022e-16 16.6 3.1
-0.2 13.4 0.9
7.4 14.4 3.5
7.4 16 1.1
7.2 16.4 3.1
1.4 11.4 0.9
7.6 14.8 2.9
7.2 16.6 1.3
-1.11022e-16 13.8 0.1
-0.2 13 2.1
-0.2 13 1.9
-0.4 13.6 2.5
3 10.8 3.1
-1.11022e-16 16.6 0.9
6.6 16.4 4.3
6.4 13.4 4.7
6.8 17 3.3
6.6 17 0.3
-0.2 16.4 2.7
7.2 16.4 0.9
7.6 14.8 1.1
-1.11022e-16 16.8 2.7
-0.4 13.6 1.5
7.4 14.4 0.5
6.2 13.4 4.9
7.6 15 2.9
1.8 11.4 3.7
1.8 11 2.1
-0.2 16.4 1.3
7.6 14.6 1.1
1.8 11 1.9
-1.11022e-16 16.8 1.3
3 10.8 0.9
-0.2 13 2.3
6.8 17 0.7
7 16.8 0.9
6.8 17.2 2.9
-1.11022e-16 13.2 3.5
7.6 15 1.1
6.4 17.4 3.5
-0.2 13 1.7
-0.2 13.8 0.5
2.4 10.8 2.5
7.4 15.2 0.5
2.6 17.6 4.9
2.4 10.8 1.5
1.6 11.2 2.9
-0.2 13.2 2.9
1.8 11.4 0.3
6.8 17.2 1.1
-0.2 16.2 3.1
7.6 14.4 2.9
1.8 11 2.3
-0.4 13.8 2.9
1.8 11 1.7
-1.11022e-16 13.2 0.5
6.4 17.4 0.5
1.6 11.2 1.1
1.6 11.4 3.5
-0.2 13.2 1.1
7.4 16.2 2.7
1.2 11.4 1.3
7.6 14.4 1.1
-0.2 16.2 0.9
-0.4 13.8 1.1
6.8 13.2 4.1
2 11 2.9
7.6 15.2 2.9
2 11.4 0.1
7.4 16.2 1.3
-1.11022e-16 13 3.3
2 11.2 0.5
7 17 1.3
6.4 13.8 4.9
-1.11022e-16 13.4 0.3
2 11 1.1
1.6 11.4 0.5
7.6 15.2 1.1
2.6 10.8 2.9
-0.2 13 2.5
6.6 17.4 3.1
1.8 11.2 3.3
-1.11022e-16 13 0.7
-0.2 13 1.5
-0.2 16.6 2.1
-0.2 16.6 1.9
2.6 10.8 1.1
-0.4 13.6 1.3
6.6 17.4 0.9
1.8 11 2.5
-0.4 13.4 2.1
-0.4 13.4 1.9
1.8 11.2 0.7
7 16.4 0.3
7.4 16.4 2.1
7.4 16.4 1.9
1.8 11 1.5
6.6 17.2 0.5
6.8 17.4 2.1
7.2 16.6 1.1
6.8 17.4 1.9
2.8 10.8 0.9
2.4 10.8 2.7
-0.2 16.6 2.3
7 16.2 3.9
-0.2 16.6 1.7
-0.2 16.4 2.9
-1.11022e-16 13.6 3.9
-1.11022e-16 16.8 2.9
7 16.6 0.5
2.4 10.8 1.3
6.8 16.8 3.7
7.2 16.8 1.7
2.2 10.8 2.1
-0.4 13.4 2.3
2.2 10.8 1.9
3.6 17.8 4.9
-1.11022e-16 16.4 0.5
-0.4 13.4 1.7
7.4 16.4 2.3
-0.2 16.4 1.1
7.4 16 0.9
6.8 16.6 0.1
-1.11022e-16 16.8 1.1
7.6 14.8 3.1
6.8 17.4 2.3
7.4 16.4 1.7
7.2 16.2 3.5
-1.11022e-16 16.2 0.3
1.4 11.2 1.5
-0.2 13.4 3.3
6.8 17.4 1.7
7 16.2 0.1
-1.11022e-16 17 2.1
-1.11022e-16 13.6 0.1
-1.11022e-16 17 1.9
6.8 16.8 0.3
7.6 14.8 0.9
2.2 10.8 2.3
7.6 15 3.1
-1.11022e-16 16.6 3.3
2.2 10.8 1.7
-0.2 13.6 3.5
-0.2 13.4 0.7
7.2 16.4 3.3
7.6 14.6 0.9
7.2 16.2 0.5
3 10.6 2.1
-0.2 13 2.7
3 10.6 1.9
7.4 16.2 2.9
1.4 11.4 0.7
7.4 14.8 3.7
6.8 17.2 3.1
-0.2 16.6 2.5
1.2 11.4 1.1
-0.4 16.2 2.1
6.4 16.6 4.5
7.6 15 0.9
-0.4 16.2 1.9
3 10.8 3.3
-1.11022e-16 17 2.3
-0.2 13 1.3
-1.11022e-16 16.6 0.7
7.4 14.6 3.7
6.4 17.2 0.1
-0.2 16.6 1.5
1.6 11.2 3.1
-1.11022e-16 17 1.7
3.6 18 4.7
7.4 16.2 1.1
7.2 16.4 0.7
-0.2 13.2 3.1
-0.2 13.6 0.5
-0.4 13.4 2.5
7.6 14.4 3.1
1.8 11 2.7
7.2 16.8 1.5
6.8 17.2 0.9
7 17 1.1
7.4 15 3.7
7.4 16.4 2.5
-0.4 13.8 3.1
3 10.6 2.3
-0.4 13.4 1.5
6.8 17.4 2.5
3 10.8 0.7
7.4 14.8 0.3
1.8 11 1.3
3 10.6 1.7
1.6 11.2 0.9
7.4 16.4 1.5
-0.2 13.2 0.9
-0.4 16.2 2.3
7 16.8 0.7
7.6 14.4 0.9
6.8 17.4 1.5
7.2 16 0.3
-0.4 16.2 1.7
2 11 3.1
7.4 14.6 0.3
6.8 17 3.5
7.6 15.2 3.1
-0.4 13.8 0.9
2.2 10.8 2.5
-0.2 16.2 3.3
7.4 15 0.3
-0.4 13.6 1.1
7.4 14.4 3.7
2.2 10.8 1.5
2.6 10.8 3.1
2 11 0.9
6.2 13.2 4.9
7.6 15.2 0.9
3.8 17.4 5.3
6.8 17 0.5
7 17.2 2.1
2.4 10.8 2.9
7 17.2 1.9
1 11.4 2.1
1.4 11.2 1.3
1 11.4 1.9
-1.11022e-16 17 2.5
-0.2 16.2 0.7
6.8 16.2 4.3
2.6 10.8 0.9
6.6 17 3.9
-1.11022e-16 17 1.5
7.4 14.4 0.3
2.4 10.8 1.1
6.6 13.6 4.7
3 10.6 2.5
6.6 17.4 3.3
6.6 16.6 4.3
3 10.6 1.5
-0.4 16.2 2.5
-1.11022e-16 13.2 3.7
-0.2 16.6 2.7
1 11.4 2.3
6.4 17.4 3.7
7.2 16.6 0.9
2.8 10.6 2.1
7 17.2 1.7
2.8 10.6 1.9
1 11.4 1.7
-0.2 13.8 0.3
7.6 16 2.1
7.4 15.2 0.3
-0.4 16.2 1.5
-0.2 16.4 3.1
7.6 16 1.9
-1.11022e-16 16.8 3.1
6.6 17 0.1
-0.2 16.6 1.3
-1.11022e-16 13 3.5
2.6 18.2 4.3
-0.4 13.4 2.7
6.6 17.4 0.7
1.8 11.4 3.9
7.2 16.8 1.3
7.4 16.4 2.7
6.8 17.4 2.7
-0.2 13 2.9
-0.2 16.4 0.9
-0.4 13.4 1.3
1.6 11.4 3.7
-1.11022e-16 13.2 0.3
-1.11022e-16 16.8 0.9
6.4 17.4 0.3
1.6 11 2.1
6.4 16 4.9
1.6 11 1.9
7.4 16.4 1.3
1.8 11.2 3.5
2.8 10.6 2.3
2.8 10.8 0.7
7.6 16 2.3
6.8 17.4 1.3
-1.11022e-16 13 0.5
2.8 10.6 1.7
-0.2 13 1.1
7.6 16 1.7
2.2 10.8 2.7
1.8 11 2.9
1.8 11.4 0.1
2 11.2 0.3
2.2 10.8 1.3
1.6 11.4 0.3
1.8 11.2 0.5
7.4 16 0.7
7.6 14.8 3.3
7.8 14.8 2.1
1.6 11 2.3
7.8 14.8 1.9
-0.4 13.2 2.1
1.8 11 1.1
1 11.4 2.5
-0.4 13.2 1.9
1.6 11 1.7
-1.11022e-16 17 2.7
1.2 11.4 0.9
7 17.2 1.5
7.8 14.6 2.1
1 11.4 1.5
7.8 14.6 1.9
7.4 16.2 0.9
-1.11022e-16 17 1.3
7.6 15 3.3
7.6 14.8 0.7
7.8 15 2.1
7.8 15 1.9
-1.11022e-16 13.4 0.1
7 17 0.9
3 10.6 2.7
3.4 17.2 5.5
2 10.8 2.1
2 10.8 1.9
7.6 14.6 0.7
7.8 14.8 2.3
-0.4 13.2 2.3
-0.4 16.2 2.7
6.8 17.2 3.3
2.8 10.6 2.5
7.8 14.8 1.7
6.6 17.2 0.3
-0.2 13.4 3.5
3 10.6 1.3
-0.4 13.2 1.7
7.6 16 2.5
1.4 11.2 1.1
7.8 14.6 2.3
7.6 15 0.7
6.6 16.4 4.5
3.8 17.2 5.5
-0.6 13.8 2.1
2.8 10.6 1.5
-0.6 13.8 1.9
-0.4 16.2 1.3
7.8 14.6 1.7
1.6 11.2 3.3
7.6 16 1.5
-0.2 13.2 3.3
7 16.6 0.3
7.6 14.4 3.3
7.4 16.6 2.1
7.8 15 2.3
7.4 16.6 1.9
7.8 14.4 2.1
7.8 14.4 1.9
-0.4 13.6 0.9
6.8 17.2 0.7
-0.4 13.8 3.3
7.8 15 1.7
7.2 16.4 3.5
-1.11022e-16 16.4 0.3
2 10.8 2.3
-0.2 13.4 0.5
7 16.4 0.1
1.6 11 2.5
-0.2 16.8 2.1
2 10.8 1.7
-0.2 16.8 1.9
7.2 16.2 3.7
-0.2 16.6 2.9
1.4 11.4 0.5
1.6 11.2 0.7
2.4 10.8 3.1
-0.2 13.2 0.7
1.6 11 1.5
3 10.8 3.5
1.2 11.2 2.1
7.6 14.4 0.7
-0.6 13.8 2.3
7.6 15.2 3.3
6.8 13.2 4.3
1.2 11.2 1.9
2.6 10.6 2.1
-0.6 13.8 1.7
-0.4 13.8 0.7
-1.11022e-16 16.6 0.5
2.6 10.6 1.9
-0.4 13.4 2.9
7.4 16.6 2.3
-0.2 16.6 1.1
6.8 16.8 3.9
7.2 16.4 0.5
7.8 14.4 2.3
2.4 10.8 0.9
7.4 16.6 1.7
7.4 16.4 2.9
-0.2 13.6 3.7
7.8 14.4 1.7
7.2 16.8 1.1
2.6 10.8 3.3
6.8 17.4 2.9
-0.4 16.4 2.1
7.8 14.8 2.5
-0.2 16.8 2.3
-0.4 16.4 1.9
2 11 0.7
-0.4 13.2 2.5
7.2 16.2 0.3
7.6 15.2 0.7
-0.4 13.4 1.1
3 10.8 0.5
1 11.4 2.7
-0.2 16.8 1.7
7.8 14.8 1.5
7.4 16.4 1.1
7 16.8 0.5
7.2 17 2.1
1.2 11.2 2.3
-1.11022e-16 16.2 0.1
-0.4 13.2 1.5
7 16.2 4.1
7.2 17 1.9
6.8 17.4 1.1
6.4 13.4 4.9
7 17.2 1.3
1.2 11.2 1.7
-1.11022e-16 13.6 4.1
2.6 10.6 2.3
1 11.4 1.3
2.2 10.8 2.9
7.8 14.6 1.5
2.6 10.8 0.7
2.6 10.6 1.7
6.8 16.8 0.1
-0.2 16.2 3.5
-0.2 13.6 0.3
2 10.8 2.5
-0.4 16.4 2.3
7.8 15 1.5
-0.2 13 3.1
2.2 10.8 1.1
-0.4 16.4 1.7
2.8 10.6 2.7
7.4 14.8 3.9
2 10.8 1.5
5.6 16.6 5.3
7.2 17 2.3
7.6 16 2.7
-1.11022e-16 17 2.9
7.2 16.6 0.7
-0.6 13.8 2.5
6.8 17 3.7
-0.2 16.4 3.3
7.2 17 1.7
-0.2 16.2 0.5
7.4 14.6 3.9
2.8 10.6 1.3
-1.11022e-16 16.8 3.3
-0.2 13 0.9
7.4 16.6 2.5
-0.6 13.8 1.5
7.6 16 1.3
6.2 13.4 5.1
7.8 14.4 2.5
1.8 11 3.1
-1.11022e-16 17 1.1
7.4 15 3.9
3 10.6 2.9
7.4 16.6 1.5
7.8 14.4 1.5
-0.2 16.8 2.5
1.6 11 2.7
6.6 17.4 3.5
-0.2 16.4 0.7
7.6 16.2 2.1
-0.4 16.2 2.9
7.4 14.8 0.1
7.6 16.2 1.9
-1.11022e-16 16.8 0.7
-0.2 16.8 1.5
1.8 11 0.9
1.2 11.2 2.5
6.8 17 0.3
3 10.6 1.1
1.6 11 1.3
2.6 17.6 5.1
2.6 10.6 2.5
7.2 16 0.1
7.4 14.6 0.1
1.2 11.2 1.5
-0.4 16.2 1.1
2.6 10.6 1.5
7.4 14.4 3.9
7.4 15 0.1
6.6 17.4 0.5
-0.4 16.4 2.5
7.8 14.8 2.7
-0.4 13.2 2.7
7.6 16.2 2.3
-0.4 16.4 1.5
7.6 16.2 1.7
7.2 17 2.5
7.8 14.8 1.3
-0.4 13.2 1.3
2.8 10.8 0.5
1.2 11.4 0.7
1.4 11.2 0.9
7.2 17 1.5
-1.11022e-16 13 3.7
7.8 14.6 1.3
7.4 16.2 0.7
6.4 13.8 5.1
-0.6 13.6 2.1
7.4 14.4 0.1
-0.6 13.6 1.9
2 10.8 2.7
7 17 0.7
7.8 15 1.3
7.6 14.8 3.5
1 11.4 2.9
7.4 16 0.5
-0.2 16.6 3.1
-1.11022e-16 13.2 3.9
2 10.8 1.3
2 10.8 1.3
6.4 17.4 3.9
-0.6 13.8 2.7
-1.11022e-16 13 0.3
-0.2 13.8 0.1
7.4 15.2 0.1
7 17.2 1.1
7.4 16.6 2.7
6.6 17 4.1
1 11.4 1.1
-0.4 13.4 3.1
7.8 14.4 2.7
-0.6 13.8 1.3
7.6 15 3.5
-0.2 16.6 0.9
-0.6 13.6 2.3
7.4 16.4 3.1
7.6 14.8 0.5
2.4 10.6 2.1
2.4 10.6 1.9
-0.6 13.6 1.7
-0.4 13.6 0.7
6.8 17.4 3.1
7.4 16.6 1.3
7.2 16.8 0.9
7.8 14.4 1.3
7.6 16.2 2.5
1.8 11.2 0.3
2.8 10.6 2.9
7.6 14.6 0.5
-0.4 13.4 0.9
2.4 10.8 3.3
-1.11022e-16 13.2 0.1
6.4 17.4 0.1
7.6 16 2.9
1.2 11.2 2.7
7.6 16.2 1.5
-0.2 16.8 1.3
6.4 16.6 4.7
7.4 16.4 0.9
2.6 10.6 2.7
7.6 15 0.5
2.2 10.8 3.1
6.8 17.4 0.9
1.6 11.2 3.5
-0.4 13 2.1
-0.4 13 1.9
2.8 10.6 1.1
1.2 11.2 1.3
7.6 14.4 3.5
7.8 15.2 1.3
7.6 16 1.1
1.8 11.4 4.1
2.4 10.6 2.3
2.6 10.6 1.3
3.6 17.8 5.1
-0.4 16.4 2.7
-0.4 13.8 3.5
2.4 10.8 0.7
2 11.2 0.1
6.8 17.2 0.5
2.4 10.6 1.7
1.6 11 2.9
2.2 10.8 0.9
1.6 11.4 0.1
7.2 17 2.7
-0.2 13.4 3.7
-0.4 16.4 1.3
-1.11022e-16 17 3.1
1.8 10.8 2.1
1.8 10.8 2.1
1.6 11.2 0.5
1.8 10.8 1.9
1.8 10.8 1.9
-0.2 13.2 0.5
7.6 15.2 3.5
7.6 14.4 0.5
-0.4 13 2.3
1.6 11 1.1
6.8 16.2 4.5
7.2 17 1.3
3.6 18 4.9
-0.4 13 1.7
-0.4 13.8 0.5
-0.6 13.6 2.5
3 10.6 3.1
-1.11022e-16 17 0.9
7.2 16.4 3.7
2.6 10.8 3.5
7.8 14.8 2.9
7 17.4 2.1
-0.6 13.6 1.5
-0.4 13.2 2.9
7 17.4 1.9
-0.4 16.2 3.1
-0.2 13.4 0.3
2 11 0.5
6.6 16.6 4.5
7.6 15.2 0.5
1.8 10.8 2.3
1.8 10.8 2.3
1.4 11.4 0.3
6.6 17.2 0.1
1.8 10.8 1.7
1.8 10.8 1.7
3 10.6 0.9
7.8 14.8 1.1
-0.4 13.2 1.1
1.4 11 1.7
0.8 11.4 2.1
-0.2 13 0.7
0.8 11.4 1.9
2.6 18.2 4.5
1.8 11 3.3
-1.11022e-16 16.6 0.3
-0.4 16.2 0.9
2.6 10.8 0.5
7.8 14.6 1.1
2.4 10.6 2.5
7 16.6 0.1
7.2 16.4 0.3
2 10.8 2.9
7 17.4 2.3
2.4 10.6 1.5
-1.11022e-16 16.4 0.1
7 17.4 1.7
7.8 15 1.1
7.2 16.2 3.9
3 10.8 0.3
-0.6 13.8 2.9
2 10.8 1.1
2 10.8 1.1
1.8 11 0.7
7.6 16.2 1.3
7 16.8 0.3
-0.2 16.4 3.5
7.2 16.6 0.5
7.4 16.8 2.1
-0.4 13 2.5
7.4 16.8 1.9
-1.11022e-16 16.8 3.5
7.4 16.6 2.9
0.8 11.4 2.3
7.8 14.4 2.9
-0.2 16.2 3.7
-0.4 13 1.5
-0.4 16.6 2.1
0.8 11.4 1.7
-0.4 16.6 1.9
-0.6 13.8 1.1
-0.2 13.6 3.9
6.6 13.6 4.9
6.2 13.2 5.1
7.4 16.6 1.1
7.8 14.4 1.1
1 11.4 3.1
7.2 16.2 0.1
-0.2 16.4 0.5
1.8 10.8 2.5
1.8 10.8 2.5
1.2 11.2 2.9
-1.11022e-16 16.8 0.5
7.4 16.8 2.3
-0.2 16.8 1.1
1.8 10.8 1.5
1.8 10.8 1.5
1.4 11.2 0.7
7.4 16.8 1.7
-0.2 16.2 0.3
7 17.2 0.9
1.4 11 1.5
-0.4 16.6 2.3
1 11.4 0.9
-0.6 13.6 2.7
6.8 16.8 4.1
1.2 11.2 1.1
7.8 15.2 1.1
-0.2 17 2.1
-0.4 16.6 1.7
7.6 16.4 2.1
-0.4 16.4 2.9
-0.2 13.6 0.1
-0.2 17 1.9
7 17.4 2.5
2.6 10.6 1.1
7.6 16.4 1.9
-0.6 13.6 1.3
6.6 17.4 3.7
2.8 10.6 3.1
7 17.4 1.5
-0.2 16.6 3.3
7.6 16 3.1
-0.4 16.4 1.1
6.8 17 3.9
0.8 11.4 2.5
1.2 11.4 0.5
-0.4 13.4 3.3
7.2 17 1.1
2.8 10.6 0.9
2.4 10.6 2.7
-0.2 17 2.3
0.8 11.4 1.5
7.4 16.4 3.3
7.6 16.4 2.3
7.6 16 0.9
-0.2 16.6 0.7
7.4 16.2 0.5
-0.2 17 1.7
6.8 17.4 3.3
7.6 16.4 1.7
6.6 17.4 0.3
1.6 11 3.1
7 17 0.5
7.2 16.8 0.7
2.4 10.6 1.3
2.2 10.6 2.1
3.8 17.4 5.5
2.2 10.6 1.9
6.4 16 5.1
-0.4 13.4 0.7
7.4 16.8 2.5
-0.4 13 2.7
6.8 17 0.1
6.6 16.4 4.7
7.4 16.4 0.7
7.4 14.6 4.1
2.2 10.8 3.3
2.8 10.8 0.3
1.6 11 0.9
7.4 16.8 1.5
6.8 17.4 0.7
-0.4 16.6 2.5
1 11.2 2.1
1 11.2 1.9
-0.4 13 1.3
7.4 15 4.1
-0.4 16.6 1.5
7.8 14.8 3.1
-0.4 13.2 3.1
-0.4 13.6 0.5
7.6 14.8 3.7
7.2 17.2 2.1
2.2 10.6 2.3
7.2 17.2 1.9
1.8 10.8 2.7
2.2 10.8 0.7
2.4 10.8 3.5
7.4 16 0.3
2.2 10.6 1.7
-1.11022e-16 17 3.3
7.6 16.2 1.1
7.8 14.8 0.9
1.8 10.8 1.3
1.8 10.8 1.3
-0.4 13.2 0.9
-1.11022e-16 13 3.9
-0.6 16.2 2.1
1 11.2 2.3
-0.6 16.2 1.9
7.6 15 3.7
1.4 11 1.3
-0.2 17 2.5
7.6 16.4 2.5
1 11.2 1.7
3 10.6 3.3
2 10.8 3.1
7.8 14.6 0.9
7.6 14.8 0.3
-1.11022e-16 17 0.7
2.4 10.8 0.5
-0.2 17 1.5
7.6 16.4 1.5
7.2 17.2 2.3
-0.4 16.2 3.3
7.2 17.2 1.7
7.8 15 0.9
7 17.4 1.3
7.6 14.6 0.3
-0.6 13.8 3.1
-0.6 13.4 1.5
2 10.8 0.9
2 10.8 0.9
3 10.4 2.1
0.8 11.4 2.7
3 10.6 0.7
3 10.4 1.9
1.6 11.2 3.7
7.4 16.6 3.1
7.8 14.4 3.1
-1.11022e-16 13 0.1
-0.6 16.2 2.3
7.6 15 0.3
-0.6 13.6 2.9
7.6 14.4 3.7
-0.6 16.2 1.7
-0.4 16.2 0.7
0.8 11.4 1.3
-0.6 13.8 0.9
-0.4 13.8 3.7
2.2 10.6 2.5
6.8 17.2 0.3
7.4 16.6 0.9
-0.6 13.6 1.1
7.8 14.4 0.9
1.2 11.2 3.1
1.8 11.2 0.1
-1.11022e-16 13.2 4.1
6.4 17.4 4.1
2.2 10.6 1.5
7.4 16.8 2.7
7.6 15.2 3.7
3 10.4 2.3
1.6 11.2 0.3
-0.2 13.2 0.3
-0.2 16.8 0.9
3 10.4 1.7
7.6 14.4 0.3
1 11.2 2.5
7.4 16.8 1.3
2.4 10.6 2.9
-0.2 13 0.5
-0.4 13.8 0.3
1.2 11.2 0.9
-0.4 16.4 3.1
7.8 15.2 0.9
1 11.2 1.5
2.6 10.8 3.7
-0.4 16.6 1.3
2.6 10.6 0.9
7.2 17.2 2.5
1 11.4 3.3
2.4 10.6 1.1
-0.2 13.4 3.9
2 11 0.3
7.2 17.2 1.5
7.6 15.2 0.3
-0.4 13 2.9
-0.4 16.4 0.9
1.8 11 0.5
6.4 13.4 5.1
-0.6 16.2 2.5
6.6 17 4.3
1.6 10.8 2.1
1.6 10.8 2.1
1.6 10.8 1.9
1.6 10.8 1.9
-0.2 17 2.7
7 17.2 0.7
7.6 16.4 2.7
7.2 17 0.9
1 11.4 0.7
2.6 10.8 0.3
-0.6 16.2 1.5
-0.4 13 1.1
7.2 16.4 3.9
-0.2 17 1.3
7.6 16.4 1.3
2.8 10.6 3.3
1.8 10.8 2.9
7.6 16 3.3
-0.2 13.4 0.1
7.8 16 2.1
7.8 16 1.9
3 10.4 2.5
-0.6 13.4 1.3
-0.2 16.4 3.7
1.4 11.4 0.1
3.8 17.2 5.7
-1.11022e-16 16.8 3.7
7.2 16.6 0.3
1.6 10.8 2.3
1.6 10.8 2.3
1.8 10.8 1.1
1.8 10.8 1.1
3 10.4 1.5
1.4 11.2 0.5
1.6 10.8 1.7
1.6 10.8 1.7
2.8 10.4 2.1
2.8 10.6 0.7
-1.11022e-16 16.6 0.1
2.8 10.4 1.9
1.4 11 1.1
1.8 11.4 4.3
7.6 16 0.7
7.2 16.4 0.1
1.6 11 3.3
2.2 10.6 2.7
-0.2 16.6 3.5
7.8 16 2.3
7 17.4 1.1
-0.2 16.4 0.3
3 10.8 0.1
7.8 16 1.7
2.2 10.6 1.3
-1.11022e-16 16.8 0.3
0.8 11.4 2.9
7.6 16.2 0.9
7 16.8 0.1
-0.6 13.2 2.1
-0.6 13.2 1.9
-0.4 13.4 3.5
1.6 11 0.7
2.8 10.4 2.3
-0.2 16.2 3.9
6.2 13.4 5.3
7.4 16.4 3.5
1.2 11 2.1
2.8 10.4 1.7
1.2 11 1.9
7.8 14.8 3.3
6.8 17.4 3.5
0.8 11.4 1.1
-0.2 16.6 0.5
7.2 17.2 2.7
1 11.2 1.3
-0.4 13.2 3.3
7.2 16.8 0.5
7.2 16.2 4.1
5.6 16.6 5.5
7.4 16.8 2.9
7.2 17.2 1.3
-0.4 13.4 0.5
2 10.6 2.1
2 10.6 2.1
-0.4 16.8 2.1
-0.6 13.2 2.3
2 10.6 1.9
2 10.6 1.9
2.2 10.8 3.5
-0.4 16.8 1.9
1.6 10.8 2.5
1.6 10.8 2.5
-0.6 16.2 2.7
7.4 16.4 0.5
7.6 16.6 2.1
7.8 14.8 0.7
7.6 16.6 1.9
1.2 11.4 0.3
-0.6 13.6 3.1
-0.6 13.2 1.7
-0.4 13.2 0.7
-0.2 16.2 0.1
6.8 17.4 0.5
7.4 16.8 1.1
1.2 11 2.3
1.6 10.8 1.5
1.6 10.8 1.5
2 10.8 3.3
-0.2 13.6 4.1
-0.6 16.2 1.3
1.2 11 1.7
7.8 14.6 0.7
7.4 16.2 0.3
8 14.8 2.1
8 14.8 1.9
-0.4 16.6 1.1
6.6 17.4 3.9
7 17 0.3
7.4 17 2.1
7.8 16 2.5
-0.6 13.6 0.9
7.4 17 1.9
-1.11022e-16 17 3.5
-0.6 13.8 3.3
7.8 15 0.7
2.2 10.8 0.5
8 14.6 2.1
3 10.4 2.7
8 14.6 1.9
6.4 16.6 4.9
2 10.6 2.3
2 10.6 2.3
-0.4 16.8 2.3
7.8 16 1.5
2 10.8 0.7
2 10.8 0.7
7.4 16.6 3.3
7.6 16.6 2.3
2 10.6 1.7
2 10.6 1.7
-0.4 16.8 1.7
6.8 16.2 4.7
7.8 14.4 3.3
2.8 10.4 2.5
8 15 2.1
-0.2 17 2.9
7.6 16.6 1.7
7.6 16.4 2.9
3 10.4 1.3
8 15 1.9
3 10.6 3.5
6.4 13.8 5.3
-0.8 13.8 2.1
-0.8 13.8 1.9
2.8 10.4 1.5
8 14.8 2.3
-0.6 13.8 0.7
-1.11022e-16 17 0.5
-0.4 16.2 3.5
6.6 17.4 0.1
8 14.8 1.7
-0.4 13.6 0.3
7.4 17 2.3
-0.2 17 1.1
7.6 16.4 1.1
6.6 16.6 4.7
1.2 11.2 3.3
2.4 10.8 3.7
7.4 16.6 0.7
2.4 10.6 0.9
7.8 14.4 0.7
8 14.6 2.3
7.4 17 1.7
-0.4 13 3.1
-0.6 16.4 2.1
8 14.6 1.7
-0.6 16.4 1.9
6.8 17 4.1
-0.6 13.2 2.5
-0.6 13.4 1.1
-0.2 16.8 0.7
3 10.6 0.5
8 15 2.3
2.8 10.8 0.1
8 14.4 2.1
8 14.4 1.9
2.6 18.2 4.7
6.8 16.8 4.3
-0.6 13.2 1.5
1.2 11 2.5
8 15 1.7
-0.8 13.8 2.3
-0.4 16.4 3.3
-0.4 16.2 0.5
1.2 11.2 0.7
-0.4 13 0.9
-0.8 13.8 1.7
7.8 15.2 0.7
1.2 11 1.5
2.2 10.6 2.9
2.6 10.4 2.1
7.6 14.8 3.9
2.6 10.6 0.7
2.6 10.4 1.9
2.4 10.8 0.3
1.8 10.8 3.1
-0.6 16.4 2.3
7.4 16 0.1
8 15.2 2.1
2 10.6 2.5
2 10.6 2.5
-0.4 16.8 2.5
8 15.2 1.9
2.2 10.6 1.1
-0.6 16.4 1.7
7.6 16.6 2.5
-0.4 16.4 0.7
1.6 10.8 2.7
1.6 10.8 2.7
8 14.4 2.3
2 10.6 1.5
2 10.6 1.5
-0.4 16.8 1.5
3.6 18 5.1
1.8 10.8 0.9
1.8 10.8 0.9
7.6 15 3.9
7.6 16.6 1.5
8 14.4 1.7
7.2 17 0.7
1.6 10.8 1.3
1.6 10.8 1.3
8 14.8 2.5
1.4 11 0.9
7.2 17.2 2.9
0.6 11.4 2.1
2.6 10.4 2.3
0.6 11.4 1.9
1 11.2 1.1
7.6 14.8 0.1
1 11.4 3.5
7.4 17 2.5
2.6 10.4 1.7
7.8 16 2.7
8 14.8 1.5
8 14.6 2.5
8 15.2 2.3
7.4 17 1.5
7.6 14.6 0.1
7 17.4 0.9
7.2 17.2 1.1
0.8 11.4 3.1
8 15.2 1.7
8 14.6 1.5
-0.6 16.2 2.9
7.4 14.6 4.3
7.8 16 1.3
1.6 11.2 3.9
8 15 2.5
-1.11022e-16 13 4.1
2.8 10.4 2.7
7.6 14.4 3.9
7.6 15 0.1
-0.8 13.8 2.5
7 17.2 0.5
8 15 1.5
-0.2 13 0.3
1 11.4 0.5
7.4 15 4.3
-0.4 13.8 3.9
0.6 11.4 2.3
-0.6 16.2 1.1
2.8 10.4 1.3
-0.8 13.8 1.5
0.8 11.4 0.9
0.6 11.4 1.7
2.8 10.6 3.5
6.8 17.2 0.1
7.6 16 3.5
7.4 16.8 3.1
3 10.4 2.9
7.6 15.2 3.9
-0.6 13.2 2.7
1.6 11.2 0.1
-0.6 16.4 1.5
1.8 11 0.3
-0.2 13.2 0.1
7.6 16.2 0.7
7.6 14.4 0.1
3 10.4 1.1
-0.6 13.2 1.3
8 14.4 1.5
7.4 16.8 0.9
2.8 10.6 0.5
-0.4 13.8 0.1
2.6 10.8 3.9
2.6 10.4 2.5
6.6 13.6 5.1
1.6 11 3.5
7.6 16 0.5
1.2 11 1.3
-0.4 16.6 0.9
2.6 10.4 1.5
8 15.2 2.5
2 10.6 2.7
2 10.6 2.7
-0.4 16.8 2.7
2 11 0.1
7.6 15.2 0.1
7.6 16.6 2.7
8 15.2 1.5
-0.6 13.6 3.3
-0.2 17 3.1
7.6 16.4 3.1
2 10.6 1.3
2 10.6 1.3
-0.4 16.8 1.3
1.4 11.2 0.3
1.6 11 0.5
7.6 16.6 1.3
7.2 17.4 2.1
8 14.8 2.7
0.6 11.4 2.5
7.2 17.4 1.9
7.8 14.8 3.5
2.6 10.8 0.1
-0.4 13.2 3.5
0.8 11.2 2.1
7.4 17 2.7
6.2 13.2 5.3
0.8 11.2 1.9
0.6 11.4 1.5
-0.2 16.6 3.7
8 14.6 2.7
-0.8 13.6 2.1
-0.8 13.6 2.1
8 14.8 1.3
-0.2 13.4 4.1
-0.2 17 0.9
-0.8 13.6 1.9
-0.8 13.6 1.9
-1.11022e-16 13.2 4.3
7.6 16.4 0.9
6.4 17.4 4.3
-0.6 13.6 0.7
-0.2 16.4 3.9
7.4 17 1.3
1.6 10.8 2.9
1.6 10.8 2.9
6.6 16.4 4.9
-1.11022e-16 16.8 3.9
8 15 2.7
8 14.6 1.3
-0.6 13.4 0.9
7.2 16.6 0.1
7.8 14.8 0.5
-0.8 13.8 2.7
-0.4 13.2 0.5
7.2 17.4 2.3
7.4 16.4 3.7
2 10.8 3.5
8 15 1.3
-0.6 13 2.1
6.8 17.4 3.7
7.2 16.4 4.1
1.4 10.8 2.1
7.2 17.4 1.7
1.6 10.8 1.1
1.6 10.8 1.1
-0.6 13 1.9
2.2 10.6 3.1
1.4 10.8 1.9
0.8 11.2 2.3
7.8 14.6 0.5
-0.2 16.6 0.3
-0.8 13.8 1.3
7.8 16 2.9
-0.8 13.6 2.3
-0.8 13.6 2.3
0.8 11.2 1.7
-0.6 13.8 3.5
7.2 16.8 0.3
2.4 10.4 2.1
-0.8 13.6 1.7
-0.8 13.6 1.7
2.4 10.6 0.7
-0.4 13 3.3
2.4 10.4 1.9
7.8 15 0.5
-0.2 16.4 0.1
-0.4 13.4 0.3
2.2 10.8 3.7
7.4 16.6 3.5
-1.11022e-16 16.8 0.1
2.2 10.6 0.9
7.8 14.4 3.5
2 10.8 0.5
2 10.8 0.5
2.8 10.4 2.9
7.8 16 1.1
-0.6 16.4 1.3
7.4 16.4 0.3
1.8 10.6 2.1
1.8 10.6 1.9
1.8 10.6 1.9
6.8 17.4 0.3
-0.6 13 2.3
1.4 10.8 2.3
8 14.4 1.3
2.6 10.4 2.7
-0.6 13 1.7
-0.4 13 0.7
1.4 10.8 1.7
-0.6 13.8 0.5
2.8 10.4 1.1
1 11.2 0.9
1.8 10.8 3.3
1.2 11.2 3.5
8 15.2 2.7
-1.11022e-16 17 3.7
2.4 10.4 2.3
2.6 10.4 1.3
6.4 16 5.3
7.4 16.6 0.5
7.8 14.4 0.5
2.2 10.8 0.3
-0.6 13.2 2.9
2.4 10.4 1.7
7.2 17.2 0.9
-0.6 16.2 3.1
8 15.2 1.3
6.6 17 4.5
-0.2 16.8 0.5
1.8 10.6 2.3
-0.2 16.2 4.1
7.2 17.4 2.5
1.2 11.4 0.1
-0.4 16.4 3.5
1.8 10.8 0.7
1.8 10.8 0.7
3 10.6 3.7
0.6 11.4 2.7
1.8 10.6 1.7
1.8 10.6 1.7
-0.6 13.2 1.1
0.8 11.2 2.5
1.2 11.2 0.5
1.4 11 0.7
7.2 17.4 1.5
7.4 16.2 0.1
-0.6 16.2 0.9
7.8 15.2 0.5
-0.4 16.2 3.7
-0.8 13.6 2.5
-0.8 13.6 2.5
1.2 11 1.1
-1.11022e-16 17 0.3
2.6 10.6 0.5
0.6 11.4 1.3
0.8 11.2 1.5
7 17 0.1
3 10.4 3.1
2 10.6 2.9
2 10.6 2.9
-0.4 16.8 2.9
-0.8 13.6 1.5
-0.8 13.6 1.5
7.6 16.6 2.9
0.8 11.4 3.3
7 17.4 0.7
-0.4 16.4 0.5
3 10.6 0.3
2 10.6 1.1
2 10.6 1.1
-0.4 16.8 1.1
-0.6 13 2.5
8 14.8 2.9
1.8 11.4 4.5
1.4 10.8 2.5
3 10.4 0.9
7.6 16.6 1.1
7.2 17 0.5
-0.4 16.2 0.3
7.4 17 2.9
-0.6 13 1.5
6.6 17.4 4.1
-0.6 16.6 2.1
1.4 10.8 1.5
0.8 11.4 0.7
-0.6 16.6 1.9
8 14.6 2.9
2.4 10.8 3.9
2.4 10.4 2.5
7.2 16.2 4.3
-0.4 13.6 0.1
3.8 17.4 5.7
7.4 16.8 3.3
8 14.8 1.1
2.4 10.4 1.5
7.4 17 1.1
8 15 2.9
8 14.6 1.1
1.8 10.6 2.5
-0.8 13.8 2.9
-0.2 13.6 4.3
1.8 10.6 1.5
1.8 10.6 1.5
7.4 16.8 0.7
8 15 1.1
-0.6 16.6 2.3
1 11.4 3.7
1 11 2.1
-0.8 13.8 1.1
1 11 1.9
2.4 10.8 0.1
-0.6 16.6 1.7
-0.4 16.6 0.7
-0.4 17 1.7
1.6 10.8 3.1
1.6 10.8 3.1
-0.2 17 3.3
7.6 16.4 3.3
-0.6 16.4 1.1
7.2 17.4 2.7
7.6 16.2 0.5
7.8 16.4 2.1
7.8 16.4 1.9
2.6 10.4 2.9
7 17.2 0.3
0.8 11.2 2.7
7.4 17.2 2.1
8 14.4 1.1
1 11.4 0.3
7.4 17.2 1.9
1.6 10.8 0.9
1.6 10.8 0.9
7.6 14.8 4.1
7.2 17.4 1.3
-0.8 13.6 2.7
-0.8 13.6 2.7
2.8 10.6 3.7
1 11 2.3
7.8 16 3.1
8 15.2 2.9
7.6 16 3.7
1 11 1.7
0.8 11.2 1.3
-0.2 17 0.7
7.6 16.4 0.7
2.6 10.4 1.1
-0.8 13.6 1.3
-0.8 13.6 1.3
6.8 17 4.3
6.4 13.4 5.3
-0.8 13.4 2.1
-0.8 13.4 2.1
2.8 10.4 3.1
-0.8 13.4 1.9
-0.8 13.4 1.9
-0.6 13.6 3.5
7.8 16.4 2.3
-0.6 13.4 0.7
8 15.2 1.1
7.8 16 0.9
7.6 15 4.1
-0.6 13 2.7
0.6 11.4 2.9
1.4 10.8 2.7
7.8 16.4 1.7
7.4 17.2 2.3
2.2 10.6 3.3
-0.2 13 0.1
1.6 11 3.7
2.8 10.6 0.3
-0.6 16.6 2.5
7.4 17.2 1.7
7.6 16 0.3
2.8 10.4 0.9
-0.6 13 1.3
1.4 10.8 1.3
2.4 10.4 2.7
-0.6 16.6 1.5
0.6 11.4 1.1
-0.6 13.2 3.1
-0.4 17 1.5
-0.6 13.6 0.5
-0.8 13.4 2.3
-0.8 13.4 2.3
1.6 11.2 4.1
2.4 10.4 1.3
2.2 10.4 2.1
1.8 10.6 2.7
2.2 10.6 0.7
2.2 10.4 1.9
1.8 11 0.1
-0.8 13.4 1.7
-0.8 13.4 1.7
7.6 14.4 4.1
6.8 16.8 4.5
1.6 11 0.3
-0.4 13.8 4.1
7.8 14.8 3.7
-0.6 13.2 0.9
-0.4 13.2 3.7
1.8 10.6 1.3
1.8 10.6 1.3
1 11 2.5
1 11.2 0.7
1.2 11 0.9
2 10.6 3.1
2 10.6 3.1
-0.4 16.8 3.1
7.8 16.2 1.1
1 11 1.5
-0.4 13 3.5
7.6 16.6 3.1
7.6 15.2 4.1
2.4 10.6 0.5
-0.6 16.2 3.3
2.2 10.4 2.3
7.2 17.2 0.7
6.8 16.2 4.9
-1.11022e-16 13 4.3
7.8 16.4 2.5
2.2 10.4 1.7
2 10.8 3.7
7.8 14.8 0.3
8 14.8 3.1
7.4 17.2 2.5
2 10.6 0.9
2 10.6 0.9
1.4 11.2 0.1
-0.4 13.2 0.3
-0.4 16.8 0.9
7.8 16.4 1.5
7.6 16.6 0.9
7.4 17 3.1
-0.8 16.2 2.1
-0.8 16.2 1.9
1.8 10.8 3.5
7.4 17.2 1.5
7.8 14.6 0.3
-0.4 13 0.5
8 14.6 3.1
-0.6 16.2 0.7
-0.2 16.6 3.9
6.6 16.6 4.9
-0.6 13.8 3.7
3 10.4 3.3
8 14.8 0.9
6.4 16.6 5.1
-0.8 13.4 2.5
-0.8 13.4 2.5
7.8 15 0.3
7.4 16.6 3.7
7.4 14.6 4.5
7.8 14.4 3.7
7.4 17 0.9
-0.8 13.8 3.1
7.2 17.4 2.9
2 10.8 0.3
2 10.8 0.3
8 14.6 0.9
2.6 18.2 4.9
-0.8 13.4 1.5
-0.8 13.4 1.5
7.4 16.4 3.9
1.8 10.8 0.5
1.8 10.8 0.5
7.4 15 4.5
0.8 11.2 2.9
6.8 17.4 3.9
3 10.4 0.7
-0.6 16.6 2.7
-0.8 16.2 2.3
-0.8 13.6 2.9
-0.8 13.6 2.9
8 15 0.9
1.4 11 0.5
-0.8 16.2 1.7
-0.6 13.8 0.3
7.2 17.4 1.1
-0.2 16.6 0.1
1.2 11.2 3.7
-0.8 13.8 0.9
-0.6 16.6 1.3
0.8 11.2 1.1
7.2 16.8 0.1
7.4 16.6 0.3
0.8 11.4 3.5
-0.2 16.4 4.1
-0.4 17 1.3
7.8 14.4 0.3
2.2 10.8 3.9
2.2 10.4 2.5
-0.8 13.6 1.1
-0.8 13.6 1.1
-1.11022e-16 16.8 4.1
7 17.4 0.5
-0.4 13.4 0.1
-0.6 13 2.9
2.2 10.4 1.5
-0.2 16.8 0.3
7.4 16.4 0.1
-0.6 16.4 0.9
1.4 10.8 2.9
-0.4 16.4 3.7
2.6 10.4 3.1
3 10.2 2.1
6.8 17.4 0.1
3 10.2 1.9
1 11 2.7
8 14.4 0.9
1.6 10.6 2.1
1.6 10.6 2.1
1.2 11.2 0.3
1.6 10.6 1.9
1.6 10.6 1.9
2.4 10.4 2.9
7.8 15.2 0.3
8 15.2 3.1
0.8 11.4 0.5
-0.6 13 1.1
7.4 16.8 3.5
-0.2 13.4 4.3
1.4 10.8 1.1
2.6 10.6 0.3
-1.11022e-16 17 3.9
5.6 16.6 5.7
1 11 1.3
2.6 10.4 0.9
1.6 10.8 3.3
1.6 10.8 3.3
2.2 10.8 0.1
7.8 16.4 2.7
1.8 10.6 2.9
2.4 10.4 1.1
-0.4 16.4 0.3
8 15.2 0.9
0.6 11.4 3.1
7.4 17.2 2.7
3 10.6 3.9
3 10.2 2.3
7.2 16.4 4.3
-0.8 16.2 2.5
7.8 16.4 1.3
1.6 10.6 2.3
1.6 10.6 2.3
7.2 17 0.3
7.4 16.8 0.5
3 10.2 1.7
-0.4 16.2 3.9
1.8 10.6 1.1
1.8 10.6 1.1
7.8 16 3.3
1.6 10.8 0.7
1.6 10.8 0.7
1.6 10.6 1.7
1.6 10.6 1.7
7.4 17.2 1.3
-0.8 16.2 1.5
1.2 10.8 2.1
-1.11022e-16 17 0.1
-1.11022e-16 13.2 4.5
6.4 17.4 4.5
1.2 10.8 1.9
-0.4 16.6 0.5
0.6 11.4 0.9
-0.8 13.4 2.7
-0.8 13.4 2.7
2.8 10.4 3.3
-0.2 17 3.5
7.6 16.4 3.5
3.6 18 5.3
7.8 16 0.7
-0.8 13.4 1.3
-0.8 13.4 1.3
3 10.6 0.1
-0.4 16.2 0.1
1.2 10.8 2.3
2.8 10.4 0.7
-0.6 13.2 3.3
1.2 10.8 1.7
7.8 16.2 0.9
-0.2 17 0.5
7.6 16.4 0.5
2.2 10.4 2.7
7.6 16.8 1.1
-0.2 16.2 4.3
-0.6 13.4 0.5
7.6 16.2 0.3
3 10.2 2.5
-0.6 16.8 2.1
2.2 10.4 1.3
-0.6 16.8 1.9
-0.8 13.2 2.1
2.2 10.6 3.5
-0.6 16.6 2.9
1.6 10.6 2.5
1.6 10.6 2.5
-0.8 13.2 1.9
-0.6 13.2 0.7
1 11.4 3.9
3 10.2 1.5
2.8 10.2 2.1
2.4 10.8 4.1
1.6 10.6 1.5
1.6 10.6 1.5
2.8 10.2 1.9
2 10.6 3.3
2 10.6 3.3
-0.4 16.8 3.3
1.2 11 0.7
7.6 16.6 3.3
0.6 11.2 2.1
-0.6 16.6 1.1
0.6 11.2 1.9
7.8 16.6 2.1
7.8 16.6 2.1
7.8 16.6 1.9
7.8 16.6 1.9
-0.4 17 1.1
-0.6 13.6 3.7
7.2 17.4 3.1
2.2 10.6 0.5
-0.6 16.8 2.3
8 14.8 3.3
0.8 11.2 3.1
-0.8 13.2 2.3
2 10.4 2.1
2 10.4 2.1
-0.8 16.2 2.7
2 10.6 0.7
2 10.6 0.7
-0.6 16.8 1.7
2 10.4 1.9
2 10.4 1.9
-0.4 16.8 0.7
1 11 2.9
7.4 17 3.3
6.6 13.6 5.3
7 17.2 0.1
-0.8 13.6 3.1
-0.8 13.6 3.1
-0.8 13.2 1.7
7.6 16.6 0.7
1 11.4 0.1
2.8 10.6 3.9
8 14.6 3.3
1.2 10.8 2.5
7.6 16 3.9
7.2 17.4 0.9
-0.8 16.2 1.3
1 11.2 0.5
2.8 10.2 1.7
0.6 11.2 2.3
7.8 16.6 2.3
1.2 10.8 1.5
0.8 11.2 0.9
-0.6 16.2 3.5
1 11 1.1
8 14.8 0.7
0.6 11.2 1.7
-0.6 13.6 0.3
6.6 16.4 5.1
7.8 16.6 1.7
7.8 16.6 1.7
7.8 16.4 2.9
-0.8 13.6 0.9
-0.8 13.6 0.9
-0.8 13.8 3.3
6.6 17 4.7
7.2 17.2 0.5
7.4 17 0.7
-0.6 13 3.1
1.4 10.8 3.1
7.4 17.2 2.9
8 14.6 0.7
2 10.4 2.3
1.6 11 3.9
2 10.4 1.7
2 10.4 1.7
7.8 16.4 1.1
2.8 10.6 0.1
2.4 10.4 3.1
8 15 0.7
7.6 16 0.1
-0.6 16.2 0.5
7.4 17.2 1.1
-0.6 13 0.9
-0.8 13.8 0.7
1.4 10.8 0.9
-0.4 13 3.7
-0.8 13.4 2.9
-0.8 13.4 2.9
2.4 10.6 0.3
2.4 10.4 0.9
-0.6 16.8 2.5
-0.8 16.4 2.1
3 10.2 2.7
-0.8 16.4 1.9
2.6 10.4 3.3
-0.8 13.2 2.5
8.2 14.8 2.1
-0.6 16.4 0.7
-0.8 13.4 1.1
-0.8 13.4 1.1
-0.2 13.6 4.5
7.8 14.8 3.9
8.2 14.8 1.9
1.6 10.6 2.7
1.6 10.6 2.7
-0.4 13.2 3.9
1.6 11 0.1
-0.6 16.8 1.5
3 10.4 0.5
7.6 14.8 4.3
1.8 10.8 3.7
-0.8 13.2 1.5
6.2 13.2 5.5
8 14.4 0.7
1.8 10.6 0.9
1.8 10.6 0.9
3 10.2 1.3
8.2 14.6 2.1
7.6 17 1.5
-0.4 13 0.3
8.2 14.6 1.9
0.6 11.2 2.5
1.6 10.6 1.3
1.6 10.6 1.3
7.8 16.6 2.5
2.8 10.2 1.5
2.2 10.4 2.9
2.6 10.4 0.7
8.2 15 2.1
0.6 11.2 1.5
8.2 15 1.9
7.8 16.6 1.5
7.8 16.6 1.5
-0.8 16.4 2.3
7.6 15 4.3
0.6 11.4 3.3
2 10.8 3.9
2 10.4 2.5
8.2 14.8 2.3
8 15.2 0.7
-0.8 16.4 1.7
7.8 14.8 0.1
2.2 10.4 1.1
-0.4 13.2 0.1
8.2 14.8 1.7
1.8 10.8 0.3
1.8 10.8 0.3
2 10.4 1.5
2 10.4 1.5
8.2 14.6 2.3
1.4 11 0.3
7.8 14.6 0.1
-0.6 13.8 3.9
8.2 14.6 1.7
0.8 11.4 3.7
1.6 10.8 3.5
1.6 10.8 3.5
0.6 11.4 0.7
6.8 17 4.5
2.6 10.2 2.1
8.2 15 2.3
1.2 10.8 1.3
8.2 14.4 2.1
2.6 10.2 1.9
1.6 11.2 4.3
7.8 14.4 3.9
8.2 14.4 1.9
7.8 15 0.1
8.2 15 1.7
7 17.4 0.3
7.4 17.4 2.1
7.6 16.8 0.9
7.6 14.4 4.3
7.4 17.4 1.9
2 10.8 0.1
2 10.8 0.1
-0.8 16.2 2.9
-0.4 13.8 4.3
-0.6 16.6 3.1
7.8 16 3.5
-0.2 16.6 4.1
1.2 11.2 3.9
1.6 10.8 0.5
1.6 10.8 0.5
8.2 15.2 2.1
-0.6 13.8 0.1
8.2 15.2 1.9
0.8 11.4 0.3
6.4 16 5.5
-0.8 16.2 1.1
7.6 15.2 4.3
2.6 10.2 2.3
8.2 14.4 2.3
7.8 16.2 0.7
7.4 16.6 0.1
-0.6 16.6 0.9
2.8 10.4 3.5
7.8 14.4 0.1
2.6 10.2 1.7
-0.4 17 0.9
8.2 14.4 1.7
7.4 17.4 2.3
-0.8 16.4 2.5
8.2 14.8 2.5
7.4 16.4 4.1
7.4 17.4 1.7
-0.4 16.4 3.9
-0.8 13.2 2.7
7.8 16 0.5
-0.2 16.8 0.1
-0.8 16.4 1.5
6.8 17.4 4.1
1 11 3.1
8.2 14.8 1.5
-0.6 16.8 1.3
7.4 16.8 0.3
-0.8 13.2 1.3
-0.8 13.2 1.3
1.2 11.2 0.1
8.2 15.2 2.3
0.6 11.2 2.7
7.8 15.2 0.1
7.6 17 1.3
7.8 16.6 2.7
2.8 10.4 0.5
8.2 15.2 1.7
-0.6 13.2 3.5
2.6 10.6 0.1
8.2 14.6 1.5
-0.4 16.6 0.3
2.8 10.2 1.3
8.2 15 2.5
2.2 10.8 4.1
7.8 16.4 3.1
1 11 0.9
-0.2 17 3.7
0.6 11.2 1.3
7.2 17.4 3.3
7.6 16.4 3.7
-1.11022e-16 13 4.5
7.8 16.6 1.3
7.8 16.6 1.3
8.2 15 1.5
6.8 16.8 4.7
7.4 17.2 3.1
3 10.2 2.9
2 10.4 2.7
-0.4 16.4 0.1
0.8 11.2 3.3
1.6 10.6 2.9
1.6 10.6 2.9
-0.8 13.6 3.3
-0.8 13.6 3.3
7.8 16.4 0.9
7.2 17 0.1
-0.6 13.2 0.5
2 10.4 1.3
2 10.4 1.3
3 10.2 1.1
2 10.6 3.5
2 10.6 3.5
-0.4 16.8 3.5
-1.11022e-16 17 4.1
7.2 17.4 0.7
7.4 17.2 0.9
7.6 16.6 3.5
1.4 10.6 2.1
1.6 10.6 1.1
1.6 10.6 1.1
-0.8 13.4 3.1
-0.8 13.4 3.1
2.6 10.2 2.5
1.2 11 0.5
1.4 10.6 1.9
8.2 14.4 2.5
-0.2 16.4 4.3
-0.2 17 0.3
7.6 16.4 0.3
0.8 11.2 0.7
-1.11022e-16 16.8 4.3
7.4 17.4 2.5
2.6 10.2 1.5
-0.8 13.6 0.7
-0.8 13.6 0.7
8.2 14.4 1.5
-0.6 13 3.3
1.4 10.8 3.3
8 14.8 3.5
3 10.6 4.1
7.4 17.4 1.5
-0.6 13.4 0.3
2.2 10.6 3.7
-0.8 13.4 0.9
-0.8 13.4 0.9
7.4 17 3.5
2 10.6 0.5
2 10.6 0.5
-0.4 16.8 0.5
-0.4 16.2 4.1
8 14.6 3.5
2.4 10.4 3.3
8.2 15.2 2.5
7.6 16.6 0.5
-0.8 13 2.1
1.4 10.6 2.3
-0.8 13 1.9
-0.8 13 1.9
8.2 15.2 1.5
-0.6 13 0.7
1.4 10.8 0.7
2.2 10.4 3.1
1.4 10.6 1.7
7.4 14.6 4.7
8 14.8 0.5
1.2 10.8 1.1
-1 13.6 2.1
-0.8 16.4 2.7
-1 13.6 1.9
-0.8 13.8 3.5
8.2 14.8 2.7
7.4 17 0.5
2.4 10.4 0.7
2.2 10.6 0.3
8 14.6 0.5
7.4 15 4.7
7.6 16.2 0.1
-0.8 16.4 1.3
2.2 10.4 0.9
8.2 14.8 1.3
1.8 10.4 2.1
1.8 10.4 2.1
1.8 10.6 0.7
1.8 10.6 0.7
8 15 0.5
-0.8 13 2.3
1.8 10.4 1.9
1.8 10.4 1.9
-0.2 13.4 4.5
1 11.2 0.3
-0.8 13 1.7
-0.8 13 1.7
8.2 15 2.7
-0.8 13.8 0.5
8.2 14.6 1.3
-0.6 16.2 3.7
-1 13.6 2.3
6.4 13.4 5.5
-0.6 13.6 3.9
6.8 16.2 5.1
-1 13.6 1.7
7.2 17.2 0.3
2.4 10.2 2.1
-0.8 13.2 2.9
8.2 15 1.3
2.4 10.2 1.9
2.6 10.4 3.5
-0.8 16.2 3.1
-0.6 16.4 0.5
7.2 16.4 4.5
1 11.4 4.1
1.8 10.4 2.3
1.8 10.4 2.3
-0.6 16.8 1.1
7.8 16.8 2.1
7.8 16.8 1.9
8 14.4 0.5
0.6 11.2 2.9
-0.8 13.2 1.1
-0.8 13.2 1.1
6.6 16.6 5.1
1.4 10.6 2.5
7.8 16.6 2.9
1.8 10.4 1.7
1.8 10.4 1.7
-0.6 16.2 0.3
2.6 10.2 2.7
7.6 17 1.1
8.2 14.4 2.7
-0.8 16.2 0.9
2.8 10.2 1.1
1.4 10.6 1.5
7.4 17.4 2.7
2.6 10.4 0.5
-0.6 13.6 0.1
0.6 11.2 1.1
2.4 10.2 2.3
2.6 10.2 1.3
0.8 11 1.3
2 10.4 2.9
0.6 11.4 3.5
2.6 18.2 5.1
7.8 16.6 1.1
7.8 16.6 1.1
8.2 14.4 1.3
7.6 16.8 0.7
2.4 10.2 1.7
-0.6 16.6 3.3
7.4 17.4 1.3
8 15.2 0.5
2.8 10.6 4.1
8.2 15.2 2.7
7.8 16.8 2.3
3 10.4 0.3
7.6 16 4.1
-0.8 13 2.5
2 10.4 1.1
2 10.4 1.1
7.8 16.8 1.7
6.4 17.4 4.7
-0.4 13 3.9
6.4 16.6 5.3
-0.8 13 1.5
-0.8 13 1.5
8.2 15.2 1.3
-0.8 16.6 2.1
-1 13.6 2.5
-0.8 16.6 1.9
0.6 11.4 0.5
-0.6 16.6 0.7
2.4 10.6 0.1
-0.4 17 0.7
1 10.8 1.7
-0.2 16.2 4.5
3 10.2 3.1
-1 13.6 1.5
1.6 10.6 3.1
1 11 3.3
1.6 11 4.1
1.8 10.8 3.9
1.8 10.4 2.5
3 10.2 0.9
-0.4 13 0.1
1.8 10.4 1.5
1.8 10.4 1.5
1.6 10.8 3.7
1.6 10.8 3.7
-0.8 16.6 2.3
1.6 10.6 0.9
1.6 10.6 0.9
7.8 16.4 3.3
7.8 16.2 0.5
-0.8 16.6 1.7
-0.8 16.4 2.9
1 11 0.7
2.4 10.2 2.5
8.2 14.8 2.9
7.4 17.2 3.3
7.8 14.8 4.1
2.4 10.2 1.5
-0.4 13.2 4.1
7.8 16 3.7
-0.8 16.4 1.1
7.8 16.8 2.5
1.8 10.8 0.1
1.8 10.8 0.1
8.2 14.8 1.1
7.8 16.4 0.7
1.4 10.6 2.7
1.4 11 0.1
1.6 10.8 0.3
1.6 10.8 0.3
7.8 16.8 1.5
7.8 16.8 1.5
-0.8 13.4 3.3
-0.8 13.4 3.3
8.2 15 2.9
0.8 11.4 3.9
7.4 17.2 0.7
8.2 14.6 1.1
2.8 10.4 3.7
1.4 10.6 1.3
7.2 17.4 3.5
1.2 10.8 0.9
1 10.8 1.5
7 17.4 0.1
2 10.8 4.1
0.8 11.2 3.5
8.2 15 1.1
7.8 16 0.3
-0.8 13.6 3.5
-0.8 13.6 3.5
-0.8 13.4 0.7
-0.8 13.4 0.7
-0.8 13 2.7
-0.6 13.8 4.1
2.6 10.2 2.9
-0.6 13.2 3.7
8.2 14.4 2.9
-0.8 16.6 2.5
2.2 10.4 3.3
0.8 11.4 0.1
7.2 17.4 0.5
2.8 10.4 0.3
-1 13.6 2.7
7.4 17.4 2.9
-0.8 13 1.3
-0.8 13 1.3
7.8 14.4 4.1
0.8 11.2 0.5
-0.8 16.6 1.5
-0.6 13 3.5
1.4 10.8 3.5
-0.8 13.2 3.1
-0.8 13.6 0.5
-0.8 13.6 0.5
2.6 10.2 1.1
0.8 11 1.1
-1 13.6 1.3
8.2 14.4 1.1
-1 13.4 2.1
7.6 17.2 1.5
-1 13.4 1.9
7.4 17.4 1.1
7.6 14.8 4.5
8.2 15.2 2.9
1.8 10.4 2.7
2.2 10.4 0.7
2.4 10.4 3.5
1.2 11.2 4.1
0.6 11.2 3.1
-0.6 13.2 0.3
7.4 16.8 0.1
-0.6 16.8 0.9
2 10.6 3.7
2 10.6 3.7
-0.4 16.8 3.7
7.8 16.6 3.1
-0.8 13.2 0.9
-0.8 13.2 0.9
1.8 10.4 1.3
1.8 10.4 1.3
7.6 17 0.9
1.2 11 0.3
-0.6 13 0.5
1.4 10.8 0.5
-0.4 16.6 0.1
8.2 15.2 1.1
2.8 10.2 0.9
-0.2 17 3.9
2.4 10.2 2.7
7.6 16.4 3.9
6.6 17 4.9
2 10.4 3.1
3.6 18 5.5
8 14.8 3.7
0.6 11.2 0.9
-0.4 16.4 4.1
-0.8 16.2 3.3
7.8 16.6 0.9
7.8 16.6 0.9
2.4 10.4 0.5
-1 13.4 2.3
-0.2 13.6 4.7
7.4 17 3.7
2.4 10.2 1.3
7.8 16.8 2.7
2.2 10.2 2.1
-1 13.4 1.7
8 14.6 3.7
2.2 10.2 1.9
2 10.6 0.3
2 10.6 0.3
-0.4 16.8 0.3
-0.2 16.6 4.3
7.6 16.6 0.3
2 10.4 0.9
2 10.4 0.9
1.8 10.6 0.5
1.8 10.6 0.5
5.6 16.6 5.9
7.8 16.8 1.3
7.8 16.8 1.3
-0.8 16.2 0.7
1.6 11.2 4.5
-0.2 17 0.1
-0.8 13.8 3.7
7.6 16.4 0.1
8 14.8 0.3
7.6 14.4 4.5
7.4 16.4 4.3
-0.6 17 1.3
1 10.8 1.3
7.4 17 0.3
-0.4 13.8 4.5
2.2 10.6 3.9
6.8 17.4 4.3
-0.6 13.4 0.1
8 14.6 0.3
2.2 10.2 2.3
2.2 10.2 1.7
1.4 10.6 2.9
8 15 0.3
-0.8 16.6 2.7
7.6 15.2 4.5
6.8 17 4.7
2.2 10.8 4.3
-0.8 13.8 0.3
-0.8 16.4 3.1
8.2 14.8 3.1
1.4 10.6 1.1
-0.8 16.6 1.3
3 10.2 3.3
2.6 10.4 3.7
-1 13.4 2.5
1.6 10.6 3.3
7.6 16.8 0.5
-0.6 16.6 3.5
2.2 10.6 0.1
7.6 17.2 1.3
6.6 13.6 5.5
-0.6 16.4 0.3
-1 13.4 1.5
-0.8 13 2.9
-0.8 16.4 0.9
8.2 14.8 0.9
-1.11022e-16 17 4.3
8 14.4 0.3
8.2 15 3.1
3 10.2 0.7
-1 13.6 2.9
-0.6 16.2 3.9
1 11.2 0.1
1.6 10.4 2.1
1.6 10.4 2.1
1.6 10.6 0.7
1.6 10.6 0.7
1.6 10.4 1.9
1.6 10.4 1.9
8.2 14.6 0.9
-0.8 13 1.1
-0.8 13 1.1
-0.6 16.6 0.5
1.2 10.6 2.1
2.6 10.4 0.3
0.6 11.4 3.7
1.2 10.6 1.9
-0.4 17 0.5
3 10.6 4.3
7.2 17.2 0.1
-1 13.6 1.1
1 11 3.5
8.2 15 0.9
2.2 10.2 2.5
8 15.2 0.3
1.8 10.4 2.9
-0.4 16.2 4.3
2.2 10.2 1.5
2.6 10.2 3.1
8.2 14.4 3.1
-0.6 16.2 0.1
-0.2 16.4 4.5
1.6 10.4 2.3
1.6 10.4 2.3
7.4 17.4 3.1
7.8 16.4 3.5
1.8 10.4 1.1
1.8 10.4 1.1
-1.11022e-16 16.8 4.5
2.4 10.2 2.9
-0.6 13.6 4.1
1.6 10.4 1.7
1.6 10.4 1.7
0.6 11.4 0.3
1.2 10.6 2.3
-1.11022e-16 13 4.7
7.4 17.2 3.5
1 11 0.5
1.2 10.8 0.7
1.2 10.6 1.7
2.6 10.2 0.9
0.8 11 0.9
8.2 14.4 0.9
7.8 16.8 2.9
8.2 15.2 3.1
2.4 10.2 1.1
7.4 17.4 0.9
3 10.4 0.1
7.8 16.4 0.5
-0.8 13.4 3.5
-0.8 13.4 3.5
3 10 2.1
3 10 1.9
7.8 16.8 1.1
7.8 16.8 1.1
7.4 17.2 0.5
8.2 15.2 0.9
7.8 16.2 0.3
-0.8 13.2 3.3
6.8 16.8 4.9
-1 13.4 2.7
-0.6 17 1.1
1 10.8 1.1
7.8 17 2.1
7.8 17 1.9
1 11.4 4.3
-0.8 13.4 0.5
-0.8 13.4 0.5
6.2 13.2 5.7
-1 13.4 1.3
0.6 11.2 3.3
-0.8 16.8 2.1
7.8 16.6 3.3
-0.8 16.8 1.9
-0.6 16.8 0.7
-0.8 16.6 2.9
3 10 2.3
2.2 10.4 3.5
1.6 10.8 3.9
1.6 10.8 3.9
-0.8 13.2 0.7
-0.8 13.2 0.7
1.6 10.4 2.5
1.6 10.4 2.5
3 10 1.7
7.6 17 0.7
1.2 10.6 2.5
7.2 17.4 3.7
1.6 10.4 1.5
1.6 10.4 1.5
2.8 10.2 0.7
2 10.4 3.3
-0.8 16.6 1.1
0.8 11.2 3.7
7.8 17 2.3
1.2 10.6 1.5
0.6 11.2 0.7
2.2 10.2 2.7
7.8 16.6 0.7
7.8 16.6 0.7
-0.8 13.6 3.7
-0.8 13.6 3.7
0.6 11 1.5
7.8 17 1.7
7.8 16 3.9
2.8 10.6 4.3
1.8 10.8 4.1
7.6 17.2 1.1
-0.8 16.8 2.3
2.2 10.4 0.5
1.4 10.6 3.1
7.6 16 4.3
-0.2 13.4 4.7
2.2 10.2 1.3
-1 13.2 2.1
8 16.6 2.1
-0.8 16.8 1.7
-1 13.2 1.9
8 16.6 1.9
2 10.4 0.7
2 10.4 0.7
1.6 10.8 0.1
1.6 10.8 0.1
7.2 17.4 0.3
2.8 10.4 3.9
-0.6 13 3.7
0.8 11.2 0.3
1.4 10.6 0.9
-0.8 16.2 3.5
-0.8 13.6 0.3
-0.8 13.6 0.3
7.4 15 4.9
7.2 16.4 4.7
1.6 11 4.3
7.8 16 0.1
2.4 10.4 3.7
-1 13.2 2.3
8 16.6 2.3
3 10 2.5
-0.6 13.2 3.9
2 10.2 2.1
2 10.2 2.1
6.4 16 5.7
2 10.2 1.9
2 10.2 1.9
0.8 11.4 4.1
-1 13.2 1.7
8 16.6 1.7
2.8 10.4 0.1
3 10 1.5
-0.8 16.4 3.3
-0.6 13 0.3
1.4 10.8 0.3
-0.8 16.2 0.5
2.8 10 2.1
8.2 14.8 3.3
-0.8 13 0.9
-0.8 13 0.9
2.8 10 1.9
7.8 17 2.5
7.8 14.8 4.3
0.8 10.8 1.9
-0.4 13.2 4.3
-1 13.6 0.9
2.4 10.4 0.3
1.8 10.4 3.1
7.8 17 1.5
7.8 17 1.5
-0.8 16.8 2.5
2 10.6 3.9
2 10.6 3.9
-0.8 16.4 0.7
-0.4 16.8 3.9
2 10.2 2.3
2 10.2 2.3
-0.6 13.2 0.1
8.2 15 3.3
8.2 14.8 0.7
1.6 10.4 2.7
1.6 10.4 2.7
-0.8 16.8 1.5
1.8 10.6 0.3
1.8 10.6 0.3
2 10.2 1.7
2 10.2 1.7
7.6 17.4 2.1
1.2 10.6 2.7
2.4 10.2 3.1
7.6 17.4 1.9
1.8 10.4 0.9
1.8 10.4 0.9
1.2 11 0.1
2.8 10 2.3
8.2 14.6 0.7
3 10.2 3.5
1.6 10.4 1.3
1.6 10.4 1.3
-0.2 16.2 4.7
2.8 10 1.7
8 14.8 3.9
-1 13.4 2.9
2 10.8 4.3
1.6 10.6 3.5
1.2 10.6 1.3
0.8 10.8 1.7
8.2 15 0.7
0.6 11 1.3
8 14.6 3.9
2.4 10.2 0.9
-1 13.2 2.5
8 16.6 2.5
2 10.6 0.1
2 10.6 0.1
-0.4 16.8 0.1
-1 13.4 1.1
-0.6 13.8 4.3
2.6 10.2 3.3
8.2 14.4 3.3
6.4 17.4 4.9
7.6 16.6 0.1
-1 13.2 1.5
7.4 17.4 3.3
8 16.6 1.5
7.6 17.4 2.3
3 10.2 0.5
7.8 16.8 0.9
7.8 16.8 0.9
7.8 14.4 4.3
-0.2 17 4.1
-0.8 13.8 3.9
1.6 10.6 0.5
1.6 10.6 0.5
7.6 16.4 4.1
7.6 17.4 1.7
6.8 16.2 5.3
8 14.8 0.1
-0.6 16.6 3.7
2.2 10.2 2.9
2.6 10.2 0.7
0.8 11 0.7
7.4 17 0.1
-0.6 17 0.9
1 10.8 0.9
7.6 16.8 0.3
8.2 14.4 0.7
8.2 15.2 3.3
8 14.6 0.1
7.4 17.4 0.7
1.2 11.2 4.3
3 10 2.7
2 10.2 2.5
2 10.2 2.5
6.6 16.6 5.3
-0.8 16.6 3.1
2.2 10.2 1.1
8 15 0.1
2 10.2 1.5
2 10.2 1.5
2.8 10 2.5
3 10 1.3
-0.8 13.8 0.1
8.2 15.2 0.7
-0.6 16.6 0.3
7.8 17 2.7
2.6 18.2 5.3
-0.4 16.4 4.3
2.6 10.4 3.9
2.8 10 1.5
1.2 10.8 0.5
-0.4 17 0.3
-0.8 16.6 0.9
1 11 3.7
2.2 10.6 4.1
0.8 10.8 1.5
-0.8 16.8 2.7
7.8 17 1.3
7.8 17 1.3
-0.6 16.4 0.1
7.6 17.2 0.9
8 14.4 0.1
7.6 17.4 2.5
-0.8 16.8 1.3
7.8 16.4 3.7
6.4 13.4 5.7
7.6 17.4 1.5
7.4 17.2 3.7
-0.8 13.2 3.5
0.6 11.4 3.9
2.6 10.4 0.1
1 11 0.3
2.6 10 2.1
2.6 10 1.9
7.6 14.8 4.7
8 15.2 0.1
0.6 11.2 3.5
1.4 10.6 3.3
-0.2 16.6 4.5
-1 13.2 2.7
8 16.6 2.7
7.8 16.6 3.5
-0.8 13.4 3.7
-0.8 13.4 3.7
1.6 10.4 2.9
1.6 10.4 2.9
7.8 16.4 0.3
-0.6 16.8 0.5
-0.6 16.2 4.1
6.4 16.6 5.5
-0.8 13.2 0.5
-0.8 13.2 0.5
1.2 10.6 2.9
-1 13.2 1.3
8 16.6 1.3
7.4 17.2 0.3
7.6 17 0.5
2 10.4 3.5
0.6 11.4 0.1
2.8 10.2 0.5
7.4 16.4 4.5
1.6 10.4 1.1
1.6 10.4 1.1
1.4 10.6 0.7
2.6 10 2.3
6.8 17.4 4.5
0.6 11.2 0.5
1.2 10.6 1.1
7.8 16.6 0.5
7.8 16.6 0.5
2.6 10 1.7
0.6 11 1.1
2 10.2 2.7
2 10.2 2.7
-0.8 13.4 0.3
-0.8 13.4 0.3
2.2 10.4 3.7
2 10.4 0.5
2 10.4 0.5
2.2 10.8 4.5
2 10.2 1.3
2 10.2 1.3
1.6 11.2 4.7
7.6 14.4 4.7
-1 13.4 3.1
7.8 16.2 0.1
-0.8 13 0.7
-0.8 13 0.7
2.8 10 1.3
-0.4 13.8 4.7
-0.2 13.6 4.9
1.8 10.4 3.3
-1 13.6 0.7
0.8 10.8 1.3
3 10 2.9
2.2 10.4 0.3
-1.11022e-16 17 4.5
-1 13.4 0.9
7.6 17.4 2.7
7.6 15.2 4.7
2.4 10.2 3.3
7.2 17.4 3.9
-0.6 13.6 4.3
8.2 14.8 3.5
1.8 10.4 0.7
1.8 10.4 0.7
3 10 1.1
6.6 17 5.1
7.8 17 2.9
7.6 17.4 1.3
-0.8 16.2 3.7
0.8 11.2 3.9
3 10.6 4.5
2.6 10 2.5
-0.8 13.6 3.9
-0.8 13.6 3.9
-0.8 16.8 2.9
1 10.6 1.9
-0.4 16.2 4.5
2.6 10 1.5
7.8 17 1.1
7.8 17 1.1
2.4 10.2 0.7
8.2 15 3.5
-0.8 16.4 0.5
1.6 10.8 4.1
1.6 10.8 4.1
8.2 14.8 0.5
2.2 10.2 0.9
6.8 17 4.9
-0.8 16.8 1.1
7.2 17.4 0.1
1.8 10.2 2.1
1.8 10.2 2.1
7.8 16.8 0.7
7.8 16.8 0.7
1.8 10.2 1.9
1.8 10.2 1.9
-0.6 13 3.9
-0.8 16.2 0.3
8.2 14.6 0.5
0.8 11.2 0.1
-0.8 17 2.1
-0.8 13.6 0.1
-0.8 13.6 0.1
-0.8 17 1.9
8 16.8 2.1
-0.6 17 0.7
1 10.8 0.7
7.8 16 4.1
2.4 10.4 3.9
8 16.8 1.9
8.2 15 0.5
1 10.6 1.7
-1 13.2 2.9
8 16.6 2.9
2.6 10.2 3.5
-0.8 16.6 3.3
8.2 14.4 3.5
7.4 17.4 3.5
-0.2 16.4 4.7
2.8 10.4 4.1
-1.11022e-16 16.8 4.7
1.8 10.2 2.3
1.8 10.2 2.3
-1 13.2 1.1
8 16.6 1.1
7.8 17.2 2.1
-0.6 13 0.1
7.8 17.2 1.9
3 10.2 3.7
1.4 10.8 0.1
1.8 10.2 1.7
1.8 10.2 1.7
1.6 10.6 3.7
-0.8 17 2.3
-0.8 16.6 0.7
8 16.8 2.3
8.2 15.2 3.5
2.6 10.2 0.5
0.8 11 0.5
-0.8 17 1.7
-1.2 13.6 1.7
2.4 10.4 0.1
8.2 14.4 0.5
1 11.4 4.5
8 16.8 1.7
2 10.2 2.9
2 10.2 2.9
7.4 17.4 0.5
2.4 10 1.9
7.6 17.2 0.7
1.6 10.4 3.1
-0.6 13.2 4.1
1.2 10.6 3.1
1.8 10.6 0.1
1.8 10.6 0.1
3 10.2 0.3
7.8 17.2 2.3
2 10.2 1.1
2 10.2 1.1
1.6 10.6 0.3
1.6 10.6 0.3
7.8 17.2 1.7
8.2 15.2 0.5
2.6 10 2.7
1.6 10.4 0.9
1.6 10.4 0.9
2.8 10 1.1
1.2 10.6 0.9
2.8 10.6 4.5
2.6 10 1.3
1 10.6 1.5
0.6 11 0.9
0.8 10.8 1.1
7.6 16 4.5
2 10.6 4.1
2 10.6 4.1
-0.4 16.8 4.1
2.4 10 1.7
7.6 17.4 2.9
0.8 11.4 4.3
1.8 10.2 2.5
1.8 10.2 2.5
8 14.8 4.1
1.8 10.2 1.5
1.8 10.2 1.5
7.6 17.4 1.1
-0.8 17 2.5
-0.6 16.6 3.9
1.2 10.8 0.3
8 16.8 2.5
1.6 11 4.5
7.6 16.8 0.1
8 14.6 4.1
-0.8 17 1.5
-1.2 13.6 1.5
1.4 10.6 3.5
3 10 3.1
8 16.8 1.5
7.8 17.2 2.5
-0.8 13.2 3.7
7.8 17 3.1
-1 13.4 3.3
3 10 0.9
6.8 16.8 5.1
7.8 17.2 1.5
-0.6 16.6 0.1
1 11 3.9
7.8 14.8 4.5
1.4 10.6 0.5
-0.4 17 0.1
-0.4 13.2 4.5
-0.8 16.8 3.1
6.6 13.6 5.7
0.6 11.2 3.7
7.8 16.6 3.7
7.8 17 0.9
7.8 17 0.9
-0.2 13.4 4.9
2.4 10 1.5
-1 13.4 0.7
7.8 16.4 3.9
-0.6 16.8 0.3
-0.8 13.2 0.3
-0.8 13.2 0.3
-0.8 16.8 0.9
-0.2 17 4.3
2 10.4 3.7
7.6 17 0.3
2.6 10.4 4.1
2 10.8 4.5
2.8 10.2 0.3
-0.8 13 0.5
-0.8 13 0.5
-1 13 1.3
1 11 0.1
7.2 16.4 4.9
0.6 11.2 0.3
7.8 16.6 0.3
7.8 16.6 0.3
-1 13.2 3.1
-1 13.6 0.5
1 10.6 1.3
-0.6 13.8 4.5
-0.8 13.4 3.9
-0.8 13.4 3.9
7.8 16.4 0.1
1.8 10.2 2.7
1.8 10.2 2.7
2.2 10.2 0.7
2.4 10.2 3.5
2 10.4 0.3
2 10.4 0.3
7.8 14.4 4.5
-1 13.2 0.9
8 16.6 0.9
7.4 17.2 0.1
0.6 11.4 4.1
1.8 10.4 0.5
1.8 10.4 0.5
2.6 10 2.9
-0.8 17 2.7
1.8 10.2 1.3
1.8 10.2 1.3
8 16.8 2.7
2.2 10.6 4.3
7.4 15 5.1
2 10.2 3.1
2 10.2 3.1
-0.8 17 1.3
1.2 11.2 4.5
-1.2 13.6 1.3
2.6 10 1.1
8 16.8 1.3
2.4 10.2 0.5
-0.8 13.4 0.1
-0.8 13.4 0.1
2.2 10.4 3.9
7.8 17.2 2.7
8.2 14.8 3.7
2 10.2 0.9
2 10.2 0.9
7.8 16.8 0.5
7.8 16.8 0.5
-0.2 16.2 4.9
-0.4 16.4 4.5
7.8 17.2 1.3
2.8 10 0.9
1.4 10.4 1.1
-0.6 17 0.5
1 10.8 0.5
-0.8 16.6 3.5
0.8 10.8 0.9
1.6 10.4 3.3
8.2 15 3.7
7.6 17.4 3.1
2.2 10.4 0.1
-0.8 16.4 0.3
-0.6 16.2 4.3
2.4 10 1.3
2.2 10 2.1
8.2 14.8 0.3
2.2 10 1.9
-0.8 16.2 3.9
8.2 14.6 0.3
7.6 17.4 0.9
1.6 10.4 0.7
1.6 10.4 0.7
-0.8 16.6 0.5
1.2 10.6 0.7
1.2 10.4 1.9
8.2 15 0.3
2.6 10.2 3.7
0.6 11 0.7
8.2 14.4 3.7
7.6 17.2 0.5
6.4 17.4 5.1
2.2 10 2.3
7.4 17.4 3.7
7.2 17.4 4.1
2.2 10 1.7
-0.8 16.2 0.1
0.8 11.2 4.1
1.6 10.2 2.1
1.6 10.2 2.1
-0.8 13.6 4.1
-0.8 13.6 4.1
-1 13 1.1
1.6 10.2 1.9
1.6 10.2 1.9
8.2 15.2 3.7
2.6 10.2 0.3
0.8 11 0.3
3 10 3.3
8.2 14.4 0.3
-0.2 16.6 4.7
1.2 10.4 1.7
1 10.6 1.1
7.4 17.4 0.3
0.6 10.8 1.5
1.8 10.2 2.9
1.8 10.2 2.9
3 10.2 3.9
-0.6 13 4.1
7.8 17 3.3
-0.8 17 2.9
7.4 16.4 4.7
1.6 10.6 3.9
3 10 0.7
8 16.8 2.9
8.2 15.2 0.3
1.6 10.2 2.3
1.6 10.2 2.3
1.8 10.2 1.1
1.8 10.2 1.1
6.8 17.4 4.7
-0.8 16.8 3.3
1.6 10.2 1.7
1.6 10.2 1.7
2.4 10.4 4.1
-0.8 17 1.1
-1.2 13.6 1.1
8 16.8 1.1
7.8 17 0.7
7.8 17 0.7
1.6 10.8 4.3
1.6 10.8 4.3
2.2 10 2.5
7.8 17.2 2.9
2.2 10.8 4.7
-0.6 13.6 4.5
2.2 10 1.5
-0.8 16.8 0.7
3 10.2 0.1
6.8 16.2 5.5
-1 13.4 3.5
2.6 10 3.1
8 17 2.1
8 17 1.9
1.6 10.6 0.1
1.6 10.6 0.1
7.8 17.2 1.1
7.8 16 4.3
-1 13.2 3.3
1.4 10.6 3.7
1.2 10.4 1.5
2.6 10 0.9
-1 13.4 0.5
2.4 10 1.1
2.8 10.4 4.3
1.6 11.2 4.9
8 17 2.3
7.6 14.4 4.9
-1 13.2 0.7
8 16.6 0.7
2.6 18.2 5.5
3 10.6 4.7
1.6 10.2 2.5
1.6 10.2 2.5
8 17 1.7
-0.4 13.8 4.9
1.2 10.8 0.1
1.4 10.6 0.3
1.6 10.2 1.5
1.6 10.2 1.5
2 10.2 3.3
2 10.2 3.3
1.4 10.4 0.9
-0.6 13.2 4.3
0.8 10.6 2.1
0.8 10.6 1.9
7.6 15.2 4.9
0.6 10.8 1.3
-1.2 13.4 1.3
2.2 10.2 0.5
-0.8 13.2 3.9
2 10.2 0.7
2 10.2 0.7
3 9.8 2.1
-0.6 16.6 4.1
3 9.8 1.9
-0.8 13 0.3
-0.8 13 0.3
-0.2 13.6 5.1
2.8 10 0.7
0.6 11.2 3.9
8.2 16.6 2.1
7.8 16.6 3.9
8.2 16.6 1.9
2 10.6 4.3
2 10.6 4.3
-1 13.6 0.3
-0.4 16.8 4.3
7.6 17.4 3.3
2.2 10 2.7
0.8 10.8 0.7
7.8 17.4 2.1
7.8 17.4 1.9
0.8 10.6 1.7
2.4 10.2 3.7
-0.6 16.8 0.1
2 10.4 3.9
8 17 2.5
-1.2 13.2 2.1
-0.8 13.2 0.1
-0.8 13.2 0.1
-1.2 13.2 1.9
2.2 10 1.3
8 14.8 4.3
3 9.8 2.3
7.6 17 0.1
1.8 10.4 0.3
1.8 10.4 0.3
1 11 4.1
3 9.8 1.7
8 17 1.5
2.8 10.2 0.1
7.6 17.4 0.7
-1 13 0.9
8 14.6 4.3
1 11.4 4.7
8.2 16.6 2.3
0.6 11.2 0.1
7.8 16.6 0.1
7.8 16.6 0.1
8.2 16.6 1.7
1.6 10.4 3.5
7.8 17.4 2.3
1.2 10.4 1.3
1 10.6 0.9
2.4 10.2 0.3
0.8 11.4 4.5
1.8 10.2 3.1
1.8 10.2 3.1
7.8 16.4 4.1
-0.2 16.4 4.9
7.8 17.4 1.7
6.8 17 5.1
6.4 16.6 5.7
-1.11022e-16 16.8 4.9
-1.2 13.2 2.3
2 10.4 0.1
2 10.4 0.1
6.4 13.4 5.9
-0.8 17 3.1
2 10 2.1
2 10 2.1
-1.2 13.2 1.7
1.6 10.2 2.7
1.6 10.2 2.7
7.8 16.8 0.3
7.8 16.8 0.3
2 10 1.9
2 10 1.9
8 16.8 3.1
1.8 10.2 0.9
1.8 10.2 0.9
1.6 10.4 0.5
1.6 10.4 0.5
2.8 10.6 4.7
1.6 10.2 1.3
1.6 10.2 1.3
-0.6 17 0.3
7.6 16 4.7
1 10.8 0.3
-0.8 16.6 3.7
1.2 10.6 0.5
-0.8 13.4 4.1
-0.8 13.4 4.1
-0.8 17 0.9
-1.2 13.6 0.9
0.6 11 0.5
8 16.8 0.9
7.8 17.2 3.1
0.8 10.6 1.5
8.2 14.8 3.9
3 9.8 2.5
2 10 2.3
2 10 2.3
2.6 10.4 4.3
2 10 1.7
2 10 1.7
3 9.8 1.5
1.6 11 4.7
7.8 17.2 0.9
8.2 16.6 2.5
2.8 9.8 2.1
-0.8 16.6 0.3
2.8 9.8 1.9
3 10 3.5
7.8 17.4 2.5
8.2 15 3.9
8.2 16.6 1.5
2.2 10.4 4.1
7.6 17.2 0.3
-0.8 16.4 0.1
0.6 10.8 1.1
7.8 17.4 1.5
2.4 10 0.9
8.2 14.8 0.1
-1.2 13.4 1.1
-0.2 17 4.5
8 17 2.7
7.8 17 3.5
2.6 10 3.3
0.6 11.4 4.3
-1.2 13.2 1.5
7.8 14.8 4.7
3 10 0.5
8.2 14.6 0.1
-0.8 16.8 3.5
-0.4 13.2 4.7
8 17 1.3
2.8 9.8 2.3
2.8 9.8 1.7
2.6 10.2 3.9
8.2 14.4 3.9
8.2 15 0.1
2.2 10 2.9
2.6 10 0.7
7.4 17.4 3.9
7.8 17 0.5
7.8 17 0.5
2 10 2.5
2 10 2.5
-0.8 16.8 0.5
-0.8 16.2 4.1
2.2 10 1.1
2 10.8 4.7
2.2 10.6 4.5
2 10 1.5
2 10 1.5
8.2 15.2 3.9
-1 13.2 3.5
2.6 10.2 0.1
0.8 11 0.1
8.2 14.4 0.1
-0.6 13.8 4.7
1.4 10.4 0.7
1.2 10.4 1.1
7.4 17.4 0.1
0.8 10.6 1.3
3 9.8 2.7
1.6 10.2 2.9
1.6 10.2 2.9
-1 13.2 0.5
8 16.6 0.5
8.2 15.2 0.1
2.8 9.8 2.5
8.2 16.6 2.7
3 9.8 1.3
2 10.2 3.5
2 10.2 3.5
1.2 11.2 4.7
1.4 10.2 2.1
7.8 17.4 2.7
1.6 10.2 1.1
1.6 10.2 1.1
2.8 9.8 1.5
1.4 10.2 1.9
-0.2 13.4 5.1
8.2 16.6 1.3
-0.6 16.2 4.5
-1 13.4 0.3
7.2 17.4 4.3
7.8 17.4 1.3
3 10.2 4.1
-0.4 16.4 4.7
0.8 11.2 4.3
1.6 10.6 4.1
6.8 16.8 5.3
2 10.2 0.5
2 10.2 0.5
-1.2 13.2 1.3
-0.8 13.6 4.3
-0.8 13.6 4.3
1.4 10.6 3.9
-1 13 0.7
1.4 10.2 2.3
2.8 10 0.5
7.6 17.4 3.5
1.4 10.2 1.7
1.8 10.2 3.3
1.8 10.2 3.3
1 10.4 2.1
0.8 10.8 0.5
1 10.6 0.7
1 10.4 1.9
8 17 2.9
2 10 2.7
2 10 2.7
-0.6 13 4.3
2.2 10.2 0.3
-0.8 17 3.3
2 10 1.3
2 10 1.3
8 17 1.1
2.4 10.4 4.3
7.6 17.4 0.5
1.8 10.2 0.7
1.8 10.2 0.7
1.4 10.6 0.1
1 10.4 2.3
-0.8 17 0.7
7.8 17.2 3.3
-1.2 13.6 0.7
8 16.8 0.7
1 10.4 1.7
0.6 10.8 0.9
-1.2 13.4 0.9
-0.2 16.2 5.1
2.8 9.8 2.7
7.4 15 5.3
-1.2 13 2.1
-0.8 13 0.1
-0.8 13 0.1
-1.2 13 1.9
7.8 17.2 0.7
1.4 10.2 2.5
1.6 10.4 3.7
2.2 10 3.1
2.8 9.8 1.3
-1 13.6 0.1
1.6 10.8 4.5
1.4 10.2 1.5
2.4 10.2 3.9
0.8 10.6 1.1
3 9.8 2.9
2.4 10 0.7
-0.8 13.2 4.1
2.2 10 0.9
8.2 16.8 2.1
8.2 16.8 1.9
1.8 10.4 0.1
1.8 10.4 0.1
-1.2 13 2.3
8.2 16.6 2.9
1.8 10 2.1
1.8 10 1.9
3 9.8 1.1
0.6 11.2 4.1
-1.2 13 1.7
1.6 10.4 0.3
1.6 10.4 0.3
-0.2 16.6 4.9
7.8 17.4 2.9
1.2 10.6 0.3
1 10.4 2.5
0.6 11 0.3
8.2 16.6 1.1
1.2 10.4 0.9
2.4 10.2 0.1
2.6 9.8 1.5
1 10.4 1.5
-0.6 13.6 4.7
2 10.4 4.1
7.8 17.4 1.1
2.6 10 3.5
1.6 10.2 3.1
8.2 16.8 2.3
-0.6 16.6 4.3
7.8 16.8 0.1
7.8 16.8 0.1
6.8 17.4 4.9
-1.2 13.2 1.1
8.2 16.8 1.7
1.8 10 2.3
3 10 3.7
1.8 10 1.7
-0.8 16.6 3.9
-0.6 17 0.1
1.6 10.2 0.9
1.6 10.2 0.9
1 10.8 0.1
-0.6 13.2 4.5
2.6 10 0.5
2.2 10.8 4.9
2 10 2.9
2 10 2.9
7.8 17 3.7
1 11 4.3
-1.2 13 2.5
-0.8 16.8 3.7
3 10 0.3
2 10 1.1
2 10 1.1
1.4 10.2 2.7
-1.2 13 1.5
-0.8 16.6 0.1
2 10.6 4.5
2 10.6 4.5
-0.4 16.8 4.5
1.4 10.4 0.5
7.8 16.4 4.3
1.4 10.2 1.3
7.6 17.2 0.1
7.8 17 0.3
7.8 17 0.3
8 17 3.1
8.2 14.8 4.1
2.4 9.8 2.1
2.4 9.8 1.9
8 14.8 4.5
3 10.6 4.9
-0.8 16.8 0.3
2.8 9.8 2.9
1.8 10 2.5
8.2 16.8 1.5
-1 13.2 3.7
8 14.6 4.5
8 17 0.9
1.8 10 1.5
8.2 15 4.1
1 10.4 2.7
-0.8 13.4 4.3
-0.8 13.4 4.3
2.8 9.8 1.1
2.4 9.8 2.3
2.6 9.8 1.3
1.6 11.2 5.1
0.6 10.6 2.1
1 10.4 1.3
0.6 10.6 1.9
2.4 9.8 1.7
7.6 14.4 5.1
-1 13.2 0.3
8 16.6 0.3
-0.4 13.8 5.1
2 10.2 3.7
2 10.2 3.7
-1 13 0.5
2.6 10.2 4.1
2.2 10.4 4.3
1.8 10.2 3.5
1.8 10.2 3.5
0.8 11.4 4.7
7.4 17.4 4.1
7.6 15.2 5.1
1 10.6 0.5
0.6 10.6 2.3
3 9.8 3.1
0.6 10.8 0.7
-0.8 17 3.5
0.8 10.6 0.9
0.6 10.6 1.7
-1.2 13.4 0.7
2.6 10.4 4.5
-1.2 13 2.7
8.2 16.6 3.1
8.2 15.2 4.1
2 10.2 0.3
2 10.2 0.3
7.8 17.4 3.1
1.8 10.2 0.5
1.8 10.2 0.5
3 9.8 0.9
-1.2 13 1.3
2.2 10 3.3
7.6 17.4 3.7
2.8 10 0.3
7.8 17.2 3.5
-0.8 17 0.5
-1.2 13.6 0.5
8.2 16.6 0.9
0.8 10.8 0.3
2.4 9.8 2.5
8 16.8 0.5
-1 13.4 0.1
6.8 16.2 5.7
0.6 11.4 4.5
7.8 17.4 0.9
2.4 9.8 1.5
1.8 10 2.7
2.2 10 0.7
-0.2 13.6 5.3
-1.2 13.2 0.9
1.4 10.2 2.9
8.2 16.8 1.3
2.8 10.6 4.9
7.6 17.4 0.3
7.8 17.2 0.5
7.6 16 4.9
1.8 10 1.3
-0.2 16.4 5.1
1.4 10.2 1.1
0.6 10.6 2.5
1.2 10.4 0.7
2 10 3.1
2 10 3.1
-1.11022e-16 16.8 5.1
-0.2 17 4.7
1.6 10.2 3.3
2.4 10 0.5
2.2 10.2 0.1
0.6 10.6 1.5
1.6 11 4.9
1.4 10.6 4.1
2 10 0.9
2 10 0.9
1 10.4 2.9
1.6 10.2 0.7
1.6 10.2 0.7
6.8 17 5.3
1.2 10.2 2.1
1.2 10.2 1.9
2.6 9.8 1.1
3 10.2 4.3
-1.4 13.4 2.1
-1.4 13.4 1.9
1 10.4 1.1
1.6 10.6 4.3
2.8 9.8 3.1
7.8 14.8 4.9
2.2 10.6 4.7
-0.4 13.2 4.9
1.6 10.4 3.9
2.8 9.8 0.9
1.2 10.2 2.3
2.4 9.8 2.7
8 17 3.3
7.2 17.4 4.5
-1.4 13.4 2.3
1.2 10.2 1.7
2.6 10 3.7
-1.4 13.4 1.7
0.8 11.2 4.5
2 10.8 4.9
-1.2 13 2.9
2.4 9.8 1.3
2.2 9.8 2.1
-0.8 13.6 4.5
-0.8 13.6 4.5
2.2 9.8 1.9
8 17 0.7
1.6 10.4 0.1
1.6 10.4 0.1
-0.6 13.8 4.9
-1.2 13 1.1
1.6 10 2.1
1.6 10 2.1
1.6 10 1.9
1.6 10 1.9
1.2 10.6 0.1
-0.6 16.2 4.7
0.6 10.6 2.7
0.6 11 0.1
2.6 10 0.3
-0.6 13 4.5
0.6 10.6 1.3
1.8 10 2.9
2.2 9.8 1.7
3 10 3.9
8.2 16.8 1.1
1.2 11.2 4.9
1.6 10 2.3
1.6 10 2.3
1.8 10 1.1
1.8 10 1.1
1.4 10.4 0.3
1.2 10.2 2.5
1.6 10 1.7
1.6 10 1.7
-1.4 13.4 2.5
3 9.8 3.3
8.2 17 2.1
7.8 17 3.9
8.2 17 1.9
-0.8 13.2 4.3
1.2 10.2 1.5
0.8 10.4 2.1
0.8 10.6 0.7
0.8 10.4 1.9
-0.4 16.4 4.9
-1.4 13.4 1.5
8.2 16.6 3.3
-0.8 16.8 3.9
1.4 10.2 3.1
3 10 0.1
0.6 11.2 4.3
7.8 17.4 3.3
-0.8 16.6 4.1
3 9.8 0.7
8.2 17 2.3
8.2 16.6 0.7
1.4 10.2 0.9
-1.4 13.6 1.1
7.8 17 0.1
7.8 17 0.1
2 10.4 4.3
0.8 10.4 2.3
8.2 17 1.7
0.6 10.8 0.5
7.8 17.4 0.7
0.8 10.4 1.7
-1.2 13.4 0.5
-0.8 16.8 0.1
-1 13.2 3.9
2.2 9.8 1.5
-1.2 13.2 0.7
1 10.4 3.1
2.2 10 3.5
1.6 10 2.5
1.6 10 2.5
-1 13 0.3
-0.2 13.4 5.3
1.8 10.2 3.7
1.6 10.8 4.7
2.4 9.8 2.9
1.6 10 1.5
1.6 10 1.5
2 10 3.3
2 10 3.3
1 10.6 0.3
-0.8 17 3.7
2.6 9.8 0.9
1 10.4 0.9
-0.6 16.6 4.5
2.4 9.8 1.1
2.2 10 0.5
-1 13.2 0.1
8 16.6 0.1
2 10.2 3.9
2 10.2 3.9
2 10 0.7
2 10 0.7
1.8 10.2 0.3
1.8 10.2 0.3
1.2 10.2 2.7
0.6 10.6 2.9
8.2 17 2.5
-1.4 13.4 2.7
-0.8 17 0.3
-1.2 13.6 0.3
8.2 14.8 4.3
0.8 10.4 2.5
8 16.8 0.3
1.2 10.4 0.5
1.6 10.2 3.5
8.2 17 1.5
1.2 10.2 1.3
-1.2 13 3.1
1 11 4.5
-1.4 13.4 1.3
0.8 10.4 1.5
0.6 10.6 1.1
2 10.2 0.1
2 10.2 0.1
7.8 17.2 0.3
8.2 15 4.3
-0.6 13.2 4.7
2.8 10 0.1
-1.2 13 0.9
1.6 10.2 0.5
1.6 10.2 0.5
2.8 9.8 0.7
-0.6 13.6 4.9
0.8 10.8 0.1
-0.2 16.2 5.3
2.4 10 0.3
-1.4 13.2 2.1
-1.4 13.2 1.9
2.2 9.8 1.3
-0.2 16.6 5.1
2.6 10.2 4.3
2 10.6 4.7
1.6 10 2.7
-0.4 16.8 4.7
3 9.6 2.1
8.2 16.8 0.9
7.6 17.4 0.1
3 9.6 1.9
-0.8 13.4 4.5
-0.8 13.4 4.5
1.8 10 0.9
1.8 10 0.9
8 17 3.5
1.6 10 1.3
1.6 10 1.3
8.2 15.2 4.3
6.8 17.4 5.1
-1.4 13.2 2.3
8 14.6 4.7
-1.4 13.2 1.7
3 9.6 2.3
2 9.8 2.1
2 9.8 1.9
8 17 0.5
2.2 10.4 4.5
3 9.6 1.7
8.2 17 2.7
0.8 10.4 2.7
-1.4 13.6 0.9
8.2 17 1.3
0.8 10.4 1.3
1.4 10.2 3.3
2 9.8 2.3
2 9.8 1.7
1.2 10.2 2.9
2.4 9.8 3.1
-1.4 13.4 2.9
3 9.8 3.5
1.4 10.2 0.7
1.2 10.2 1.1
3 10.6 5.1
0.8 10.6 0.5
8.2 16.6 3.5
-1.4 13.2 2.5
-1.4 13.4 1.1
2.4 9.8 0.9
1.4 10.6 4.3
7.8 17.4 3.5
3 9.6 2.5
-1.4 13.2 1.5
1 10.4 3.3
1.6 10.4 4.1
3 9.8 0.5
3 9.6 1.5
0.8 11.4 4.9
0.6 10.6 3.1
2.8 9.6 2.1
2.8 9.6 1.9
2.6 10 0.1
8.2 16.6 0.5
0.6 11.4 4.7
2.6 9.8 0.7
1 10.4 0.7
7.8 17.4 0.5
0.6 10.6 0.9
2 9.8 2.5
1.6 10 2.9
-1.2 13.2 0.5
2.2 9.8 1.1
2 9.8 1.5
2.8 9.6 2.3
2 10 3.5
2 10 3.5
1.4 10.4 0.1
2.8 9.6 1.7
1.4 10 2.1
1.6 10 1.1
1.6 10 1.1
3 10.2 4.5
1.4 10 1.9
7.6 14.4 5.3
-1.2 13 3.3
1.6 10.6 4.5
1 10.2 2.1
0.6 10.8 0.3
1 10.2 1.9
-1.2 13.4 0.3
-0.4 13.8 5.3
3 10 4.1
2 10 0.5
2 10 0.5
-1.2 13 0.7
7.6 15.2 5.3
0.8 10.4 2.9
1.4 10 2.3
7.8 17 4.1
-0.2 17 4.9
1.4 10 1.7
1 10.2 2.3
-1.4 13.2 2.7
8.2 17 1.1
-0.8 16.8 4.1
1 10.2 1.7
0.8 10.4 1.1
2.2 10 0.3
3 9.6 2.7
7.6 16 5.1
-1.4 13.2 1.3
8.2 16.8 0.7
1.8 10.2 3.9
-1 13 0.1
2.8 9.6 2.5
3 9.6 1.3
1.8 10 0.7
1.8 10 0.7
7.2 17.4 4.7
2.8 9.8 0.5
-0.8 17 3.9
1.6 10.2 3.7
2.8 9.6 1.5
1 10.6 0.1
1.2 10.4 0.3
0.8 11.2 4.7
2.2 10.6 4.9
-0.8 13.6 4.7
-0.8 13.6 4.7
1.6 11 5.1
-1 13.2 4.1
2 9.8 2.7
-0.8 16.6 4.3
1.2 10.2 3.1
1.8 10.2 0.1
1.8 10.2 0.1
2 9.8 1.3
-1.4 13.4 3.1
-0.2 16.4 5.3
1.6 10.2 0.3
1.6 10.2 0.3
1.4 10 2.5
-1.11022e-16 16.8 5.3
-0.8 17 0.1
-0.8 13.2 4.5
-1.2 13.6 0.1
-0.6 13 4.7
8 16.8 0.1
1 10.2 2.5
-1.4 13.6 0.7
2.6 9.6 2.1
1.4 10 1.5
2.6 9.6 1.9
1.2 10.2 0.9
7.8 14.8 5.1
-0.2 13.6 5.5
-0.4 13.2 5.1
1 10.2 1.5
-1.4 13.4 0.9
2 10.2 4.1
0.6 11.2 4.5
7.8 17.2 0.1
-1.4 13 2.1
2.4 9.8 3.3
-1.4 13 1.9
-0.6 16.2 4.9
8 17 3.7
2 10.4 4.5
2.6 9.6 2.3
2 10.8 5.1
2.6 9.6 1.7
2.4 10 0.1
1.4 10.2 3.5
2.4 9.8 0.7
1.6 10 3.1
-0.6 13.8 5.1
2.2 9.8 0.9
-1.4 13 2.3
8 17 0.3
0.6 10.6 3.3
1.8 9.8 2.1
-1.4 13 1.7
1.8 9.8 1.9
6.8 17 5.5
-0.8 11.8 2.1
-0.8 11.8 1.9
1.6 10 0.9
1.6 10 0.9
2.8 9.6 1.3
1.4 10.2 0.5
-1.4 13.2 2.9
3 9.6 2.9
0.6 10.6 0.7
1 10.4 3.5
1.2 11.2 5.1
-1.4 13.2 1.1
1.8 9.8 2.3
-0.8 11.8 2.3
1.4 10 2.7
3 9.8 3.7
3 9.6 1.1
8.2 14.8 4.5
1.8 9.8 1.7
-0.8 11.8 1.7
2.6 9.6 2.5
1 10.2 2.7
-0.4 16.4 5.1
-0.6 16.6 4.7
8.2 16.6 3.7
1.4 10 1.3
2.6 9.8 0.5
0.8 10.6 0.3
2.6 9.6 1.5
1 10.4 0.5
8.2 17 0.9
2 9.8 2.9
1 10.2 1.3
7.8 17.4 3.7
0.8 10.4 0.9
8.2 15 4.5
-1.4 13 2.5
1.6 10.8 4.9
3 9.8 0.3
2 9.8 1.1
-1.4 13 1.5
-1.2 13 3.5
8.2 16.6 0.3
1 11 4.7
7.8 17.4 0.3
2.6 10.2 4.5
-1.2 13.2 0.3
1.8 9.8 2.5
2 10 3.7
-1.2 13 0.5
1.8 9.8 1.5
-0.8 11.8 1.5
8.2 15.2 4.5
0.6 10.4 1.5
-0.8 13.4 4.7
-0.8 13.4 4.7
1.2 10.2 3.3
-0.6 13.2 4.9
2 10 0.3
2 10 0.3
8.2 16.8 0.5
-1.4 13.4 3.3
1.8 10 0.5
1.8 10 0.5
2.6 9.6 2.7
2.8 9.6 1.1
0.6 10.8 0.1
1.2 10.2 0.7
2.6 9.6 1.3
-1.2 13.4 0.1
-1.4 13.4 0.7
1.6 10.4 4.3
2 10.6 4.9
-0.4 16.8 4.9
-1.4 13 2.7
2.2 10.4 4.7
1.4 10 2.9
-1.4 13 1.3
1 10.2 2.9
2.8 9.8 0.3
-1.4 13.2 3.1
-1.4 13.6 0.5
1.4 10 1.1
3 9.6 3.1
8 14.6 4.9
1.4 10.6 4.5
1.6 10 3.3
1 10.2 1.1
2.2 10 0.1
1.8 9.8 2.7
2.2 9.8 0.7
2.4 9.8 3.5
-1.4 13.2 0.9
3 9.6 0.9
1.6 10.2 3.9
1.8 9.8 1.3
-0.8 11.8 1.3
1.6 10 0.7
1.6 10 0.7
1.2 10.4 0.1
2 9.8 3.1
3 10 4.3
2.4 9.8 0.5
-0.2 16.6 5.3
0.6 10.4 1.3
1.8 10.2 4.1
0.6 10.6 3.5
2 9.8 0.9
1.6 10.2 0.1
1.6 10.2 0.1
-0.2 16.2 5.5
-0.8 16.8 4.3
1.4 10.2 3.7
6.8 17.4 5.3
8.2 17 0.7
0.6 10.6 0.5
0.8 10.4 0.7
8 17 3.9
2.6 9.6 2.9
3 10.2 4.7
1.6 10.6 4.7
1.4 10.2 0.3
-1 13.2 4.3
2.6 9.6 1.1
0.8 10.2 2.1
1 10.4 3.7
0.8 10.2 1.9
-1.4 13 2.9
0.8 11.4 5.1
8 17 0.1
-1.4 13 1.1
1.6 9.8 2.1
1.6 9.8 1.9
3 10.6 5.3
2.8 9.6 0.9
2.6 9.8 0.3
1 10.4 0.3
2 10.2 4.3
0.8 10.2 2.3
1.2 10 1.5
-0.8 16.6 4.5
0.8 10.2 1.7
1.8 9.8 2.9
2.2 9.6 2.1
2.2 9.6 1.9
1.4 10 3.1
3 9.8 3.9
1 10.2 3.1
1.6 9.8 2.3
-1.2 13 3.7
1.8 9.8 1.1
-0.8 11.8 1.1
8.2 16.6 3.9
1.6 9.8 1.7
1.4 10 0.9
0.8 10.6 0.1
1 10.2 0.9
1.2 10.2 3.5
2.2 9.6 2.3
0.6 10.4 1.1
-1.4 13.4 3.5
2.2 9.6 1.7
3 9.8 0.1
7.2 17.4 4.9
-1.2 13 0.3
-0.8 13.2 4.7
-1.4 13.2 3.3
0.8 11.2 4.9
8.2 16.6 0.1
-0.8 13.6 4.9
-0.8 13.6 4.9
0.8 10.2 2.5
1.2 10.2 0.5
7.8 17.4 0.1
-1.4 13.4 0.5
0.8 10.2 1.5
-1.2 13.2 0.1
-1.4 13.2 0.7
2 10 3.9
8.2 16.8 0.3
2 10.4 4.7
-0.6 13 4.9
1.8 10 0.3
1.8 10 0.3
1.6 9.8 2.5
3 9.6 0.7
7.6 14.4 5.5
2.2 10.6 5.1
1.6 9.8 1.5
2 9.8 3.3
-0.4 13.8 5.5
1.6 10 3.5
1.2 10 1.3
2.2 9.6 2.5
2.2 9.8 0.5
2 10 0.1
2 10 0.1
7.6 15.2 5.5
2.2 9.6 1.5
2.6 9.6 3.1
2 9.8 0.7
1.6 10 0.5
1.6 10 0.5
-1.4 13.6 0.3
1.6 11 5.3
2.6 9.6 0.9
-1.4 13 3.1
2.4 9.8 3.7
2.4 9.6 1.1
-0.6 16.2 5.1
8.2 14.8 4.7
-1.4 13 0.9
2.8 9.8 0.1
7.8 14.8 5.3
-0.4 13.2 5.3
0.8 10.2 2.7
8.2 17 0.5
2.4 9.8 0.3
0.8 10.4 0.5
8.2 15 4.7
1.8 9.8 3.1
0.6 10.6 3.7
0.8 10.2 1.3
-0.2 16.4 5.5
-1.11022e-16 16.8 5.5
1.6 9.8 2.7
2 10.8 5.3
-0.6 16.6 4.9
1.8 9.8 0.9
-0.8 11.8 0.9
-0.8 11.6 2.1
2.8 9.6 0.7
-0.8 11.6 1.9
1.6 9.8 1.3
2.6 10.2 4.7
2.2 9.6 2.7
0.6 10.6 0.3
-0.6 13.8 5.3
0.6 10.4 0.9
1.4 10 3.3
2.2 9.6 1.3
1 10.2 3.3
1.6 10.2 4.1
1 11 4.9
-0.8 11.6 2.3
1.4 10.2 3.9
8.2 15.2 4.7
-0.2 13.6 5.7
-0.8 11.6 1.7
1.4 10 0.7
1.6 10.4 4.5
1.2 11.2 5.3
1.2 10 1.1
1 10.2 0.7
2 9.6 2.1
3 9.4 2.1
2 9.6 1.9
3 9.4 1.9
-0.4 16.4 5.3
1.4 10.2 0.1
1 10.4 3.9
-0.8 13.4 4.9
-0.8 13.4 4.9
1.8 10.2 4.3
8 17 4.1
6.8 17 5.7
2 9.6 2.3
3 9.4 2.3
2 9.6 1.7
-1.4 13.2 3.5
3 9.4 1.7
-0.8 11.6 2.5
0.8 10.2 2.9
2.6 9.8 0.1
3 10 4.5
1.4 10.6 4.7
-0.8 11.6 1.5
1 10.4 0.1
1 10 2.1
1.2 10.2 3.7
1 10 1.9
-0.6 13.2 5.1
-1.4 13.4 3.7
2.4 9.6 0.9
0.8 10.2 1.1
2.6 9.6 3.3
-1.4 13.2 0.5
-1.2 13 3.9
3 9.6 0.5
-0.8 16.8 4.5
2 9.8 3.5
1.6 9.8 1.1
-1.4 13 3.3
1.2 10.2 0.3
2.2 9.6 2.9
1 10 2.3
2 10.6 5.1
2.6 9.6 0.7
-0.4 16.8 5.1
-1.4 13.4 0.3
1 10 1.7
3 9.8 4.1
2 9.6 2.5
3 9.4 2.5
2.2 9.6 1.1
2 9.8 0.5
-1.2 13 0.1
2 9.6 1.5
-1.4 13 0.7
3 9.4 1.5
8.2 16.6 4.1
2.8 9.4 2.1
2.8 9.4 1.9
-1 13.2 4.5
1.6 10 3.7
8 14.6 5.1
1.8 9.8 3.3
2.2 9.8 0.3
8.2 16.8 0.1
1.8 10 0.1
1.8 10 0.1
-0.8 11.6 2.7
2.8 9.4 2.3
1.8 9.8 0.7
1.6 10 0.3
1.6 10 0.3
-0.8 11.8 0.7
2 10.2 4.5
2.8 9.4 1.7
1 10 2.5
-0.8 11.6 1.3
1.2 10 0.9
1 10 1.5
0.6 10.4 0.7
1.6 10.6 4.9
-1 11.8 2.1
-1 11.8 1.9
-1.4 13.6 0.1
2.8 9.6 0.5
-0.8 16.6 4.7
8.2 17 0.3
2.4 9.8 3.9
0.8 10.4 0.3
1.4 10 3.5
2 9.6 2.7
1 10.2 3.5
2.8 9.4 2.5
2 9.6 1.3
-1 11.8 2.3
3 9.4 1.3
0.8 10.2 3.1
-1 11.8 1.7
2.8 9.4 1.5
1.4 10 0.5
-0.2 16.6 5.5
2.4 9.8 0.1
1 10.2 0.5
0.8 10.2 0.9
0.6 10.2 1.7
6.8 17.4 5.5
1 10 2.7
2.2 9.6 3.1
1.6 9.8 0.9
2.6 9.4 2.1
2.6 9.4 1.9
0.6 10.6 0.1
0.8 11.4 5.3
1 10 1.3
2.4 9.6 0.7
-0.8 13.2 4.9
2.2 9.6 0.9
-0.8 11.6 2.9
-1 11.8 2.5
-0.2 16.2 5.7
1.8 9.6 2.1
1.8 9.6 1.9
-1 11.8 1.5
2.6 9.4 2.3
-0.8 11.6 1.1
2.6 9.4 1.7
2.6 9.6 3.5
7.2 17.4 5.1
0.6 10.2 1.5
2 10.4 4.9
-1.4 13.2 3.7
2.8 9.4 2.7
0.8 11.2 5.1
1.8 9.6 2.3
1.4 10.2 4.1
-0.8 13.6 5.1
-0.8 13.6 5.1
1.8 9.6 1.7
-1.4 13 3.5
2.8 9.4 1.3
2.6 9.6 0.5
2 9.6 2.9
1.6 10.2 4.3
-1.4 13.2 0.3
-0.6 13 5.1
3 9.6 0.3
-1.4 13 0.5
2 9.8 3.7
2 9.6 1.1
3 9.4 1.1
2.6 9.4 2.5
1 10.4 4.1
1.8 9.8 3.5
-1.4 13.4 3.9
2.6 9.4 1.5
1.2 10 0.7
8.2 14.8 4.9
-1 11.8 2.7
2 9.8 0.3
1.8 9.6 2.5
1.8 9.8 0.5
-1.8 13.6 2.1
1.8 9.6 1.5
-1.8 13.6 1.9
1 10 2.9
-0.8 11.8 0.5
-1 11.8 1.3
1.2 10.2 0.1
8.2 15 4.9
-1.4 13.4 0.1
8 17 4.3
1 10 1.1
0.6 10.4 0.5
0.6 10.2 1.3
-1.2 13 4.1
0.8 10.2 3.3
-1.8 13.6 2.3
1.6 10 3.9
-1.8 13.6 1.7
2.6 10.2 4.9
-0.6 16.2 5.3
2.4 9.4 2.1
2.4 9.4 1.9
0.8 10.2 0.7
2.2 9.8 0.1
-0.8 11.6 3.1
2.8 9.4 2.9
8.2 15.2 4.9
-0.4 13.8 5.7
1.6 10 0.1
1.6 10 0.1
2.6 9.4 2.7
2.2 9.6 3.3
2.8 9.6 0.3
1.6 9.8 0.7
2.8 9.4 1.1
-0.8 11.6 0.9
1.4 10 3.7
2.4 9.4 2.3
2.6 9.4 1.3
3 9.8 4.3
2.4 9.4 1.7
2.2 9.6 0.7
8.2 16.6 4.3
1 11 5.1
-1.8 13.6 2.5
-0.4 13.2 5.5
1.8 9.6 1.3
-1.8 13.6 1.5
1.4 10 0.3
8.2 17 0.1
-0.8 11.4 2.1
-0.8 11.4 1.9
2 9.6 3.1
0.8 10.4 0.1
1 10.2 0.3
0.8 10 2.1
2.4 9.6 0.5
0.8 10 1.9
-1 11.8 2.9
2 9.6 0.9
3 9.4 0.9
1.4 10.6 4.9
-1 11.8 1.1
-0.8 11.4 2.3
-0.6 13.8 5.5
-0.8 13.4 5.1
-0.8 13.4 5.1
2.4 9.8 4.1
2.4 9.4 2.5
-0.8 11.4 1.7
0.8 10 2.3
-0.2 16.4 5.7
2.4 9.4 1.5
0.8 10 1.7
0.6 10.2 1.1
-1 13.2 4.7
1 10 3.1
1.2 11.2 5.5
2.6 9.6 3.7
1 10 0.9
-0.4 16.4 5.5
2.6 9.4 2.9
-1.4 13 3.7
1.6 9.6 2.1
-0.8 11.4 2.5
1.6 9.6 1.9
-1.8 13.6 1.3
-0.6 13.2 5.3
2.6 9.6 0.3
0.8 10 2.5
1.2 10 0.5
-0.8 11.4 1.5
2.6 9.4 1.1
-1.4 13.2 3.9
0.8 10 1.5
2.8 9.4 3.1
-1.4 13 0.3
1.6 9.6 2.3
1.8 9.8 3.7
1.8 9.6 1.1
2 10.6 5.3
1.6 9.6 1.7
2.8 9.4 0.9
2.4 9.4 2.7
-0.8 11.6 3.3
2.4 9.4 1.3
-1.4 13.2 0.1
0.8 10.2 3.5
2 9.8 3.9
3 9.6 0.1
1.8 9.8 0.3
-0.8 11.8 0.3
-0.8 16.6 4.9
-0.8 11.6 0.7
0.6 10.4 0.3
0.8 10.2 0.5
1.6 10.6 5.1
2 9.8 0.1
2.2 9.6 3.5
1.6 9.6 2.5
-0.8 11.4 2.7
-1 11.8 0.9
-1 11.6 2.1
1.6 9.8 0.5
-1 11.6 1.9
1.6 9.6 1.5
2 9.6 3.3
0.8 10 2.7
-1.8 13.4 1.5
-0.8 11.4 1.3
0.8 10 1.3
0.6 10.2 0.9
2.2 9.6 0.5
2 9.6 0.7
1 10.4 4.3
3 9.4 0.7
-1 11.6 2.3
-1.8 13.6 1.1
-1 11.6 1.7
1.6 10.2 4.5
2.2 9.4 1.5
1 10 3.3
2.8 9.6 0.1
2.4 9.4 2.9
1.4 10 3.9
2.6 9.4 0.9
-0.8 13.2 5.1
2.4 9.6 0.3
1 10 0.7
2.4 9.4 1.1
1.6 9.6 2.7
-1 11.6 2.5
1.8 9.6 0.9
1.4 10 0.1
1.6 9.6 1.3
8 17 4.5
-1 11.6 1.5
1 10.2 0.1
-1.8 13.4 1.3
2 10.4 5.1
2.8 9.4 3.3
-0.8 11.4 2.9
2.8 9.4 0.7
0.8 11.4 5.5
7.2 17.4 5.3
-0.8 11.4 1.1
0.8 11.2 5.3
0.8 10 1.1
-0.8 13.6 5.3
-0.8 13.6 5.3
2.2 9.4 1.3
6.8 17.4 5.7
2.6 9.6 3.9
3 9.8 4.5
1.2 10 0.3
8.2 14.8 5.1
-0.8 11.6 3.5
-0.6 13 5.3
8.2 16.6 4.5
2 9.4 2.1
-1.4 13 3.9
2 9.4 1.9
-1 11.6 2.7
8.2 15 5.1
2.4 9.8 4.3
-1 11.8 0.7
-1.8 13.6 0.9
-0.8 11.6 0.5
2.6 9.6 0.1
-1 11.6 1.3
0.8 10.2 3.7
0.6 10.2 0.7
2 9.4 2.3
-1.4 13 0.1
2 9.4 1.7
1.8 9.8 3.9
2.6 10.2 5.1
2.4 9.4 3.1
2 9.6 3.5
1.6 9.6 1.1
-1.8 13.4 1.1
-1.4 13.2 4.1
0.8 10.2 0.3
2.4 9.4 0.9
8.2 15.2 5.1
2.2 9.6 3.7
2 9.6 0.5
1.8 9.8 0.1
3 9.4 0.5
-1.2 11.8 2.1
-0.8 11.8 0.1
-1.2 11.8 1.9
1.6 9.8 0.3
2.6 9.4 0.7
0.6 10.4 0.1
2 9.8 4.1
2.2 9.6 0.3
2 9.4 2.5
2.2 9.4 1.1
-0.8 11.4 3.1
-1.2 11.8 2.3
2 9.4 1.5
1.8 9.6 0.7
-1.2 11.8 1.7
-0.8 11.4 0.9
1 10 0.5
0.8 10 0.9
-1 11.6 2.9
-1 11.6 1.1
2.8 9.4 3.5
-1.2 11.8 2.5
-0.8 13.4 5.3
-0.8 13.4 5.3
-1.2 11.8 1.5
2.8 9.4 0.5
-0.8 11.2 2.1
2.4 9.6 0.1
-0.8 11.2 1.9
-0.4 13.8 5.9
2 9.4 1.3
1.4 10 4.1
-1.8 13.6 0.7
1.6 9.6 0.9
-0.8 11.2 2.3
-1.8 13.4 0.9
-0.8 11.2 1.7
5.8 9.6 2.1
5.8 9.6 1.9
1 10.4 4.5
2.4 9.4 3.3
-1 11.8 0.5
-0.8 11.6 3.7
5.8 9.6 2.3
2.4 9.4 0.7
0.6 10.2 0.5
5.8 9.6 1.7
-1.2 11.8 2.7
2.2 9.4 0.9
-0.8 16.6 5.1
1.2 11.2 5.7
1.8 9.4 2.1
-0.6 13.2 5.5
1.8 9.4 1.9
-1.2 11.8 1.3
-0.8 11.6 0.3
1.6 10.2 4.7
-0.8 11.2 2.5
1.2 10 0.1
-0.8 11.2 1.5
-1 11.6 3.1
-0.8 11.4 3.3
1.8 9.4 2.3
2 9.6 3.7
1.8 9.4 1.7
2.6 9.6 4.1
-1 11.6 0.9
2.6 9.4 0.5
-0.8 11.4 0.7
1.6 10.6 5.3
0.8 10.2 3.9
0.8 10 0.7
5.8 9.6 1.5
2 9.6 0.3
3 9.4 0.3
2 9.4 1.1
1.8 9.6 0.5
-1 11.4 2.1
-1 11.4 1.9
0.8 10.2 0.1
2.2 9.6 3.9
1.8 9.8 4.1
1.8 9.4 2.5
1.6 9.8 0.1
1.8 9.4 1.5
-0.8 11.2 2.7
-1 11.4 2.3
-1 11.4 1.7
1 10 0.3
-0.8 11.2 1.3
2.2 9.6 0.1
-1.2 11.8 2.9
2.4 9.8 4.5
-2 13.6 2.1
-2 13.6 1.9
3 9.8 4.7
-1.2 11.8 1.1
1.6 9.6 0.7
2.8 9.4 3.7
-0.8 13.2 5.3
-1.4 13.2 4.3
-1.8 13.4 0.7
8.2 16.6 4.7
5.8 9.6 1.3
0.6 10 1.1
-2 13.6 2.3
-2 13.6 1.7
2.8 9.4 0.3
-1.8 13.6 0.5
-1 11.4 2.5
2 10.4 5.3
-1 11.4 1.5
2 9.8 4.3
1.8 9.4 2.7
2.2 9.4 0.7
2.4 9.4 3.5
1.8 9.4 1.3
2.4 9.4 0.5
-1 11.6 3.3
-2 13.6 2.5
2 9.4 0.9
-1 11.8 0.3
-0.8 11.2 2.9
-2 13.6 1.5
8.2 14.8 5.3
7.2 17.4 5.5
-1 11.6 0.7
0.8 11.2 5.5
-0.8 13.6 5.5
-0.8 13.6 5.5
-0.8 11.2 1.1
0.6 10.2 0.3
-0.8 11.4 3.5
8.2 15 5.3
-1 11.4 2.7
-0.8 11.6 3.9
-0.6 13 5.5
-0.8 11.4 0.5
-1 11.4 1.3
-1.2 11.8 3.1
0.8 10 0.5
5.8 9.6 1.1
2.6 10.2 5.3
1.4 10 4.3
-1.2 11.8 0.9
-1.2 11.6 2.1
-0.8 11.6 0.1
1.6 9.4 1.9
-1.2 11.6 1.9
2.6 9.4 0.3
8.2 15.2 5.3
1.8 9.4 2.9
0.6 10 0.9
-2 13.6 2.7
2 9.6 3.9
1.8 9.6 0.3
-1.2 11.6 2.3
-2 13.6 1.3
1.8 9.4 1.1
6 9.6 2.1
1.6 9.4 1.7
-2 13.4 2.1
-1.2 11.6 1.7
6 9.6 1.9
-2 13.4 1.9
2 9.6 0.1
3 9.4 0.1
6 9.6 2.3
-2 13.4 2.3
1.6 9.6 0.5
6 9.6 1.7
0.8 10.2 4.1
-2 13.4 1.7
-1.8 13.4 0.5
2.6 9.6 4.3
-1 11.4 2.9
-0.8 11.2 3.1
-1.2 11.6 2.5
1.6 9.4 1.5
-1.2 11.6 1.5
1 10 0.1
-1 11.4 1.1
-0.8 11.2 0.9
2.2 9.4 0.5
2 9.4 0.7
6 9.6 2.5
2.8 9.4 3.9
-1.8 13.6 0.3
-2 13.4 2.5
6 9.6 1.5
-2 13.4 1.5
1.8 9.8 4.3
2.4 9.4 3.7
-2 13.6 2.9
5.8 9.6 0.9
-0.8 13.4 5.5
1.6 10.2 4.9
2.8 9.4 0.1
-2 13.6 1.1
-1 11.6 0.5
-1.2 11.8 3.3
2.4 9.4 0.3
1.8 9.4 3.1
-1.2 11.6 2.7
-1.2 11.8 0.7
1.8 9.4 0.9
1.6 9.4 1.3
-1.2 11.6 1.3
-0.8 11.4 3.7
-0.8 11 2.1
-0.8 11 1.9
-0.8 16.6 5.3
0.6 10 0.7
-1 11.8 0.1
-2 13.4 2.7
-1.4 13.2 4.5
6 9.6 1.3
-0.8 11.4 0.3
-2 13.4 1.3
-0.8 11 2.3
0.6 10.2 0.1
0.8 10 0.3
-0.8 11 1.7
2 9.8 4.5
-1 11.4 0.9
6.8 10 2.1
6.8 10 1.9
-0.6 13.2 5.7
-0.8 11.2 3.3
3 9.8 4.9
-1.4 11.8 2.1
-0.8 11.6 4.1
-1.4 11.8 1.9
1.6 10.6 5.5
2.6 9.4 0.1
6.8 10 2.3
-0.8 11 2.5
6.8 10 1.7
-0.8 11.2 0.7
1.2 11.2 5.9
-0.8 11 1.5
-1.2 11.6 2.9
-1.4 11.8 2.3
1.8 9.6 0.1
-1.4 11.8 1.7
-2 13.6 0.9
1.6 9.6 0.3
1.6 9.4 1.1
-1.2 11.6 1.1
-1.8 13.4 0.3
-1 11.2 2.1
-1 11.2 1.9
2 9.6 4.1
5.8 9.6 0.7
-2 13.4 2.9
2 9.4 0.5
6.8 10 2.5
6 9.6 1.1
-2 13.4 1.1
1.8 9.4 3.3
-1 11.2 1.7
6.8 10 1.5
2.2 9.4 0.3
-1.4 11.8 2.5
-0.8 13.2 5.5
-1.4 11.8 1.5
1.8 9.4 0.7
-0.8 11 2.7
-1.2 11.8 3.5
-0.8 11 1.3
2 10.4 5.5
-1.8 13.6 0.1
-1.2 11.8 0.5
0.8 10.2 4.3
-1 11.6 0.3
2.4 9.4 3.9
-1 11.2 1.5
0.6 10 0.5
6.2 9.6 2.1
6.2 9.6 1.9
2.8 9.4 4.1
6.8 10 2.7
-1 11.4 0.7
2.4 9.4 0.1
6.8 10 1.3
-1.2 11.6 3.1
6.2 9.6 2.3
2.6 9.6 4.5
-1.4 11.8 2.7
6.2 9.6 1.7
8.2 14.8 5.5
-1.4 11.8 1.3
1.6 9.4 0.9
-1.2 11.6 0.9
-0.8 11.4 3.9
8.2 15 5.5
5.8 9.4 2.1
5.8 9.4 1.9
-0.8 11.2 3.5
-2 13.4 3.1
7.2 17.4 5.7
-2 13.6 0.7
0.8 11.2 5.7
-0.8 11 2.9
-0.8 13.6 5.7
-0.8 13.6 5.7
-1.2 11.4 2.1
-0.8 11.4 0.1
6 9.6 0.9
-1.2 11.4 1.9
-2 13.4 0.9
1.8 9.8 4.5
2.6 10.2 5.5
-0.8 11.2 0.5
0.8 10 0.1
5.8 9.4 2.3
-1 11.2 1.3
6.2 9.6 2.5
-0.8 11 1.1
5.8 9.4 1.7
6.2 9.6 1.5
-0.6 13 5.7
-1.2 11.4 2.3
8.2 15.2 5.5
-1.2 11.4 1.7
5.8 9.6 0.5
6.8 10 2.9
1.8 9.4 3.5
5.8 9.4 2.5
6.8 10 1.1
-1.4 11.8 2.9
5.8 9.4 1.5
2 9.4 0.3
1.8 9.4 0.5
1.6 9.6 0.1
-1.4 11.8 1.1
-1.2 11.4 2.5
-1.8 13.4 0.1
-1.2 11.4 1.5
6.2 9.6 2.7
1.6 10.2 5.1
-0.8 11.6 4.3
-1.4 13.2 4.7
6.2 9.6 1.3
-1.2 11.8 3.7
-1 11.2 1.1
-1.2 11.6 3.3
2.2 9.4 0.1
-1.2 11.8 0.3
2 9.8 4.7
-0.8 11 3.1
1.6 9.4 0.7
-1.2 11.6 0.7
5.8 9.4 2.7
-1 11.4 0.5
2 9.6 4.3
0.6 10 0.3
-0.8 11 0.9
-2 13.4 3.3
5.8 9.4 1.3
-1.2 11.4 2.7
-1 11.6 0.1
-1.2 18.2 2.1
-1.2 18.2 1.9
6 9.6 0.7
-2 13.4 0.7
-1.2 11.4 1.3
6.8 10 3.1
-2 13.6 0.5
-1.2 18.2 2.3
-1.2 18.2 1.7
2.4 9.4 4.1
-0.8 16.6 5.5
6.2 9.6 2.9
-1.4 11.8 3.1
6.8 10 0.9
-0.8 11.2 3.7
3 9.8 5.1
6.2 9.6 1.1
-1.4 11.8 0.9
-0.8 11.2 0.3
0.8 10.2 4.5
7 10 2.1
7 10 1.9
-0.8 11.4 4.1
5.8 9.4 2.9
-1.2 18.2 1.5
-1 11.2 0.9
5.8 9.6 0.3
-0.8 10.8 2.1
-0.8 10.8 1.9
5.8 9.4 1.1
7 10 2.3
-1.2 11.4 2.9
7 10 1.7
1.8 9.4 3.7
-1.2 11.4 1.1
-0.8 10.8 2.3
-0.8 10.8 1.7
-0.8 11 3.3
1.8 9.4 0.3
-1.4 11.6 1.5
6 9.4 1.9
6.4 9.6 2.1
6.4 9.6 1.9
-1.2 11.6 3.5
-0.6 13.2 5.9
2.6 9.6 4.7
-0.8 11 0.7
2 9.4 0.1
7 10 2.5
7 10 1.5
1.6 9.4 0.5
-1.2 11.6 0.5
6 9.4 1.7
6.4 9.6 2.3
-1.2 18.2 1.3
6.2 9.6 3.1
6.4 9.6 1.7
-0.8 10.8 2.5
-1 11 1.9
-0.8 10.8 1.5
6.8 10 3.3
6.2 9.6 0.9
-1.2 11.8 3.9
1.8 9.8 4.7
6 9.6 0.5
-2 13.4 0.5
-1 11.4 0.3
-1.4 11.8 3.3
6.8 10 0.7
-1 11 1.7
-1.4 18 2.1
-1.4 18 1.9
-0.8 13.2 5.7
-1.2 11.8 0.1
-1.4 11.8 0.7
5.8 9.4 3.1
6.4 9.6 2.5
-1.4 11.6 1.3
6 9.4 1.5
6.4 9.6 1.5
0.6 10 0.1
-1.4 18 2.3
5.8 9.4 0.9
7 10 2.7
-1.4 18 1.7
-1.2 11.4 3.1
-2 13.6 0.3
7 10 1.3
-1.2 11.4 0.9
-1 11.2 0.7
-0.8 11.6 4.5
-1 11 1.5
-0.8 10.8 1.3
-1.2 18.2 1.1
-0.8 11.2 3.9
6.8 9.8 2.1
6.8 9.8 1.9
-1.4 18 2.5
8.2 14.8 5.7
-1.4 18 1.5
6.4 9.6 2.7
2 9.6 4.5
6 9.4 1.3
-1.2 11.2 2.1
6.8 9.8 2.3
-0.8 11.2 0.1
-1.2 11.2 1.9
6.4 9.6 1.3
6.8 9.8 1.7
-0.8 11 3.5
-1.6 11.8 2.1
-1.6 11.8 1.9
2.4 9.4 4.3
2.6 10.2 5.7
6.2 9.6 3.3
-1.4 11.6 1.1
-1.2 11.2 2.3
-1.2 11.2 1.7
5.8 9.6 0.1
-0.8 11 0.5
7 10 2.9
-1 11 1.3
2 9.8 4.9
0.8 11.2 5.9
-1.6 11.8 2.3
6.2 9.6 0.7
8.2 15.2 5.7
1.8 9.4 3.9
-1.6 11.8 1.7
7 10 1.1
-1.2 11.6 3.7
6.8 9.8 2.5
-1.4 18 2.7
1.6 10.2 5.3
6.8 9.8 1.5
6.8 10 3.5
-0.8 10.8 1.1
-1.4 18 1.3
-0.8 11.4 4.3
1.8 9.4 0.1
5.8 9.4 3.3
1.6 9.4 0.3
-1.2 11.6 0.3
-1.2 11.2 2.5
-1.4 11.8 3.5
6.8 10 0.5
-1.2 11.2 1.5
5.8 9.4 0.7
-1.2 11.4 3.3
-1.6 11.8 2.5
1.6 20.4 2.1
1.6 20.4 1.9
-1.6 11.8 1.5
-1.4 11.8 0.5
6 9.6 0.3
-2 13.4 0.3
-1.2 18.2 0.9
6 9.4 1.1
-1.2 11.4 0.7
6.4 9.6 1.1
0.8 10.2 4.7
1.6 20.4 2.3
1.6 20.4 1.7
6.8 9.8 2.7
-1 11.4 0.1
-1 11.2 0.5
6.8 9.8 1.3
-1 11 1.1
-1.2 11.8 4.1
-1.2 11.2 2.7
-1.4 11.6 0.9
-1.4 18 2.9
-1.2 11.2 1.3
7 10 3.1
-1.2 18.4 2.1
-1.6 11.8 2.7
-1.2 18.4 1.9
1.6 20.4 2.5
6.2 9.4 2.1
-1.4 18 1.1
6.2 9.4 1.9
-2 13.6 0.1
1.6 20.4 1.5
-1.6 11.8 1.3
7 10 0.9
-1.4 11.4 2.1
-1.4 11.4 1.9
-1.2 18.4 2.3
6.2 9.4 2.3
-1.2 18.4 1.7
-0.8 10.8 0.9
6.2 9.4 1.7
-0.8 16.6 5.7
-1.4 11.4 2.3
-1.4 11.4 1.7
-0.8 11 3.7
6.2 9.6 0.5
6.6 9.6 2.1
6.6 9.6 1.9
-0.8 11.2 4.1
-2.2 16.4 1.5
6 9.4 0.9
6.4 9.6 0.9
7.2 10 2.1
7.2 10 1.9
-0.8 11 0.3
5.8 9.2 2.1
6.8 9.8 1.1
5.8 9.2 1.9
6.2 9.4 2.5
-1.2 18.4 1.5
6.6 9.6 2.3
5.8 9.4 3.5
6.2 9.4 1.5
1.8 9.8 4.9
1.6 20.4 1.3
6.6 9.6 1.7
-1.2 11.2 2.9
-1.4 11.4 2.5
-1.2 18.2 0.7
-1.4 11.4 1.5
7.2 10 2.3
5.8 9.2 2.3
-1.2 11.2 1.1
-1.2 11.4 3.5
6.8 10 3.7
-1.6 11.8 2.9
7.2 10 1.7
-1 11 0.9
5.8 9.4 0.5
5.8 9.2 1.7
-1.6 11.8 1.1
-1.4 11.8 3.7
-1.4 18 3.1
-1.2 11.4 0.5
-0.8 11.6 4.7
6.8 10 0.3
6.6 9.6 2.5
-1.4 18 0.9
1.8 9.4 4.1
-1.4 11.8 0.3
6.6 9.6 1.5
1.6 9.4 0.1
-1.2 11.6 0.1
-1.4 11.6 0.7
-2.2 16.4 1.3
7.2 10 2.5
7 10 3.3
5.8 9.2 2.5
6.2 9.4 2.7
7.2 10 1.5
5.8 9.2 1.5
-0.8 10.6 1.9
-1.2 18.4 1.3
6.2 9.4 1.3
2.4 9.4 4.5
7.4 19.4 2.1
-1.4 11.4 2.7
7.4 19.4 1.9
2 9.6 4.7
7 10 0.7
-1.4 18.2 2.1
-1.4 18.2 2.1
6 9.6 0.1
-1.4 18.2 1.9
-1.4 18.2 1.9
-2 13.4 0.1
-1.4 11.4 1.3
-1 11.2 0.3
-0.8 10.8 0.7
-0.8 10.6 1.7
7.4 19.4 2.3
1.4 20.4 2.1
1.6 20.4 1.1
1.4 20.4 1.9
7.4 19.4 1.7
-1.4 18.2 2.3
-1.4 18.2 2.3
-1.4 18.2 1.7
-1.4 18.2 1.7
6.8 9.8 0.9
-1 10.8 2.1
-1 10.8 1.9
6.6 9.6 2.7
-0.8 11.4 4.5
1.4 20.4 2.3
-1.2 11.2 3.1
6.6 9.6 1.3
1.4 20.4 1.7
7.2 10 2.7
6 9.4 0.7
5.8 9.2 2.7
-0.8 13.2 5.9
6.4 9.6 0.7
-1.6 11.8 3.1
-1.2 11.2 0.9
-1 10.8 2.3
7.2 10 1.3
-1 10.8 1.7
5.8 9.2 1.3
-0.8 10.6 1.5
7.4 19.4 2.5
7 9.8 2.1
-1.4 18.2 2.5
-1.4 18.2 2.5
-1.6 11.8 0.9
7 9.8 1.9
-1.6 11.6 2.1
7.4 19.4 1.5
-1.6 11.6 1.9
-1.4 18.2 1.5
-1.4 18.2 1.5
-2.2 16.4 1.1
6.2 9.4 2.9
2 9.8 5.1
-1 11 0.7
-1.2 11.8 4.3
-1.2 18.4 1.1
6.2 9.6 0.3
1.4 20.4 2.5
-1.4 11.4 2.9
6.2 9.4 1.1
7 9.8 2.3
7 9.8 1.7
-1.4 18 3.3
1.4 20.4 1.5
-1.6 11.6 1.7
-1.2 18.2 0.5
-1.4 11.4 1.1
-1 10.8 2.5
-0.8 11 3.9
-1 10.8 1.5
5.8 9.4 3.7
-1.4 18 0.7
-2.2 16.6 1.5
8.2 14.8 5.9
-1.2 11.4 3.7
-1.2 11 2.1
-0.8 11 0.1
0.8 10.2 4.9
-1.2 11 1.9
6.6 9.6 2.9
5.8 9.4 0.3
7.4 19.4 2.7
-0.8 10.6 1.3
7 9.8 2.5
-1.4 18.2 2.7
-1.4 18.2 2.7
1.6 20.4 0.9
6.6 9.6 1.1
7.4 19.4 1.3
7 9.8 1.5
7.2 10 2.9
-1.6 11.6 1.5
-1.4 11.6 0.5
5.8 9.2 2.9
7 10 3.5
-1.4 18.2 1.3
-1.4 18.2 1.3
-1.2 11.4 0.3
6.8 10 3.9
-1.2 11 2.3
-1.2 11 1.7
7.2 10 1.1
5.8 9.2 1.1
1.4 20.4 2.7
2.6 10.2 5.9
-1.4 11.8 3.9
7 10 0.5
-0.8 11.2 4.3
1.4 20.4 1.3
-1 10.8 2.7
6.8 10 0.1
6.8 9.8 0.7
8.2 15.2 5.9
-0.8 10.8 0.5
-1 10.8 1.3
-1.2 11.2 3.3
-2.2 16.6 1.3
-1.4 11.8 0.1
6 9.2 2.1
6 9.2 1.9
-2.2 16.4 0.9
6.2 9.4 3.1
-1.2 11 2.5
-1.6 11.8 3.3
6.4 9.4 1.7
-1.2 11.2 0.7
-1.2 11 1.5
-1.6 18 2.1
-1.6 18 1.9
-1.2 18.4 0.9
7 9.8 2.7
-1.4 11.4 3.1
6.2 9.4 0.9
-1.6 11.8 0.7
6 9.2 2.3
7 9.8 1.3
-1.6 11.6 1.3
6 9.4 0.5
6 9.2 1.7
-1.4 11.4 0.9
-1 11.2 0.1
6.4 9.6 0.5
-1.6 18 2.3
1.8 9.4 4.3
7.4 19.4 2.9
-1.6 18 1.7
-1.4 18.2 2.9
-1.4 18.2 2.9
-0.8 10.6 1.1
7.4 19.4 1.1
-1.4 18.2 1.1
-1.4 18.2 1.1
6.4 9.4 1.5
6.6 9.6 3.1
-1 11 0.5
1.4 20.4 2.9
-1.4 18 3.5
6 9.2 2.5
6.6 9.6 0.9
7.2 10 3.1
1.4 20.4 1.1
5.8 9.2 3.1
-1 10.8 2.9
-2.2 16.8 2.1
6 9.2 1.5
-2.2 16.8 1.9
-1.4 11.2 2.1
-1.4 11.2 1.9
6.8 9.6 2.1
6.8 9.6 2.1
-1.6 18 2.5
6.8 9.6 1.9
6.8 9.6 1.9
-1.2 11 1.3
7.2 10 0.9
5.8 9.2 0.9
-1.6 18 1.5
-1.4 18 0.5
-1 10.8 1.1
1.8 9.8 5.1
-2.2 16.6 1.1
1.6 20.4 0.7
-1.2 18.6 2.1
1.2 20.4 2.1
-1.2 18.6 1.9
1.2 20.4 1.9
-0.8 11.6 4.9
-1.2 18.2 0.3
-2.2 16.8 2.3
-1.4 11.2 2.3
-2.2 16.8 1.7
6.8 9.6 2.3
6.8 9.6 2.3
-1.4 11.2 1.7
6.8 9.6 1.7
6.8 9.6 1.7
2.4 9.4 4.7
6.2 9.6 0.1
-1.2 18.6 2.3
1.2 20.4 2.3
7 9.8 1.1
-1.2 18.6 1.7
-1.6 11.6 1.1
1.2 20.4 1.7
6.4 9.4 1.3
5.8 9.4 3.9
-1.8 11.8 2.1
-1.8 11.8 1.9
6 9.2 2.7
7 10 3.7
-1.4 11.6 0.3
-2.2 16.8 2.5
-1.4 11.2 2.5
6.2 9.4 3.3
-1.2 11.4 3.9
-2.2 16.4 0.7
6 9.2 1.3
6.8 9.6 2.5
6.8 9.6 2.5
-0.8 11 4.1
-1.6 18 2.7
-2.2 16.8 1.5
-1.4 11.2 1.5
7.4 19.4 3.1
6.8 9.8 0.5
-0.8 11.4 4.7
5.8 9.4 0.1
6.8 9.6 1.5
6.8 9.6 1.5
-1.4 11.4 3.3
-1.2 11.2 3.5
-1.4 18.2 3.1
-1.4 18.2 3.1
-1.2 18.4 0.7
-1.6 18 1.3
-1.8 11.8 2.3
-0.8 10.6 0.9
6.2 9.4 0.7
-1.8 11.8 1.7
-1.2 18.6 2.5
1.2 20.4 2.5
7 10 0.3
7.4 10 2.1
7.4 10 1.9
7.4 19.4 0.9
-1.2 18.6 1.5
-1.6 11.8 3.5
1.2 20.4 1.5
-1.2 11.4 0.1
-1.4 18.2 0.9
-1.4 18.2 0.9
-1.4 11.4 0.7
-1.2 11.8 4.5
-1.2 11.2 0.5
1.4 20.4 3.1
-1.2 11 1.1
-0.8 10.8 0.3
7.4 10 2.3
-1.6 11.8 0.5
7.4 10 1.7
1.4 20.4 0.9
-1 10.8 3.1
6.8 10 4.1
6.6 9.6 3.3
-1.8 11.8 2.5
-1 10.8 0.9
-1.4 11.8 4.1
-2.2 16.6 0.9
7.2 10 3.3
-1.8 11.8 1.5
5.8 9.2 3.3
6.6 9.6 0.7
-2.2 16.8 2.7
-1.4 11.2 2.7
6 9.4 0.3
6.8 9.6 2.7
6.8 9.6 2.7
6.4 9.6 0.3
-2.2 16.8 1.3
-1.4 11.2 1.3
6.4 9.4 1.1
-1.4 18.4 2.1
7.2 10 0.7
6.8 9.6 1.3
6.8 9.6 1.3
-1.4 18.4 1.9
5.8 9.2 0.7
6 9.2 2.9
-1.2 18.6 2.7
7.4 10 2.5
7 9.8 0.9
7.4 10 1.5
-1.6 11.6 0.9
-1.2 18.6 1.3
1.2 20.4 1.3
-1.6 18 2.9
6 9.2 1.1
-1.4 18.4 2.3
-1 11 0.3
-1.4 18.4 1.7
-1.6 18 1.1
-1.4 18 3.7
-0.8 11.2 4.5
1.6 20.4 0.5
-1.6 11.4 2.1
1.6 20.6 2.1
-1.6 11.4 1.9
1.6 20.6 1.9
-1.8 11.8 2.7
-1.4 18 0.3
-1.8 11.8 1.3
-1.6 11.4 2.3
1.6 20.6 2.3
0.8 10.2 5.1
-1.6 11.4 1.7
1.6 20.6 1.7
7.4 19.4 3.3
-1.4 18.4 2.5
-1.4 18.2 3.3
-1.4 18.2 3.3
-1.2 11 0.9
-1.4 18.4 1.5
6.2 9.2 2.1
7.4 10 2.7
-0.8 10.6 0.7
6.2 9.2 1.9
-2.2 16.8 2.9
-1.4 11.2 2.9
3.6 8.6 2.1
7.4 19.4 0.7
6.2 9.4 3.5
3.6 8.6 1.9
6.8 9.6 2.9
6.8 9.6 2.9
-1.2 18.2 0.1
7.4 10 1.3
-2.2 16.4 0.5
-1.4 18.2 0.7
-1.4 18.2 0.7
3.4 8.6 2.1
3.4 8.6 1.9
1.4 20.4 3.3
-2.2 16.8 1.1
1.8 9.4 4.5
-1.4 11.2 1.1
-1.4 11.4 3.5
6.8 9.6 1.1
6.8 9.6 1.1
-1 10.6 2.1
6.2 9.2 2.3
-1.2 18.4 0.5
-1 10.6 1.9
-1.2 18.6 2.9
-2.2 17 2.1
6.2 9.4 0.5
6.2 9.2 1.7
-2.2 17 1.9
6.6 9.4 2.1
6.6 9.4 1.9
3.6 8.6 2.3
-1 10.8 3.3
-1.6 11.4 2.5
1.6 20.6 2.5
-2.4 16.4 2.1
1.4 20.4 0.7
-2.4 16.4 1.9
3.6 8.6 1.7
-1.2 18.6 1.1
1.2 20.4 1.1
3.4 8.6 2.3
-1.6 11.4 1.5
1.6 20.6 1.5
-1.4 11.4 0.5
3.4 8.6 1.7
6.8 9.8 0.3
6.4 9.4 0.9
-1.2 11.2 3.7
3.2 8.6 2.1
3.2 8.6 1.9
-1 10.6 2.3
-1 10.8 0.7
6 9.2 3.1
-1 10.6 1.7
-2.2 17 2.3
-2.2 16.6 0.7
6.6 9.4 2.3
-2.2 17 1.7
7 10 3.9
-2.4 16.4 2.3
6.6 9.4 1.7
-1.6 11.8 3.7
-1.4 11.6 0.1
-2.4 16.4 1.7
-1.6 18 3.1
6.6 9.6 3.5
6 9.2 0.9
7.4 19.6 2.1
-1.4 18.4 2.7
7.4 19.6 1.9
5.8 9.4 4.1
-1.2 11.2 0.3
3.2 8.6 2.3
-1.8 11.8 2.9
6.2 9.2 2.5
3.2 8.6 1.7
-1.4 18.4 1.3
-1.6 18 0.9
7.2 10 3.5
5.8 9.2 3.5
6.2 9.2 1.5
3.6 8.6 2.5
7 10 0.1
-1.6 11.8 0.3
-1.8 11.8 1.1
6.6 9.6 0.5
-1.2 11.4 4.1
7 9.8 0.7
-1.6 11.6 0.7
3.4 8.6 2.5
3.6 8.6 1.5
1 20.4 2.1
1 20.4 1.9
7.4 19.6 2.3
3.4 8.6 1.5
7.4 19.6 1.7
-1 10.6 2.5
5.8 9 2.1
7.2 10 0.5
-1.2 10.8 2.1
-0.8 10.8 0.1
5.8 9 1.9
-1.2 10.8 1.9
5.8 9.2 0.5
7.4 10 2.9
-2.2 17 2.5
6.6 9.4 2.5
-1 10.6 1.5
-2.4 16.4 2.5
-1.6 11.4 2.7
-2.2 17 1.5
1.6 20.6 2.7
6.6 9.4 1.5
-1.6 18.2 2.1
-1.6 18.2 2.1
-1.6 18.2 1.9
-1.6 18.2 1.9
1 20.4 2.3
7.4 10 1.1
-0.8 11 4.3
-2.4 16.4 1.5
1 20.4 1.7
-1.6 11.4 1.3
1.6 20.6 1.3
3.2 8.6 2.5
5.8 9 2.3
-1.2 10.8 2.3
5.8 9 1.7
-1.2 10.8 1.7
3.2 8.6 1.5
-2.2 16.8 3.1
-1.4 11.2 3.1
-1.6 18.2 2.3
6.8 9.6 3.1
6.8 9.6 3.1
6 9.4 0.1
-1.6 18.2 1.7
-1.6 18.2 1.7
7.4 19.6 2.5
6.4 9.6 0.1
-2.2 16.8 0.9
7.4 19.6 1.5
-1.4 11.2 0.9
2.4 9.4 4.9
6.2 9.2 2.7
-1.2 11 0.7
6.8 9.6 0.9
6.8 9.6 0.9
-1.2 18.6 3.1
3.6 8.6 2.7
1.6 20.4 0.3
6.2 9.2 1.3
-0.8 11.6 5.1
6.8 10 4.3
3.4 8.6 2.7
3.6 8.6 1.3
-1.2 18.6 0.9
1.2 20.4 0.9
7.4 19.4 3.5
-1.4 18.4 2.9
1 20.4 1.5
5.8 9 2.5
-1.4 18.2 3.5
-1.4 18.2 3.5
-1.2 10.8 2.5
3.4 8.6 1.3
-1 10.6 2.7
-1 11 0.1
1.8 9.8 5.3
-1.4 11.8 4.3
-2.2 17 2.7
-1.4 18 3.9
5.8 9 1.5
-1.2 10.8 1.5
6.6 9.4 2.7
-1.4 18.4 1.1
-1.4 18.4 1.1
-0.8 10.6 0.5
-1 10.6 1.3
-2.4 16.4 2.7
-1.6 18.2 2.5
-2.2 17 1.3
2.8 8.6 2.1
7 9.6 2.1
7.4 19.4 0.5
2.8 8.6 1.9
6.6 9.4 1.3
7 9.6 1.9
-2.4 16.4 1.3
-1.6 18.2 1.5
-1.6 18.2 1.5
-1.4 18.2 0.5
-1.4 18.2 0.5
-1.2 11.8 4.7
1.4 20.4 3.5
-0.8 11.4 4.9
3.2 8.6 2.7
-1.8 11.8 3.1
6.4 9.4 0.7
6 9.2 3.3
-1.4 18 0.1
3.2 8.6 1.3
-1.6 11.4 2.9
-1 10.8 3.5
6.2 9.4 3.7
2.8 8.6 2.3
7 9.6 2.3
-1.8 11.8 0.9
-1.8 11.6 2.1
-1.8 11.6 1.9
-1.6 18 3.3
1.4 20.4 0.5
2.8 8.6 1.7
7 9.6 1.7
7.4 19.6 2.7
-2.2 16.4 0.3
6 9.2 0.7
1.4 20.6 2.1
-1.6 11.4 1.1
1.6 20.6 1.1
1.4 20.6 1.9
-1.4 11 2.1
7.4 19.6 1.3
-1.4 11 1.9
7.4 10 3.1
7.6 19.4 1.1
-1.2 18.4 0.3
-1 10.8 0.5
-1.6 18 0.7
-2.2 16.6 0.5
6.2 9.4 0.3
-1.8 11.6 1.7
7.4 10 0.9
1.4 20.6 2.3
-1.4 11.4 0.3
5.8 9 2.7
1 20.4 1.3
-1.2 10.8 2.7
-1.4 11 2.3
1.4 20.6 1.7
6.2 9.2 2.9
-1.4 11 1.7
-2.4 16.6 2.1
7.2 9.8 1.1
-2.4 16.6 1.9
5.8 9 1.3
-1.2 10.8 1.3
3.6 8.6 2.9
2.8 8.6 2.5
-1.6 18.2 2.7
7 9.6 2.5
6.2 9.2 1.1
3 8.6 1.3
3.4 8.6 2.9
6.6 9.6 3.7
7 9.8 0.5
2.8 8.6 1.5
-1.6 11.6 0.5
7 9.6 1.5
3.6 8.6 1.1
-1.6 18.2 1.3
-1.6 18.2 1.3
-1 10.6 2.9
-1.2 11.2 3.9
6.8 9.8 0.1
3.4 8.6 1.1
-2.2 17 2.9
-2.4 16.6 2.3
6.6 9.4 2.9
7.2 10 3.7
-0.8 11.2 4.7
-2.4 16.6 1.7
-2.2 16.8 3.3
5.8 9.2 3.7
-2.4 16.4 2.9
-1.4 11.2 3.3
-1 10.6 1.1
-1.6 11.8 3.9
6.8 9.6 3.3
6.8 9.6 3.3
6.6 9.6 0.3
-2.2 17 1.1
6.6 9.4 1.1
-1.8 11.6 1.5
-1.4 18.4 3.1
1.4 20.6 2.5
-2.4 16.4 1.1
2.6 8.6 2.1
3.2 8.6 2.9
2.6 8.6 1.9
-1.4 11 2.5
-1.2 11.2 0.1
-2.2 16.8 0.7
1.4 20.6 1.5
-1.4 11.2 0.7
-1.2 18.6 3.3
7.2 10 0.3
-1.4 11 1.5
6.8 9.6 0.7
6.8 9.6 0.7
5.8 9.2 0.3
3.2 8.6 1.1
-1.4 18.4 0.9
-1.4 18.4 0.9
7 10 4.1
-1.6 11.8 0.1
7.4 19.6 2.9
2.6 8.6 2.3
-1.2 18.6 0.7
1.2 20.4 0.7
2.6 8.6 1.7
-2.2 17.2 2.1
-2.2 17.2 1.9
7.4 19.6 1.1
-2.4 16.6 2.5
-1.2 11 0.5
-2.4 16.6 1.5
7 9.6 2.7
2.8 8.6 1.3
7 9.6 1.3
5.8 9.4 4.3
1.8 9.4 4.7
5.8 9 2.9
-1.2 10.8 2.9
-1.8 11.8 3.3
-2.2 17.2 2.3
-1.6 11.4 0.9
1.6 20.6 0.9
1 20.4 1.1
6.4 9.2 2.1
6.4 9.2 1.9
-2.2 17.2 1.7
7.6 10 2.1
-1.8 18 2.1
7.6 10 1.9
7.6 19.4 0.9
-1.8 18 1.9
5.8 9 1.1
-1.2 10.8 1.1
-1.6 18.2 2.9
-1.2 11.4 4.3
3 8.6 1.1
-1.8 11.8 0.7
2.6 8.6 2.5
1.4 20.6 2.7
7.4 19.4 3.7
-1.8 11.6 1.3
-1.4 11 2.7
-1.6 18.2 1.1
-1.6 18.2 1.1
6.4 9.2 2.3
-1.4 18.2 3.7
-1.4 18.2 3.7
2.6 8.6 1.5
6.2 9.2 3.1
6.4 9.4 0.5
6.4 9.2 1.7
1.4 20.6 1.3
7.4 10 3.3
7.6 10 2.3
6 9.2 3.5
-1.8 18 2.3
-1.4 11 1.3
7.6 10 1.7
3.6 8.6 3.1
-1.8 18 1.7
7.2 9.8 0.9
-0.8 10.6 0.3
1.6 20.4 0.1
3.4 8.6 3.1
6.2 9.2 0.9
-1.6 18 3.5
7.4 19.4 0.3
-1.4 18.6 2.1
-1.4 18.6 2.1
-1.4 18.6 1.9
-1.4 18.6 1.9
7.4 10 0.7
1.4 20.4 3.7
6 9 2.1
-1.4 18.2 0.3
-1.4 18.2 0.3
3.6 8.6 0.9
6 9 1.9
-2.2 17.2 2.5
-1 10.6 3.1
6 9.2 0.5
-1.6 11.2 2.1
-1.6 11.2 1.9
-2.2 17 3.1
-2.4 16.6 2.7
3.4 8.6 0.9
6.6 9.4 3.1
-2.2 17.2 1.5
-2.4 16.4 3.1
-1.6 18 0.5
-1 10.8 3.7
-2.4 16.6 1.3
-1 10.6 0.9
-0.8 11 4.5
-2.2 17 0.9
-1.4 18.6 2.3
-1.4 18.6 2.3
1.4 20.4 0.3
6.6 9.4 0.9
6 9 2.3
3.2 8.6 3.1
-1.4 18.6 1.7
-1.4 18.6 1.7
-2.4 16.4 0.9
6.4 9.2 2.5
-1.6 11.2 2.3
6 9 1.7
0.8 20.4 2.1
0.8 20.4 1.9
7.6 10 2.5
-1.6 11.2 1.7
2.4 8.6 2.1
-1.8 18 2.5
2.4 8.6 1.9
6.4 9.2 1.5
6.8 9.4 2.1
6.8 9.4 2.1
-1.4 18 4.1
6.8 9.4 1.9
6.8 9.4 1.9
-1 10.8 0.3
7.6 10 1.5
-1.8 18 1.5
3.2 8.6 0.9
7 9.6 2.9
-2.2 16.6 0.3
6.2 9.4 3.9
7.4 19.6 3.1
2.6 8.6 2.7
-1.4 18.4 3.3
-2.2 16.4 0.1
2.8 8.6 1.1
7 9.6 1.1
0.8 20.4 2.3
2.4 8.6 2.3
2.6 8.6 1.3
0.8 20.4 1.7
6.8 9.4 2.3
6.8 9.4 2.3
7.4 19.6 0.9
2.4 8.6 1.7
6.8 9.4 1.7
6.8 9.4 1.7
-2.2 16.8 3.5
-1.2 18.4 0.1
-1.4 11.2 3.5
-1.4 18.4 0.7
-1.4 18.4 0.7
6.2 9.4 0.1
6.8 9.6 3.5
6.8 9.6 3.5
6.8 10 4.5
-1.4 18.6 2.5
-1.4 18.6 2.5
1.4 20.6 2.9
7 9.8 0.3
7.4 9.8 2.1
-1.6 11.6 0.3
7.4 9.8 1.9
-1.4 11 2.9
5.8 9 3.1
-1.8 11.6 1.1
-1.2 10.8 3.1
-2.2 17.2 2.7
-1.6 11.2 2.5
-1.4 18.6 1.5
-1.4 18.6 1.5
-1.4 11.4 0.1
6 9 1.5
1 20.4 0.9
-2.2 16.8 0.5
-1.2 18.6 3.5
-1.4 11.8 4.5
-1.6 11.2 1.5
-1.4 11.2 0.5
1.4 20.6 1.1
-2.2 17.2 1.3
6.8 9.6 0.5
6.8 9.6 0.5
-1.4 11 1.1
-1.6 18.2 3.1
5.8 9 0.9
-1.2 10.8 0.9
3 8.6 0.9
6.6 9.6 3.9
7.8 19.4 2.1
7.4 9.8 2.3
7.8 19.4 1.9
6.4 9.2 2.7
7.4 9.8 1.7
-1.2 18.6 0.5
0.8 20.4 2.5
1.2 20.4 0.5
-2.4 16.8 2.1
-1.6 18.2 0.9
-1.6 18.2 0.9
-2.4 16.8 1.9
2.4 8.6 2.5
-1.6 11.4 0.7
1.6 20.6 0.7
7.6 10 2.7
-2.4 16.6 2.9
-1.8 18 2.7
6.8 9.4 2.5
6.8 9.4 2.5
0.8 20.4 1.5
1.2 20.6 2.1
6.4 9.2 1.3
1.2 20.6 1.9
7.2 10 3.9
2.4 8.6 1.5
5.8 9.2 3.9
7.6 19.4 0.7
6.8 9.4 1.5
6.8 9.4 1.5
7.6 10 1.3
-1.8 18 1.3
-2.4 16.6 1.1
6.6 9.6 0.1
7.8 19.4 2.3
7.8 19.4 1.7
-2.4 16.8 2.3
-1.2 11.2 4.1
6.2 9.2 3.3
2.4 9.4 5.1
-2.4 16.8 1.7
1.2 20.6 2.3
7.2 10 0.1
3.6 8.6 3.3
-1.2 11 0.3
1.2 20.6 1.7
5.8 9.2 0.1
7.2 9.8 0.7
-1.6 11.8 4.1
3.4 8.6 3.3
-1.4 18.6 2.7
-1.4 18.6 2.7
2.6 8.6 2.9
6.2 9.2 0.7
7.4 9.8 2.5
-1.8 11.8 0.5
-1.2 11.8 4.9
-1.6 11.2 2.7
-1 10.6 3.3
7.4 9.8 1.5
3.6 8.6 0.7
-1.4 18.6 1.3
-1.4 18.6 1.3
-2.2 17 3.3
6 9 1.3
7.4 10 3.5
2.6 8.6 1.1
6.6 9.4 3.3
3.4 8.6 0.7
-1.6 11.2 1.3
-2.4 16.4 3.3
-1.6 18.4 2.1
-1.6 18.4 1.9
-1 10.6 0.7
7.8 19.4 2.5
7.6 19.6 2.1
7.6 19.6 1.9
-2.2 17 0.7
3.2 8.6 3.3
6.6 9.4 0.7
-2.2 17.2 2.9
-2.4 16.8 2.5
0.8 20.4 2.7
7.8 19.4 1.5
7.4 10 0.5
2.8 8.6 0.9
7 9.6 0.9
2.4 8.6 2.7
-2.4 16.4 0.7
6.8 9.4 2.7
6.8 9.4 2.7
1.2 20.6 2.5
-2.4 16.8 1.5
6 9.2 3.7
6.4 9.4 0.3
0.8 20.4 1.3
-1.6 18.4 2.3
-2.2 17.2 1.1
2.4 8.6 1.3
1.2 20.6 1.5
2.2 8.6 2.1
7 10 4.3
6.8 9.4 1.3
6.8 9.4 1.3
2.2 8.6 1.9
-1.6 18.4 1.7
3.2 8.6 0.7
7.4 19.6 3.3
7.6 19.6 2.3
1.4 20.6 3.1
7.6 19.6 1.7
7.4 19.4 3.9
-1.4 11 3.1
6.4 9.2 2.9
-1.8 11.6 0.9
-1.4 18.2 3.9
-1.4 18.2 3.9
7.6 10 2.9
6 9.2 0.3
-1.8 18 2.9
1.4 20.6 0.9
7.4 19.6 0.7
6.4 9.2 1.1
2.2 8.6 2.3
-1.4 11 0.9
-1.6 18 0.3
7.6 10 1.1
2.2 8.6 1.7
-0.8 10.6 0.1
-1.8 18 1.1
7.4 9.8 2.7
-1.4 18.4 3.5
7.4 19.4 0.1
1.4 20.4 3.9
5.8 9 3.3
-1.2 10.8 3.3
-1.4 18.2 0.1
-1.4 18.2 0.1
-1.8 11.4 2.1
-1.8 11.4 1.9
7.4 9.8 1.3
-2.4 16.6 3.1
1 20.4 0.7
-1.6 18.4 2.5
-0.8 11.2 4.9
-1.6 18.2 3.3
7.2 9.6 2.1
-1 10.8 3.9
7.2 9.6 1.9
-1.6 18.4 1.5
5.8 9 0.7
-1.4 18.4 0.5
-1.4 18.4 0.5
-1.2 10.8 0.7
7.6 19.6 2.5
-1.4 18.6 2.9
-1.4 18.6 2.9
7.8 19.4 2.7
-1.2 10.6 1.7
-2.4 16.6 0.9
3 8.6 0.7
1.4 20.4 0.1
-2.4 16.8 2.7
-1.6 11.2 2.9
7.6 19.6 1.5
7.8 19.4 1.3
-1.4 18.6 1.1
-1.4 18.6 1.1
-1.6 18.2 0.7
-1.6 18.2 0.7
1.2 20.6 2.7
-1.8 11.4 1.7
6 9 1.1
-2.4 16.8 1.3
2.2 8.6 2.5
-1.6 11.2 1.1
-2.2 16.8 3.7
7.2 9.6 2.3
-1.4 11.2 3.7
1.2 20.6 1.3
-1 10.8 0.1
6.8 9.6 3.7
7.2 9.6 1.7
2.2 8.6 1.5
-2.2 16.6 0.1
2.6 8.6 3.1
-2 11.8 1.3
0.8 20.4 2.9
2.4 8.6 2.9
6.8 9.4 2.9
6.8 9.4 2.9
-1.2 18.6 3.7
-1.6 11.4 0.5
1.6 20.6 0.5
-2.2 16.8 0.3
2.6 8.6 0.9
-1.4 11.2 0.3
0.8 20.4 1.1
6.8 9.6 0.3
6.8 9.6 0.3
2.4 8.6 1.1
7.6 19.4 0.5
6.2 9.4 4.1
6.8 9.4 1.1
6.8 9.4 1.1
7.4 19.8 2.1
-1.2 10.6 1.5
7.4 19.8 1.9
-2.2 17.2 3.1
7 9.8 0.1
1.8 9.4 4.9
-1.6 11.6 0.1
6.2 9.2 3.5
-1.2 18.6 0.3
1.2 20.4 0.3
-1.8 11.4 1.5
-1.4 18 4.3
-1.6 18.4 2.7
3.6 8.6 3.5
7.2 9.6 2.5
-2.2 17.2 0.9
1.6 20.8 2.1
1.6 20.8 1.9
7.2 9.8 0.5
3.4 8.6 3.5
7.6 19.6 2.7
7.2 9.6 1.5
7.4 19.8 2.3
-1.6 18.4 1.3
7.4 9.8 2.9
6.2 9 2.1
6.2 9 1.9
7.4 19.8 1.7
6.2 9.2 0.5
6.4 9.2 3.1
-1 10.6 3.5
7.6 19.6 1.3
-2.2 17.4 1.5
2.8 8.6 0.7
-1.8 18 3.1
7 9.6 0.7
3.6 8.6 0.5
-2.2 17 3.5
7.4 9.8 1.1
6.6 9.4 3.5
2.2 8.6 2.7
-2.4 16.4 3.5
3.4 8.6 0.5
1.6 20.8 2.3
6.4 9.2 0.9
1.6 20.8 1.7
7.8 19.4 2.9
7.6 10 0.9
-1.8 18 0.9
6.2 9 2.3
2.2 8.6 1.3
6.6 9.6 4.1
1.4 20.6 3.3
-0.8 11 4.7
-1 10.6 0.5
6.2 9 1.7
3.2 8.6 3.5
-2.4 16.8 2.9
-1.8 11.8 0.3
-1.4 11 3.3
-2.2 17 0.5
6.6 9.4 0.5
-1.8 11.6 0.7
7.8 19.4 1.1
-2.4 16.4 0.5
7.4 10 3.7
7.2 10 4.1
-2.4 16.8 1.1
5.8 9.2 4.1
1.4 20.6 0.7
-1.2 11 0.1
-1.4 11 0.7
1.2 20.6 1.1
-1.4 18.6 3.1
-1.4 18.6 3.1
3.2 8.6 0.5
7.4 19.6 3.5
-2.4 17 2.1
-1.2 10.6 1.3
-2.4 17 1.9
7.4 19.8 1.5
-1.6 11.2 3.1
-2 11.8 1.1
-1.8 18.2 2.1
7.4 10 0.3
-2.4 16.6 3.3
-1.8 18.2 1.9
-1.4 18.6 0.9
-1.4 18.6 0.9
-1.8 11.4 1.3
6 9 0.9
7.2 9.6 2.7
1.6 20.8 2.5
0.6 20.4 2.1
-1.6 11.2 0.9
7.4 19.6 0.5
0.6 20.4 1.9
6.2 9 2.5
1.6 20.8 1.5
6.8 10 4.7
-1.4 10.8 1.5
-2.4 17 2.3
7.2 9.6 1.3
-2.4 16.6 0.7
-2.4 17 1.7
5.8 9 3.5
0.8 20.4 3.1
6.2 9 1.5
2.4 8.6 3.1
3.6 8.4 2.1
-1.2 11.2 4.3
-2.2 17.4 1.3
6.6 9.2 1.5
6.8 9.4 3.1
6.8 9.4 3.1
3.6 8.4 1.9
-1.8 18.2 1.7
6 9.2 3.9
-1.4 11.8 4.7
-1.6 18.4 2.9
1 20.4 0.5
0.6 20.4 2.3
6.4 9.4 0.1
-1.6 18.2 3.5
0.8 20.4 0.9
0.6 20.4 1.7
2.4 8.6 0.9
7.6 19.6 2.9
1 20.6 2.1
-1.6 11.8 4.3
1 20.6 1.9
6.8 9.4 0.9
6.8 9.4 0.9
5.8 9 0.5
2.6 8.6 3.3
-1.2 10.8 0.5
-1.6 18.4 1.1
-1.6 18.4 1.1
3 8.6 0.5
3.6 8.4 2.3
7.6 19.6 1.1
3.6 8.4 1.7
6 9.2 0.1
-1.6 18.2 0.5
-1.6 18.2 0.5
2.2 8.6 2.9
2.6 8.6 0.7
1 20.6 2.3
3.2 8.4 2.1
5.8 8.8 2.1
3.2 8.4 1.9
5.8 8.8 1.9
-1.6 18 0.1
-2.4 17 2.5
7.4 9.8 3.1
-1.4 18.4 0.3
-1.4 18.4 0.3
1 20.6 1.7
2.2 8.6 1.1
7.4 19.4 4.1
-2.2 17.2 3.3
-2.4 17 1.5
7.4 19.8 1.3
-1.4 18.2 4.1
-1.4 18.2 4.1
7 9.4 2.1
7 9.4 1.9
-1.8 18.2 1.5
7.4 9.8 0.9
0.6 20.4 2.5
1.6 20.8 2.7
-1.6 11 2.1
3.2 8.4 2.3
-1.6 11 1.9
5.8 8.8 2.3
-2.2 17.2 0.7
0.6 20.4 1.5
7.8 19.4 3.1
6.2 9 2.7
3.2 8.4 1.7
5.8 8.8 1.7
1.6 20.8 1.3
-1.4 10.8 1.3
-2.4 16.8 3.1
6.4 9.2 3.3
-1.2 10.6 1.1
1.4 20.4 4.1
3.6 8.4 2.5
6.2 9 1.3
7 9.4 2.3
-1.8 18 3.3
7.8 10 2.1
6.6 9.2 1.3
7.8 10 1.9
7.8 19.4 0.9
7 9.4 1.7
3.6 8.4 1.5
-1.6 11.4 0.3
1.6 20.6 0.3
7.2 9.6 2.9
-1.8 11.4 1.1
-2.2 16.8 3.9
-2.4 16.8 0.9
-1.6 11 2.3
-1.4 11.2 3.9
3.4 8.4 1.5
1 20.6 2.5
7 10 4.5
-1 10.8 4.1
6.4 9.2 0.7
6.8 9.6 3.9
-1.4 18.8 2.1
-1.6 11 1.7
7.6 19.4 0.3
-1.4 18.8 1.9
1.2 20.6 0.9
7.6 10 0.7
-1.8 18 0.7
1 20.6 1.5
7.2 9.6 1.1
3 8.4 2.1
3 8.4 1.9
-2 11.8 0.9
-2 11.6 2.1
6.2 9.2 3.7
7.8 10 2.3
-2 11.6 1.9
-2.2 17.4 1.1
2.8 8.6 0.5
-1.2 18.6 3.9
7 9.6 0.5
7.8 10 1.7
3.6 8.6 3.7
-2.2 16.8 0.1
-1.4 11.2 0.1
3.2 8.4 2.5
5.8 8.8 2.5
-1.4 18.8 2.3
6.8 9.6 0.1
6.8 9.6 0.1
3.4 8.6 3.7
-1.4 18.6 3.3
-1.4 18.6 3.3
-2.4 17 2.7
7.2 9.8 0.3
-1.4 18.8 1.7
1.4 20.6 3.5
3.2 8.4 1.5
5.8 8.8 1.5
3 8.4 2.3
-1.6 11.2 3.3
-1.4 11 3.5
-1.2 11.8 5.1
6.2 9.2 0.3
3 8.4 1.7
-1 10.6 3.7
-2 11.6 2.3
-2.4 17 1.3
7 9.4 2.5
-2.2 17 3.7
-2 11.6 1.7
2.4 9.4 5.3
-1.2 18.6 0.1
-1.8 11.6 0.5
6.6 9.4 3.7
1.2 20.4 0.1
3.6 8.6 0.3
7 9.4 1.5
-1.4 18.6 0.7
-1.4 18.6 0.7
-1.8 18.2 1.3
0.6 20.4 2.7
-2.4 16.4 3.7
-1.6 11 2.5
6 9 0.7
3.4 8.6 0.3
1.4 20.6 0.5
-1.6 11.2 0.7
7.6 19.6 3.1
-1.6 11 1.5
-1.4 11 0.5
0.6 20.4 1.3
-1.6 18.4 0.9
-1.6 18.4 0.9
3.2 8.6 3.7
-1 10.6 0.3
0.8 20.4 3.3
3.6 8.4 2.7
2.4 8.6 3.3
-2.2 17 0.3
7.4 19.8 1.1
7.8 10 2.5
6.8 9.4 3.3
6.8 9.4 3.3
-2.4 16.6 3.5
6.6 9.4 0.3
7.6 19.6 0.9
-2.6 16.4 1.3
-2.4 16.4 0.3
2.2 8.6 3.1
7.8 10 1.5
3.6 8.4 1.3
1.6 20.8 2.9
1 20.6 2.7
-1.4 18.8 2.5
3.4 8.4 1.3
6.2 9.4 4.3
0.8 20.4 0.7
2.4 8.6 0.7
7.4 19.6 3.7
3.2 8.6 0.3
6.8 9.4 0.7
6.8 9.4 0.7
3 8.4 2.5
7.6 9.8 1.9
-1.4 18.8 1.5
1.4 20.8 2.1
1.6 20.8 1.1
1 20.6 1.3
-1.4 10.8 1.1
1.4 20.8 1.9
2.2 8.6 0.9
-2.4 16.6 0.5
-1.8 11.8 0.1
3 8.4 1.5
6.2 9 1.1
2.8 8.4 2.1
2.8 8.4 1.9
-2 11.6 1.5
6.6 9.2 1.1
3.2 8.4 2.7
5.8 8.8 2.7
7.4 19.6 0.3
-2.2 17.6 2.1
-2.2 17.6 1.9
2.6 8.6 3.5
1.4 20.8 2.3
3.2 8.4 1.3
7.6 9.8 1.7
5.8 8.8 1.3
5.8 9 3.7
1.4 20.8 1.7
-1.2 10.6 0.9
7 9.4 2.7
2.8 8.4 2.3
7.4 10 0.1
2.8 8.4 1.7
-1.4 18 4.5
7.2 9.6 3.1
7.4 9.8 0.7
7 9.4 1.3
-1.6 11 2.7
-0.8 11.2 5.1
-1.6 18.2 3.7
1 20.4 0.3
-1.8 11.4 0.9
2.6 8.6 0.5
-2.2 17.6 2.3
7.8 19.4 3.3
-2.4 17 2.9
-2.2 17.6 1.7
-1.6 11 1.3
6.6 9.6 4.3
-2.6 16.6 1.9
5.8 9 0.3
-1.2 10.8 0.3
-2.4 16.8 3.3
-2.2 17.2 3.5
7.2 9.6 0.9
7.8 10 2.7
3 8.6 0.3
-2.4 17 1.1
-1.6 18.6 2.1
-2.2 17.4 0.9
-1.6 18.6 1.9
-1.6 18.6 1.9
0.6 20.4 2.9
7.8 19.4 0.7
-1.6 18.2 0.3
-1.6 18.2 0.3
7.2 10 4.3
7.8 10 1.3
-1.8 18.2 1.1
5.8 9.2 4.3
-1.4 18.8 2.7
-2.4 16.8 0.7
8 19.4 2.1
-2.2 17.2 0.5
-2 18 2.1
1.4 20.8 2.5
8 19.4 1.9
3 8.4 2.7
-2 18 1.9
0.6 20.4 1.1
1.2 20.6 0.7
-2.6 16.6 1.7
-1.4 18.8 1.3
6.4 9.2 3.5
7.6 9.8 1.5
3.6 8.4 2.9
1.4 20.8 1.5
2.8 8.4 2.5
-1.8 18 3.5
3 8.4 1.3
-2 11.8 0.7
-1.6 18.6 2.3
6 9.2 4.1
-2 11.6 1.3
2.8 8.4 1.5
-2.6 16.4 1.1
-1.6 18.6 1.7
-1.6 18.6 1.7
3.6 8.4 1.1
1 20.6 2.9
-1.8 11.2 2.1
-2.2 17.6 2.5
-2.4 17.2 2.1
-1.8 11.2 1.9
-2.4 17.2 1.9
6.4 9 2.1
6.4 9 1.9
3.4 8.4 1.1
-2 18 2.3
6.4 9.2 0.5
-2.2 17.6 1.5
8 19.4 1.7
-2 18 1.7
-1.4 18.4 0.1
-1.4 18.4 0.1
7.6 10 0.5
-1.8 18 0.5
1 20.6 1.1
1.8 9.4 5.1
7.4 19.8 0.9
1.6 20.8 3.1
2.6 8.4 2.1
2.6 8.4 1.9
5.8 8.8 2.9
-2.4 17.2 2.3
6.4 9 2.3
7.6 19.6 3.3
-1.8 11.2 1.7
-1.4 18.6 3.5
-1.4 18.6 3.5
7.8 19.6 2.1
-2.4 17.2 1.7
7.8 19.6 1.9
6.4 9 1.7
7 20.2 1.9
-0.8 11 4.9
-1.6 11.2 3.5
1.6 20.8 0.9
3.2 8.4 1.1
-2.6 16.6 1.5
-1.6 18.4 0.7
-1.6 18.4 0.7
-1.4 10.8 0.9
5.8 8.8 1.1
7 9.4 2.9
-1.2 11.2 4.5
-1.6 18.6 2.5
6.2 9 0.9
7.6 19.6 0.7
2.2 8.6 3.3
2.8 8.6 0.3
7 9.6 0.3
6.6 9.2 0.9
7.4 9.6 2.1
-1.6 11 2.9
2.6 8.4 2.3
7.4 9.6 1.9
-1.6 18.6 1.5
-1.6 18.6 1.5
-1.4 18.6 0.5
-1.4 18.6 0.5
-1.6 11.4 0.1
1.6 20.6 0.1
7 9.4 1.1
2.6 8.4 1.7
6 9 0.5
7.8 19.6 2.3
-2 18 2.5
-1.6 11.8 4.5
-1.6 11.2 0.5
1.4 20.8 2.7
7.6 19.4 0.1
7.8 19.6 1.7
1.4 20.6 3.7
6.8 9.2 2.1
6.8 9.2 2.1
7 20.2 1.7
6.8 9.2 1.9
6.8 9.2 1.9
-1.6 11 1.1
8 19.4 1.5
-2 18 1.5
7.4 19.4 4.3
-1.4 11 3.7
0.8 20.4 3.5
2.2 8.6 0.7
7.6 9.8 1.3
7.8 10 2.9
2.4 8.6 3.5
2.8 8.4 2.7
6.2 9.2 3.9
1.4 20.8 1.3
-1.4 18.2 4.3
-1.4 18.2 4.3
6.8 9.4 3.5
6.8 9.4 3.5
7.4 9.6 2.3
-1.8 11.6 0.3
3.6 8.6 3.9
2.8 8.4 1.3
-2.2 16.8 4.1
6 8.8 2.1
-2.4 17.2 2.5
7.8 10 1.1
7.4 9.6 1.7
-1.4 18.8 2.9
-1.4 11.2 4.1
-2.2 17.6 2.7
6 8.8 1.9
6.4 9 2.5
6.8 9.6 4.1
-2.4 17 3.1
1.4 20.6 0.3
-1.8 11.2 1.5
0.8 20.4 0.5
-2.4 17.2 1.5
6.8 9.2 2.3
6.8 9.2 2.3
6.8 10 4.9
6.4 9 1.5
2.4 8.6 0.5
-1.4 11 0.3
7.2 9.8 0.1
-2.2 17.6 1.3
6.8 9.4 0.5
6.8 9.4 0.5
6.8 9.2 1.7
6.8 9.2 1.7
1.4 20.4 4.3
-1.4 18.8 1.1
0.8 20.6 2.1
-1 10.6 3.9
0.8 20.6 1.9
6.2 9.2 0.1
-1.2 10.6 0.7
-2.4 16.6 3.7
-2.2 17 3.9
3 8.4 1.1
-2.4 17 0.9
-1.2 18.6 4.1
6.6 9.4 3.9
0.6 20.4 3.1
-1.4 11.8 4.9
2.6 8.4 2.5
3.6 8.6 0.1
-2.4 16.4 3.9
-2 11.6 1.1
6 8.8 2.3
-1.8 18.2 0.9
7.8 19.6 2.5
6 8.8 1.7
-1.8 11.4 0.7
-1 10.8 4.3
2.6 8.4 1.5
3.4 8.6 0.1
0.4 20.4 2.1
7.8 19.6 1.5
0.4 20.4 1.9
7 20.2 1.5
0.6 20.4 0.9
3.2 8.6 3.9
3.6 8.4 3.1
0.8 20.6 2.3
7.2 9.6 0.7
-1 10.6 0.1
-2.6 16.6 1.3
-2.4 16.6 0.3
0.8 20.6 1.7
-1.6 18.6 2.7
-2.2 17 0.1
6.6 9.4 0.1
7.4 9.6 2.5
-2.2 17.4 0.7
-2.4 16.4 0.1
-2.6 16.4 0.9
1 20.6 3.1
7.4 9.8 0.5
-1.6 18.6 1.3
-1.6 18.6 1.3
3.6 8.4 0.9
7.4 9.6 1.5
7.6 19.8 2.1
-2 18 2.7
7.8 19.4 3.5
7.6 19.8 1.9
6.8 9.2 2.5
6.8 9.2 2.5
7.4 19.6 3.9
2.6 8.6 3.7
3.4 8.4 0.9
0.4 20.4 2.3
-2.4 16.8 3.5
3.2 8.6 0.1
0.4 20.4 1.7
8 19.4 1.3
6.8 9.2 1.5
6.8 9.2 1.5
-2 18 1.3
1 20.6 0.9
6 8.8 2.5
7.8 19.4 0.5
-2.4 17.2 2.7
5.8 8.8 3.1
6.4 9 2.7
7.6 19.8 2.3
7 10 4.7
2.6 8.6 0.3
6 8.8 1.5
-2.4 16.8 0.5
1.4 20.8 2.9
7.4 19.6 0.1
7.6 19.8 1.7
2.4 8.4 2.1
-1.8 11.2 1.3
2.4 8.4 1.9
-2.4 17.2 1.3
6.4 9 1.3
-1.8 18.4 2.1
0.8 20.6 2.5
1.2 20.6 0.5
-2.2 17.2 3.7
-1.8 18.4 1.9
5.8 9 3.9
2.8 8.4 2.9
-1.4 10.6 2.1
3.2 8.4 0.9
5.8 8.8 0.9
-1.4 10.6 1.9
7.6 9.8 1.1
0.8 20.6 1.5
1.4 20.8 1.1
7.4 19.8 0.7
-2 11.8 0.5
2.6 8.4 2.7
1.6 20.8 3.3
-1.6 11 3.1
-2.2 17.6 2.9
-1.6 18.2 3.9
2.8 8.4 1.1
7.8 19.6 2.7
7 9.4 0.9
1 20.4 0.1
2.4 8.4 2.3
2.6 8.4 1.3
0.4 20.4 2.5
-2.2 17.2 0.3
-1.8 18.4 2.3
2.4 8.4 1.7
7.8 19.6 1.3
6.4 9.2 3.7
-1.6 11 0.9
5.8 9 0.1
7 20.2 1.3
-2.2 17.6 1.1
-1.2 10.8 0.1
-1.4 10.6 2.3
7.8 10 3.1
-1.8 18.4 1.7
-1.8 18.4 1.7
0.4 20.4 1.5
1.6 20.8 0.7
-1.4 10.8 0.7
-1.8 18 3.7
-1.4 10.6 1.7
1.2 20.8 2.1
3 8.6 0.1
1.2 20.8 1.9
7.4 9.6 2.7
6.2 9 0.7
6.6 9.2 0.7
-1.4 18.8 3.1
-1.6 18.2 0.1
-1.6 18.2 0.1
-2.6 16.8 2.1
7.6 19.8 2.5
-2.6 16.8 1.9
7.8 10 0.9
7.6 19.6 3.5
7.4 9.6 1.3
6.2 9.4 4.5
6.8 9.2 2.7
6.8 9.2 2.7
7.6 19.8 1.5
6.4 9.2 0.3
7.6 10 0.3
-1.8 18 0.3
6.8 9.2 1.3
6.8 9.2 1.3
-1.4 18.8 0.9
-1.6 18.4 0.5
-1.6 18.4 0.5
-2.6 16.6 1.1
-1.6 18.6 2.9
1.2 20.8 2.3
1.2 20.8 1.7
3 8.4 0.9
2.2 8.6 3.5
6 8.8 2.7
7.6 19.6 0.5
-2.6 16.8 2.3
-2 11.6 0.9
-1.6 18.6 1.1
-1.6 18.6 1.1
-2 18 2.9
-2.6 16.8 1.7
-2.4 17 3.3
2.4 8.4 2.5
-1.4 18.6 3.7
-1.4 18.6 3.7
6 8.8 1.3
-1.8 18.4 2.5
0.8 20.6 2.7
-1.6 11.2 3.7
2.4 8.4 1.5
-1.4 10.6 2.5
7.2 9.4 2.1
8 19.4 1.1
7.2 9.4 1.9
-1.8 18.4 1.5
-1.8 18.4 1.5
-2 18 1.1
2.2 8.6 0.5
-1.4 10.6 1.5
0.8 20.6 1.3
0.6 20.4 3.3
-2.4 17 0.7
-2.4 17.2 2.9
6.4 9 2.9
-2 11.4 2.1
-1.4 18.6 0.3
-1.4 18.6 0.3
-2 11.4 1.9
-1.8 18.2 0.7
6 9 0.3
0.4 20.4 2.7
-1.6 11.2 0.3
6.6 9.6 4.5
-1.8 11.2 1.1
-2.4 17.2 1.1
3.6 8.4 3.3
0.8 20.4 3.7
6.4 9 1.1
7.2 9.4 2.3
0.6 20.4 0.7
-1.2 11.8 5.3
2.4 8.6 3.7
0.4 20.4 1.3
1.2 20.8 2.5
6.8 9.4 3.7
6.8 9.4 3.7
7.2 9.4 1.7
-1.2 10.6 0.5
6 9.2 4.3
2.6 8.4 2.9
1.2 20.8 1.5
7.2 10 4.5
-2.6 16.8 2.5
2.8 8.6 0.1
1 20.6 3.3
-2 11.4 2.3
7 9.6 0.1
7.6 19.8 2.7
5.8 9.2 4.5
7.8 19.6 2.9
-2.6 16.4 0.7
7.4 20 2.1
3.6 8.4 0.7
-2 11.4 1.7
7.4 20 1.9
-1.8 11.4 0.5
1.4 20.8 3.1
-2.6 16.8 1.5
2.6 8.4 1.1
1.4 20.6 3.9
0.8 20.4 0.3
3.4 8.4 0.7
7.6 19.8 1.3
2.4 8.6 0.3
-1.4 11 3.9
-1.6 10.8 2.1
7.8 19.6 1.1
2.8 8.4 3.1
6.8 9.4 0.3
6.8 9.4 0.3
7 20.2 1.1
-1.6 10.8 1.9
7.2 9.6 0.5
1 20.6 0.7
7.6 9.8 0.9
7.4 9.6 2.9
1.4 20.8 0.9
2.4 9.4 5.5
-1.8 11.6 0.1
-2.2 17.6 3.1
5.8 8.8 3.3
-2.2 17.4 0.5
7.4 20 2.3
2.8 8.4 0.9
2.4 8.4 2.7
6.8 9.2 2.9
6.8 9.2 2.9
7.4 20 1.7
7.4 9.6 1.1
-1.8 18.4 2.7
1.4 20.6 0.1
7.2 9.4 2.5
-1.4 11 0.1
-1.6 10.8 2.3
2.4 8.4 1.3
-2.2 17.6 0.9
-1.6 10.8 1.7
6.2 9.2 4.1
3.2 8.4 0.7
6.8 9.2 1.1
6.8 9.2 1.1
-1.8 18.4 1.3
-1.8 18.4 1.3
5.8 8.8 0.7
7.2 9.4 1.5
-1.4 10.6 1.3
-2.4 17.4 2.1
6 8.8 2.9
-1.6 11 3.3
-2.4 17.4 1.9
3.6 8.6 4.1
-2 11.4 2.5
7.4 9.8 0.3
7.8 19.4 3.7
7 9.4 0.7
-2 11.4 1.5
6 8.8 1.1
0.8 20.6 2.9
-2.4 16.8 3.7
7.8 10 3.3
-1 10.6 4.1
-1.6 11 0.7
1.2 20.8 2.7
-1.6 18.6 3.1
-2.4 16.6 0.1
-2.6 16.6 0.9
-2.2 17 4.1
-2.4 17.4 2.3
0.8 20.6 1.1
1.6 20.8 3.5
7.4 19.8 0.5
-2.6 16.8 2.7
-2.4 16.4 4.1
1.2 20.8 1.3
-2.4 17.4 1.7
-1.4 19 2.1
-1.4 18.8 3.3
-2.2 16.8 4.3
-0.8 11.2 5.3
-1.4 19 1.9
-1.4 11.2 4.3
7.8 19.4 0.3
-2 18 3.1
6.8 9.6 4.3
7.8 10 0.7
-1.6 18.6 0.9
-1.6 18.6 0.9
0.4 20.4 2.9
7.4 20 1.5
-2.6 16.8 1.3
-2.4 16.8 0.3
-1.6 10.8 2.5
3.2 8.6 4.1
7.4 19.4 4.5
1.2 20.6 0.3
8 19.4 0.9
-1.4 18.2 4.5
-1.4 18.2 4.5
1.6 20.8 0.5
-1.4 18.8 0.7
0.4 20.4 1.1
-2 18 0.9
-1.6 10.8 1.5
-1.2 11.2 4.7
-1.4 10.8 0.5
-1.2 18.6 4.3
-2 11.8 0.3
6.2 9 0.5
3 8.4 0.7
-2.4 17.2 3.1
-1.4 19 2.3
6.4 9 3.1
7.6 19.8 2.9
6.6 9.2 0.5
-1.4 19 1.7
-2 11.6 0.7
-1.6 11.8 4.7
7.4 19.6 4.1
2.6 8.6 0.1
7.2 9.4 2.7
-1.8 11.2 0.9
-2.2 17.2 3.9
7.6 19.8 1.1
-2.4 17.2 0.9
1.4 20.4 4.5
6.4 9 0.9
-2.4 17.4 2.5
7.2 9.4 1.3
2.6 8.4 3.1
6.2 8.8 2.1
6.2 8.8 1.9
-2 11.4 2.7
7.8 19.6 3.1
-2.4 17.4 1.5
-2 18.2 2.1
-2 18.2 1.9
2.4 8.4 2.9
7.6 19.6 3.7
-2.4 17 3.5
-1 10.8 4.5
-1.8 18.4 2.9
-2 11.4 1.3
2.6 8.4 0.9
-0.8 11 5.1
6.4 9.2 3.9
-2.2 17.2 0.1
5.8 9 4.1
2.4 8.4 1.1
7.8 19.6 0.9
7 20.2 0.9
-1.8 18 3.9
-1.6 18.4 0.3
-1.6 18.4 0.3
-1.8 18.4 1.1
-1.8 18.4 1.1
7.4 9.6 3.1
6.2 8.8 2.3
0.6 20.4 3.5
2.2 8.6 3.7
-1.4 10.6 1.1
-1.4 19 2.5
1.6 21 2.1
-2.4 17 0.5
6.2 8.8 1.7
1.6 21 1.9
-2 18.2 2.3
7.6 19.6 0.3
-1.6 18.2 4.1
-1.4 19 1.5
6.8 9.2 3.1
6.8 9.2 3.1
-2 18.2 1.7
7.8 9.8 2.1
1.4 20.8 3.3
7.8 9.8 1.9
-1.8 18.2 0.5
7.4 9.6 0.9
7.4 20 1.3
-1.6 10.8 2.7
3.6 8.4 3.5
6.4 9.2 0.1
2.8 8.4 3.3
1.2 20.8 2.9
0.6 20.4 0.5
7.6 10 0.1
-1.8 18 0.1
2.2 8.6 0.3
6.8 9.2 0.9
6.8 9.2 0.9
8 10 1.5
-1.6 10.8 1.3
7.6 9.8 0.7
6 8.8 3.1
0.6 20.6 2.1
1.4 20.8 0.7
1.6 21 2.3
-2.6 16.8 2.9
0.6 20.6 1.9
-2.2 17.6 3.3
1 20.6 3.5
1.2 20.8 1.1
1.6 21 1.7
7.8 9.8 2.3
-2.6 16.4 0.5
-1.4 18.6 3.9
-1.4 18.6 3.9
2.8 8.4 0.7
3.6 8.4 0.5
7.8 9.8 1.7
0.8 20.6 3.1
6.8 10 5.1
-2.6 16.8 1.1
6 8.8 0.9
3.4 8.4 0.5
-1.8 11 2.1
-1.8 11 1.9
-1.6 18.8 2.1
-1.6 18.8 1.9
-2.2 17.6 0.7
-2.4 17.4 2.7
6.2 8.8 2.5
1 20.6 0.5
0.6 20.6 2.3
-1.2 10.6 0.3
-1.4 11.8 5.1
0.8 20.6 0.9
-2 18.2 2.5
0.6 20.6 1.7
5.8 8.8 3.5
6.2 8.8 1.5
-2.4 17.4 1.3
7.2 20.2 2.1
7.2 20.2 1.9
7 9.2 2.1
-1.4 18.6 0.1
-1.4 18.6 0.1
0.4 20.4 3.1
7 9.2 1.9
-2 18.2 1.5
6 9 0.1
-1.8 11.4 0.3
7.2 9.4 2.9
-1.6 11.2 0.1
-1.8 11 2.3
0.8 20.4 3.9
-1.6 18.8 2.3
2.4 8.6 3.9
-1.8 11 1.7
-1.6 18.6 3.3
6.8 9.4 3.9
6.8 9.4 3.9
-1.6 18.8 1.7
3.2 8.4 0.5
7.2 9.6 0.3
0.4 20.4 0.9
5.8 8.8 0.5
-2.6 16.6 0.7
1.6 21 2.5
-1.4 19 2.7
7.2 9.4 1.1
-1.6 11 3.5
-2 11.4 2.9
7.6 19.8 3.1
1 20.8 2.1
7.2 20.2 2.3
7.8 9.8 2.5
1 20.8 1.9
-2.2 17.4 0.3
1.6 21 1.5
7 9.2 2.3
7 10 4.9
7.2 20.2 1.7
-1.4 19 1.3
7 9.4 0.5
-1.6 18.6 0.7
-1.6 18.6 0.7
7 9.2 1.7
7.8 9.8 1.5
-2 11.4 1.1
0.8 20.4 0.1
2.4 8.6 0.1
7.6 19.8 0.9
6.8 9.4 0.1
6.8 9.4 0.1
-1.6 11 0.5
0.2 20.4 2.1
8 19.4 0.7
0.2 20.4 1.9
0.6 20.6 2.5
-2 18 0.7
8 10 1.3
-2.4 17.2 3.3
6.4 9 3.3
-1.4 18.8 3.5
1 20.8 2.3
-2.8 16.4 2.1
0.6 20.6 1.5
-2.8 16.4 1.9
2.4 8.4 3.1
1 20.8 1.7
6.2 9.4 4.7
-1.8 18.4 3.1
7.8 10 0.5
1.4 20.6 4.1
-1.6 10.8 2.9
-1.8 11 2.5
7.4 20 1.1
-1.4 11 4.1
-1.6 18.8 2.5
-1.8 11.2 0.7
-2.4 17.2 0.7
6.4 9 0.7
-1.8 11 1.5
0.2 20.4 2.3
2.4 8.4 0.9
5.8 8.6 2.1
6.2 8.8 2.7
5.8 8.6 1.9
-1.6 18.8 1.5
-1.4 18.8 0.5
2.6 8.4 3.3
0.2 20.4 1.7
-1.8 18.4 0.9
-1.8 18.4 0.9
-1.6 10.8 1.1
1.6 20.8 3.7
-2 18.2 2.7
-1.4 10.6 0.9
7.4 19.8 0.3
-2.8 16.4 2.3
7.8 19.6 3.3
7.2 20.2 2.5
3 8.4 0.5
6.2 8.8 1.3
7 9.2 2.5
8.2 19.4 2.1
-2.8 16.4 1.7
7.8 19.4 3.9
8.2 19.4 1.9
-2 11.6 0.5
7.4 9.8 0.1
7.2 20.2 1.5
-2 18.2 1.3
7 9.2 1.5
-2.4 16.8 3.9
3.4 8.2 2.1
3.4 8.2 1.9
2.6 8.4 0.7
1.2 20.8 3.1
5.8 8.6 2.3
7.8 19.6 0.7
-2.4 17.4 2.9
7.4 9.6 3.3
7 20.2 0.7
1.6 20.8 0.3
-1.4 10.8 0.3
1.6 21 2.7
5.8 8.6 1.7
-2.6 16.8 3.1
2.2 8.4 1.1
7.6 9.6 1.7
1 20.8 2.5
6.2 9 0.3
7.8 9.8 2.7
8.2 19.4 2.3
1.2 20.8 0.9
6.8 9.2 3.3
6.8 9.2 3.3
-2.4 17.4 1.1
7.8 19.4 0.1
1.6 21 1.3
6.6 9.2 0.3
1 20.8 1.5
8.2 19.4 1.7
3.4 8.2 2.3
6.6 9.6 4.7
-2.4 16.8 0.1
7.4 9.6 0.7
7.8 9.8 1.3
-2.6 16.8 0.9
3.4 8.2 1.7
0.2 20.4 2.5
1.2 20.6 0.1
6.2 9.2 4.3
0.6 20.6 2.7
6 8.8 3.3
6.8 9.2 0.7
6.8 9.2 0.7
-1.4 19 2.9
0.2 20.4 1.5
-2.8 16.4 2.5
3.6 8.6 4.3
7.2 10 4.7
-2 11.8 0.1
5.8 9.2 4.7
0.6 20.6 1.3
-2.4 17 3.7
1.4 20.8 3.5
-2.8 16.4 1.5
-1.4 19 1.1
0.8 20.6 3.3
-1.8 11 2.7
7.2 9.4 3.1
-1.6 18.8 2.7
6 8.8 0.7
-1 10.6 4.3
5.8 8.6 2.5
-1.8 11 1.3
-2.2 17 4.3
-1.6 18.8 1.3
-2 11.4 3.1
5.8 8.6 1.5
7.6 9.8 0.5
8 10 1.1
7.2 9.4 0.9
7.6 9.6 1.5
-2.4 16.4 4.3
7.2 20.2 2.7
-2.2 17.6 3.5
1.4 20.8 0.5
0.8 20.6 0.7
-2.6 17 1.3
-2.4 17 0.3
8.2 19.4 2.5
7 9.2 2.7
7.6 19.6 3.9
0.4 20.4 3.3
-1.8 18.6 2.1
-1.8 18.6 2.1
-1.8 18.6 1.9
-1.8 18.6 1.9
2.8 8.4 0.5
8.2 19.4 1.5
6.6 9 1.1
3.4 8.2 2.5
-1.8 18.2 0.3
3.6 8.2 1.5
7.2 20.2 1.3
7 9.2 1.3
3.6 8.4 3.7
-2 11.4 0.9
3.2 8.6 4.3
-2.2 17.2 4.1
3.4 8.2 1.5
6.2 8.8 2.9
0.6 20.4 0.3
-2.2 17.6 0.5
-1.6 18.4 0.1
-1.6 18.4 0.1
2.2 8.6 3.9
0.4 20.4 0.7
-2 18.2 2.9
1 20.8 2.7
3 8.2 2.1
7.6 19.8 3.3
1 20.6 3.7
3 8.2 1.9
-2.2 16.8 4.5
-1.4 11.2 4.5
7.6 19.6 0.1
6.2 8.8 1.1
-1.8 18.6 2.3
-1.8 18.6 2.3
6.8 9.6 4.5
-2.6 16.4 0.3
7.4 19.6 4.3
1 20.8 1.3
-1.8 18.6 1.7
-1.8 18.6 1.7
3.6 8.4 0.3
-1.6 10.8 3.1
-2 18.2 1.1
6.4 9.2 4.1
7.4 20 0.9
3.4 8.4 0.3
0.2 20.4 2.7
-1.6 18.6 3.5
-2.4 17.6 2.1
7.6 19.8 0.7
-2.4 17.6 1.9
-1.8 18 4.1
1.6 21 2.9
-1.2 18.6 4.5
2.2 8.6 0.1
3.2 8.2 1.5
1 20.6 0.3
3 8.2 2.3
-2.6 16.6 0.5
-2.8 16.4 2.7
-1.6 10.8 0.9
0.2 20.4 1.3
5.8 8.8 3.7
7.8 9.8 2.9
3 8.2 1.7
2.4 8.4 3.3
-1.8 18.4 3.3
1.4 21 2.1
1.6 21 1.1
-2.8 16.4 1.3
1.4 21 1.9
-1.6 18.6 0.5
-1.6 18.6 0.5
-2 11.2 2.1
7.8 9.8 1.1
7.4 19.4 4.7
5.8 9 4.3
-2 11.2 1.9
-2.4 17.6 2.3
-1.2 11.8 5.5
-2.4 17.4 3.1
-1.4 18.2 4.7
-2.2 18 2.1
0.6 20.6 2.9
-2.4 17.6 1.7
-2.2 18 1.9
2.4 8.4 0.7
8 19.4 0.5
3.2 8.4 0.3
-2 18 0.5
-1.6 11 3.7
5.8 8.8 0.3
-2.4 17.2 3.5
-1.8 18.4 0.7
-1.8 18.4 0.7
5.8 8.6 1.3
-1.2 10.6 0.1
6.4 9 3.5
2.2 8.4 0.9
8.2 19.4 2.7
7.6 9.6 1.3
-1.6 18.2 4.3
-1.4 10.6 0.7
-1.8 18.6 2.5
-1.8 18.6 2.5
0.6 20.6 1.1
-1.4 18.6 4.1
-1.4 18.6 4.1
1.4 21 2.3
-2.4 17.4 0.9
3.4 8.2 2.7
-1.8 11 2.9
1.4 21 1.7
8.2 19.4 1.3
7 9.4 0.3
-1.8 18.6 1.5
-1.8 18.6 1.5
3.6 8.2 1.3
-1.8 11.4 0.1
-2 11.2 2.3
-1.6 18.8 2.9
1.2 20.8 3.3
1.4 20.4 4.7
-2 11.2 1.7
-1.8 11.2 0.5
3.4 8.2 1.3
-2.2 18 2.3
-2.4 17.2 0.5
-1.2 11.2 4.9
6.4 9 0.5
-1.6 11 0.3
2.6 8.4 3.5
-1.4 19 3.1
-1.8 11 1.1
-2.2 18 1.7
7.2 9.6 0.1
-2.6 16.8 3.3
3 8.2 2.5
-1.6 18.8 1.1
7.2 20.2 2.9
-1.4 18.8 3.7
7.8 19.6 3.5
7 9.2 2.9
7 20.4 2.1
-2.6 17 1.1
3 8.2 1.5
7 20.4 1.9
-1 10.8 4.7
1.2 20.8 0.7
-2.2 17.4 0.1
2.8 8.2 2.1
-1.6 11.8 4.9
2.8 8.2 1.9
-1.4 19 0.9
7.8 10 0.3
7.2 20.2 1.1
7 9.2 1.1
7.4 9.4 1.7
-2.4 17.6 2.5
-2.6 16.8 0.7
2.6 8.4 0.5
6.8 9.4 4.1
6.8 9.4 4.1
6.4 8.8 2.1
6.4 8.8 1.9
7.4 9.6 3.5
-2.8 16.6 2.1
-2.4 17.6 1.5
7.8 19.6 0.5
-2.8 16.6 1.9
7 20.2 0.5
-1.4 18.8 0.3
1 20.8 2.9
3.2 8.2 1.3
8 10 0.9
7 20.4 2.3
3 8.4 0.3
6.8 9.2 3.5
6.8 9.2 3.5
1.4 21 2.5
2.8 8.2 2.3
7 20.4 1.7
-2 11.6 0.3
2.8 8.2 1.7
7.2 9.4 3.3
1 20.8 1.1
-2 11.2 2.5
6.6 9 0.9
1.4 21 1.5
7.4 9.6 0.5
-2.6 17.2 2.1
0.2 20.4 2.9
-2.6 17.2 1.9
6.4 8.8 2.3
-2.2 18 2.5
-2 11.2 1.5
6.2 8.8 3.1
-2.8 16.6 2.3
6.4 8.8 1.7
6 8.8 3.5
6.8 9 2.1
6.8 9 2.1
-2 11.4 3.3
-2.8 16.6 1.7
1.6 20.8 3.9
-2.8 16.4 2.9
6.8 9 1.9
6.8 9 1.9
-2.2 18 1.5
-2 18.2 3.1
6.8 9.2 0.5
6.8 9.2 0.5
7.6 20 2.1
7.6 20 1.9
0.2 20.4 1.1
7.2 9.4 0.7
-0.8 11.2 5.5
7.4 19.8 0.1
-1.8 18.6 2.7
-1.8 18.6 2.7
6.2 8.8 0.9
0.8 20.6 3.5
-2.8 16.4 1.1
-1.8 18.6 1.3
-1.8 18.6 1.3
-2 18.2 0.9
-2.6 17.2 2.3
-2 11.4 0.7
7.4 9.4 1.5
6 8.8 0.5
-2.6 17.2 1.7
1.6 21 3.1
6.8 9 2.3
6.8 9 2.3
1.6 20.8 0.1
-1.4 10.8 0.1
7.6 20 2.3
6.8 9 1.7
6.8 9 1.7
8.2 19.4 2.9
7 20.4 2.5
7.8 9.8 3.1
5.8 8.6 1.1
7.6 20 1.7
7.6 9.6 1.1
0.8 20.6 0.5
6.2 9 0.1
2.8 8.2 2.5
0.4 20.4 3.5
7.8 19.4 4.1
1.4 20.8 3.7
3 8.2 1.3
7 20.4 1.5
7.8 19.8 1.3
3.4 8.2 2.9
6.6 9.2 0.1
-1.6 10.8 3.3
1.6 21 0.9
1.4 20.6 4.3
2.8 8.2 1.5
-2.4 16.8 4.1
8.2 19.4 1.1
3.6 8.2 1.1
-2.4 17.6 2.7
-1.4 11 4.3
6.4 8.8 2.5
7.8 9.8 0.9
7.4 20 0.7
-2.8 16.6 2.5
0.6 20.6 3.1
3.4 8.2 1.1
6.4 8.8 1.5
-2.4 17.6 1.3
-2.8 16.6 1.5
0.4 20.4 0.5
-2.2 17.6 3.7
7.6 9.8 0.3
-1.6 10.8 0.7
1.4 20.8 0.3
1.4 21 2.7
-2.4 17 3.9
0.4 20.6 2.1
0.4 20.6 1.9
0.6 20.6 0.9
-1.8 11 3.1
-2 11.2 2.7
0.8 20.8 2.1
2.8 8.4 0.3
8 19.6 1.1
-1.6 18.8 3.1
0.8 20.8 1.9
-2.6 17.2 2.5
1.4 21 1.3
2.6 8.2 2.1
6 8.6 2.1
2.6 8.2 1.9
6 8.6 1.9
-2.2 18 2.7
-2.4 17.4 3.3
-2.6 17.2 1.5
-2 11.2 1.3
7.6 19.8 0.5
6.8 9 2.5
6.8 9 2.5
-2 18.4 2.1
-2 18.4 2.1
-2.2 17.6 0.3
7.6 20 2.5
-2 18.4 1.9
-2 18.4 1.9
-1.8 11 0.9
7.2 20.2 3.1
-2.2 18 1.3
-1.6 18.8 0.9
3.2 8.2 1.1
6.8 9 1.5
6.8 9 1.5
7 9.2 3.1
2.2 8.4 0.7
2.4 8.4 3.5
-2.4 17 0.1
7.6 20 1.5
0.4 20.6 2.3
-2.6 17 0.9
-1.8 18.4 3.5
0.4 20.6 1.7
0.8 20.8 2.3
-2.4 17.4 0.7
-1.8 18.2 0.1
3.6 8.4 3.9
2.6 8.2 2.3
6 8.6 2.3
0.8 20.8 1.7
7.2 20.2 0.9
7 9.2 0.9
-1.6 18.6 3.7
2.6 8.2 1.7
6 8.6 1.7
7.4 9.4 1.3
-2 18.4 2.3
-1.4 19 3.3
0.6 20.4 0.1
2.4 8.4 0.5
1 20.8 3.1
-1.4 11.8 5.3
-2 18.4 1.7
-2 18.4 1.7
7 20.4 2.7
1 20.6 3.9
-2.6 16.6 0.3
-1.8 18.4 0.5
-1.8 18.4 0.5
-1.8 18.6 2.9
2.8 8.2 2.7
7.6 19.6 4.1
-1.6 10.6 1.5
-1.4 10.6 0.5
7 10 5.1
6.2 9.4 4.9
7 20.4 1.3
-2.6 16.4 0.1
3.6 8.4 0.1
1 20.8 0.9
2.8 8.2 1.3
-1.4 19 0.7
-1.6 18.6 0.3
-1.6 18.6 0.3
-1.8 18.6 1.1
-1.8 18.6 1.1
6.4 8.8 2.7
0.2 20.4 3.1
-2.8 16.6 2.7
6.2 9.2 4.5
3.4 8.4 0.1
-2.6 16.8 3.5
-2.8 16.4 3.1
2.2 8.6 4.1
6.4 8.8 1.3
8 19.4 0.3
6.4 9 3.7
3.6 8.6 4.5
-2 18 0.3
1 20.6 0.1
5.8 8.8 3.9
-2.8 16.6 1.3
8 10 0.7
0.2 20.4 0.9
0.4 20.6 2.5
3 8.2 1.1
0.8 20.8 2.5
1.2 20.8 0.5
7.8 19.8 1.1
0.4 20.6 1.5
-2.6 17.2 2.7
2.6 8.2 2.5
6 8.6 2.5
-2.8 16.4 0.9
-2.4 17.6 2.9
-2.2 17.2 4.3
6.6 9 0.7
0.8 20.8 1.5
-1 10.6 4.5
-2.6 16.8 0.5
6.2 8.8 3.3
2.6 8.2 1.5
6 8.6 1.5
6.8 9 2.7
6.8 9 2.7
-1.8 11.2 0.3
-2 18.4 2.5
-2.2 17 4.5
-2.6 17.2 1.3
2.6 8.4 3.7
-2.4 17.2 0.3
6.4 9 0.3
-2 18.2 3.3
-1.6 11 3.9
-2.4 17.6 1.1
3.2 8.4 0.1
8.2 19.4 3.1
-2.4 16.4 4.5
5.8 8.8 0.1
7.8 19.6 3.7
-2 18.4 1.5
-2 18.4 1.5
7.2 9.2 2.1
6.8 9 1.3
6.8 9 1.3
7.2 9.2 1.9
1.4 21 2.9
5.8 8.6 0.9
7.6 9.6 0.9
7.6 20 1.3
3.4 8.2 3.1
6.2 8.8 0.7
-2 11.2 2.9
7.2 9.4 3.5
6.6 9.6 4.9
8.2 10 2.1
6.4 9.2 4.3
3.2 8.6 4.5
7 9.4 0.1
8.2 10 1.9
8.2 19.4 0.9
-2 18.2 0.7
-2.2 18 2.9
3.6 8.2 0.9
1.4 21 1.1
2.6 8.4 0.3
-1.8 18 4.3
1.6 21 3.3
-2 11.2 1.1
3.4 8.2 0.9
-2 11.4 3.5
-1.6 11 0.1
7.8 19.6 0.3
-1.8 10.8 2.1
7 20.2 0.3
7.4 20.2 2.1
7.4 20.2 2.1
-1.4 18.8 3.9
-1.8 10.8 1.9
7.2 9.2 2.3
7.4 20.2 1.9
7.4 20.2 1.9
-2.2 18 1.1
5.8 9.2 4.9
6.8 9.2 3.7
6.8 9.2 3.7
7.2 9.4 0.5
7.2 9.2 1.7
-1.6 10.6 1.3
7.4 19.6 4.5
8.2 10 2.3
1.6 21 0.7
8 19.6 0.9
7.8 10 0.1
8.2 10 1.7
7.4 9.6 0.3
-2 11.4 0.5
7.8 9.8 0.7
0.6 20.6 3.3
7.4 9.4 1.1
2.4 8.2 2.1
6 8.8 3.7
2.4 8.2 1.9
-1.8 10.8 2.3
7.4 20.2 2.3
7 20.4 2.9
-1.4 18.8 0.1
6.8 9.2 0.3
6.8 9.2 0.3
-1.8 10.8 1.7
-2.2 16.8 4.7
8 9.8 2.1
7.4 20.2 1.7
7.4 20.2 1.7
2.8 8.2 2.9
3.2 8.2 0.9
0.4 20.6 2.7
-1.4 11.2 4.7
8 9.8 1.9
-1.4 18.6 4.3
-1.4 18.6 4.3
3 8.4 0.1
0.8 20.8 2.7
-1.8 11 3.3
0.8 20.6 3.7
-1.6 10.8 3.5
0.6 20.6 0.7
2.6 8.2 2.7
6 8.6 2.7
-1.6 18.8 3.3
7 20.4 1.1
-2 11.6 0.1
0.4 20.6 1.3
6.4 8.8 2.9
5.8 9 4.5
2.8 8.2 1.1
-2.8 16.6 2.9
0.8 20.8 1.3
6 8.8 0.3
7.4 20 0.5
-2 18.4 2.7
2.4 8.2 2.3
2.6 8.2 1.3
6 8.6 1.3
-1.2 18.6 4.7
2.4 8.2 1.7
7.2 9.2 2.5
6.4 8.8 1.1
-1.8 11 0.7
7 9.2 3.3
8 9.8 2.3
-1.6 18.2 4.5
-2.8 16.6 1.1
-1.6 18.8 0.7
-2 18.4 1.3
-2 18.4 1.3
-1.6 10.8 0.5
0.4 20.4 3.7
8 9.8 1.7
7.2 9.2 1.5
0.8 20.6 0.3
-2.6 17 0.7
8.2 10 2.5
-2.6 17.2 2.9
-1.6 19 1.7
7.2 20.2 0.7
-1.8 18.6 0.9
-1.8 18.6 0.9
8.2 10 1.5
-2.4 17.4 3.5
6.8 9.4 4.3
6.8 9.4 4.3
7 9.2 0.7
6.8 9 2.9
6.8 9 2.9
-1.8 10.8 2.5
1 20.8 3.3
-2.6 17.2 1.1
1.6 20.8 4.1
0.4 20.4 0.3
-1.8 10.8 1.5
7.4 20.2 1.5
7.4 20.2 1.5
2.2 8.4 0.5
6.8 9 1.1
6.8 9 1.1
1.4 20.8 3.9
7.6 20 1.1
3 8.2 0.9
7.8 19.8 0.9
-2.4 17.6 3.1
-2.4 17.4 0.5
0.2 20.4 3.3
1 20.8 0.7
7.4 19.4 4.9
2.4 8.2 2.5
-1.4 18.2 4.9
-1.4 19 3.5
7.6 19.8 0.3
-2.8 16.4 3.3
8 9.8 2.5
2.4 8.2 1.5
-2.2 17.6 3.9
-2.4 17.6 0.9
2.4 8.4 3.7
1.4 21 3.1
7.6 9.8 0.1
1.4 20.8 0.1
0.2 20.4 0.7
-1.8 18.4 3.7
8 9.8 1.5
-1.6 10.6 1.1
-2 11.2 3.1
2.8 8.4 0.1
-2.8 16.4 0.7
-2.2 18 3.1
-1.6 19 1.5
-1.4 19 0.5
1.4 20.4 4.9
7.8 9.6 2.1
1.4 21 0.9
7.8 9.6 1.9
-2 11.2 0.9
7.2 9.2 2.7
8.2 19.4 3.3
2.4 8.4 0.3
-2.2 17.6 0.1
0.4 20.6 2.9
-1.8 18.4 0.3
-1.8 18.4 0.3
-2.2 18 0.9
-2.4 17 4.1
8 10 0.5
5.8 8.6 0.7
7.8 19.4 4.3
-1 10.8 4.9
0.8 20.8 2.9
3.4 8.2 3.3
-1.4 10.6 0.3
7.6 9.6 0.7
7.2 9.2 1.3
-2.6 17.4 2.1
-2.6 17.4 1.9
8.2 10 2.7
6 8.6 2.9
-2.4 16.8 4.3
0.4 20.6 1.1
6.6 9 0.5
-1.6 18.6 3.9
7.8 9.6 2.3
8.2 19.4 0.7
6.2 8.8 3.5
3.6 8.2 0.7
-2 18.4 2.9
0.8 20.8 1.1
8.2 10 1.3
7.8 9.6 1.7
-1.2 11.2 5.1
7.4 9.4 0.9
-1.8 10.8 2.7
2.6 8.2 1.1
6 8.6 1.1
-2.6 16.8 3.7
-2 18.2 3.5
3.4 8.2 0.7
7 20.4 3.1
2.8 8.2 3.1
-2.6 16.6 0.1
-2 18.4 1.1
-2 18.4 1.1
-1.8 10.8 1.3
7.4 20.2 1.3
7.4 20.2 1.3
-2.6 17.4 2.3
-1.6 11.8 5.1
1.4 20.6 4.5
-2.6 17.4 1.7
1.2 20.8 0.3
6.2 8.8 0.5
3.6 8.4 4.1
-2.2 18.2 2.1
6.4 8.8 3.1
7 20.4 0.9
6.6 8.8 2.1
-1.4 11 4.5
-2.2 18.2 1.9
6.6 8.8 1.9
8 19.6 0.7
-2.8 16.6 3.1
-1.6 18.6 0.1
-1.6 18.6 0.1
2.8 8.2 0.9
-2 18.2 0.5
2.4 8.2 2.7
-2.6 16.8 0.3
8 9.8 2.7
-1.8 18.8 2.1
-1.8 18.8 2.1
2.4 8.2 1.3
8 19.4 0.1
-1.8 18.8 1.9
-1.8 18.8 1.9
6.4 8.8 0.9
-2 18 0.1
2.2 8.2 2.1
2.2 8.2 1.9
-2.8 16.6 0.9
3.2 8.2 0.7
8 9.8 1.3
7.2 9.4 3.7
-2.6 17.2 3.1
-2.2 18.2 2.3
6.6 8.8 2.3
1.6 21 0.5
7.8 9.6 2.5
-2.2 18.2 1.7
6.6 8.8 1.7
-1.6 19 1.3
6.8 9 3.1
6.8 9 3.1
0.6 20.6 3.5
7.8 9.8 0.5
2.6 8.4 3.9
7.8 9.6 1.5
-2 11.4 3.7
-1.8 11.2 0.1
-2.4 17.2 0.1
-2.6 17.2 0.9
8.2 19.6 2.1
6.4 9 0.1
-1.8 18.8 2.3
-1.8 18.8 2.3
7.8 19.6 3.9
5.8 8.8 4.1
8.2 19.6 1.9
2.2 8.2 2.3
-1.8 18.8 1.7
-1.8 18.8 1.7
7.6 19.6 4.3
2.2 8.2 1.7
-2.6 17.4 2.5
7.2 9.4 0.3
6.8 9 0.9
6.8 9 0.9
-1.8 11 3.5
6.2 8.6 2.1
7.6 20 0.9
6.2 8.6 1.9
0.6 20.6 0.5
-2.6 17.4 1.5
-1.8 18.6 0.7
-1.8 18.6 0.7
-2 11.4 0.3
2.6 8.4 0.1
2.2 8.6 4.3
-1.6 11 4.1
7.2 9.2 2.9
8.2 19.6 2.3
7.2 20.4 2.1
7 9.2 3.5
7.2 20.4 1.9
7.8 19.6 0.1
7 20.2 0.1
8.2 19.6 1.7
-1.8 11 0.5
6.8 9.2 3.9
6.8 9.2 3.9
-1.6 18.8 0.5
6.2 8.6 2.3
8.2 10 2.9
-1.6 10.8 3.7
7.2 9.2 1.1
-1.6 10.6 0.9
-2.6 17 0.5
-2.2 18.2 2.5
6.6 8.8 2.5
-2.4 17.6 3.3
3 8.2 0.7
6.2 8.6 1.7
7.8 19.8 0.7
-2.2 18.2 1.5
6.6 8.8 1.5
7 9 2.1
7.2 20.2 0.5
7.4 9.6 0.1
7 9 1.9
0.6 20.8 1.9
7 9.2 0.5
-1.8 10.8 2.9
8.2 10 1.1
7.4 20 0.3
6 8.8 3.9
1 20.8 3.5
7.2 20.4 2.3
8 19.8 2.1
-1.8 18.8 2.5
-1.8 18.8 2.5
8 19.8 1.9
-1.4 18.8 4.1
2.2 8.2 2.5
0.4 20.6 3.1
7.2 20.4 1.7
1.4 21 3.3
-2.4 17.6 0.7
6.8 9.2 0.1
6.8 9.2 0.1
-1.8 18.8 1.5
-1.8 18.8 1.5
0.8 20.8 3.1
-1.6 10.8 0.3
-1.8 10.8 1.1
2.2 8.2 1.5
7.6 9.4 2.1
7.4 20.2 1.1
7.4 20.2 1.1
-2 11.2 3.3
7.6 9.4 1.9
6 8.6 3.1
-2.2 17.2 4.5
0.2 20.4 3.5
-2.2 18 3.3
7.8 9.6 2.7
0.4 20.6 0.9
7 9 2.3
1 20.8 0.5
-2.4 17.4 3.7
6.2 9.2 4.7
1.4 21 0.7
0.8 20.8 0.9
7 9 1.7
1.6 21.2 2.1
6 8.8 0.1
0.6 20.8 1.7
-2.8 16.4 3.5
8 19.8 2.3
1.6 21.2 1.9
8.2 19.6 2.5
1.2 21 1.1
7.8 9.6 1.3
8 9.8 2.9
2.6 8.2 0.9
6 8.6 0.9
-2 11.2 0.7
3.6 8.6 4.7
8 19.8 1.7
-2 11 1.5
2.4 8.2 1.1
8.2 19.6 1.5
-0.8 11.2 5.7
0.4 20.4 3.9
-2.2 18 0.7
7.6 9.4 2.3
-2 18.4 0.9
-2 18.4 0.9
6.2 8.6 2.5
2.2 8.4 0.3
0.2 20.4 0.5
0.8 20.6 0.1
8 9.8 1.1
7.6 9.4 1.7
6.4 9.2 4.5
6.2 8.6 1.5
-2.6 17.4 1.3
-2.4 17.4 0.3
0.2 20.6 2.1
0.2 20.6 1.9
-2.8 16.4 0.5
-1 10.6 4.7
-1.8 18 4.5
-1.6 19 1.1
1.6 21.2 2.3
-2.2 17 4.7
-2.8 16.8 1.1
7.2 20.4 2.5
7.4 9.4 0.7
7 20.4 3.3
1.6 21.2 1.7
8.2 19.4 3.5
-2.4 16.4 4.7
2.8 8.2 3.3
7.2 20.4 1.5
0.4 20.4 0.1
3.4 8.2 3.5
-2.8 17 2.1
6.2 9.4 5.1
-2.8 17 1.9
5.8 8.6 0.5
-2.2 18.2 2.7
6.6 8.8 2.7
7.6 9.6 0.5
6.4 8.8 3.3
3.2 8.6 4.7
0.2 20.6 2.3
-2.8 16.6 3.3
7 20.4 0.7
7 9 2.5
0.2 20.6 1.7
-1.4 19 0.3
2.8 8.2 0.7
8.2 19.4 0.5
-2.2 18.2 1.3
6.6 8.8 1.3
3.6 8.2 0.5
8 19.8 2.5
7 9 1.5
-1.8 18.8 2.7
-1.8 18.8 2.7
0.6 20.8 1.5
1 21 2.1
7.6 19.8 0.1
1 21 1.9
2.2 8.2 2.7
3.4 8.2 0.5
2.4 8.4 3.9
8 19.8 1.5
6.4 8.8 0.7
7.6 9.4 2.5
-2.8 17 2.3
1.4 20.8 4.1
-1.8 18.4 3.9
-1.4 18.6 4.5
-1.4 18.6 4.5
7 10 5.3
-2.8 16.6 0.7
-1.8 18.8 1.3
-1.8 18.8 1.3
8 10 0.3
7.4 19.6 4.7
2.2 8.2 1.3
-2.8 17 1.7
-2.6 17.2 3.3
7.6 9.4 1.5
6.2 8.8 3.7
6.8 9 3.3
8 19.6 0.5
6.6 9 0.3
1.6 21.2 2.5
8.2 19.6 2.7
7.8 20 2.1
1 21 2.3
-2 18.2 3.7
7.2 9.2 3.1
1.6 20.8 4.3
7.8 20 1.9
1.6 21.2 1.5
-2.2 17.6 4.1
-1.4 11.8 5.5
1 21 1.7
-2.6 17.2 0.7
2.4 8.4 0.1
-2 11 1.3
8.2 19.6 1.3
6.2 8.6 2.7
-1.8 18.4 0.1
-1.8 18.4 0.1
3.2 8.2 0.5
8.2 10 3.1
6.8 9 0.7
6.8 9 0.7
-1.4 10.6 0.1
7.2 9.2 0.9
6.6 9.6 5.1
7.6 20 0.7
0.2 20.6 2.5
7.8 9.6 2.9
6.2 8.8 0.3
5.8 9 4.7
6.2 8.6 1.3
-2 18.6 2.1
-2 18.6 2.1
-2 18.6 1.9
-2 18.6 1.9
6.8 9.4 4.5
6.8 9.4 4.5
0.2 20.6 1.5
-2 18.2 0.3
-1.8 10.8 3.1
7.8 20 2.3
7.2 20.4 2.7
-2.6 16.8 3.9
8.2 10 0.9
7.8 20 1.7
7.8 9.6 1.1
-1.6 18.2 4.7
-1.4 11.2 4.9
5.8 9.2 5.1
-2.8 17 2.5
7.2 20.4 1.3
-1.8 10.8 0.9
7.4 20.2 0.9
7.4 20.2 0.9
-2.8 17 1.5
-1.6 10.4 2.1
-1.6 10.6 0.7
-1.6 10.4 1.9
-3 16.4 2.1
1.2 20.8 0.1
-3 16.4 1.9
7 9 2.7
-2 18.6 2.3
-1.6 18.6 4.1
-2.6 17.4 1.1
1.6 21 0.3
0.6 20.6 3.7
-2 18.6 1.7
-2 18.6 1.7
8 19.8 2.7
-1.8 18.6 0.5
-1.8 18.6 0.5
1 21 2.5
-2.6 16.8 0.1
7.8 9.8 0.3
-1.2 18.6 4.9
7 9 1.3
0.6 20.8 1.3
1.2 21 0.9
0.4 20.6 3.3
1 21 1.5
8 19.8 1.3
7.6 9.4 2.7
0.8 20.8 3.3
2.4 8.2 0.9
-1.8 11 3.7
6 8.6 3.3
-2.2 18.2 2.9
6.6 8.8 2.9
7.2 9.4 3.9
-1.6 10.4 2.3
-2.4 17.6 3.5
-3 16.4 2.3
8 9.8 0.9
7.6 9.4 1.3
-1.6 10.4 1.7
3 8.2 0.5
0.6 20.6 0.3
-3 16.4 1.7
7.8 19.8 0.5
1.6 21.2 2.7
0.4 20.6 0.7
7.8 20 2.5
-1.6 19 0.9
-2.2 18.2 1.1
6.6 8.8 1.1
-2 11.4 3.9
-1.8 18.8 2.9
-1.8 18.8 2.9
0.8 20.8 0.7
-2.8 16.8 0.9
7 9.2 3.7
2.6 8.2 0.7
6 8.6 0.7
7.8 20 1.5
1.6 21.2 1.3
1.4 21 3.5
-1.8 11 0.3
-2.4 17.6 0.5
7.8 19.4 4.5
-2 11.2 3.5
-1.6 18.8 0.3
-1.8 18.8 1.1
-1.8 18.8 1.1
-2 18.4 0.7
-2 18.4 0.7
7.2 9.4 0.1
2.2 8.2 1.1
0.2 20.6 2.7
-2.4 16.8 4.5
3.6 8.4 4.3
-2.6 17 0.3
-2.2 18 3.5
-2 18.6 2.5
3.6 8 2.1
3.6 8 1.9
7.2 20.2 0.3
2.6 8.4 4.1
8.2 19.6 2.9
-2 18.6 1.5
-2 18.6 1.5
0.2 20.6 1.3
1 20.8 3.7
1.4 21 0.5
-2 11.4 0.1
7 9.2 0.3
7.4 9.2 2.1
3.4 8 2.1
7.4 9.2 1.9
3.4 8 1.9
7.8 19.6 4.1
-2 11.2 0.5
-2.8 17 2.7
6.2 8.6 2.9
-2 11 1.1
8.2 19.6 1.1
-2.2 18 0.5
-1.6 10.4 2.5
-3 16.4 2.5
-2.8 17 1.3
0.2 20.4 3.7
-1.6 10.4 1.5
3.6 8 2.3
-3 16.4 1.5
6.2 8.6 1.1
1 20.8 0.3
-1.4 18.2 5.1
1 21 2.7
7.2 20.4 2.9
3.6 8 1.7
-2.8 16.4 3.7
7.4 9.2 2.3
7 20.4 3.5
3.4 8 2.3
7.4 20 0.1
7.4 9.4 0.5
7.4 9.2 1.7
2.8 8.2 3.5
-2.6 17.6 2.1
3.4 8 1.7
-2.6 17.6 1.9
-2.4 18 2.1
6.8 9.2 4.1
6.8 9.2 4.1
1 21 1.3
-2.4 18 1.9
3.2 8 1.9
7.2 20.4 1.1
-1.6 10.8 0.1
1.4 20.6 4.7
0.2 20.4 0.3
6.4 8.8 3.5
7.8 9.6 3.1
7 9 2.9
-1.4 11 4.7
-2.8 16.6 3.5
1.4 20.4 5.1
7 20.4 0.5
-2.8 16.4 0.3
7.8 20 2.7
8 19.8 2.9
2.8 8.2 0.5
6 8.8 4.1
7.6 20.2 2.1
7.2 9.2 3.3
7.6 20.2 1.9
-1.6 11 4.3
8.2 19.4 3.7
-2.6 17.6 2.3
7 9 1.1
0.6 20.8 1.1
7.8 9.6 0.9
7.8 20 1.3
7.6 9.4 2.9
-2.6 17.6 1.7
7.6 19.6 4.5
3.4 8.2 3.7
8 19.8 1.1
6.4 8.8 0.5
-2.4 18 1.7
8.2 10 3.3
3.2 8 1.7
-2.6 17.2 3.5
-2.8 16.6 0.5
2.2 8.4 0.1
-1.8 10.6 2.1
5.8 8.6 0.3
-1.8 10.6 1.9
7.6 9.6 0.3
-2 18.6 2.7
7.2 9.2 0.7
7.6 9.4 1.1
3.6 8 2.5
-2.4 17.4 0.1
-2.6 17.4 0.9
-1.8 10.8 3.3
7.6 20.2 2.3
7.4 9.2 2.5
8.2 19.4 0.3
3.6 8.2 0.3
3.4 8 2.5
3.6 8 1.5
-2 18.6 1.3
-2 18.6 1.3
2.2 8.6 4.5
7.6 20.2 1.7
7.6 20.2 1.7
8.2 10 0.7
-1.4 18.8 4.3
7.4 9.2 1.5
3.4 8.2 0.3
1.4 21.2 2.1
3.4 8 1.5
1.6 21.2 1.1
-2.6 17.2 0.5
0.4 20.4 4.1
1.4 21.2 1.9
-1.6 10.4 2.7
-2.2 18.2 3.1
6.6 8.8 3.1
-1.8 10.6 2.3
-3 16.4 2.7
0.2 20.6 2.9
6.8 9 0.5
6.8 9 0.5
-1.8 10.8 0.7
7.4 20.2 0.7
7.4 20.2 0.7
-1 19.8 2.1
3 8 2.1
-1.8 10.6 1.7
-1 19.8 1.9
3 8 1.9
7.6 20 0.5
-1.6 10.4 1.3
-3 16.4 1.3
8 19.6 0.3
-1.4 19 0.1
-1.8 18.8 3.1
-1.8 18.8 3.1
0.2 20.6 1.1
-2.2 18.2 0.9
6.6 8.8 0.9
-2.6 17.6 2.5
1.2 21 0.7
1.4 21.2 2.3
-2.8 17 2.9
6.4 8.6 2.1
6.4 8.6 2.1
6.4 8.6 1.9
6.4 8.6 1.9
-2.6 17.6 1.5
1.4 21.2 1.7
2.4 8.2 0.7
-2.4 18 1.5
6.8 8.8 2.1
6.8 8.8 2.1
3.2 8.2 0.3
8 10 0.1
3.2 8 1.5
6.8 8.8 1.9
6.8 8.8 1.9
-1 19.8 2.3
-1.8 18.8 0.9
-1.8 18.8 0.9
3 8 2.3
2.2 8.2 0.9
8 9.8 0.7
-1.6 10.6 0.5
-2.8 17 1.1
-1 19.8 1.7
3 8 1.7
6.2 8.8 3.9
7.6 20.2 2.5
1 21 2.9
8.2 19.6 3.1
6.6 9 0.1
-2 18.2 3.9
-1.6 19 0.7
-2.8 16.8 0.7
7.6 20.2 1.5
7.6 20.2 1.5
0.4 20.6 3.5
2.4 8.4 4.1
7 20.6 1.5
6.4 8.6 2.3
6.4 8.6 2.3
6.2 8.6 3.1
0.8 20.8 3.5
1 21 1.1
-1.8 18.4 4.1
6.4 8.6 1.7
6.4 8.6 1.7
6.8 8.8 2.3
6.8 8.8 2.3
-1.8 10.6 2.5
-2 11 0.9
6 8.6 3.5
8.2 19.6 0.9
6.8 8.8 1.7
6.8 8.8 1.7
-2.2 17.2 4.7
-1.8 10.6 1.5
3.6 8 2.7
6.2 8.8 0.1
7.8 20 2.9
6.2 8.6 0.9
7.2 20.4 3.1
7.4 9.2 2.7
0.4 20.6 0.5
3.4 8 2.7
-2 18.2 0.1
-1.8 18.6 0.3
-1.8 18.6 0.3
3.6 8 1.3
8.2 9.8 2.1
0.8 20.8 0.5
-2.8 17.2 2.1
8.2 9.8 1.9
1.4 21.2 2.5
-2.8 17.2 1.9
2.6 8.2 0.5
6 8.6 0.5
7.4 9.2 1.3
7.8 20 1.1
3.4 8 1.3
-3 16.6 2.1
1.4 20.8 4.3
-3 16.6 1.9
-2.2 18.4 2.1
-2.2 18.4 2.1
1.4 21.2 1.5
-2.2 18.4 1.9
-2.2 18.4 1.9
7.2 20.4 0.9
-1 19.8 2.5
3 8 2.5
-2.4 17.6 3.7
-2 18.4 0.5
-2 18.4 0.5
7 9 3.1
6.4 9.2 4.7
-1 19.8 1.5
3 8.2 0.3
3 8 1.5
0.6 20.6 3.9
7.8 19.8 0.3
8 19.8 3.1
1.6 21 0.1
-1.8 18 4.7
6.2 9.2 4.9
-2.6 16.8 4.1
8.2 9.8 2.3
-2.6 17.6 2.7
-2 18.6 1.1
-2 18.6 1.1
7.8 9.8 0.1
3.6 8.6 4.9
8.2 9.8 1.7
1.4 21 3.7
6.4 8.6 2.5
7 9 0.9
-2.8 17.2 1.7
7.6 9.4 3.1
0.6 20.8 0.9
-3 16.6 2.3
-2.2 18.4 2.3
-2.2 18.4 2.3
6.8 8.8 2.5
6.8 8.8 2.5
-1.6 10.4 2.9
-2 11.2 3.7
-1.8 11 3.9
-2.6 17.6 1.3
-2.4 17.6 0.3
8 19.8 0.9
-3 16.6 1.7
-3 16.4 2.9
6.4 8.6 1.5
6.4 8.6 1.5
-2.2 18.4 1.7
-2.2 18.4 1.7
-2.4 18 1.3
3.2 8 1.3
7.8 9.6 3.3
-2.2 18 3.7
6.8 8.8 1.5
6.8 8.8 1.5
-1 10.6 4.9
0.6 20.6 0.1
7.6 9.4 0.9
7.6 20.2 2.7
-1.6 10.4 1.1
-3 16.4 1.1
-2.2 17 4.9
1.6 20.8 4.5
1.4 21 0.3
7 9.2 3.9
-2.4 16.4 4.9
7.6 20.2 1.3
7.6 20.2 1.3
7.8 9.6 0.7
-2 11.2 0.3
0.4 20.8 1.7
7 20.6 1.3
1.6 21.2 0.9
0.8 21 2.1
-1.4 18.6 4.7
-1.4 18.6 4.7
-1.8 10.6 2.7
-1.8 11 0.1
0.8 21 1.9
7.2 9.4 4.1
-1.6 18.8 0.1
0.2 20.6 3.1
-2.2 18 0.3
8 9.6 2.1
3.2 8.6 4.9
8 9.6 1.9
-2.6 17 0.1
-1.6 18.6 4.3
-1.8 10.6 1.3
-2.6 17.4 0.7
7.2 9.2 3.5
1 20.8 3.9
8.2 9.8 2.5
-2 11.4 4.1
7.2 20.2 0.1
0.2 20.6 0.9
7 9.2 0.1
1.4 21.2 2.7
2.8 8.2 3.7
-2.8 17 3.1
7.4 9.4 0.3
8.2 9.8 1.5
-3 16.6 2.5
-2.8 17.2 1.5
-2.2 18.4 2.5
-2.2 18.4 2.5
0.8 21 2.3
8.2 10 3.5
-2.2 18.2 3.3
6.6 8.8 3.3
-1 19.8 2.7
0.8 21 1.7
-2 10.8 2.1
3 8 2.7
7.4 19.6 4.9
1.4 21.2 1.3
-3 16.6 1.5
-2 10.8 1.9
-2.2 18.4 1.5
-2.2 18.4 1.5
6.4 8.8 3.7
8 9.6 2.3
0.2 20.4 3.9
7.2 9 2.1
3.6 8 2.9
-2.8 16.6 3.7
7.2 9 1.9
7.2 9.2 0.5
-2.8 17 0.9
8 9.6 1.7
-1 19.8 1.3
6.8 9.4 4.7
3 8 1.3
-1.8 10.8 3.5
7.4 9.2 2.9
7 20.4 0.3
3.4 8 2.9
7.4 20.4 2.1
-1.8 19 2.1
-1.8 18.8 3.3
-1.8 18.8 3.3
-2.8 16.4 3.9
1 20.8 0.1
7.4 20.4 1.9
-1.8 19 1.9
2.8 8.2 0.3
2.8 8 1.5
-2.2 18.2 0.7
6.6 8.8 0.7
3.6 8 1.1
8.2 10 0.5
6.8 8.8 2.7
6.8 8.8 2.7
7.4 9.2 1.1
0.4 20.8 1.5
3.4 8 1.1
-2 10.8 2.3
1 21 0.9
6.2 9.4 5.3
-2.6 17.2 3.7
6.4 8.8 0.3
6.4 8.6 1.3
6.4 8.6 1.3
-2.8 16.6 0.3
-2 10.8 1.7
7.2 9 2.3
-1.8 18.8 0.7
-1.8 18.8 0.7
0.2 20.4 0.1
-1.8 10.8 0.5
7.4 20.2 0.5
7.4 20.2 0.5
2.2 8.2 0.7
6.8 8.8 1.3
6.8 8.8 1.3
7.2 9 1.7
7.8 20 3.1
7.4 20.4 2.3
-1.8 19 2.3
8.2 19.6 3.3
2.6 8.4 4.3
-2.8 16.4 0.1
-2.6 17.6 2.9
7.4 20.4 1.7
-1.8 19 1.7
8.2 19.4 3.9
7.8 19.6 4.3
2.6 8 2.1
2.6 8 1.9
-1.6 18.2 4.9
6.2 8.6 3.3
0.8 21 2.5
1.2 21 0.5
3.4 8.2 3.9
-2.6 17.2 0.3
7.8 20 0.9
-2.6 17.6 1.1
2.4 8.2 0.5
-2 11 0.7
0.8 21 1.5
8 9.6 2.5
8.2 19.6 0.7
-2.4 18 1.1
3.6 8.4 4.5
5.8 8.6 0.1
6.8 9 0.3
6.8 9 0.3
3.2 8 1.1
7.6 9.6 0.1
8 9.8 0.5
7.6 20.2 2.9
7.6 20 0.3
8 9.6 1.5
7.2 20.4 3.3
8.2 9.8 2.7
6.2 8.6 0.7
8.2 19.4 0.1
3.6 8.2 0.1
-1.6 19 0.5
2.6 8 2.3
-2 18.6 0.9
-2 18.6 0.9
-2.8 16.8 0.5
-3 16.6 2.7
2.6 8 1.7
7.6 20.2 1.1
7.6 20.2 1.1
-2.2 18.4 2.7
6.8 9.2 4.3
6.8 9.2 4.3
-1.4 11.2 5.1
8.2 9.8 1.3
-0.8 11.2 5.9
3.4 8.2 0.1
-2.8 17.2 1.3
-1.8 10.6 2.9
-1.6 10.4 3.1
7 20.6 1.1
-2 10.8 2.5
7 10 5.5
-3 16.4 3.1
7.2 20.4 0.7
7.2 9 2.5
-3 16.6 1.3
-2.4 16.8 4.7
7 9 3.3
-2.2 18.4 1.3
-2.2 18.4 1.3
-2 10.8 1.5
-1.6 10.6 0.3
-1.8 10.6 1.1
7.2 9 1.5
8 19.8 3.3
7.4 20.4 2.5
-1.6 10.4 0.9
6 8.8 4.3
8 19.6 0.1
-3 16.4 0.9
-1.2 18.6 5.1
1.4 21.2 2.9
7.4 20.4 1.5
-1.8 19 1.5
2.8 8 1.3
0.4 20.6 3.7
7.6 9.4 3.3
7.8 9.4 2.1
7 9 0.7
0.8 20.8 3.7
7.8 9.4 1.9
0.6 20.8 0.7
-1 19.8 2.9
0.4 20.8 1.3
6 8.6 3.7
3 8 2.9
8 19.8 0.7
1.4 21.2 1.1
3.2 8.2 0.1
7.6 9.4 0.7
-1 19.8 1.1
3 8 1.1
0.4 20.6 0.3
-1.6 11 4.5
2.6 8 2.5
-1.4 11.8 5.7
0.8 20.8 0.3
7.8 9.4 2.3
0.8 21 2.7
6.8 8.8 2.9
6.8 8.8 2.9
2.6 8.2 0.3
2.6 8 1.5
6 8.6 0.3
7.8 9.4 1.7
1.6 21.2 0.7
0.2 20.6 3.3
8 9.6 2.7
1.2 21.2 2.1
7.8 9.6 3.5
0.8 21 1.3
6.4 8.6 1.1
6.4 8.6 1.1
1.2 21.2 1.9
-2 18.4 0.3
-2 18.4 0.3
6.2 8.8 4.1
6.8 8.8 1.1
6.8 8.8 1.1
7.4 9.2 3.1
3.4 8 3.1
8 9.6 1.3
8.2 19.8 2.1
8.2 19.8 1.9
-2 18.2 4.1
-1.8 18.6 0.1
-1.8 18.6 0.1
-1.4 18.8 4.5
-2.8 17 3.3
0.2 20.6 0.7
3.6 8 0.9
7.6 19.6 4.7
-2 10.8 2.7
7.8 9.6 0.5
7.4 9.2 0.9
3.4 8 0.9
1.2 21.2 2.3
-2.4 17.6 3.9
7.2 9 2.7
1.4 20.6 4.9
1.2 21.2 1.7
-1.4 11 4.9
-2 10.8 1.3
-2.8 17 0.7
8.2 19.8 2.3
3 8.2 0.1
7.2 9 1.3
8.2 9.8 2.9
7.8 19.8 0.1
-2.6 17.6 3.1
-2.6 17.4 0.5
8.2 19.8 1.7
2.2 8.6 4.7
-3 16.8 2.1
-3 16.8 1.9
7.4 20.4 1.3
1.4 21 3.9
7.8 9.4 2.5
-1.8 19 1.3
-1.8 19 1.3
-3 16.6 2.9
2.4 8.4 4.3
-2.2 18.4 2.9
-1.8 18.4 4.3
8.2 9.8 1.1
-2 11.2 3.9
-2.2 18.2 3.5
6.6 8.8 3.5
-2.8 17.2 1.1
7.8 9.4 1.5
1 21 0.7
-2.4 17.6 0.1
-2 18.8 2.1
-2 18.8 2.1
-2.6 17.6 0.9
-2 18.8 1.9
-2 18.8 1.9
-2.2 18 3.9
-3 16.6 1.1
-2.4 18 0.9
-2.2 18.4 1.1
-2.2 18.4 1.1
3.2 8 0.9
7.6 20.2 3.1
7.8 20 3.3
0.6 20.6 4.1
-1.8 18.8 3.5
-1.8 18.8 3.5
7.2 9.2 3.7
-3 16.8 2.3
2.6 8 2.7
1.4 21 0.1
-3 16.8 1.7
2.8 8 1.1
-2.2 18.2 0.5
6.6 8.8 0.5
-1.8 10.6 3.1
7.6 20.2 0.9
7.6 20.2 0.9
8.2 10 3.7
-2 11.2 0.1
2.6 8 1.3
-1.8 11 4.1
7 20.6 0.9
7.8 20 0.7
1.2 21.2 2.5
-2 18.8 2.3
-2 18.8 2.3
0.4 20.8 1.1
-2.2 18 0.1
-2 18.8 1.7
-2 18.8 1.7
-1.8 18.8 0.5
-1.8 18.8 0.5
1.2 21.2 1.5
1.4 20.4 5.3
2.2 8.2 0.5
8.2 19.8 2.5
7.2 9.2 0.3
8 20 2.1
-1.8 10.8 3.7
8.2 19.6 3.5
8 20 1.9
-1.8 10.6 0.9
-2.4 18.2 2.1
1.4 21.2 3.1
8.2 19.8 1.5
-2.4 18.2 1.9
7 9.2 4.1
2.8 8.2 3.9
0.8 21 2.9
-2 18.6 0.7
-2 18.6 0.7
6.2 8.6 3.5
8.2 10 0.3
7.4 9.4 0.1
1.4 20.8 4.5
-1 19.8 3.1
3 8 3.1
8 9.6 2.9
6.4 8.8 3.9
-2 11 0.5
1.4 21.2 0.9
8.2 19.6 0.5
-2.8 16.6 3.9
0.8 21 1.1
-1.8 10.8 0.3
7.4 20.2 0.3
7.4 20.2 0.3
8 20 2.3
-2.8 17.4 2.1
7.2 20.4 3.5
-2.8 17.4 1.9
8 20 1.7
1 20.8 4.1
8 9.6 1.1
-3 16.8 2.5
-1 19.8 0.9
-2.4 18.2 2.3
3 8 0.9
7 20.4 0.1
-1.6 10.4 0.7
6.2 8.6 0.5
-3 16.4 0.7
6.6 8.6 2.1
6.6 8.6 2.1
7.8 9.4 2.7
2.8 8.2 0.1
-2.4 18.2 1.7
6.6 8.6 1.9
6.6 8.6 1.9
-3 16.8 1.5
6.8 8.8 3.1
1.2 21 0.3
-2.6 17.2 3.9
-2 18.8 2.5
-2 18.8 2.5
7.2 9.4 4.3
7.2 9 2.9
7.8 9.4 1.3
6.4 8.8 0.1
7 9 3.5
2.4 8.2 0.3
0.2 20.4 4.1
7.2 20.4 0.5
-2.8 16.6 0.1
-2.2 17.2 4.9
6.4 8.6 0.9
6.4 8.6 0.9
-2 18.8 1.5
-2 18.8 1.5
-2 10.8 1.1
-2.8 17.4 2.3
6.8 8.8 0.9
6.8 8.8 0.9
8 9.8 0.3
7.6 9.2 2.1
7.2 20.6 2.1
7.6 9.2 1.9
-2.8 16.4 4.1
7.2 20.6 1.9
-2.8 17.4 1.7
7.2 9 1.1
-2 11.4 4.3
-1.6 10.2 2.1
-1.6 10.2 1.9
6.6 8.6 2.3
6.6 8.6 2.3
7.6 9.4 3.5
-1.6 19 0.3
6.6 8.6 1.7
6.6 8.6 1.7
7.4 20.4 1.1
-1.8 19 1.1
-1.8 19 1.1
-2.8 16.8 0.3
7 9 0.5
0.6 20.8 0.5
1.2 21.2 2.7
-2.6 17.2 0.1
8 19.8 0.5
6.4 9.2 4.9
6.8 9 0.1
6.8 9 0.1
-1.6 18.6 4.5
8 20 2.5
8.2 19.8 2.7
1.2 21.2 1.3
7.4 9.2 3.3
7.6 9.2 2.3
7.2 20.6 2.3
3.4 8 3.3
8.2 9.8 3.1
-1.8 18 4.9
7.6 20 0.1
-2.4 18.2 2.5
7.6 9.4 0.5
7.6 9.2 1.7
2.6 8 2.9
7.2 20.6 1.7
8 20 1.5
1.6 20.8 4.7
8.2 19.4 4.1
-1.6 10.2 1.7
8.2 19.8 1.3
-3 16.6 3.1
-2.4 18.2 1.5
-2.2 18.4 3.1
3.6 8 0.7
3.4 8.2 4.1
8.2 9.8 0.9
2.6 8 1.1
0.2 20.6 3.5
-2.8 17.2 0.9
7.4 9.2 0.7
1.6 21.2 0.5
3.4 8 0.7
-3 16.6 0.9
-2.8 17.4 2.5
-2.2 18.4 0.9
-2.2 18.4 0.9
-1.6 10.6 0.1
6.2 9.2 5.1
-3 16.8 2.7
-2.6 17.6 3.3
-2.8 17.4 1.5
6.6 8.6 2.5
0.4 20.6 3.9
-2.8 17 3.5
3.6 8.6 5.1
0.2 20.6 0.5
2.8 8 0.9
6.6 8.6 1.5
6.6 8.6 1.5
0.8 20.8 3.9
-3 16.8 1.3
-1.4 18.6 4.9
-1.4 18.6 4.9
-2 18.8 2.7
-2 18.8 2.7
6 8.6 3.9
7.8 9.6 3.7
0.4 20.8 0.9
-2.6 17.6 0.7
2.4 8 1.3
0.6 21 2.1
2.2 8 2.1
7.6 20.2 3.3
0.6 21 1.9
-2.4 18 0.7
2.2 8 1.9
7.6 9.2 2.5
-2 18.8 1.3
-2 18.8 1.3
7.8 20.2 2.1
-1 10.6 5.1
3.2 8 0.7
7.2 20.6 2.5
7.8 20.2 1.9
-2.8 17 0.5
-2.2 17 5.1
7.6 9.2 1.5
7.2 20.6 1.5
0.4 20.6 0.1
7.8 19.6 4.5
-1.6 10.2 1.5
0.8 21 3.1
-2.4 16.4 5.1
0.8 20.8 0.1
-1.8 10.6 3.3
2.6 8.2 0.1
7.6 20.2 0.7
7.6 20.2 0.7
6 8.6 0.1
7.8 9.6 0.3
8 9.6 3.1
0.2 20.8 2.1
7 20.6 0.7
7.8 9.4 1.1
0.2 20.8 1.9
1 21 0.5
0.6 21 2.3
2.2 8 2.3
3.2 8.6 5.1
8 20 2.7
-2 18.4 0.1
-2 18.4 0.1
7.8 20.2 2.3
0.8 21 0.9
7.8 20 3.5
0.6 21 1.7
2.2 8 1.7
6.8 9.4 4.9
-2.4 18.2 2.7
7.8 20.2 1.7
-1.8 10.4 2.1
-1.8 10.6 0.7
-1.8 10.4 1.9
1.4 21.2 3.3
8 9.6 0.9
8 20 1.3
-2.6 17.4 0.3
-2.4 18.2 1.3
6.8 9.2 4.5
6.8 9.2 4.5
-1 19.8 3.3
-2.2 18.2 3.7
3 8 3.3
6.6 8.8 3.7
1.2 21.2 2.9
7.2 9 3.1
0.2 20.8 2.3
7.4 19.6 5.1
7.8 20 0.5
3.6 8.4 4.7
0.2 20.8 1.7
-2.8 17.4 2.7
1.4 21.2 0.7
8.2 19.8 2.9
-2 10.8 0.9
1.2 21.2 1.1
-1.8 10.4 2.3
-1.8 18.8 3.7
-1.8 18.8 3.7
6 8.8 4.5
6.6 8.6 2.7
7.2 9 0.9
-1.8 10.4 1.7
-1 19.8 0.7
3 8 0.7
-2.8 17.4 1.3
-2.2 18.6 2.1
8.2 19.8 1.1
-2.2 18.6 1.9
6.8 8.8 3.3
-2.2 18.2 0.3
6.6 8.8 0.3
7.4 20.4 0.9
-1.8 19 0.9
-1.8 19 0.9
-2 18.6 0.5
-2 18.6 0.5
6.6 8.6 1.3
6.6 8.6 1.3
-2.4 17.6 4.1
0.6 21 2.5
2.2 8 2.5
7.8 20.2 2.5
7.6 9.2 2.7
6.2 8.8 4.3
6.4 8.6 0.7
6.4 8.6 0.7
7.2 20.6 2.7
1.6 21.4 2.1
-1.8 18.8 0.3
-1.8 18.8 0.3
1.6 21.4 1.9
8.2 19.6 3.7
0.6 21 1.5
2.2 8.2 0.3
2.2 8 1.5
-3 16.8 2.9
6.8 8.8 0.7
6.8 8.8 0.7
2.6 8 3.1
7.8 20.2 1.5
-2 18.2 4.3
7.6 9.2 1.3
-1.6 10.4 0.5
-2.2 18.6 2.3
7.2 20.6 1.3
1.4 21 4.1
-3 16.4 0.5
-1.6 10.2 1.3
6.2 8.6 3.7
-2.2 18.6 1.7
8.2 10 3.9
-3 16.8 1.1
-2 18.8 2.9
-2 18.8 2.9
-2 11.2 4.1
0.2 20.8 2.5
2.6 8 0.9
-2.4 16.8 4.9
-2.2 18 4.1
0.2 20.8 1.5
-2 11 0.3
1.6 21.4 2.3
2.4 8 1.1
8.2 19.6 0.3
7.2 20.4 3.7
-1.8 10.4 2.5
8.2 9.8 3.3
-2 18.8 1.1
-2 18.8 1.1
1 21.2 2.1
1.6 21.4 1.7
1 21.2 1.9
7.2 9.2 0.1
-1.2 19.8 2.1
-1.2 19.8 1.9
-1.8 10.4 1.5
-3 16.6 3.3
6.2 8.6 0.3
-2.2 18.4 3.3
8.2 10 0.1
7 8.8 1.3
8.2 9.8 0.7
-2.8 17.2 0.7
7 9 3.7
8 20 2.9
7.2 20.4 0.3
7.4 9.2 3.5
-3 16.6 0.7
1 21.2 2.3
-1.8 10.8 0.1
7.4 20.2 0.1
7.4 20.2 0.1
-2.2 18.4 0.7
-2.2 18.4 0.7
-2.4 18.2 2.9
-1.2 19.8 2.3
1 21.2 1.7
-1.2 19.8 1.7
-2.2 18.6 2.5
2.8 8.2 4.1
8 20 1.1
-1.4 18.8 4.7
7.6 9.4 3.7
2.4 8.4 4.5
-2.2 18.6 1.5
-2.4 18.2 1.1
2.8 8 0.7
-1.8 18.4 4.5
3.6 8 0.5
-1.8 11 4.3
7 9 0.3
1.2 21 0.1
7.4 9 2.1
0.6 20.8 0.3
7.4 9 1.9
0.6 21 2.7
7.4 9.2 0.5
2.2 8 2.7
3.4 8 0.5
7.8 9.4 0.9
0.4 20.8 0.7
-2.8 16.6 4.1
7.8 20.2 2.7
-2.8 17.4 2.9
8 19.8 0.3
1.6 21.4 2.5
2.4 8.2 0.1
0.6 21 1.3
-2.6 17.6 3.5
1.6 21.4 1.5
8 9.8 0.1
2.2 8 1.3
7.8 20.2 1.3
7.6 9.4 0.3
-1.2 18.6 5.3
7 9.2 4.3
0.8 21 3.3
-2.8 17.4 1.1
-1.6 19 0.1
7.6 19.6 4.9
1.2 21.2 3.1
-1 20 2.1
-2.8 16.8 0.1
6.6 8.6 1.1
6.6 8.6 1.1
-1 20 1.9
7.4 9 2.3
8 9.6 3.3
-2.6 17.2 4.1
0.2 20.6 3.7
1.6 21.2 0.3
7.4 9 1.7
7.6 9.2 2.9
8.2 19.8 3.1
7.6 20.2 3.5
-2.6 17.6 0.5
7.2 20.6 2.9
7.6 20.4 2.1
0.2 20.8 1.3
1 21.2 2.5
-1.8 10.4 2.7
7.6 20.4 1.9
-2.4 18 0.5
0.8 21 0.7
-1.2 19.8 2.5
3.2 8 0.5
-2 10.6 2.1
1.2 21.2 0.9
-2 10.6 1.9
-3 17 1.5
1 20.8 4.3
1 21.2 1.5
2.2 8.6 4.9
-1.2 19.8 1.5
8 9.6 0.7
-2.8 17 3.7
-1.8 10.4 1.3
7.6 9.2 1.1
7.2 20.6 1.1
-1.8 10.6 3.5
8.2 19.8 0.9
-1.6 10.2 1.1
-1 20 2.3
0.2 20.6 0.3
7.2 9 3.3
7 10 5.7
-1 20 1.7
7.6 20.2 0.5
7.6 20.2 0.5
1.4 20.6 5.1
7 20.6 0.5
0.2 20.4 4.3
-1.4 11 5.1
7.6 20.4 2.3
-2 10.6 2.3
-3 16.8 3.1
7.6 20.4 1.7
-2 10.8 0.7
-2.8 16.4 4.3
-2 10.6 1.7
1.4 21.2 3.5
-2.8 17 0.3
-3.2 16.4 2.1
-2.2 18.6 2.7
-1.8 10.6 0.5
-3.2 16.4 1.9
7.2 9 0.7
-1 19.8 3.5
-2 18.8 3.1
1.4 20.8 4.7
3 8 3.5
7.4 20.4 0.7
7.4 9 2.5
-1.8 19 0.7
-1.8 19 0.7
-2.2 18.6 1.3
-3 16.8 0.9
7.2 9.4 4.5
8.2 9.6 2.1
7.8 9.6 3.9
8.2 9.6 1.9
7 8.8 1.1
1.6 21.4 2.7
7.4 9 1.5
1 21 0.3
-1.8 19.2 2.1
7.8 20 3.7
-1.8 19.2 1.9
1.4 21.2 0.5
2.4 8 0.9
7 20.8 2.1
-2 18.8 0.9
-2 18.8 0.9
2.6 8 3.3
7 20.8 1.9
-2 11.4 4.5
-3.2 16.4 2.3
1.6 21.4 1.3
8.2 19.4 4.3
0.4 20.6 4.1
-1 19.8 0.5
-3.2 16.4 1.7
3 8 0.5
6.8 8.8 3.5
0.8 20.8 4.1
-1 20 2.5
3.4 8.2 4.3
6 8.6 4.1
8.2 9.6 2.3
0.6 21 2.9
7.8 9.6 0.1
-1 20 1.5
8.2 9.6 1.7
2.6 8 0.7
7.8 20.2 2.9
7.8 20 0.3
8 20 3.1
-1.8 19.2 2.3
7.6 20.4 2.5
1 21.2 2.7
-2 10.6 2.5
-1.8 19.2 1.7
-1.2 19.8 2.7
7 20.8 2.3
-2.4 18.2 3.1
6.4 8.6 0.5
6.4 8.6 0.5
7.6 20.4 1.5
7 20.8 1.7
0.6 21 1.1
6.8 8.8 0.5
6.8 8.8 0.5
-3 17 1.3
2.2 8 1.1
-2 10.6 1.5
7.8 20.2 1.1
1 21.2 1.3
-2.6 17.4 0.1
-1.2 19.8 1.3
8 20 0.9
6.6 8.8 3.9
-2 18.6 0.3
-2 18.6 0.3
-2.4 18.2 0.9
-2.8 17.4 3.1
-1.6 18.6 4.7
-1.8 10.4 2.9
8.2 9.8 3.5
0.2 20.8 1.1
-1.8 18.8 3.9
-1.8 18.8 3.9
-3.2 16.4 2.5
-3 16.6 3.5
-2.2 18.4 3.5
-1.6 10.4 0.3
-3.2 16.4 1.5
-2.8 17.4 0.9
-1.8 10.4 1.1
-3 16.4 0.3
3.6 7.8 2.1
7.4 9 2.7
3.6 7.8 1.9
-2.2 18.2 0.1
6.6 8.8 0.1
8.2 9.6 2.5
6.6 8.6 0.9
6.6 8.6 0.9
3.4 7.8 2.1
8.2 9.8 0.5
3.4 7.8 1.9
-1.8 19.2 2.5
-2.8 17.2 0.5
7.6 9.2 3.1
8.2 9.6 1.5
-2.2 17.2 5.1
7.8 9.4 0.7
7.4 9 1.3
7 20.8 2.5
1.4 20.4 5.5
8.2 19.6 3.9
-1.8 19.2 1.5
-3 16.6 0.5
-1.8 18.8 0.1
-1.8 18.8 0.1
6.8 8.6 2.1
6.8 8.6 2.1
6.8 8.6 2.1
6.8 8.6 2.1
-2.2 18.4 0.5
-2.2 18.4 0.5
2.2 8.2 0.1
6.8 8.6 1.9
6.8 8.6 1.9
6.8 8.6 1.9
6.8 8.6 1.9
-2.2 18.6 2.9
7 20.8 1.5
1.6 20.8 4.9
8 9.4 2.1
8 9.4 1.9
6.2 8.6 3.9
-1 20 2.7
7.6 9.2 0.9
3.6 7.8 2.3
7.2 20.6 0.9
1.2 21.2 3.3
-1.6 10.2 0.9
3.6 7.8 1.7
2.8 8 0.5
-2.2 18.6 1.1
-2.2 18.6 1.1
3.4 7.8 2.3
-1 20 1.3
7.6 20.4 2.7
3.4 7.8 1.7
8.2 19.8 3.3
0.4 20.8 0.5
-2.8 17.6 1.5
-2 10.6 2.7
6.4 8.4 2.1
7.4 9.2 3.7
-2.4 18.4 2.1
-2.4 18.4 2.1
-2 11 0.1
6.4 8.4 1.9
3.2 7.8 2.1
7.2 20.4 3.9
8.2 19.6 0.1
-2.4 18.4 1.9
-2.4 18.4 1.9
3.2 7.8 1.9
6.8 8.6 2.3
6.8 8.6 2.3
7.6 20.4 1.3
1.2 21.2 0.7
6.8 8.6 1.7
6.8 8.6 1.7
6.8 8.6 1.7
6.8 8.6 1.7
1.4 21.4 2.1
1.6 21.4 1.1
0.8 21 3.5
1.4 21.4 1.9
-2 10.6 1.3
7.8 19.6 4.7
8 9.4 1.7
6.2 8.6 0.1
8.2 10 4.1
8.2 19.8 0.7
8 9.6 3.5
3.6 8 0.3
-2.4 17.6 4.3
7 9 3.9
7.4 9.2 0.3
7 8.8 0.9
1 21.2 2.9
3.4 8 0.3
6.4 8.4 2.3
-2.4 18.4 2.3
-2.4 18.4 2.3
3.2 7.8 2.3
-1.2 19.8 2.9
7.2 20.4 0.1
-3 16.8 3.3
6.4 8.4 1.7
-2.4 18.4 1.7
-2.4 18.4 1.7
-3.2 16.4 2.7
0.8 21 0.5
-2.6 17.6 3.7
3.2 7.8 1.7
1.4 21.4 2.3
-3 17 1.1
7.6 9.4 3.9
1.4 21 4.3
1 21.2 1.1
1.4 21.4 1.7
8 9.6 0.5
3.6 7.8 2.5
-1.2 19.8 1.1
-3.2 16.4 1.3
6.8 9.2 4.7
6.8 9.2 4.7
-2 19 2.1
-2 19 2.1
-2 18.8 3.3
-2 19 1.9
-2 19 1.9
8.2 9.6 2.7
-2 11.2 4.3
-1.4 18.6 5.1
-1.4 18.6 5.1
3.4 7.8 2.5
3.6 7.8 1.5
0.6 21 3.1
-3 16.8 0.7
7 9 0.1
-1.8 19.2 2.7
0.6 20.8 0.1
7.8 20.2 3.1
-2.2 18 4.3
7.6 20.2 3.7
3.4 7.8 1.5
8.2 9.6 1.3
7 20.8 2.7
6.2 8.8 4.5
8 19.8 0.1
-2.6 17.6 0.3
6.8 8.6 2.5
6.8 8.6 2.5
2.4 8 0.7
6.2 9.2 5.3
-2.4 18 0.3
-1.8 19.2 1.3
6 8.8 4.7
3.2 8 0.3
-2 18.2 4.5
-2 18.8 0.7
-2 18.8 0.7
0.4 21 2.1
-2 10.8 0.5
0.4 21 1.9
0.6 21 0.9
3 7.8 2.1
2.2 8 0.9
6.8 8.6 1.5
6.8 8.6 1.5
6.8 8.6 1.5
6.8 8.6 1.5
7 20.8 1.3
3 7.8 1.9
7.6 9.4 0.1
7.8 20.2 0.9
3.6 8.6 5.3
7.2 9 0.5
-1.8 10.6 3.7
-2 19 2.3
-2 19 2.3
8 9.4 1.5
7.4 9 2.9
-2 19 1.7
-2 19 1.7
0.2 20.6 3.9
7.4 20.4 0.5
-1.8 19 0.5
-1.8 19 0.5
-3 17.2 2.1
-3 17.2 1.9
7.6 20.2 0.3
7.6 20.2 0.3
8 20 3.3
3.6 8.4 4.9
6.4 8.4 2.5
1.6 21.2 0.1
-2.4 18.4 2.5
-2.4 18.4 2.5
7 20.6 0.3
7.4 20.6 2.1
3.2 7.8 2.5
-1.8 10.4 3.1
7.4 20.6 1.9
7.4 9 1.1
-2.4 18.2 3.3
-2.8 17.6 1.3
-1 10.6 5.3
6.8 9.4 5.1
0.2 20.8 0.9
2.6 8 3.5
6.4 8.4 1.5
-2.4 18.4 1.5
-2.4 18.4 1.5
0.4 21 2.3
-2.2 17 5.3
1.4 21.4 2.5
3.2 7.8 1.5
1.4 21.2 3.7
3 7.8 2.3
7.2 8.8 2.1
-2.8 17 3.9
0.4 21 1.7
2.8 8.2 4.3
-1.8 10.6 0.3
7.2 8.8 1.9
3 7.8 1.7
-2.4 16.4 5.3
-1 20 2.9
1.4 21.4 1.5
8 20 0.7
-1.8 10.4 0.9
-1 19.8 3.7
3 8 3.7
0.2 20.6 0.1
-3 17.2 2.3
-2.4 18.2 0.7
7.6 20.4 2.9
-3 17.2 1.7
-2.8 17.4 3.3
-2.8 16.6 4.3
7.4 20.6 2.3
-1 20 1.1
2.6 8 0.5
3.2 8.6 5.3
-3.2 16.6 2.1
-3.2 16.6 1.9
7.4 20.6 1.7
1.4 21.2 0.3
-2.2 18.6 3.1
7.6 20.4 1.1
7.2 8.8 2.3
-2.8 17 0.1
3.6 7.8 2.7
0.8 21.2 2.1
-2 10.6 1.1
6.8 8.8 3.7
-2 19 2.5
-2 19 2.5
7.2 8.8 1.7
-1 19.8 0.3
0.8 21.2 1.9
3 8 0.3
-2.8 17.4 0.7
-1.8 11 4.5
3.4 7.8 2.7
-2.6 17.2 4.3
-2 19 1.5
-2 19 1.5
7.4 19.6 5.3
3.6 7.8 1.3
-2.2 18.6 0.9
-2.2 18.6 0.9
6.6 8.6 0.7
6.6 8.6 0.7
7.6 9.2 3.3
-3.2 16.6 2.3
7.8 9.2 2.1
7.8 20 3.9
7.8 9.2 1.9
1 21 0.1
6.8 8.6 2.7
3.4 7.8 1.3
-3.2 16.6 1.7
-3.2 16.4 2.9
0.4 21 2.5
6.4 8.6 0.3
6.4 8.6 0.3
3 7.8 2.5
7 9.2 4.5
6.8 8.8 0.3
6.8 8.8 0.3
0.8 21.2 2.3
1.6 21.4 0.9
6.8 8.6 1.3
6.8 8.6 1.3
6.8 8.6 1.3
6.8 8.6 1.3
0.4 21 1.5
3 7.8 1.5
0.8 21.2 1.7
7.6 9.2 0.7
-3.2 16.4 1.1
8 9.4 1.3
8.2 9.6 2.9
2.8 7.8 2.1
2.8 7.8 2.1
7.2 20.6 0.7
-1.8 18.4 4.7
2.8 7.8 1.9
2.8 7.8 1.9
-3 17.2 2.5
-1.6 10.2 0.7
7.8 9.6 4.1
-1.8 19.2 2.9
-2.4 16.8 5.1
6.4 8.4 2.7
7.4 20.6 2.5
7.8 9.2 2.3
-2.4 18.4 2.7
-2.4 18.4 2.7
1 21.2 3.1
-3 17.2 1.5
3.2 7.8 2.7
7 20.8 2.9
7.8 20 0.1
-1.2 19.8 3.1
8.2 20 1.7
7.8 9.4 0.5
8.2 9.6 1.1
7.8 9.2 1.7
7.4 20.6 1.5
1.4 21.4 2.7
1 20.8 4.5
6.4 8.4 1.3
-1.8 19.2 1.1
7.2 8.8 2.5
-2.4 18.4 1.3
-2.4 18.4 1.3
3.2 7.8 1.3
-3 16.6 3.7
-2.2 18.4 3.7
-3 17 0.9
7 20.8 1.1
1 21.2 0.9
7.2 8.8 1.5
2.8 7.8 2.3
2.8 7.8 2.3
1.4 21.4 1.3
1.2 21.2 3.5
-1.2 19.8 0.9
2.8 7.8 1.7
2.8 7.8 1.7
-2 18.6 0.1
-2 18.6 0.1
0.2 20.4 4.5
-3.2 16.6 2.5
8.2 19.8 3.5
8.2 9.8 0.3
-2.8 17.2 0.3
7 8.8 0.7
-2.8 17.6 1.1
-3.2 16.6 1.5
-3 16.6 0.3
-2.2 18.4 0.3
-2.2 18.4 0.3
0.8 21.2 2.5
1.2 21.2 0.5
0.4 20.6 4.3
-2 19 2.7
-2 19 2.7
0.8 20.8 4.3
7.4 9 3.1
-1.6 10.4 0.1
-3 16.4 0.1
0.8 21.2 1.5
6.6 8.8 4.1
6 8.6 4.3
-1.6 10 2.1
8.2 19.8 0.5
0.6 21 3.3
-1.6 10 1.9
2.8 8 0.3
-2 19 1.3
-2 19 1.3
7.8 20.2 3.3
7.8 9.2 2.5
-3 16.8 3.5
0.4 20.8 0.3
8.2 20 1.5
7.4 9 0.9
7.8 9.2 1.5
0.4 21 2.7
-1.8 18.8 4.1
-1.8 18.8 4.1
3 7.8 2.7
8.2 19.4 4.5
0.8 21 3.7
3.6 7.8 2.9
0.6 21 0.7
2.2 8 0.7
-1 20 3.1
0.4 21 1.3
7.8 20.2 0.7
2.8 7.8 2.5
2.8 7.8 2.5
-2 18.8 3.5
3 7.8 1.3
3.4 8.2 4.5
7.6 19.6 5.1
-1.6 10 2.3
-3 17.2 2.7
3.4 7.8 2.9
7.2 9.4 4.7
-1.6 10 1.7
2.8 7.8 1.5
2.8 7.8 1.5
7.6 20.4 3.1
7.4 20.6 2.7
-3 16.8 0.5
3.6 7.8 1.1
-1.8 10.4 3.3
-3 17.2 1.3
-1 20 0.9
6.8 8.6 2.9
7.4 9.2 3.9
8.2 19.6 4.1
3.4 7.8 1.1
-2.2 18.8 2.1
7.4 20.6 1.3
-2.2 18.8 1.9
2.4 8 0.5
7.2 8.8 2.7
0.2 20.8 0.7
-2 11.4 4.7
0.8 21 0.3
2.2 8.6 5.1
-2 18.8 0.5
-2 18.8 0.5
7.6 20.4 0.9
6.2 8.6 4.1
6.8 8.6 1.1
6.8 8.6 1.1
6.8 8.6 1.1
6.8 8.6 1.1
-2 10.6 0.9
8 9.6 0.3
7.2 8.8 1.3
1.4 20.8 4.9
-1.8 10.4 0.7
8 9.4 1.1
3.6 8 0.1
8 20 3.5
6.4 8.4 2.9
-3.2 16.6 2.7
-2.4 18.4 2.9
2.6 7.8 2.1
3.2 7.8 2.9
2.6 7.8 1.9
7.4 9.2 0.1
-2.4 18.2 3.5
3.4 8 0.1
7.2 20.4 4.1
-3.2 16.4 3.1
-2.2 18.8 2.3
1.4 21.4 2.9
-2.6 17.6 3.9
-2.2 18.6 3.3
-3.2 16.6 1.3
-2.2 18.8 1.7
-2.2 18.8 1.7
0.8 21.2 2.7
6.4 8.4 1.1
-2.4 18.4 1.1
-2.4 18.4 1.1
-2 10.8 0.3
3.2 7.8 1.1
7.2 9 0.3
8.2 9.6 3.1
-1.6 10 2.5
1.4 21.4 1.1
8 20 0.5
-3.2 16.4 0.9
0.8 21.2 1.3
-1.8 19.2 3.1
7 9 4.1
7.4 20.4 0.3
-1.8 19 0.3
-1.8 19 0.3
7.8 9.2 2.7
-2.4 18.2 0.5
2.6 7.8 2.3
1.4 20.6 5.3
-1.6 10 1.5
-2.8 17.4 3.5
-2.2 18.6 0.7
-2.2 18.6 0.7
7.6 20.2 3.9
7 20.8 3.1
-1.4 11 5.3
2.6 7.8 1.7
2.6 7.8 1.7
8.2 9.6 0.9
2.6 8 3.7
-2.6 17.6 0.1
8.2 20 1.3
7.8 9.2 1.3
-2.4 18 0.1
3.2 8 0.1
-1.8 19.2 0.9
7.6 9.4 4.1
-2 19 2.9
-2 19 2.9
2.8 7.8 2.7
2.8 7.8 2.7
1.6 21.4 0.7
-1.8 10.6 3.9
7 20.8 0.9
8.2 10 4.3
1.2 21.4 2.1
-2.8 17.4 0.5
1.2 21.4 1.9
2.8 7.8 1.3
2.8 7.8 1.3
-2 19 1.1
-2 19 1.1
7.6 9.2 3.5
1 21.2 3.3
6.6 8.6 0.5
6.6 8.6 0.5
7.6 20.2 0.1
7.6 20.2 0.1
-1.2 19.8 3.3
-1.6 18.6 4.9
2.6 8 0.3
7 20.6 0.1
8 20.2 1.5
-2.2 18.8 2.5
0.4 21 2.9
3 7.8 2.9
-2.8 17.6 0.9
1.4 21.2 3.9
-2.2 18.8 1.5
-2.2 18.8 1.5
-1.8 10.6 0.1
-3 17 0.7
0.4 21 1.1
-1 19.8 3.9
7.6 9 2.1
1 21.2 0.7
1.2 21.4 2.3
3 8 3.9
-3 17.2 2.9
7.6 9 1.9
3 7.8 1.1
-1.2 19.8 0.7
7.6 9.2 0.5
0.2 20.6 4.1
7.2 20.6 0.5
1.2 21.4 1.7
-2.4 17.6 4.5
-1.6 10.2 0.5
2.6 7.8 2.5
7.4 20.6 2.9
2.6 7.8 1.5
2.6 7.8 1.5
-3 17.2 1.1
7.2 8.8 2.9
1.4 21.2 0.1
7.4 20.6 1.1
-2.8 17 4.1
3.6 7.8 3.1
6.8 8.8 3.9
7.4 9 3.3
7.6 9 2.3
-1.6 10 2.7
-1 19.8 0.1
3 8 0.1
3.4 7.8 3.1
-2 11.2 4.5
7.2 8.8 1.1
7.6 9 1.7
-3.2 16.6 2.9
-2.2 18 4.5
-1.6 10 1.3
3.6 7.8 0.9
7.2 20.8 2.1
6.8 8.6 3.1
7.2 20.8 1.9
7 8.8 0.5
7.8 9.4 0.3
3.4 7.8 0.9
7.4 9 0.7
6.4 8.6 0.1
6.4 8.6 0.1
-3.2 16.6 1.1
1.6 20.8 5.1
-1 20 3.3
6.8 8.8 0.1
6.8 8.8 0.1
1.2 21.4 2.5
1.2 21.2 3.7
6.8 8.6 0.9
6.8 8.6 0.9
6.8 8.6 0.9
6.8 8.6 0.9
0.6 21 3.5
8 9.4 0.9
0.8 21.2 1.1
7.8 9.2 2.9
1.2 21.4 1.5
7.8 20.2 3.5
6.4 8.4 3.1
6.6 8.4 2.1
-2.4 18.4 3.1
3.2 7.8 3.1
6.6 8.4 1.9
8.2 19.8 3.7
7.2 20.8 2.3
7.8 20 4.1
6.2 8.8 4.7
-2.2 18.8 2.7
7.2 20.8 1.7
-1 20 0.7
8 20.2 1.3
1.4 21.4 3.1
2.4 7.8 2.1
2.4 7.8 2.1
2.4 7.8 1.9
2.4 7.8 1.9
-2 18.2 4.7
8.2 20 1.1
7.8 9.2 1.1
-3 16.6 3.9
2.8 8.2 4.5
-2.2 18.4 3.9
6.4 8.4 0.9
-2.2 18.8 1.3
-2.2 18.8 1.3
-2.4 18.4 0.9
-2.4 18.4 0.9
2.8 7.8 2.9
1.2 21.2 0.3
3.2 7.8 0.9
7.6 20.4 0.7
7.6 9 2.5
0.6 21 0.5
-3 17.4 2.1
2.2 8 0.5
-3 17.4 1.9
6.8 9.2 4.9
6.8 9.2 4.9
-1.4 19.8 2.1
-2 10.4 2.1
7.8 20.2 0.5
-2 10.6 0.7
-1.4 19.8 1.9
-2 10.4 1.9
1.4 21.4 0.9
7.6 9 1.5
2.6 7.8 2.7
6.6 8.4 2.3
8.2 19.8 0.3
2.8 7.8 1.1
2.8 7.8 1.1
6.6 8.4 1.7
-1.8 10.4 3.5
7 8.6 2.1
7 8.6 2.1
8.2 9.8 0.1
7 8.6 1.9
7 8.6 1.9
-3 16.8 3.7
-3.2 16.4 3.3
-2.8 17.2 0.1
2.4 7.8 2.3
2.4 7.8 2.3
2.6 7.8 1.3
2.6 7.8 1.3
6 8.8 4.9
2.4 7.8 1.7
2.4 7.8 1.7
-3 16.6 0.1
0.2 20.8 0.5
-2 19 3.1
-2 19 3.1
-2.2 18.4 0.1
-2.2 18.4 0.1
-3 17.4 2.3
-1.4 19.8 2.3
8.2 9.6 3.3
-2 18.8 3.7
-3 17.4 1.7
-1.4 19.8 1.7
-2 10.4 1.7
-2.6 17.2 4.5
-1.8 10.4 0.5
-1.8 19.2 3.3
-3.2 16.4 0.7
7.8 9.6 4.3
-1.8 10.2 1.3
2.8 8 0.1
7.2 20.8 2.5
7 20.8 3.3
-3 16.8 0.3
-2 19 0.9
-2 19 0.9
7 8.6 2.3
7 8.6 2.3
-1.2 20 2.1
-1.2 20 1.9
0.4 21 3.1
7 8.6 1.7
7 8.6 1.7
7.2 20.8 1.5
3 7.8 3.1
-2.2 18.6 3.5
0.4 20.8 0.1
8.2 9.6 0.7
2.4 8 0.3
0.8 21 3.9
-1.8 19.2 0.7
-2 18.8 0.3
-2 18.8 0.3
-1.6 10 2.9
1.2 21.4 2.7
-3 17.2 3.1
7 20.8 0.7
0.4 21 0.9
-1.8 11 4.7
-1.4 18.6 5.3
-1.4 18.6 5.3
3 7.8 0.9
6.6 8.4 2.5
7.4 20.6 3.1
8 20 3.7
1.2 21.4 1.3
3.6 8.4 5.1
-1.2 20 2.3
-2.2 18.6 0.5
-2.2 18.6 0.5
-1.6 10 1.1
6.6 8.4 1.5
-2.4 18.2 3.7
2.4 7.8 2.5
-1.2 20 1.7
-3 17.2 0.9
7.2 8.8 3.1
-2.8 17.6 0.7
2.4 7.8 1.5
2.4 7.8 1.5
0.8 21 0.1
7 9.2 4.7
7.4 20.6 0.9
-3 17.4 2.5
7.6 9 2.7
-1.4 19.8 2.5
1.6 21.4 0.5
6.6 8.8 4.3
8 9.6 0.1
0.2 21 1.9
-3 17.4 1.5
8 20 0.3
-1.4 19.8 1.5
-2 10.4 1.5
7.2 8.8 0.9
0.6 21.2 2.1
-2.4 18.6 2.1
-3.2 16.6 3.1
7.6 9 1.3
0.6 21.2 1.9
-2.4 18.6 1.9
1 21.2 3.5
7 8.6 2.5
7 8.6 2.5
-2.4 18.2 0.3
-1.2 19.8 3.5
-2.2 18.8 2.9
-1.8 18.8 4.3
-1.8 18.8 4.3
7 8.6 1.5
7 8.6 1.5
6.2 9.2 5.5
8 20.2 1.1
1 20.8 4.7
3.6 7.8 3.3
0.4 20.6 4.5
-3.2 16.6 0.9
-2 10.8 0.1
-2.2 18.8 1.1
-2.2 18.8 1.1
0.8 20.8 4.5
-3 17 0.5
3.4 7.8 3.3
-1.8 18.4 4.9
7.2 9 0.1
6 8.6 4.5
1 21.2 0.5
0.2 21 1.7
0.6 21.2 2.3
2.6 7.8 2.9
-2.8 17.4 0.3
-1.2 19.8 0.5
-2.4 18.6 2.3
7.8 9.2 3.1
0.8 21.2 0.9
7.2 20.8 2.7
7.6 9.2 3.7
0.6 21.2 1.7
0.2 20.4 4.7
-1.2 20 2.5
7.4 20.4 0.1
-2.4 18.6 1.7
-1.8 19 0.1
-1.8 19 0.1
-3.2 16.8 1.3
6.8 8.6 3.3
6.6 8.6 0.3
6.6 8.6 0.3
3.6 7.8 0.7
8.2 19.6 4.3
-1 10.6 5.5
2.6 8 3.9
-2.6 17.6 4.1
-1.2 20 1.5
2.6 7.8 1.1
2.6 7.8 1.1
7.2 20.8 1.3
-2.2 17 5.5
3.4 7.8 0.7
8.2 20 0.9
7.8 9.2 0.9
2.8 7.8 3.1
-1 20.2 2.1
6.2 8.6 4.3
-1 20.2 1.9
7.4 9 3.5
6.8 8.6 0.7
6.8 8.6 0.7
6.8 8.6 0.7
6.8 8.6 0.7
6.6 8.4 2.7
7.6 9.2 0.3
7.2 20.6 0.3
6.4 8.4 3.3
8 9.4 0.7
-2.4 18.4 3.3
3.2 7.8 3.3
-1.6 10.2 0.3
-1.8 10.2 1.1
7.6 20.2 4.1
3.2 8.6 5.5
2.8 7.8 0.9
2.8 7.8 0.9
2.4 7.8 2.7
7.2 20.4 4.3
6.6 8.4 1.3
1.4 21.4 3.3
2.6 8 0.1
7.4 9 0.5
8.2 19.4 4.7
-3 17.4 2.7
-1 20.2 2.3
-1 20 3.5
2.4 7.8 1.3
2.4 7.8 1.3
-1.4 19.8 2.7
2.2 7.8 2.1
2.2 7.8 2.1
1.2 21.4 2.9
6.4 8.4 0.7
-1.8 10.6 4.1
2.2 7.8 1.9
2.2 7.8 1.9
-2.4 18.4 0.7
-2.4 18.4 0.7
-1 20.2 1.7
3.2 7.8 0.7
3.4 8.2 4.7
0.6 21.2 2.5
-2.4 18.6 2.5
-3 17.4 1.3
0.2 21 1.5
1.4 21.4 0.7
7.4 19.6 5.5
-1.4 19.8 1.3
7 9 4.3
-2 10.4 1.3
7 8.6 2.7
7 8.6 2.7
0.6 21.2 1.5
1.2 21.4 1.1
-2.4 18.6 1.5
7 8.8 0.3
-1 20 0.5
7.4 8.8 2.1
1.4 21.2 4.1
7 8.6 1.3
7 8.6 1.3
7.4 8.8 1.9
-2 19 3.3
-2 19 3.3
7.6 9.4 4.3
2.2 7.8 2.3
2.2 7.8 2.3
7.6 9 2.9
-1.6 10 3.1
7.6 20.4 0.5
2.2 7.8 1.7
2.2 7.8 1.7
-1 19.8 4.1
3 8 4.1
0.6 21 3.7
-2 10.6 0.5
7.2 9.4 4.9
7.8 20.2 3.7
7.6 20.6 2.1
-1.2 20 2.7
7.6 20.6 1.9
7.6 9 1.1
-2 19 0.7
-2 19 0.7
-3.2 16.4 3.5
0.4 21 3.3
-1.6 10 0.9
3 7.8 3.3
7.4 8.8 2.3
-1.2 20 1.3
7.8 9.4 0.1
-2 11.4 4.9
7.4 8.8 1.7
-1 20.2 2.5
-2 19.2 2.1
-2 19.2 1.9
6.8 8.8 4.1
8.2 9.6 3.5
1.2 21.2 3.9
-3 17.2 3.3
0.6 21 0.3
-1 20.2 1.5
2.2 8 0.3
8.2 10 4.5
7.8 20.2 0.3
0.2 20.6 4.3
-1.8 19.2 3.5
0.4 21 0.7
7.4 20.6 3.3
7.6 20.6 2.3
7.2 20.8 2.9
3 7.8 0.7
-3.2 16.4 0.5
1.6 21.6 2.1
8.2 19.8 3.9
7 20.8 3.5
1.6 21.6 1.9
7.6 20.6 1.7
-1.8 10.4 3.7
-3.2 16.8 1.1
-3 17.2 0.7
7.2 20.8 1.1
8 20.2 0.9
-2 19.2 2.3
8.2 9.6 0.5
-2.8 17 4.3
2.2 7.8 2.5
2.2 7.8 2.5
0.2 20.8 0.3
-3.2 17 2.1
7.4 20.6 0.7
-2 19.2 1.7
-3.2 17 1.9
-1.8 19.2 0.5
1.2 21.2 0.1
-2.2 18.8 0.9
-2.2 18.8 0.9
7.6 19.6 5.3
2.2 7.8 1.5
2.2 7.8 1.5
0.6 21.2 2.7
1.4 20.8 5.1
6.6 8.4 2.9
-2.4 18.6 2.7
7 20.8 0.5
2.6 7.8 3.1
-3.2 16.6 3.3
1.6 21.6 2.3
-1.8 10.4 0.3
7.2 8.8 0.7
0.2 21 1.3
8.2 19.8 0.1
1.6 21.6 1.7
0.6 21.2 1.3
2.4 7.8 2.9
-2.4 18.6 1.3
-2.4 18.6 1.3
-3 16.8 3.9
1 21.4 1.7
7.4 8.8 2.5
6.6 8.4 1.1
-2.2 18.6 3.7
2.6 7.8 0.9
2.6 7.8 0.9
-3 16.6 4.1
-3 17.4 2.9
7.4 8.8 1.5
-2.8 17.6 0.5
-3.2 17 2.3
-1.4 19.8 2.9
-3.2 16.6 0.7
2.4 7.8 1.1
2.4 7.8 1.1
-2 18.8 3.9
-3.2 17 1.7
7.6 20.6 2.5
7.8 9.2 3.3
-2.4 17.6 4.7
-3 17.4 1.1
7 8.6 2.9
-1.4 19.8 1.1
-2 10.4 1.1
0.8 21.2 0.7
7.8 20 4.3
7.6 20.6 1.5
-1.8 10.2 0.9
-3 16.8 0.1
-2.2 18.6 0.3
-2.2 18.6 0.3
-2 19.2 2.5
-1 20.2 2.7
7 8.6 1.1
7 8.6 1.1
7 8.6 1.1
3.6 7.8 3.5
2.8 7.8 3.3
8.2 20 0.7
2.4 8 0.1
7.8 9.2 0.7
1.2 21.4 3.1
-2 19.2 1.5
-2 18.8 0.1
-2 18.8 0.1
3.4 7.8 3.5
-2 11.2 4.7
1.6 21.4 0.3
-1 20.2 1.3
1.6 21.6 2.5
8 9.2 2.1
8 20 3.9
-1.2 20 2.9
8 9.2 1.9
1 21.2 3.7
-2.2 18 4.7
6.8 8.6 3.5
-1.2 19.8 3.7
1.2 21.4 0.9
1.6 21.6 1.5
-1.6 18.6 5.1
2.8 7.8 0.7
2.8 7.8 0.7
3.6 7.8 0.5
1 21.4 1.5
-1.2 20 1.1
2.2 7.8 2.7
2.2 7.8 2.7
0.8 21 4.1
-3.2 17 2.5
3.4 7.8 0.5
7.6 9 3.1
-3.2 17 1.5
-3 17 0.3
2.2 7.8 1.3
2.2 7.8 1.3
6.8 8.6 0.5
6.8 8.6 0.5
6.8 8.6 0.5
6.8 8.6 0.5
8 9.2 2.3
1 21.2 0.3
6.4 8.4 3.5
-2.4 18.4 3.5
8 20 0.1
-1.2 19.8 0.3
3.2 7.8 3.5
8 9.4 0.5
8 9.2 1.7
7.6 9 0.9
-1.4 11 5.5
-2.4 18.2 0.1
7.4 8.8 2.7
1.4 21.4 3.5
2.8 8.2 4.7
7.4 8.8 1.3
-1.6 10 3.3
7.4 9 3.7
6.4 8.4 0.5
-2.4 18.4 0.5
-2.4 18.4 0.5
0.6 21.2 2.9
3.2 7.8 0.5
-2.4 18.6 2.9
7.6 20.6 2.7
7.2 20.8 3.1
7.8 9.6 4.5
-2.8 17.4 0.1
7.6 9.2 3.9
1.4 21.4 0.5
0.2 21 1.1
6.2 8.8 4.9
7.6 20.6 1.3
0.6 21.2 1.1
6.6 8.6 0.1
6.6 8.6 0.1
-3.2 16.8 0.9
-2.4 18.6 1.1
-2.4 18.6 1.1
-1.6 10 0.7
-2 19.2 2.7
-3 17.6 2.1
-2 18.2 4.9
-3 17.6 1.9
-2 19 3.5
-2 19 3.5
7.2 20.8 0.9
7.4 9 0.3
-1 20 3.7
-2 19.2 1.3
6.6 8.4 3.1
-3.4 16.4 2.1
-2.6 17.2 4.7
1.6 21.6 2.7
-3.4 16.4 1.9
7.6 9.2 0.1
7.2 20.6 0.1
-2.2 19 2.1
-2.2 19 2.1
-1.6 10.2 0.1
2.4 7.8 3.1
8 9.2 1.5
-2.2 19 1.9
-2.2 19 1.9
0.4 21 3.5
1.6 21.6 1.3
3 7.8 3.5
-2 19 0.5
-2 19 0.5
1 21.4 1.3
-3 17.6 2.3
6.6 8.4 0.9
-1 20.2 2.9
-1 20 0.3
-3 17.4 3.1
-3.2 17 2.7
-3 17.6 1.7
1.6 20.8 5.3
8 20.2 0.7
-1.4 19.8 3.1
-2.6 18.4 2.1
-2.6 18.4 1.9
-3 17.2 3.5
2.4 7.8 0.9
2.4 7.8 0.9
6.8 9.2 5.1
6.8 9.2 5.1
-2.2 18.8 0.7
-2.2 18.8 0.7
7.6 20.4 0.3
-3.4 16.4 2.3
6.8 8.4 2.1
6.8 8.4 2.1
-3.2 17 1.3
6.8 8.4 1.9
6.8 8.4 1.9
-1 20.2 1.1
7.4 20.6 3.5
-2 10.6 0.3
-3.4 16.4 1.7
7 8.6 3.1
0.4 21 0.5
-3 17.4 0.9
3 7.8 0.5
-2.2 19 2.3
-2.2 19 2.3
-1.4 19.8 0.9
-2 10.4 0.9
-2.2 19 1.7
-2.2 19 1.7
-1.8 18.8 4.5
-1.8 18.8 4.5
-2.6 17.6 4.3
6 8.8 5.1
7 8.8 0.1
2.2 7.8 2.9
-3 17.2 0.5
2.6 7.8 0.7
2.6 7.8 0.7
7 8.6 0.9
7 8.6 0.9
7 8.6 0.9
-2.6 18.4 2.3
8.2 9.6 3.7
7.4 20.6 0.5
-2.6 18.4 1.7
6.8 8.4 2.3
6.8 8.4 2.3
0.6 21 3.9
-1.8 11 4.9
-1.8 19.2 3.7
8.2 20.2 2.1
2.2 7.8 1.1
2.2 7.8 1.1
6.8 8.4 1.7
6.8 8.4 1.7
-3.2 16.6 3.5
7.8 20.2 3.9
8.2 20.2 1.9
-1.2 20 3.1
7 20.8 3.7
7.2 8.8 0.5
-3.2 16.4 0.3
7.6 20.2 4.3
7.4 8.8 2.9
-1.8 10.2 0.7
8.2 19.6 4.5
-1.6 9.8 2.1
-3 17.6 2.5
-1.6 9.8 1.9
0.4 20.6 4.7
7 9.2 4.9
-1.2 20 0.9
8.2 9.6 0.3
-3 17.6 1.5
1.2 21.4 3.3
6.2 8.6 4.5
6.4 8.2 2.1
-1.8 10.6 4.3
7.4 8.8 1.1
8.2 9.4 1.1
6.4 8.2 1.9
-3.2 16.6 0.5
-1.8 19.2 0.3
-3.4 16.4 2.5
7.6 20.6 2.9
0.6 21 0.1
6 8.6 4.7
8.2 20.2 2.3
2.2 8 0.1
7.8 9.2 3.5
7 20.8 0.3
7.8 20.2 0.1
7.4 20.8 2.1
7.4 20.8 1.9
8.2 20.2 1.7
-2.2 19 2.5
-2.2 19 2.5
-3.4 16.4 1.5
-1.8 10.4 3.9
0.8 21.2 0.5
8 9.2 1.3
-1.6 9.8 2.3
7.2 20.4 4.5
1.2 21.4 0.7
-2.2 19 1.5
-2.2 19 1.5
7.6 20.6 1.1
-2 19.2 2.9
-1.6 9.8 1.7
1.4 21.2 4.3
1 20.8 4.9
-2.6 18.4 2.5
2.8 7.8 3.5
7.8 9 2.1
6.4 8.2 2.3
7.8 9 1.9
-2.8 17.6 0.3
8.2 20 0.5
7.8 9.2 0.5
0.2 20.8 0.1
1.2 21.2 4.1
6.8 8.4 2.5
6.8 8.4 2.5
-1 19.8 4.3
0.6 21.2 3.1
3 8 4.3
6.4 8.2 1.7
-2.6 18.4 1.5
-2.4 18.6 3.1
-2 19.2 1.1
1.6 21.6 2.9
7 9 4.5
6.8 8.4 1.5
6.8 8.4 1.5
7.2 8.6 2.1
7.2 8.6 2.1
7.2 8.6 2.1
8.2 19.8 4.1
7.2 8.6 1.9
7.2 8.6 1.9
7.2 8.6 1.9
7.4 20.8 1.7
0.2 20.4 4.9
3.6 8.4 5.3
-1.8 10.4 0.1
0.2 21 0.9
7.6 9 0.7
3.6 7.6 2.1
-1.8 10 2.1
0.4 21.2 2.1
3.6 7.6 1.9
-1.8 10 1.9
0.4 21.2 1.9
0.6 21.2 0.9
-2.2 18.6 3.9
2.8 7.8 0.5
2.8 7.8 0.5
1.6 21.6 1.1
-2.4 18.6 0.9
-2.4 18.6 0.9
1.4 21.6 1.9
1 21.4 1.1
-3.2 17 2.9
3.4 7.6 2.1
3.6 7.8 3.7
3.4 7.6 1.9
7.8 9 2.3
7.6 9.4 4.5
6.8 8.8 4.3
7.8 9 1.7
3.4 7.8 3.7
8.2 20.2 2.5
-1.4 18.6 5.5
7.2 20.8 3.3
-3.2 17 1.1
7.2 8.6 2.3
7.2 8.6 2.3
7.2 8.6 2.3
8.2 20.2 1.5
6.8 8.6 3.7
7.2 8.6 1.7
7.2 8.6 1.7
7.2 8.6 1.7
3.6 7.6 2.3
-1.8 10 2.3
-1.6 9.8 2.5
0.4 21.2 2.3
-3 16.8 4.1
-3 17.6 2.7
-2.2 18.6 0.1
-2.2 18.6 0.1
3.6 7.6 1.7
-1.8 10 1.7
-3.2 16.8 0.7
0.4 21.2 1.7
3.6 7.8 0.3
-1 20.2 3.1
3.4 7.6 2.3
1.4 21.6 1.7
-1.6 9.8 1.5
8.2 19.4 4.9
6.4 8.2 2.5
3.4 7.6 1.7
7.2 20.8 0.7
-1.6 10 3.5
3.4 7.8 0.3
-3 17.6 1.3
-2 18.8 4.1
3.2 7.6 2.1
-3.4 16.4 2.7
3.4 8.2 4.9
6.6 8.4 3.3
3.2 7.6 1.9
6.4 8.2 1.5
0.2 20.6 4.5
1.6 21.4 0.1
6.4 8.4 3.7
-2.4 18.4 3.7
-1 20.2 0.9
6.8 8.6 0.3
6.8 8.6 0.3
6.8 8.6 0.3
6.8 8.6 0.3
-2.2 19 2.7
-2.2 19 2.7
3.2 7.8 3.7
1 21.2 3.9
-3.4 16.4 1.3
2.4 7.8 3.3
7.4 20.8 1.5
8 9.4 0.3
1.4 21.4 3.7
-3.2 17.2 2.1
-2.2 19 1.3
-2.2 19 1.3
-1.6 10 0.5
-3.2 17.2 1.9
2.2 7.8 3.1
-3 17.4 3.3
6.6 8.4 0.7
-3 16.6 4.3
-1.4 19.8 3.3
-2.8 17 4.5
3.2 7.6 2.3
6.8 8.4 2.7
6.8 8.4 2.7
7.8 9 1.5
8.2 10 4.7
2.4 7.8 0.7
2.4 7.8 0.7
6.4 8.4 0.3
3.2 7.6 1.7
-2.6 18.4 1.3
-2.4 18.4 0.3
-2.4 18.4 0.3
3.2 7.8 0.3
7.2 8.6 2.5
7.2 8.6 2.5
7.2 8.6 2.5
-3 17 0.1
7 8.6 3.3
8 20 4.1
2.2 7.8 0.9
2.2 7.8 0.9
1 21.2 0.1
6.8 8.4 1.3
6.8 8.4 1.3
-1.2 19.8 0.1
3.6 7.6 2.5
-1.8 10 2.5
-3 17.4 0.7
1.4 21.4 0.3
7.2 8.6 1.5
7.2 8.6 1.5
7.2 8.6 1.5
7.4 8.8 3.1
-1.4 19.8 0.7
-2 10.4 0.7
8 9.2 1.1
-3.2 17.2 2.3
6.2 9.2 5.7
3.4 7.6 2.5
3.6 7.6 1.5
-1.8 10 1.5
0.4 21.2 1.5
-3.2 17.2 1.7
-2 19 3.7
-2 19 3.7
1.4 21.6 1.5
8 20.2 0.5
7 8.6 0.7
7 8.6 0.7
7 8.6 0.7
7.4 9 3.9
3.4 7.6 1.5
7.4 8.8 0.9
8.2 9.4 0.9
8.2 20.2 2.7
7.6 20.6 3.1
-2.2 18.8 0.5
-2.2 18.8 0.5
7.2 9.4 5.1
-1.2 20 3.3
3 7.6 2.1
3 7.6 1.9
-1.6 9.8 2.7
7.8 20 4.5
8.2 20.2 1.3
-2 10.2 2.1
0.4 21 3.7
-2 10.2 1.9
3 7.8 3.7
-1 10.6 5.7
-2 19.2 3.1
7.6 20.6 0.9
-2 19 0.3
-2 19 0.3
-2 11.4 5.1
-2.2 17 5.7
0.8 21 4.3
-1.6 9.8 1.3
6.4 8.2 2.7
-1 20 3.9
-3.4 16.6 2.1
2.6 7.8 0.5
2.6 7.8 0.5
-1.2 20 0.7
-3.4 16.6 1.9
7.4 9 0.1
3.2 7.6 2.5
-2.4 18.8 2.1
-2.4 18.8 2.1
-2.4 18.8 1.9
-2.4 18.8 1.9
-2 19.2 0.9
7.4 20.6 3.7
6.4 8.2 1.3
3.2 7.6 1.5
3 7.6 2.3
7.6 9.2 4.1
0.4 21 0.3
3 7.6 1.7
-2 10.2 2.3
3 7.8 0.3
3.2 8.6 5.7
7.4 20.8 1.3
-3 17.6 2.9
-3.2 17.2 2.5
-2 10.2 1.7
-1.8 10.2 0.5
1.6 21.6 0.9
-3.2 17 3.1
1 21.4 0.9
-3.2 17.2 1.5
-3.4 16.6 2.3
-1 20 0.1
1.2 21.4 3.5
-3 17.2 0.3
-3.4 16.6 1.7
-2.4 18.8 2.3
-2.4 18.8 2.3
-3.4 16.4 2.9
0.6 21.2 3.3
-3 17.6 1.1
-2.4 18.6 3.3
7.4 20.6 0.3
7.8 9 1.3
-2.4 18.8 1.7
-2.4 18.8 1.7
7.2 8.6 2.7
7.2 8.6 2.7
7.6 20.4 0.1
-3.2 16.6 3.7
-2.2 19 2.9
-2.4 17.6 4.9
-3.2 17 0.9
7.4 19.6 5.7
-2 10.6 0.1
3.6 7.6 2.7
-1.8 10 2.7
7.2 8.8 0.3
-3.4 16.4 1.1
0.2 21 0.7
7.2 8.6 1.3
7.2 8.6 1.3
7.2 8.6 1.3
3.4 7.6 2.7
1.2 21.4 0.5
0.6 21.2 0.7
-2.2 19 1.1
-2.2 19 1.1
-2.4 18.6 0.7
-2.4 18.6 0.7
3.6 7.6 1.3
-1.8 10 1.3
0.4 21.2 1.3
1.4 21.6 1.3
6.8 8.4 2.9
6.8 8.4 2.9
8.2 9.6 3.9
3.4 7.6 1.3
-3.2 16.6 0.3
1.4 20.8 5.3
-2 11.2 4.9
-1.8 19.2 3.9
3 7.6 2.5
-2.6 18.4 1.1
7 20.8 3.9
-2.2 18 4.9
-2 10.2 2.5
6.8 8.4 1.1
6.8 8.4 1.1
3 7.6 1.5
-3.2 16.4 0.1
0.8 21.2 0.3
2.8 7.6 2.1
2.8 7.6 2.1
7.6 9 0.5
2.8 7.6 1.9
2.8 7.6 1.9
-2 10.2 1.5
-1 20.2 3.3
-3.4 16.6 2.5
2.8 7.8 3.7
-1.4 20 2.1
-1.4 20 1.9
3.2 7.6 2.7
-2.4 18.8 2.5
8.2 9.6 0.1
8.2 20.2 2.9
8.2 20 0.3
-3.4 16.6 1.5
7.8 9.2 0.3
7.6 19.6 5.5
0.6 21 4.1
-1.8 19.2 0.1
-2.4 18.8 1.5
-2.4 18.8 1.5
7.8 20.2 4.1
7.8 9.6 4.7
3.2 7.6 1.3
7 20.8 0.1
-1 20.2 0.7
-1.6 9.8 2.9
7.6 8.8 2.1
-3.2 17.2 2.7
8.2 20.2 1.1
2.8 7.6 2.3
2.8 7.6 2.3
7.6 8.8 1.9
8 9.2 0.9
2.8 7.6 1.7
2.8 7.6 1.7
2.2 7.8 3.3
2.8 7.8 0.3
2.8 7.8 0.3
-3.2 16.8 0.5
-1.4 20 2.3
6.4 8.2 2.9
-3.2 17.2 1.3
-1.6 9.8 1.1
-1.4 20 1.7
7.2 20.8 0.5
-1.8 19.6 2.1
-2.8 17.6 0.1
-1.8 19.6 1.9
6.6 8.4 3.5
6.4 8.2 1.1
2.2 7.8 0.7
2.2 7.8 0.7
-1.8 10.4 4.1
2.4 7.8 3.5
7.4 8.8 3.3
7.6 8.8 2.3
-1.6 18.6 5.3
7.4 20.8 1.1
7.6 8.8 1.7
-2.6 17.6 4.5
-3 17.4 3.5
3.6 7.8 3.9
-1.4 19.8 3.5
6.6 8.4 0.5
-1.6 10 3.7
-1.8 19.6 2.3
3.4 7.8 3.9
7.6 20.6 3.3
-1.8 19.6 1.7
7.4 8.8 0.7
7.2 8.6 2.9
8.2 9.4 0.7
3 7.6 2.7
-2.6 17.2 4.9
2.4 7.8 0.5
2.4 7.8 0.5
7.8 9 1.1
7 8.6 3.5
-1.2 20.2 2.1
-1.2 20.2 1.9
-2 10.2 2.7
3.6 7.6 2.9
-1.8 10 2.9
6.8 8.6 3.9
7.6 20.2 4.5
-2.2 10.4 2.1
-2.2 10.4 1.9
2.8 7.6 2.5
2.8 7.6 2.5
-3 17.6 3.1
6.2 8.8 5.1
-3 17.4 0.5
3 7.6 1.3
-1.4 19.8 0.5
-2 10.4 0.5
-2 19.2 3.3
7.2 8.6 1.1
7.2 8.6 1.1
7.2 8.6 1.1
3.4 7.6 2.9
-2.2 18.6 4.1
-1.8 18.8 4.7
-2 10.2 1.3
-1.4 20 2.5
2.8 7.6 1.5
2.8 7.6 1.5
-2 18.2 5.1
7.6 20.6 0.7
-3.4 16.6 2.7
3.6 7.8 0.1
-1.6 10 0.3
3.6 7.6 1.1
-1.8 10 1.1
0.4 21.2 1.1
-2.4 18.8 2.7
1.4 21.6 1.1
-1.8 10.6 4.5
-3.4 16.4 3.1
-1.4 20 1.5
1.2 21.2 4.3
3.4 7.8 0.1
7 8.6 0.5
7 8.6 0.5
7 8.6 0.5
3.4 7.6 1.1
-3 17.6 0.9
-3.4 16.6 1.3
-1.2 20.2 2.3
6.4 8.4 3.9
-1.2 20 3.5
-2.2 19 3.1
-2.4 18.4 3.9
-2 19.2 0.7
-2.4 18.8 1.3
-2.4 18.8 1.3
3.2 7.8 3.9
8.2 19.8 4.3
-1.2 20.2 1.7
-2.2 10.4 2.3
6.8 8.6 0.1
6.8 8.6 0.1
6.8 8.6 0.1
6.8 8.6 0.1
7.6 8.8 2.5
-2.2 10.4 1.7
-3.4 16.4 0.9
8 9.4 0.1
8.2 19.6 4.7
7.6 8.8 1.5
1.4 21.2 4.5
1.6 21.6 0.7
-2.2 19 0.9
-2.2 19 0.9
2.6 7.6 2.1
2.6 7.6 2.1
3.2 7.6 2.9
1 21.4 0.7
2.6 7.6 1.9
2.6 7.6 1.9
-1.8 19.6 2.5
6.8 8.4 3.1
6.8 8.4 3.1
1.2 21.6 2.1
6.2 8.6 4.7
1.2 21.6 1.9
8 20.2 0.3
-1.2 20 0.5
-1 19.8 4.5
3 8 4.5
-1.8 19.6 1.5
6.4 8.4 0.1
-2.4 18.4 0.1
-2.4 18.4 0.1
3.2 7.8 0.1
-2.2 18.8 0.3
-2.2 18.8 0.3
-2.6 18.4 0.9
1 21.2 4.1
3.2 7.6 1.1
-3.2 17 0.7
-3.2 17.2 2.9
-1.4 11 5.7
6.8 8.4 0.9
6.8 8.4 0.9
1.4 21.4 0.1
7.2 20.4 4.7
-2 19 3.9
2.6 7.6 2.3
2.6 7.6 2.3
0.4 20.6 4.9
1.2 21.6 2.3
6.8 8.8 4.5
-3.2 17.2 1.1
2.6 7.6 1.7
2.6 7.6 1.7
0.6 21.2 3.5
2.6 7.8 0.3
2.6 7.8 0.3
8.2 20.2 3.1
-2.4 18.6 3.5
1.2 21.6 1.7
6.8 9.2 5.3
6.8 9.2 5.3
6 8.6 4.9
-1.8 11 5.1
-1.2 20.2 2.5
7 9 4.7
-2.2 10.4 2.5
-1.6 9.8 3.1
-1.2 20.2 1.5
2.8 7.6 2.7
2.8 7.6 2.7
0.4 21 3.9
3 7.8 3.9
8.2 20.2 0.9
-2.2 10.4 1.5
0.2 21 0.5
-1.8 10.2 0.3
-2 19 0.1
-2 19 0.1
6.4 8.2 3.1
6.6 8.2 2.1
0.6 21.2 0.5
2.8 7.6 1.3
2.8 7.6 1.3
-2.4 18.6 0.5
-2.4 18.6 0.5
6.6 8.2 1.9
1.6 20.8 5.5
1.2 21.4 3.7
7 9.2 5.1
7.6 9.4 4.7
7.4 9 4.1
7 8.4 2.1
-1.6 9.8 0.9
7 8.4 1.9
0.8 21.4 1.1
-1.4 20 1.3
7.4 20.6 3.9
8 20 4.3
-2 10.2 2.9
6.4 8.2 0.9
7.6 8.8 2.7
0.4 21 0.1
3 7.8 0.1
-3.4 16.8 2.1
3 7.6 1.1
7.4 20.8 0.9
-3.4 16.8 1.9
-1 20.2 3.5
-3.4 16.6 2.9
1 20.8 5.1
6.6 8.2 2.3
8 9.2 0.7
7.6 8.8 1.3
1.2 21.4 0.3
2.6 7.6 2.5
2.6 7.6 2.5
-2 10.2 1.1
-3 16.6 4.5
-1 20 4.1
1.2 21.6 2.5
-1.8 19.6 2.7
-2.4 18.8 2.9
6.6 8.2 1.7
7 8.4 2.3
-3 17.2 0.1
2.6 7.6 1.5
2.6 7.6 1.5
7 8.4 1.7
7.2 8.6 3.1
1.2 21.6 1.5
0.2 20.6 4.7
7.4 20.6 0.1
-3.4 16.6 1.1
-3.2 16.6 3.9
-1.8 19.6 1.3
7.8 9 0.9
3.6 7.6 3.1
-1.8 10 3.1
-2.4 18.8 1.1
-2.4 18.8 1.1
-3.2 17.4 2.1
0.2 20.4 5.1
-3.2 17.4 1.9
-1 20.2 0.5
-3.4 16.8 2.3
7.2 8.8 0.1
3.4 7.6 3.1
-2.6 18.6 2.1
7.6 9 0.3
2.2 7.8 3.5
7.2 8.6 0.9
7.2 8.6 0.9
7.2 8.6 0.9
-3.4 16.8 1.7
-2.6 18.6 1.9
3.6 7.6 0.9
-1.8 10 0.9
0.4 21.2 0.9
1.4 21.6 0.9
8.2 9.2 2.1
-1.2 20.2 2.7
3.4 7.6 0.9
8.2 9.2 1.9
-3.2 16.6 0.1
-2.2 10.4 2.7
7.6 9.2 4.3
-3.2 17.4 2.3
7.4 8.8 3.5
2.2 7.8 0.5
2.2 7.8 0.5
-3.2 17.4 1.7
-3 17.6 3.3
-1.2 20.2 1.3
-2.6 18.6 2.3
0.8 21.2 0.1
-2.2 10.4 1.3
6.6 8.2 2.5
-2.6 18.6 1.7
8.2 19.4 5.1
0.8 21 4.5
-3.2 16.8 0.3
3.2 7.6 3.1
7 8.4 2.5
0.2 21.2 2.1
0.2 21.2 1.9
6.6 8.2 1.5
-3.4 16.4 3.3
8.2 9.6 4.1
6.6 8.4 3.7
7.6 20.6 3.5
7.2 20.8 0.3
8.2 9.2 2.3
3.4 8.2 5.1
8.2 10 4.9
7 8.4 1.5
2.4 7.6 2.1
8.2 20 0.1
-1.8 19.2 4.1
7.8 9.2 0.1
-3 17.6 0.7
2.4 7.6 1.9
-2.2 19 3.3
7.4 8.8 0.5
8.2 9.4 0.5
8.2 9.2 1.7
7 20.8 4.1
2.4 7.8 3.7
2.8 7.6 2.9
2.8 7.6 2.9
3.6 8.4 5.5
3.2 7.6 0.9
-3.2 17.2 3.1
7.8 20 4.7
-3.4 16.8 2.5
-2 19.2 3.5
-3.4 16.4 0.7
2.6 7.6 2.7
2.6 7.6 2.7
-3 17.4 3.7
-3.4 16.8 1.5
-1.4 19.8 3.7
1.2 21.6 2.7
2.8 7.8 0.1
2.8 7.8 0.1
7.6 20.6 0.5
0.2 21.2 2.3
2.8 7.6 1.1
2.8 7.6 1.1
-2.2 19 0.7
-2.2 19 0.7
6.8 8.4 3.3
6.8 8.4 3.3
6.6 8.4 0.3
0.2 21.2 1.7
-3.2 17.2 0.9
2.4 7.6 2.3
2.6 7.6 1.3
2.6 7.6 1.3
0.6 21.4 1.9
-1.4 20 1.1
1.2 21.6 1.3
-2.2 19.2 2.1
7 8.6 3.7
2.4 7.6 1.7
2.4 7.6 1.7
-2.2 19.2 1.9
2.4 7.8 0.3
2.4 7.8 0.3
-3.2 17.4 2.5
7.6 8.8 2.9
-2 19.2 0.5
-2.6 18.4 0.7
-3.2 17.4 1.5
-2.6 18.6 2.5
6.8 8.4 0.7
6.8 8.4 0.7
-3 17.4 0.3
-1.4 19.8 0.3
-2 10.4 0.3
7.6 8.8 1.1
-1.8 19.6 2.9
-2.6 18.6 1.5
-1.6 10 3.9
1.6 21.6 0.5
1 21.4 0.5
8.2 20.2 3.3
8.2 9.2 2.5
7.6 20.8 2.1
7 8.6 0.3
7 8.6 0.3
7 8.6 0.3
0.8 21.4 0.9
7.4 8.6 2.1
7.4 8.6 2.1
0.6 21 4.3
7.6 20.8 1.9
0.6 21.4 1.7
7.4 8.6 1.9
7.4 8.6 1.9
-1.2 20 3.7
-1.4 18.6 5.7
7.8 20.2 4.3
-2 10.2 3.1
8.2 9.2 1.5
-1.8 19.6 1.1
-2.2 19.2 1.7
-1.6 9.8 3.3
-3.2 17 0.5
8.2 20.2 0.7
3 7.6 0.9
6.4 8.2 3.3
3.6 7.8 4.1
0.2 21.2 2.5
7 8.4 2.7
-2.4 18.8 3.1
-2 10.2 0.9
-1.6 10 0.1
6.6 8.2 1.3
3.4 7.8 4.1
2.4 7.6 2.5
-1.6 9.8 0.7
7.6 20.8 2.3
0.2 21.2 1.5
7.4 8.6 2.3
7.4 8.6 2.3
-1.2 20.2 2.9
-1.2 20 0.3
7 8.4 1.3
7 8.4 1.3
7.6 20.8 1.7
7.4 8.6 1.7
7.4 8.6 1.7
7.2 9.4 5.3
-2.2 10.4 2.9
-3.4 16.6 0.9
2.4 7.6 1.5
2.4 7.6 1.5
6.8 8.6 4.1
-1.8 10.4 4.3
-2.4 18.8 0.9
-2.4 18.8 0.9
6.4 8.2 0.7
-3.4 16.8 2.7
-1.2 20.2 1.1
7.4 20.8 0.7
-2.2 10.4 1.1
-2 11.4 5.3
-3.4 16.8 1.3
-2.4 18.6 3.7
7.2 8.6 3.3
8 20.2 0.1
6.4 8.4 4.1
0.6 21.4 1.5
-2.4 18.4 4.1
-3.2 17.4 2.7
3.2 7.8 4.1
-2.4 17.6 5.1
-1.8 10 3.3
7.8 9 0.7
-2.2 19.2 1.5
-2.2 18.8 0.1
-2.2 18.8 0.1
-2.6 18.6 2.7
3.4 7.6 3.3
-3.2 17.4 1.3
2.6 7.6 2.9
2.6 7.6 2.9
0.2 21 0.3
8 9 2.1
7.2 8.6 0.7
7.2 8.6 0.7
7.2 8.6 0.7
1.2 21.6 2.9
8 9 1.9
8 9.2 0.5
0.6 21.2 0.3
-2.6 18.6 1.3
-2.4 18.6 0.3
-2.4 18.6 0.3
3.6 7.6 0.7
-1.8 10 0.7
8.2 9.2 2.7
7.6 20.8 2.5
0.4 21.2 0.7
7.4 8.6 2.5
7.4 8.6 2.5
2.6 7.8 0.1
2.6 7.8 0.1
1.4 21.6 0.7
-2 11.2 5.1
2.6 7.6 1.1
2.6 7.6 1.1
3.4 7.6 0.7
1.2 21.6 1.1
7.6 20.8 1.5
7.8 9.6 4.9
7.4 8.6 1.5
7.4 8.6 1.5
8.2 9.2 1.3
2.8 7.6 3.1
-2.2 18 5.1
-1 20.2 3.7
8 9 2.3
0.2 21.2 2.7
-2 19 4.1
3.2 7.6 3.3
-1.8 10.2 0.1
8 9 1.7
1.2 21.4 3.9
2.8 7.6 0.9
2.8 7.6 0.9
2.4 7.6 2.7
1.2 21.2 4.5
0.2 21.2 1.3
-1.4 20 0.9
8.2 19.8 4.5
2.4 7.6 1.3
2.4 7.6 1.3
2.2 7.6 2.1
7.6 20.2 4.7
-3.2 17.2 3.3
2.2 7.6 1.9
0.4 21 4.1
-3 17.6 3.5
3.2 7.6 0.7
-1 20.2 0.3
3 7.8 4.1
2.2 7.8 3.7
7 8.4 2.9
-2.2 17 5.9
-1.8 19.6 3.1
1.2 21.4 0.1
7.6 8.8 0.9
-3.4 16.4 3.5
-1.8 10.6 4.7
-1.6 9.6 2.1
-1.6 9.6 1.9
6.6 8.2 1.1
-3.2 17.2 0.7
7.4 20.6 4.1
-2.2 19 3.5
7 8.4 1.1
7 8.4 1.1
1 21.6 2.1
-3 17.6 0.5
0.6 21.4 1.3
1 21.6 1.9
2.2 7.6 2.3
-1.8 19.6 0.9
7.4 8.8 3.7
-2.2 19.2 1.3
-3.4 16.8 2.9
2.2 7.6 1.7
2.2 7.8 0.3
2.2 7.8 0.3
-1.8 18.8 4.9
8 9 2.5
1.4 21.2 4.7
-3.4 16.4 0.5
7.6 9 0.1
6.8 8.4 3.5
6.8 8.4 3.5
8 9 1.5
-3.4 16.8 1.1
-1.8 9.8 2.1
-2.2 19 0.5
-2.2 19 0.5
7.6 20.8 2.7
-1.6 9.6 2.3
7.4 8.6 2.7
7.4 8.6 2.7
-1.8 9.8 1.9
7.6 20.6 3.7
-1 19.8 4.7
3 8 4.7
-1.2 20.2 3.1
-1.6 9.6 1.7
1.6 21.8 2.1
-3.2 16.6 4.1
-2.6 17.2 5.1
0.8 21.4 0.7
1 21.6 2.3
-3.2 17.4 2.9
1.6 21.8 1.9
-2.2 10.4 3.1
-2 10.2 3.3
7.4 8.8 0.3
8.2 9.4 0.3
-3.4 17 2.1
7.6 20.8 1.3
1 21.6 1.7
7.4 8.6 1.3
7.4 8.6 1.3
-3.4 17 1.9
-2.6 18.4 0.5
-2.6 18.6 2.9
-2 19.2 3.7
8.2 19.6 4.9
-1.2 20.2 0.9
6.8 8.4 0.5
6.8 8.4 0.5
-3.2 17.4 1.1
3 7.6 0.7
-2.2 10.4 0.9
-2.4 19 2.1
-2.4 19 2.1
-2.4 18.8 3.3
-1 20 4.3
-2.4 19 1.9
-2.4 19 1.9
-1.8 9.8 2.3
-3.2 16.8 0.1
6.8 8.8 4.7
7.6 20.6 0.3
-2 10.2 0.7
8.2 9.2 2.9
8.2 20.2 3.5
-2.6 18.6 1.1
6.6 8.4 3.9
-1.8 9.8 1.7
1.6 21.8 2.3
7.6 19.6 5.7
7.2 20.8 0.1
1.6 21.8 1.7
-3.4 17 2.3
8 20 4.5
2.2 7.6 2.5
-1.6 9.8 3.5
-3.4 16.6 0.7
2.4 7.8 3.9
8.2 9.2 1.1
-3.4 17 1.7
-2 19.2 0.3
-2.4 18.8 0.7
-2.4 18.8 0.7
-1.6 18.6 5.5
7.2 20.4 4.9
2.2 7.6 1.5
2.6 7.6 3.1
2.6 7.6 3.1
-3 17.4 3.9
0.2 21.2 2.9
6.4 8.2 3.5
1.2 21.6 3.1
8.2 20.2 0.5
-2.4 19 2.3
-2 18.2 5.3
-1.4 19.8 3.9
-2.4 19 1.7
-2.4 19 1.7
-1.6 9.6 2.5
2.4 7.6 2.9
1.6 21.6 0.3
6.6 8.4 0.1
1 21.4 0.3
-1.6 9.8 0.5
1 21.6 2.5
-1.6 9.6 1.5
0.2 21.2 1.1
7 8.6 3.9
2.6 7.6 0.9
2.6 7.6 0.9
7 9 4.9
1.2 21.6 0.9
2.4 7.8 0.1
2.4 7.8 0.1
1 21.6 1.5
2.4 7.6 1.1
2.4 7.6 1.1
6.4 8.2 0.5
-3.2 17 0.3
8 9 2.7
-3 17.4 0.1
-1.4 19.8 0.1
-2 10.4 0.1
-3 16.6 4.7
7.4 20.8 0.5
-1.8 9.8 2.5
0.4 20.6 5.1
7.6 9.4 4.9
-2 10 2.1
-2 10 1.9
8.2 9.6 4.3
8 9 1.3
7.2 8.6 3.5
1.6 21.8 2.5
-1.8 9.8 1.5
-1.8 19.2 4.3
6 8.6 5.1
7 8.6 0.1
7 8.6 0.1
7 8.6 0.1
-3.4 17 2.5
-1.8 10 3.5
7.6 9.2 4.5
7 20.8 4.3
1.6 21.8 1.5
2.8 7.6 3.3
0.6 21.4 1.1
7.8 9 0.5
-3.4 17 1.5
-2.2 19.2 1.1
3.4 7.6 3.5
-2.4 19 2.5
7 8.4 3.1
7.2 8.6 0.5
7.2 8.6 0.5
7.2 8.6 0.5
-2 10 2.3
-1.6 10 4.1
7.6 20.8 2.9
7.4 8.6 2.9
7.4 8.6 2.9
-2.4 19 1.5
-2.4 19 1.5
-2 10 1.7
2.8 7.6 0.7
2.8 7.6 0.7
3.6 7.6 0.5
-1.8 10 0.5
0.4 21.2 0.5
-3.2 17.6 2.1
6.6 8.2 0.9
-3.2 17.6 1.9
1.4 21.6 0.5
-1.8 11 5.3
-1.2 20 0.1
2.2 7.6 2.7
-1.4 20 0.7
3.4 7.6 0.5
7 8.4 0.9
7 8.4 0.9
7.8 8.8 2.1
7.8 8.8 1.9
7.6 20.8 1.1
-3.4 16.8 3.1
7.4 8.6 1.1
7.4 8.6 1.1
6.8 8.2 2.1
6.8 8.2 2.1
2.2 7.6 1.3
6.8 8.2 1.9
6.8 8.2 1.9
-1.8 19.6 3.3
3.2 7.6 3.5
0.8 21 4.7
7 9.2 5.3
-1.6 9.6 2.7
8 9.2 0.3
7.6 8.8 0.7
-3.4 16.8 0.9
-2.4 18.6 3.9
-3.2 17.6 2.3
6.8 9.2 5.5
1 21.6 2.7
-3.2 17.4 3.1
-3.2 17.6 1.7
-1.6 9.6 1.3
7.8 8.8 2.3
-3.2 17.2 3.5
7.8 8.8 1.7
-1.8 19.6 0.7
-2.6 18.6 3.1
1 21.6 1.3
6.8 8.2 2.3
6.8 8.2 2.3
3.2 7.6 0.5
6.8 8.2 1.7
6.8 8.2 1.7
3.6 7.8 4.3
-3.2 17.4 0.9
0.2 21 0.1
-2 10 2.5
-1.8 9.8 2.7
8.2 9.2 3.1
0.6 21.2 0.1
-2.4 18.6 0.1
-2.4 18.6 0.1
3.4 7.8 4.3
1.6 21.8 2.7
-1.2 20.2 3.3
-2.6 18.6 0.9
-2 10 1.5
0.6 21 4.5
-1.8 9.8 1.3
-3.2 17.2 0.5
-3.4 17 2.7
-2.2 10.4 3.3
7.8 20.2 4.5
6.8 8.6 4.3
1.6 21.8 1.3
0.2 20.4 5.3
-3 17.6 3.7
7.8 20 4.9
8.2 9.2 0.9
-1.4 11 5.9
-3.4 17 1.3
8 9 2.9
-2.4 19 2.7
0.2 21.2 3.1
-1.2 20.2 0.7
7.2 8.4 2.1
7.2 8.4 1.9
-2.2 10.4 0.7
-3.4 16.4 3.7
2.4 7.6 3.1
-3.2 17.6 2.5
8 9 1.1
-2.4 19 1.3
-2.4 19 1.3
8.2 10 5.1
-2.2 19 3.7
6.4 8.4 4.3
-2 10.2 3.5
-2.4 18.4 4.3
7.8 8.8 2.5
0.2 21.2 0.9
3.2 7.8 4.3
0.8 21.4 0.5
-3.2 17.6 1.5
-3 17.6 0.3
-1.8 10.4 4.5
6.4 8 2.1
6.4 8 1.9
6.8 8.2 2.5
6.8 8.2 2.5
2.4 7.6 0.9
2.4 7.6 0.9
7.8 8.8 1.5
2.6 7.6 3.3
2.6 7.6 3.3
-1 20.2 0.1
7.2 8.4 2.3
1.2 21.6 3.3
6.8 8.2 1.5
6.8 8.2 1.5
-2.4 18.8 3.5
-3.4 16.4 0.3
8.2 19.4 5.3
3 7.6 0.5
-2.2 10.2 2.1
6.8 8.4 3.7
6.8 8.4 3.7
7.2 8.4 1.7
-2.2 10.2 1.9
-2 10.2 0.5
-2.2 19 0.3
-2.2 19 0.3
3.4 8.2 5.3
9.6 10.6 2.1
9.6 10.6 1.9
2.2 7.6 2.9
2.6 7.6 0.7
2.6 7.6 0.7
6.4 8 2.3
7.4 8.8 3.9
1.2 21.6 0.7
-3.4 16.6 0.5
0.4 21.4 1.9
0.6 21.4 0.9
-2.6 18.4 0.3
6.4 8 1.7
-2.2 19.2 0.9
-2.4 18.8 0.5
-2.4 18.8 0.5
2.2 7.8 0.1
2.2 7.8 0.1
2.2 7.6 1.1
2.2 7.6 1.1
6.8 8.4 0.3
6.8 8.4 0.3
-2 19 4.3
-2 10 2.7
-2.2 10.2 2.3
-1.6 9.6 2.9
7.6 20.8 3.1
7.4 8.6 3.1
7.4 8.6 3.1
8.2 20.2 3.7
-2.2 10.2 1.7
7.6 20.6 3.9
1 21.6 2.9
9.6 10.6 2.3
-2 10 1.3
9.6 10.6 1.7
-1.6 9.8 3.7
-1.6 9.6 1.1
7.4 8.8 0.1
8.2 9.4 0.1
0.4 21 4.3
7.6 20.8 0.9
0.4 21.4 1.7
7.4 8.6 0.9
7.4 8.6 0.9
3 7.8 4.3
1 21.6 1.1
-1.4 20.2 2.1
7.2 8.4 2.5
-1.4 20.2 1.9
6.4 8.2 3.7
7 8.4 3.3
-1.8 9.8 2.9
8.2 20.2 0.3
7.2 8.4 1.5
-3.2 17.6 2.7
1.6 21.8 2.9
7.6 20.6 0.1
-3.4 17 2.9
7.4 20.6 4.3
7.8 8.8 2.7
-1.6 9.8 0.3
6.6 8.2 0.7
-1.8 9.8 1.1
2.8 7.6 3.5
6.4 8 2.5
-3.2 17.6 1.3
-3.4 16.8 3.3
7 8.4 0.7
7 8.4 0.7
3.6 8.4 5.7
6.8 8.2 2.7
6.8 8.2 2.7
1.6 21.8 1.1
-2 19.2 0.1
7.8 8.8 1.3
-1.4 20.2 2.3
6.4 8.2 0.3
6.4 8 1.5
-3.4 17 1.1
-2.4 19 2.9
-1.4 20.2 1.7
-2.2 10.2 2.5
6.8 8.2 1.3
6.8 8.2 1.3
7.4 20.8 0.3
1.2 21.2 4.7
-2.2 10.2 1.5
6.6 8.4 4.1
7.2 8.6 3.7
9.6 10.6 2.5
1.6 21.6 0.1
-3.4 16.8 0.7
2.8 7.6 0.5
2.8 7.6 0.5
-2.4 19 1.1
-2.4 19 1.1
1 21.4 0.1
-3.2 17.4 3.3
-3.2 16.6 4.3
-1.8 10 3.7
9.6 10.6 1.5
8.2 19.8 4.7
-2 19.6 2.1
-1.4 20 0.5
-2 19.6 1.9
-2.6 18.6 3.3
3.4 7.6 3.7
7.8 9 0.3
8 9 3.1
0.4 21.4 1.5
-3.2 17 0.1
9.2 19.4 1.1
-3 17.4 4.1
-1.8 19.6 3.5
-1.4 19.8 4.1
-3.2 17.4 0.7
8.2 9.2 3.3
7.2 8.6 0.3
7.2 8.6 0.3
7.2 8.6 0.3
-1.8 19.8 1.5
7.6 8.8 0.5
-3.4 17.2 2.1
3.6 7.4 1.9
-3.4 17.2 1.9
8 9 0.9
-2.6 18.6 0.7
3.6 7.6 0.3
-1.8 10 0.3
0.4 21.2 0.3
7 8.6 4.1
3.4 7.4 2.1
1.4 21.6 0.3
7.2 9.4 5.5
7.8 9.6 5.1
3.4 7.4 1.9
-2 19.6 2.3
3.4 7.6 0.3
7.6 20.2 4.9
-2 19.6 1.7
-1.4 20.2 2.5
-1.8 19.6 0.5
0.8 21.6 2.1
8.2 9.2 0.7
0.8 21.6 1.9
7.2 8.4 2.7
-2 10 2.9
3.2 7.6 3.7
-2 11.4 5.5
-1.4 20.2 1.5
-1 20 4.5
2.4 7.6 3.3
-1.8 10.6 4.9
7.2 8.4 1.3
-3.4 17.2 2.3
-1.2 20.2 3.5
3.6 7.4 1.7
-2 11.2 5.3
-3.4 17.2 1.7
-2.2 10.4 3.5
-2 10 1.1
2.2 7.6 3.1
3.4 7.4 2.3
-1.4 18.6 5.9
6.4 8 2.7
0.2 21.2 0.7
3.4 7.4 1.7
-3.2 17.2 3.7
-2.2 18 5.3
0.8 21.6 2.3
3.2 7.4 1.9
2.4 7.6 0.7
2.4 7.6 0.7
-2.6 18.8 1.5
3.2 7.6 0.3
0.8 21.6 1.7
6.4 8 1.3
1.4 21.2 4.9
2.2 7.6 0.9
2.2 7.6 0.9
-1.2 20.2 0.5
-1.6 9.6 3.1
-3.2 17.6 2.9
7.6 8.6 2.1
7.6 8.6 2.1
-2.2 10.4 0.5
8 9.2 0.1
9.6 10.6 2.7
7.6 8.6 1.9
7.6 8.6 1.9
-1 19.8 4.9
1 21.6 3.1
3 8 4.9
-2.2 10.2 1.3
7.8 8.8 2.9
-3.2 17.2 0.3
8 20 4.7
9.6 10.6 1.3
-1.6 9.6 0.9
-3.2 17.6 1.1
6.8 8.2 2.9
6.8 8.2 2.9
0.6 21.4 0.7
-2 19.6 1.5
2.6 7.6 3.5
2.6 7.6 3.5
0.4 21.4 1.3
1 21.6 0.9
3.2 7.4 1.7
-1.8 18.8 5.1
7.8 8.8 1.1
-2.2 19.2 0.7
1.2 21.6 3.5
-1.8 9.8 3.1
-2.4 10.4 2.1
-2.4 10.4 1.9
-1.6 10 4.3
7.6 20.8 3.3
6.8 8.2 1.1
6.8 8.2 1.1
7.4 8.6 3.3
7.4 8.6 3.3
7.6 8.6 2.3
7.6 8.6 2.3
8.2 9.6 4.5
-3.4 17.2 2.5
1.6 21.8 3.1
-2.4 18.6 4.1
-1.8 19.8 1.3
7.6 8.6 1.7
7.6 8.6 1.7
-3.4 17 3.1
-1.8 19.2 4.5
3.4 7.4 2.5
3.6 7.4 1.5
-2 10.2 3.7
-3.4 17.2 1.5
-1.8 9.8 0.9
0.8 21.4 0.3
2.6 7.6 0.5
2.6 7.6 0.5
3.4 7.4 1.5
-3 17.6 3.9
0.8 21.6 2.5
1.2 21.6 0.5
-1.4 20.2 2.7
1.6 21.8 0.9
7.6 20.8 0.7
7.4 8.6 0.7
7.4 8.6 0.7
8.2 19.6 5.1
-2.4 19 3.1
-3.4 17 0.9
0.8 21.6 1.5
-2.4 10.4 2.3
-2.4 18.8 3.7
-1.4 20.2 1.3
-3.4 16.4 3.9
-2.4 10.4 1.7
3 7.6 0.3
-2 10.2 0.3
-2.2 19 3.9
-2.4 19 0.9
-2.4 19 0.9
-2.6 17.2 5.3
7.6 9.2 4.7
-3 17.6 0.1
-3.4 16.6 0.3
7.2 20.4 5.1
7.2 8.4 2.9
-2.6 18.8 1.3
-2.4 18.8 0.3
-2.4 18.8 0.3
3.2 7.4 1.5
7 8.4 3.5
9.2 19.4 0.9
-3 16.6 4.9
6.8 8.4 3.9
6.8 8.4 3.9
7.6 8.6 2.5
-3.4 16.4 0.1
7.2 8.4 1.1
7.2 8.4 1.1
7.6 8.6 1.5
7.6 8.6 1.5
-2.2 19 0.1
-2.2 19 0.1
6.4 8 2.9
6.6 8.2 0.5
-3.4 16.8 3.5
7 8.4 0.5
7 8.4 0.5
-2 19.6 1.3
-2.6 18.4 0.1
-2 10 3.1
-2.4 10.4 2.5
6.4 8 1.1
3.6 7.8 4.5
6.8 8.4 0.1
6.8 8.4 0.1
-3.4 17.2 2.7
9.6 10.6 2.9
-2.4 10.4 1.5
3.4 7.8 4.5
3.4 7.4 2.7
-3.2 17.4 3.5
-3.4 16.8 0.5
-2.2 10.2 1.1
8 9 0.7
3.6 7.4 1.3
-2 10 0.9
-3.4 17.2 1.3
-1.6 9.8 3.9
2.8 7.6 3.7
6.8 8.6 4.5
7.4 8.8 4.1
-2.6 18.6 3.5
0.8 21.6 2.7
9.6 10.6 1.1
3.4 7.4 1.3
0.4 21.4 1.1
6.4 8.2 3.9
-2 18.2 5.5
0.8 21.6 1.3
0.8 21 4.9
8.2 9.2 3.5
0.4 20.6 5.3
-3.2 17.6 3.1
-3.2 17.4 0.5
8.2 20.2 0.1
2.8 7.4 2.1
2.8 7.4 2.1
-1.8 19.8 1.1
2.8 7.4 1.9
2.8 7.4 1.9
0.6 21 4.7
7.8 8.8 3.1
2.2 7.6 3.3
2.8 7.6 0.3
2.8 7.6 0.3
-2.6 18.6 0.5
6.4 8.4 4.5
-2.4 18.4 4.5
7.8 20.2 4.7
3.2 7.8 4.5
-1.6 9.8 0.1
6.8 8.2 3.1
6.8 8.2 3.1
-1.4 20.2 2.9
-1.4 20 0.3
-3.2 17.6 0.9
8.2 9 2.1
8.2 9 1.9
8.2 9.2 0.5
6.4 8.2 0.1
7.8 8.8 0.9
-1.8 19.6 3.7
3.2 7.4 1.3
-1.6 9.6 3.3
7.6 8.6 2.7
2.2 7.6 0.7
2.2 7.6 0.7
2.4 7.6 3.5
-1.4 20.2 1.1
6.8 8.2 0.9
6.8 8.2 0.9
7.4 20.8 0.1
2.8 7.4 2.3
2.8 7.4 2.3
1 21.6 3.3
7.2 8.6 3.9
7.6 8.8 0.3
2.8 7.4 1.7
2.8 7.4 1.7
7.6 8.6 1.3
7.6 8.6 1.3
-1.8 10 3.9
-1.8 10.4 4.7
0.2 21.2 0.5
-1.6 9.6 0.7
8.2 9 2.3
7.8 9 0.1
-1.8 19.6 0.3
2.4 7.6 0.5
2.4 7.6 0.5
-2.4 10.4 2.7
8.2 9 1.7
1 21.6 0.7
-2.6 18.8 1.1
-2 19 4.5
1.4 21.8 1.1
1.6 21.8 3.3
-1.2 20.2 3.7
7.2 8.6 0.1
7.2 8.6 0.1
7.2 8.6 0.1
-2.4 10.4 1.3
-3.4 17 3.3
-2.2 10.4 3.7
-1.8 11 5.5
3.6 7.6 0.1
-1.8 10 0.1
0.4 21.2 0.1
1.4 21.6 0.1
7 8.2 2.1
-1.8 9.8 0.7
0.4 21 4.5
7 8.2 1.9
7.8 20 5.1
3.4 7.6 0.1
3 7.8 4.5
7.2 8.4 3.1
-2.4 19 3.3
0.6 21.4 0.5
1.6 21.8 0.7
-2 19.6 1.1
-2.2 19.2 0.5
3.2 7.6 3.9
-3.4 17 0.7
7.6 20.8 3.5
7.4 8.6 3.5
7.4 8.6 3.5
-3.4 17.2 2.9
-1.2 20.2 0.3
2.8 7.4 2.5
2.8 7.4 2.5
3 7.4 1.3
6.6 8.4 4.3
-2.2 10.4 0.3
-2.8 18.6 2.1
3.4 7.4 2.9
-2.8 18.6 1.9
7.2 8.4 0.9
7.2 8.4 0.9
7.4 20.6 4.5
2.8 7.4 1.5
2.8 7.4 1.5
6.4 8 3.1
6.6 8 2.1
-2.4 19 0.7
-2.4 19 0.7
6.6 8 1.9
3.6 7.4 1.1
-3.4 17.2 1.1
7 8.2 2.3
-3.2 17.2 3.9
0.8 21.6 2.9
8.2 9 2.5
7 8.2 1.7
3.4 7.4 1.1
2.6 7.6 3.7
2.6 7.6 3.7
7.6 20.8 0.5
7.4 8.6 0.5
7.4 8.6 0.5
1.2 21.6 3.7
-3 17.4 4.3
8.2 9 1.5
-1.4 19.8 4.3
3.2 7.6 0.1
6.4 8 0.9
9.2 19.4 0.7
0.8 21.6 1.1
9.6 10.6 3.1
-2.8 18.6 2.3
6.8 9.2 5.7
8.2 10 5.3
-2.8 18.6 1.7
-3.2 16.6 4.5
7 8.6 4.3
6.6 8 2.3
-2.2 10.2 0.9
2.6 7.4 2.1
6.6 8 1.7
-3.2 17.2 0.1
2.6 7.4 1.9
0.2 20.4 5.5
2.6 7.6 0.3
2.6 7.6 0.3
9.6 10.6 0.9
1.2 21.6 0.3
0.4 21.4 0.9
7.6 8.6 2.9
3.2 7.4 1.1
-1.8 19.8 0.9
-2 10.2 3.9
7.6 8.6 1.1
7.6 8.6 1.1
2.6 7.4 2.3
7 8.2 2.5
-2 10 0.7
-1.4 20.2 3.1
2.6 7.4 1.7
2.6 7.4 1.7
0.8 21.4 0.1
7 8.2 1.5
7 8.2 1.5
-2.4 10.4 2.9
7 8.4 3.7
-2.4 18.8 3.9
-3.4 17.4 2.1
-3.4 17.4 1.9
8.2 19.4 5.5
-3.2 17.6 3.3
2.8 7.4 2.7
2.8 7.4 2.7
-2.8 18.6 2.5
-1.4 20.2 0.9
1.2 21.2 4.9
3 7.6 0.1
-2.4 10.4 1.1
7.8 8.8 3.3
3.4 8.2 5.5
9.2 19.6 2.1
6.6 8 2.5
9.2 19.6 1.9
-2 10.2 0.1
-2.8 18.6 1.5
8 9 0.5
2.8 7.4 1.3
2.8 7.4 1.3
-3.4 16.8 3.7
6.8 8.2 3.3
6.8 8.2 3.3
-1.8 9.6 2.1
6.6 8.2 0.3
6.6 8 1.5
-3 17.6 4.1
-1.8 9.6 1.9
8.2 9 2.7
-1.6 9.4 2.1
-1.6 9.4 1.9
7 8.4 0.3
7 8.4 0.3
-3.2 17.6 0.7
7.4 8.4 2.1
-3.4 16.6 0.1
7.4 8.4 1.9
-3.4 17.4 2.3
-2.4 19.2 1.5
-2.4 18.8 0.1
-2.4 18.8 0.1
7.8 8.8 0.7
8.2 9 1.3
-2.6 18.8 0.9
0.2 21.4 1.7
1.4 21.8 0.9
-3.4 16.4 4.1
-3.4 17.4 1.7
-2.4 18.6 4.3
6.8 8.2 0.7
6.8 8.2 0.7
9.2 19.6 2.3
3 7.4 1.1
-3.2 17.4 3.7
-2.2 19 4.1
8 8.8 2.1
-3.4 16.8 0.3
8 8.8 1.9
2.6 7.4 2.5
9.2 19.6 1.7
-1.8 9.6 2.3
-2.6 18.6 3.7
-1.6 9.4 2.3
-1.8 9.6 1.7
2.6 7.4 1.5
2.6 7.4 1.5
7.4 8.4 2.3
-1.6 9.4 1.7
7.4 8.4 1.7
-2 19.6 0.9
-1.6 9.6 3.5
6.8 8.4 4.1
6.8 8.4 4.1
-3.4 17.2 3.1
8.2 9.2 3.7
-1.6 10 4.5
0.6 21.6 2.1
0.6 21.6 1.9
2.2 7.6 0.5
2.2 7.6 0.5
1 21.6 3.5
-3.2 17.4 0.3
3.4 7.4 3.1
8 8.8 2.3
7 8.2 2.7
8 8.8 1.7
2.8 7.6 3.9
-2.6 18.6 0.3
-2 9.8 2.1
0.8 21.6 3.1
-2 9.8 1.9
3.6 7.4 0.9
-3.4 17.2 0.9
7.6 20.2 5.1
7.2 8.4 3.3
-1.6 9.6 0.5
3.4 7.4 0.9
7 8.2 1.3
7 8.2 1.3
-3.4 17.4 2.5
8.2 9.2 0.3
1 21.6 0.5
0.6 21.6 2.3
2.4 7.6 3.7
0.2 21.4 1.5
1.6 21.8 3.5
-2.8 18.6 2.7
0.8 21.6 0.9
-3.4 17.4 1.5
8.2 9.6 4.7
0.6 21.6 1.7
-1.8 10.6 5.1
9.2 19.6 2.5
-3.4 17 3.5
6.6 8 2.7
-1.8 19.2 4.7
6.4 8 3.3
7.2 8.4 0.7
7.2 8.4 0.7
-2 9.8 2.3
2.8 7.6 0.1
2.8 7.6 0.1
-1.8 9.6 2.5
-2.8 18.6 1.3
-1.6 9.8 4.1
8 20 4.9
9.2 19.6 1.5
7.8 9.6 5.3
-2 9.8 1.7
6.6 8 1.3
-1.8 9.8 0.5
7.4 8.4 2.5
0.2 21.2 0.3
-1.4 20 0.1
-1.8 9.6 1.5
-2.4 19 3.5
2.4 7.4 2.1
2.4 7.4 2.1
-1.6 9.4 1.5
2.4 7.4 1.9
2.4 7.4 1.9
1.6 21.8 0.5
-1.8 19.6 3.9
2.4 7.6 0.3
2.4 7.6 0.3
7.4 8.4 1.5
7.6 8.6 3.1
-2.4 19.2 1.3
-3.4 17 0.5
2.8 7.4 2.9
2.8 7.4 2.9
6.4 8 0.7
3.2 7.4 0.9
9.6 10.6 3.3
3 8 5.1
8 8.8 2.5
2.6 7.4 2.7
7.6 8.8 0.1
-2.2 10.2 0.7
7.6 8.6 0.9
7.6 8.6 0.9
8 8.8 1.5
-2.4 19 0.5
-2.4 19 0.5
2.8 7.4 1.1
2.8 7.4 1.1
7.4 8.8 4.3
8.2 9 2.9
2.4 7.4 2.3
2.4 7.4 2.3
9.6 10.4 2.1
2.6 7.4 1.3
2.6 7.4 1.3
9.6 10.6 0.7
9.6 10.4 1.9
-2.4 10.4 3.1
0.6 21.4 0.3
2.4 7.4 1.7
2.4 7.4 1.7
-1.8 19.6 0.1
0.6 21.6 2.5
-2.2 19.2 0.3
0.4 21.4 0.7
7.6 20.8 3.7
7.4 8.6 3.7
7.4 8.6 3.7
8.2 9 1.1
9.2 19.4 0.5
-1.2 20.2 3.9
7.2 8.6 4.1
0.6 21.6 1.5
-2.2 10.4 3.9
-2 11.2 5.5
-2.4 10.4 0.9
-2 9.8 2.5
-1.8 10 4.1
-1.8 19.8 0.7
9.4 19.4 1.9
7.6 9.2 4.9
-2.2 18 5.5
-2 9.8 1.5
9.6 10.4 2.3
-1.8 18.8 5.3
9.6 10.4 1.7
7.6 20.8 0.3
3.6 7.8 4.7
7.4 8.6 0.3
7.4 8.6 0.3
-2 11.4 5.7
0.2 21.4 1.3
-1.2 20.2 0.1
9.2 19.6 2.7
3.4 7.8 4.7
-3.4 17.4 1.3
-1.4 20.2 0.7
-2.2 10.4 0.1
3 7.4 0.9
-2.6 19 2.1
7 8.2 2.9
-2.6 19 1.9
-1.8 9.6 2.7
-2.2 10 2.1
-2.2 10 1.9
9.4 19.4 1.7
9.2 19.6 1.3
6.8 8.6 4.7
-2 10 0.5
7.4 8.4 2.7
2.4 7.4 2.5
2.4 7.4 2.5
2.6 7.6 3.9
2.6 7.6 3.9
-1.8 9.6 1.3
1.2 21.6 3.9
-1.6 9.4 1.3
7 8.2 1.1
7 8.2 1.1
2.4 7.4 1.5
2.4 7.4 1.5
-3 16.6 5.1
7.4 8.4 1.3
-3.2 17.6 3.5
-2.6 18.8 0.7
-2.8 18.6 2.9
1.4 21.8 0.7
8 8.8 2.7
1.2 21.8 1.1
6.6 8 2.9
7.8 8.8 3.5
-2.6 19 2.3
6.4 8.4 4.7
-2.2 10 2.3
-2.4 18.4 4.7
3.2 7.8 4.7
-2.6 19 1.7
6.8 8.2 3.5
-3.2 17.2 4.1
-2.8 18.6 1.1
-2.2 10 1.7
8 8.8 1.3
9.6 10.4 2.5
6.6 8 1.1
2.6 7.6 0.1
2.6 7.6 0.1
-3.2 17.6 0.5
1.2 21.6 0.1
9.6 10.4 1.5
0.6 21.6 2.7
-3.4 17.2 3.3
-2 19.6 0.7
7.8 8.8 0.5
-2.4 19.2 1.1
3.4 7.4 3.3
0.6 21.6 1.3
6.8 8.2 0.5
6.8 8.2 0.5
0.6 21 4.9
2.6 7.4 2.9
-2 9.8 2.7
-2.6 17.2 5.5
7.8 20.2 4.9
0.8 21.6 3.3
8 9 0.3
9.4 19.4 1.5
3.6 7.4 0.7
-3.4 17.2 0.7
-2 9.8 1.3
2.6 7.4 1.1
2.6 7.4 1.1
7 8.4 3.9
3.4 7.4 0.7
-2 19 4.7
0.8 21 5.1
2.8 7.4 3.1
0.8 21.6 0.7
6.6 8.4 4.5
-2.6 19 2.5
-2 10.2 4.1
-3.4 16.8 3.9
-2.6 19 1.5
8.2 9 3.1
-1.8 10.4 4.9
2.8 7.4 0.9
2.8 7.4 0.9
-2.2 10 1.5
0.4 21 4.7
2.4 7.4 2.7
2.4 7.4 2.7
6.6 8.2 0.1
3 7.8 4.7
-1.8 20 2.1
-1.8 20 2.1
-1.8 20 1.9
-1.8 20 1.9
7 8.4 0.1
7 8.4 0.1
-3 17.4 4.5
7.6 8.6 3.3
-1.6 9.6 3.7
-1.4 19.8 4.5
-2.4 18.8 4.1
7.8 8.6 2.1
2.4 7.4 1.3
2.4 7.4 1.3
7.8 8.6 1.9
2.2 7.4 2.1
2.2 7.4 2.1
2.2 7.4 1.9
2.2 7.4 1.9
8.2 9 0.9
9.2 19.6 2.9
3.2 7.4 0.7
1 21.6 3.7
0.2 21.4 1.1
2.2 7.6 0.3
2.2 7.6 0.3
-3.4 17.4 1.1
-3.2 17.4 3.9
7.4 20.6 4.7
6.4 8 3.5
7 8.6 4.5
-1.8 9.6 2.9
7.2 8.4 0.5
7.2 8.4 0.5
-3.4 16.8 0.1
-2.6 18.6 3.9
7.6 8.6 0.7
7.6 8.6 0.7
7.4 8.4 2.9
9.6 10.4 2.7
9.2 19.6 1.1
-1.8 20 2.3
-1.8 20 2.3
-2.4 10.4 3.3
-1.6 9.6 0.3
-1.8 20 1.7
-1.8 20 1.7
-1.8 9.6 1.1
7.8 8.6 2.3
-1.6 9.4 1.1
9.6 10.4 1.3
2.2 7.4 2.3
8.2 9.2 3.9
1 21.6 0.3
9.6 10.6 3.5
7.4 8.4 1.1
1.6 21.8 3.7
7.8 8.6 1.7
0.4 20.6 5.5
6.4 8 0.5
2.2 7.4 1.7
2.2 7.4 1.7
8 8.8 2.9
-3.4 17 3.7
-3.2 17.4 0.1
-2 19.8 2.1
-3.2 16.6 4.7
-2 19.8 1.9
7 8.2 3.1
-2.4 10.4 0.7
-2.6 18.6 0.1
-2.2 10.2 0.5
-3 17.6 4.3
9.4 19.4 1.3
8 8.8 1.1
-2.4 19 3.7
-1.8 9.8 0.3
9.6 10.6 0.5
0.6 21.6 2.9
7 8.2 0.9
7 8.2 0.9
1.6 21.8 0.3
8.2 9.2 0.1
2.4 7.6 3.9
-2.8 18.6 3.1
-3.4 16.4 4.3
0.4 21.4 0.5
-3.4 17 0.3
6.6 8 3.1
-2.6 19 2.7
-2 19.8 2.3
-2.2 19 4.3
1.2 21.8 0.9
-2 9.8 2.9
0.6 21.6 1.1
3 7.4 0.7
-2 19.8 1.7
2.8 7.6 4.1
-1.8 19.8 0.5
-2.6 19 1.3
-2.4 19 0.3
-2.4 19 0.3
-2.8 18.6 0.9
-1.8 20 2.5
-1.8 20 2.5
7.8 20 5.3
-2.2 10 1.3
0.2 21.2 0.1
6.6 8 0.9
-2 9.8 1.1
7.8 8.6 2.5
-1.8 20 1.5
-1.8 20 1.5
2.2 7.4 2.5
6.8 8.4 4.3
6.8 8.4 4.3
2.4 7.6 0.1
2.4 7.6 0.1
-2.4 19.2 0.9
7.8 8.6 1.5
9.2 19.4 0.3
-2.4 18.6 4.5
2.2 7.4 1.5
2.2 7.4 1.5
6.8 8 2.1
6.8 8 1.9
2.6 7.4 3.1
-1.4 20.2 0.5
-2.4 10.2 1.7
2.4 7.4 2.9
2.4 7.4 2.9
-3.4 17.6 2.1
-3.4 17.6 1.9
2.6 7.4 0.9
2.6 7.4 0.9
-1.8 19.6 4.1
0.6 21.4 0.1
7.6 20.8 3.9
7.4 8.6 3.9
7.4 8.6 3.9
2.4 7.4 1.1
2.4 7.4 1.1
-2.2 19.2 0.1
-2.6 18.8 0.5
1.4 21.8 0.5
6.8 8 2.3
9.8 10.6 2.1
-2 19.8 2.5
9.8 10.6 1.9
6.8 8 1.7
7.2 8.2 2.1
7.2 8.2 2.1
-1.8 11 5.7
7.2 8.2 1.9
7.2 8.2 1.9
-1.6 9.8 4.3
-2 19.8 1.5
9.6 10.4 2.9
-2 10 0.3
-3.4 17.6 1.7
-2.2 19.6 1.9
-3.4 17.2 3.5
7.6 20.8 0.1
-3.2 17.6 3.7
7.4 8.6 0.1
7.4 8.6 0.1
9.6 10.4 1.1
-2 19.6 0.5
9.2 19.6 3.1
9.8 10.6 2.3
3.4 7.4 3.5
1.2 21.2 5.1
7.8 8.8 3.7
0.2 21.4 0.9
9.8 10.6 1.7
-2.2 10.4 4.1
8.2 10 5.5
-3.4 17.4 0.9
7.2 8.2 2.3
7.2 8.2 2.3
-1.8 9.6 3.1
0.8 21.6 3.5
6.8 8.2 3.7
7.2 8.2 1.7
7.2 8.2 1.7
8.2 9 3.3
7.4 8.4 3.1
-2.4 10.2 1.5
-1.8 20 2.7
2.8 7.4 0.7
2.8 7.4 0.7
9.2 19.6 0.9
9.4 19.4 1.1
3.6 7.4 0.5
-3.4 17.2 0.5
7.8 8.6 2.7
-3.2 17.6 0.3
-1.8 9.6 0.9
3.4 7.4 0.5
-1.8 20 1.3
-1.8 20 1.3
-1.6 9.4 0.9
-2.2 19.6 1.7
6.8 8 2.5
7.8 8.8 0.3
7.4 8.4 0.9
8 8.8 3.1
7.2 8.6 4.3
-2.6 19 2.9
8.2 9 0.7
7.8 8.6 1.3
0.8 21.6 0.5
2.2 7.4 1.3
2.2 7.4 1.3
6.8 8.2 0.3
6.8 8.2 0.3
6.8 8 1.5
-1.8 10 4.3
7.4 8.8 4.5
0.2 20.4 5.7
-2.6 19 1.1
8 8.8 0.9
2.6 7.6 4.1
2.6 7.6 4.1
-2.2 10 1.1
1.2 21.6 4.1
0.6 21.6 3.1
-3.4 17.6 1.5
7.6 8.6 3.5
-2.8 18.8 2.1
-2.8 18.8 1.9
6.4 7.8 2.1
9.8 10.6 2.5
6.4 7.8 1.9
8.2 9.6 4.9
-2 19.8 2.7
3.2 7.4 0.5
-2 9.8 3.1
7.2 8.2 2.5
7.2 8.2 2.5
6.8 9.2 5.9
7 8.2 3.3
9.8 10.6 1.5
0.4 21.6 2.1
0.4 21.6 1.9
0.6 21.6 0.9
-2 19.8 1.3
7.2 8.2 1.5
7.2 8.2 1.5
8 9 0.1
7.6 8.6 0.5
7.6 8.6 0.5
-2.4 10.4 3.5
-2 9.8 0.9
-2.8 18.8 2.3
-2.8 18.6 3.3
6.4 7.8 2.3
7 8.2 0.7
7 8.2 0.7
8.2 19.4 5.7
-2.2 19.6 1.5
-2.8 18.8 1.7
6.4 7.8 1.7
6.6 8 3.3
0.4 21.6 2.3
6.4 8 3.7
1.2 21.8 0.7
0.4 21.6 1.7
8 20 5.1
-2.4 10.4 0.5
-3.2 17.2 4.3
7.2 8.4 0.3
7.2 8.4 0.3
2.4 7.4 3.1
7.6 20.2 5.3
-2.4 10.2 1.3
-2.8 18.6 0.7
7 8.4 4.1
6.6 8 0.7
-1.6 9.6 3.9
9.6 10.6 3.7
6.8 8 2.7
1 21.6 3.9
2.4 7.4 0.9
2.4 7.4 0.9
-1.8 10.6 5.3
-2.4 19.2 0.7
6.4 8 0.3
2.6 7.4 3.3
2.2 7.6 0.1
2.2 7.6 0.1
6.8 8 1.3
-3.4 16.8 4.1
3 7.4 0.5
9.6 10.4 3.1
1 21.8 1.1
-1.8 20 2.9
-2.2 10.2 0.3
7.8 8.6 2.9
-2.8 18.8 2.5
-1.6 9.6 0.1
-3.4 17.6 1.3
3.6 7.8 4.9
9.6 10.6 0.3
2.6 7.4 0.7
2.6 7.4 0.7
-1.8 20 1.1
-1.8 20 1.1
1.6 21.8 3.9
9.8 10.6 2.7
9.6 10.4 0.9
1 21.6 0.1
-2.8 18.8 1.5
0.4 21.4 0.3
3.4 7.8 4.9
-3.4 17 3.9
6.4 7.8 1.5
-3.2 17.4 4.1
7.2 8.2 2.7
7.2 8.2 2.7
7.8 8.6 1.1
3 8 5.3
0.4 21.6 2.5
-2 10.2 4.3
2.2 7.4 1.1
2.2 7.4 1.1
-2.6 10.4 2.1
-2.6 10.4 1.9
9.8 10.6 1.3
7.8 9.6 5.5
7.6 9.2 5.1
0.4 21.6 1.5
-2.6 18.6 4.1
6.8 8.6 4.9
-1.8 19.8 0.3
7.6 8.4 2.1
7.2 8.2 1.3
7.2 8.2 1.3
7.6 8.4 1.9
-2.4 19 3.9
9.4 19.4 0.9
-1.8 9.8 0.1
-2.4 18.8 4.3
8.2 9.2 4.1
1.6 21.8 0.1
9.2 19.6 3.3
-2.2 19.6 1.3
-2 19.8 2.9
-2.6 19 3.1
-3.4 17 0.1
-2.6 10.4 2.3
0.2 21.4 0.7
-1.8 9.6 3.3
6.4 8.4 4.9
-3.4 17.4 0.7
-2.4 18.4 4.9
-1.4 20.2 0.3
-2.6 10.4 1.7
7.6 8.4 2.3
-2 19.8 1.1
-2.4 19 0.1
-2.4 19 0.1
7.6 8.4 1.7
-2.6 19 0.9
9.2 19.6 0.7
-2.2 10 0.9
2.4 7.6 4.1
-1.8 9.6 0.7
-1.6 9.4 0.7
8 8.8 3.3
6.6 8.4 4.7
7.4 8.4 0.7
-2.6 18.8 0.3
9.2 19.4 0.1
1.4 21.8 0.3
8.2 9 3.5
0.8 21.8 2.1
0.8 21.8 1.9
-2.4 10.2 1.1
2.8 7.4 0.5
2.8 7.4 0.5
8 8.8 0.7
0.6 21.6 3.3
-2.8 18.8 2.7
-3 17.4 4.7
-1.4 19.8 4.7
-2 19 4.9
-3.4 17.2 3.7
-3 16.6 5.3
6.8 8 2.9
3.4 7.4 3.7
-2 19.6 0.3
-2.8 18.8 1.3
0.4 21.6 2.7
-2 9.8 3.3
-2.6 10.4 2.5
8.2 9 0.5
6.4 7.8 1.3
0.6 21 5.1
7 8.6 4.7
-2 11.2 5.7
7.8 20.2 5.1
2.8 7.6 4.3
0.8 21.6 3.7
7.6 8.4 2.5
0.6 21.6 0.7
0.8 21.8 2.3
6.8 8 1.1
-2.6 10.4 1.5
-3 17.6 4.5
0.4 21.6 1.3
0.8 21.8 1.7
7.6 8.4 1.5
-2 10 0.1
3.6 7.4 0.3
-3.4 17.2 0.3
-2 9.8 0.7
7.6 20.8 4.1
-3.4 17.6 1.1
-3.2 17.6 3.9
7.4 8.6 4.1
7.4 8.6 4.1
9.8 10.6 2.9
-3.4 16.4 4.5
3.4 7.4 0.3
8.2 8.8 2.1
7.2 8.2 2.9
8.2 8.8 1.9
-2.2 19 4.5
7 8.2 3.5
7.4 20.6 4.9
0.8 21.6 0.3
6.8 8.2 3.9
9.8 10.6 1.1
-1.8 20 3.1
2.4 7.4 3.3
-1.8 10.4 5.1
1 21.8 0.9
3.6 7.2 2.1
7.2 8.2 1.1
7.2 8.2 1.1
3.6 7.2 1.9
7.8 8.6 3.1
7.6 8.6 3.7
-1.8 19.6 4.3
3.4 7.2 2.1
3.4 7.2 1.9
-2.8 18.6 3.5
-3.2 17.6 0.1
6.8 8.4 4.5
9.2 19.8 2.1
-1.8 20 0.9
-1.8 20 0.9
7 8.2 0.5
7 8.2 0.5
9.2 19.8 1.9
8.2 8.8 2.3
6.6 8 3.5
-2.2 19.6 1.1
7.8 8.8 0.1
2.4 7.4 0.7
2.4 7.4 0.7
8.2 8.8 1.7
3.2 7.4 0.3
7.8 8.6 0.9
2.2 7.4 0.9
2.2 7.4 0.9
0.8 21.8 2.5
1.2 21.8 0.5
6.8 8.2 0.1
6.8 8.2 0.1
9.6 10.4 3.3
3.6 7.2 2.3
-2.4 10.4 3.7
0.8 21.8 1.5
7.6 8.6 0.3
7.6 8.6 0.3
3.6 7.2 1.7
-2.8 18.6 0.5
3.4 7.2 2.3
6.6 8 0.5
3.4 7.2 1.7
9.2 19.8 2.3
-2 19.8 3.1
-2.4 18.6 4.7
9.6 10.4 0.7
9.2 19.8 1.7
-2.6 10.4 2.7
2.6 7.4 3.5
-2.4 19.2 0.5
-2.2 10.4 4.3
-2.6 17.2 5.7
7.6 8.4 2.7
-1.6 9.8 4.5
-2.6 10.4 1.3
-2.4 10.4 0.3
-2 19.8 0.9
-2.8 18.8 2.9
7.6 8.4 1.3
9.4 19.4 0.7
-1.8 9.4 2.1
2.6 7.4 0.5
2.6 7.4 0.5
-1.8 9.4 1.9
8.2 8.8 2.5
-2.6 19 3.3
9.6 10.2 2.1
9.6 10.2 1.9
0.4 21.6 2.9
-2.8 18.8 1.1
6.4 8 3.9
8.2 8.8 1.5
6.4 7.8 1.1
3.6 7.2 2.5
3 7.4 0.3
7.2 8.4 0.1
7.2 8.4 0.1
0.4 21.6 1.1
2.6 7.6 4.3
-2.4 10.2 0.9
1.2 21.6 4.3
3.4 7.2 2.5
-2.6 19 0.7
3.6 7.2 1.5
-2.2 10 0.7
-2 9.6 2.1
-1.8 9.4 2.3
-2 9.6 1.9
9.2 19.8 2.5
9.6 10.6 3.9
9.2 19.6 3.5
-1.6 9.2 2.1
3.4 7.2 1.5
9.6 10.2 2.3
-1.8 9.4 1.7
-1.6 9.2 1.9
7.2 8.6 4.5
9.6 10.2 1.7
9.2 19.8 1.5
-1.8 9.6 3.5
6.4 8 0.1
0.2 21.4 0.5
0.8 21.8 2.7
3 7.2 2.1
-3.4 17.4 0.5
3 7.2 1.9
6.8 8 0.9
-2.2 10.2 0.1
0.8 21.8 1.3
9.2 19.6 0.5
-2 9.6 2.3
-1.6 9.6 4.1
9.8 10.6 3.1
-1.6 9.2 2.3
9.6 10.6 0.1
-2 9.6 1.7
-3.4 17.6 0.9
-1.8 9.6 0.5
8 8.8 3.5
1 21.6 4.1
-1.6 9.4 0.5
9.4 19.6 2.1
-1.6 9.2 1.7
7.2 8.2 3.1
9.4 19.6 1.9
0.4 21.4 0.1
7.4 8.4 0.5
3 7.2 2.3
3 7.2 1.7
9.8 10.6 0.9
-3 18.6 2.1
-1.8 19.8 0.1
-3 18.6 1.9
7.2 8.2 0.9
7.2 8.2 0.9
7 8.4 4.3
8 8.8 0.5
-1.8 9.4 2.5
7 8 2.1
1.6 21.8 4.1
9.6 10.2 2.5
8.2 8.8 2.7
7 8 1.9
9.4 19.6 2.3
-1.8 9.4 1.5
-2.6 10.4 2.9
-3.4 17 4.1
-2 9.8 3.5
9.4 19.6 1.7
-2.2 19.6 0.9
9.6 10.2 1.5
8.2 8.8 1.3
8.2 9 3.7
-3.4 16.8 4.3
-1.8 20 3.3
-1.4 20.2 0.1
-3.2 17.2 4.5
-3 18.6 2.3
0.6 21.6 0.5
-2.6 10.4 1.1
-2.4 19 4.1
1 21.8 0.7
-3 18.6 1.7
7.8 8.6 3.3
3.4 7.2 2.7
-2 9.6 2.5
2.8 7.4 0.3
2.8 7.4 0.3
-2.2 9.8 2.1
3.6 7.2 1.3
7.6 8.4 1.1
-2.2 9.8 1.9
9.2 19.8 2.7
-1.6 9.2 2.5
7 8 2.3
-2 9.8 0.5
-2 9.6 1.5
3.4 7.2 1.3
7 8 1.7
-1.8 20 0.7
-1.8 20 0.7
1.2 21.2 5.3
-1.6 9.2 1.5
-2.6 19.2 1.5
-2.6 18.8 0.1
9.2 19.8 1.3
3 7.2 2.5
1.4 21.8 0.1
8.2 9 0.3
7.8 8.6 0.7
2.2 7.4 0.7
2.2 7.4 0.7
2.4 7.4 3.5
-2.6 18.6 4.3
3 7.2 1.5
2.8 7.2 2.1
2.8 7.2 1.9
-2.8 18.8 3.1
8 8.6 2.1
-2.2 9.8 2.3
8 8.6 1.9
6.6 7.8 2.1
6.6 7.8 1.9
-2.2 9.8 1.7
8.2 9.2 4.3
9.4 19.6 2.5
-2 19.8 3.3
8.2 9.6 5.1
0.4 21.6 3.1
-2 19.6 0.1
2.4 7.4 0.5
2.4 7.4 0.5
9.4 19.6 1.5
-2 10.2 4.5
-2.8 18.8 0.9
0.8 21.8 2.9
3.2 7.2 1.3
0.8 21.6 3.9
6.4 7.8 0.9
9.6 10.4 3.5
-3 18.6 2.5
2.8 7.2 2.3
0.4 21.6 0.9
8 8.6 2.3
-2 19.8 0.7
-3 18.6 1.5
2.8 7.2 1.7
6.6 7.8 2.3
0.8 21.8 1.1
-1.8 9.4 2.7
3.6 7.4 0.1
8 8.6 1.7
-2.4 18.8 4.5
-3.4 17.2 0.1
7 8 2.5
-2.8 18.6 3.7
6.6 7.8 1.7
2.4 7.6 4.3
9.6 10.2 2.7
3.4 7.4 0.1
6.6 8 3.7
7 8.2 0.3
7 8.2 0.3
7 8 1.5
7.4 8.2 2.1
-1.8 9.4 1.3
9.6 10.4 0.5
7.4 8.2 1.9
9.6 10.2 1.3
0.8 21.6 0.1
1.2 21.8 0.3
0.2 21.6 2.1
0.2 21.6 1.9
-2.2 9.8 2.5
7.6 8.6 3.9
-2.8 18.6 0.3
-2.4 10.2 0.7
-1.6 9.2 2.7
9.4 19.4 0.5
8.2 8.8 2.9
-2.2 9.8 1.5
6.6 8 0.3
-2.6 19 3.5
-2 9.6 1.3
2.6 7.4 3.7
-1.6 9.2 1.3
3 7.2 2.7
7.4 8.2 1.7
-2.6 19.2 1.3
-2.4 19.2 0.3
3.2 7.4 0.1
6.8 8.2 4.1
8.2 8.8 1.1
8 20 5.3
2.8 7.2 2.5
0.2 21.6 2.3
3 7.2 1.3
6.8 8 0.7
-2.4 10.4 3.9
8 8.6 2.5
3.4 7.2 2.9
6.6 7.8 2.5
0.2 21.6 1.7
7.6 8.6 0.1
7.6 8.6 0.1
2.8 7.2 1.5
-2.6 19 0.5
9.2 19.8 2.9
3.6 7.8 5.1
3.6 7.2 1.1
9.8 10.6 3.3
8 8.6 1.5
7.6 20.8 4.3
-2.2 10 0.5
7.4 8.6 4.3
7.4 8.6 4.3
9.4 19.6 2.7
6.6 7.8 1.5
2.6 7.4 0.3
2.6 7.4 0.3
-3.4 17.6 0.7
-2.6 10.4 3.1
7.2 8.2 3.3
3.4 7.8 5.1
3.4 7.2 1.1
9.2 19.8 1.1
9.4 19.6 1.3
2.8 7.6 4.5
-3 18.6 2.7
6.8 8.6 5.1
9.8 10.4 2.1
9.8 10.6 0.7
9.8 10.4 1.9
-2.4 10.4 0.1
-2.6 10.4 0.9
-2.4 10 2.1
7.2 8.2 0.7
7.2 8.2 0.7
-3 18.6 1.3
-2.4 10 1.9
7 8 2.7
7.6 8.4 0.9
2.6 7.2 2.1
2.6 7.2 2.1
2.6 7.2 1.9
2.6 7.2 1.9
9.2 19.6 3.7
-1.8 10.6 5.5
6.6 8.4 4.9
7 8 1.3
-1.8 9.6 3.7
-2.2 19.6 0.7
9.6 19.4 1.7
7.4 8.2 1.5
6.4 8.4 5.1
-2.4 18.4 5.1
3.2 7.2 1.1
0.2 21.4 0.3
-1.8 20.2 2.1
9.8 10.4 2.3
-3.4 17.4 0.3
-1.8 20.2 1.9
-3 17.6 4.7
0.2 21.6 2.5
3 7.4 0.1
9.8 10.4 1.7
-2.2 9.8 2.7
-2.4 10 2.3
-1.8 9.4 2.9
0.2 21.6 1.5
-3 17.4 4.9
-1.8 19.6 4.5
-2.4 10 1.7
9.2 19.6 0.3
2.6 7.2 2.3
2.6 7.2 2.3
-1.4 19.8 4.9
9.6 10.2 2.9
-3.4 16.4 4.7
8 8.8 3.7
2.6 7.2 1.7
2.6 7.2 1.7
-2.2 9.8 1.3
-2 20 2.1
-2 20 2.1
-2 20 1.9
-2 20 1.9
-1.8 9.6 0.3
-1.6 9.4 0.3
3 8 5.5
-1.8 9.4 1.1
-2.2 19 4.7
6.4 8 4.1
0.8 21.8 3.1
7.4 8.4 0.3
9.6 10.2 1.1
-1.8 20.2 2.3
-1.8 20 3.5
2.8 7.2 2.7
-1.8 20.2 1.7
8 8.6 2.7
7.8 8.6 3.5
6.6 7.8 2.7
1 21.8 0.5
-1.6 9.2 2.9
0.8 21.8 0.9
2.8 7.2 1.3
-2 19 5.1
8 8.8 0.3
0.6 21.8 1.7
6.8 8.4 4.7
9.6 10.6 4.1
8 8.6 1.3
-2 20 2.3
-2 20 2.3
6.6 7.8 1.3
0.4 21.6 3.3
-2 20 1.7
-2 20 1.7
-2 9.8 3.7
-2 9.6 1.1
3 7.2 2.9
-1.8 20 0.5
-1.8 20 0.5
-2.2 10.4 4.5
-1.6 9.2 1.1
-2.6 19.2 1.1
9.6 19.4 1.5
-2.8 18.8 0.7
7.8 8.6 0.5
9.8 10.4 2.5
7.8 9.6 5.7
6.4 7.8 0.7
2.2 7.4 0.5
2.2 7.4 0.5
0.6 21.6 0.3
-2.4 10 2.5
3 7.2 1.1
9.8 10.4 1.5
0.4 21.6 0.7
-2.8 19 1.7
2.6 7.2 2.5
8.2 8.8 3.1
-2.4 10 1.5
9.4 19.6 2.9
-2 19.8 3.5
-2 9.8 0.3
2.6 7.2 1.5
2.6 7.2 1.5
0.6 21 5.3
-1.8 20.2 2.5
7.8 20.2 5.3
-3 18.6 2.9
7.4 8.2 1.3
-1.6 9.8 4.7
9.4 19.6 1.1
2.4 7.4 3.7
0.2 21.6 2.7
8.2 8.8 0.9
-1.8 20.2 1.5
-2.2 19.8 2.1
3.4 7.2 3.1
2.6 7.6 4.5
-2.2 19.8 1.9
1.2 21.6 4.5
-2 19.8 0.5
7 8 2.9
9.2 19.8 3.1
-1.6 9.6 4.3
-3 18.6 1.1
0.2 21.6 1.3
2.8 7.4 0.1
2.8 7.4 0.1
-2 20 2.5
-2 20 2.5
-3 16.6 5.5
3.6 7.2 0.9
0.6 21.8 1.5
1 21.6 4.3
-2 20 1.5
-2 20 1.5
3.4 7.2 0.9
7 8 1.1
2.4 7.4 0.3
2.4 7.4 0.3
8.2 9 0.1
9.6 10.4 3.7
9.2 19.8 0.9
-1.8 10.4 5.3
-2.2 19.8 2.3
-2.2 9.8 2.9
-2.2 19.8 1.7
-2.8 19 1.5
-2.4 10.2 0.5
1.6 21.8 4.3
-2.6 10.4 3.3
-2.2 9.8 1.1
7.2 8.6 4.7
-3.4 17 4.3
2.4 7.2 2.1
2.4 7.2 2.1
2.4 7.2 1.9
2.4 7.2 1.9
9.6 10.4 0.3
9.8 10.4 2.7
9.6 19.4 1.3
2.8 7.2 2.9
3.2 7.2 0.9
8 8.6 2.9
-2.4 19 4.3
-2.4 10 2.7
6.6 7.8 2.9
6.8 8 0.5
-1.8 9.4 3.1
7 8.4 4.5
-2.6 10.4 0.7
9.8 10.4 1.3
2.6 7.2 2.7
9.8 10.6 3.5
9.6 10.2 3.1
-2.8 18.6 3.9
2.8 7.2 1.1
2.8 7.2 1.1
9.4 19.4 0.3
7.6 8.4 0.7
-2.4 10 1.3
-2.6 19 3.7
8 8.6 1.1
6.6 8 3.9
7.2 8.2 3.5
6.6 7.8 1.1
2.4 7.2 2.3
2.4 7.2 2.3
2.6 7.2 1.3
2.6 7.2 1.3
-3.4 17.6 0.5
7 8.2 0.1
7 8.2 0.1
2.4 7.2 1.7
2.4 7.2 1.7
-1.8 9.4 0.9
-1.8 20.2 2.7
0.8 21.6 4.1
-3.4 16.8 4.5
9.6 10.2 0.9
-2.2 19.8 2.5
1.2 21.8 0.1
9.8 10.6 0.5
-1.8 20.2 1.3
-1.8 20.2 1.3
-1.6 9.2 3.1
-2.2 19.8 1.5
7.2 8.2 0.5
7.2 8.2 0.5
-2.8 18.6 0.1
-2 20 2.7
-2 20 2.7
-2.6 19 0.3
-2.2 10 0.3
0.6 21.8 1.3
6.6 8 0.1
2.6 7.4 3.9
3 7.2 3.1
-2 9.6 0.9
0.8 21.8 3.3
-2 20 1.3
-2 20 1.3
-1.6 9.2 0.9
-2.2 19.6 0.5
-2.4 19.2 0.1
-2.6 19.2 0.9
0.2 21.6 2.9
-3.2 17.2 4.7
7.4 8.2 1.1
-2.6 18.6 4.5
3 7.2 0.9
7.6 8.6 4.1
9.4 19.6 3.1
-2.8 19 1.3
0.2 21.6 1.1
0.8 21.8 0.7
2.4 7.2 2.5
2.4 7.2 2.5
-3.4 18 2.1
2.6 7.4 0.1
2.6 7.4 0.1
-3.4 18 1.9
-2.4 19.6 2.1
-2.4 19.6 1.9
-3 18.6 3.1
2.4 7.2 1.5
2.4 7.2 1.5
9.4 19.6 0.9
-2.4 10.4 4.1
7 8 3.1
8.2 8.8 3.3
-3 18.6 0.9
9.2 19.6 3.9
0.4 21.6 3.5
-2.4 19.6 2.3
-3.4 18 1.7
-2.4 19.6 1.7
7 8 0.9
9.8 10.4 2.9
6.8 8.2 4.3
-1.8 20 3.7
-2.8 18.8 0.5
9.6 19.4 1.1
0.2 21.4 0.1
6.4 7.8 0.5
8.2 8.8 0.7
-2.4 10 2.9
-3.4 17.4 0.1
-2.2 9.8 3.1
3.4 7.2 3.3
7.8 8.6 3.7
2.6 7.2 2.9
9.2 19.8 3.3
1 21.8 0.3
0.4 21.6 0.5
9.8 10.4 1.1
-2.4 18.8 4.7
-2.2 19.8 1.3
9.2 19.6 0.1
10 10.6 2.1
8 8.8 3.9
3.6 7.2 0.7
10 10.6 1.9
-2.4 10 1.1
-2.2 9.8 0.9
-1.8 9.6 0.1
2.6 7.2 1.1
2.6 7.2 1.1
-1.6 9.4 0.1
-1.8 20.2 2.9
-1.8 20 0.3
-1.8 20 0.3
3.4 7.2 0.7
7.4 8.4 0.1
2.8 7.2 3.1
9.2 19.8 0.7
7.8 8.6 0.3
8 8.6 3.1
2.2 7.4 0.3
2.2 7.4 0.3
-1.8 20.2 1.1
-1.8 20.2 1.1
-2 20 2.9
-2 20 2.9
7.6 20.8 4.5
7.4 8.6 4.5
7.4 8.6 4.5
10 10.6 2.3
-2 19.8 3.7
8 8.8 0.1
2.8 7.2 0.9
2.8 7.2 0.9
2.4 7.2 2.7
0.6 21.8 1.1
10 10.6 1.7
8 8.6 0.9
-2.4 19.6 2.5
-2 9.8 3.9
6.6 7.8 0.9
-3.4 18 1.5
-2 20 1.1
-2 20 1.1
-2.4 19.6 1.5
2.4 7.2 1.3
2.4 7.2 1.3
2.2 7.2 2.1
2.2 7.2 2.1
2.2 7.2 1.9
2.2 7.2 1.9
3.2 7.2 0.7
6.8 7.8 2.1
6.8 7.8 1.9
0.6 21.6 0.1
-1.8 9.4 3.3
7.2 8 2.1
7.2 8 1.9
9.6 10.2 3.3
-2 19.8 0.3
-2.8 19 1.1
8.2 9.6 5.3
-2 9.8 0.1
6.4 8 4.3
-1.8 9.4 0.7
2.8 7.6 4.7
2.2 7.2 2.3
2.2 7.2 2.3
0.2 21.6 3.1
7.4 8.2 0.9
9.6 10.2 0.7
2.2 7.2 1.7
2.2 7.2 1.7
6.8 7.8 2.3
6.8 7.8 1.7
7.2 8 2.3
-1.6 9.2 3.3
-2.6 10.4 0.5
7.2 8 1.7
10 10.6 2.5
9.6 10.6 4.3
-2.6 10.2 1.3
-2.4 10.2 0.3
0.2 21.6 0.9
7.6 8.4 0.5
3 7.2 3.3
10 10.6 1.5
-3 18.8 2.1
-2 9.6 0.7
-3 18.8 1.9
9.6 10.4 3.9
2.4 7.4 0.1
2.4 7.4 0.1
-1.6 9.2 0.7
-2.6 19.2 0.7
6.8 8 0.3
-1.8 19.6 4.7
3 7.2 0.7
9.8 10.6 3.7
9.4 19.6 3.3
-2.2 19.8 1.1
7.2 8.2 3.7
-2.4 19.6 2.7
-3.4 17.6 0.3
-3 18.8 2.3
-3 18.6 3.3
-3.4 18 1.3
9.8 10.4 3.1
9.6 10.4 0.1
2.2 7.2 2.5
2.2 7.2 2.5
-3 18.8 1.7
-2.4 19.6 1.3
6.8 7.8 2.5
-2.4 10 3.1
9.4 19.6 0.7
9.6 19.4 0.9
2.2 7.2 1.5
2.2 7.2 1.5
7.2 8 2.5
2.6 7.2 3.1
9.8 10.6 0.3
7 8 3.3
6.8 7.8 1.5
9.2 20 2.1
9.2 20 1.9
3.6 7.8 5.3
9.8 10.4 0.9
7.2 8.2 0.3
7.2 8.2 0.3
7.2 8 1.5
-3.4 16.4 4.9
-3 18.6 0.7
-2.6 19 3.9
2.4 7.2 2.9
0.8 21.8 0.5
9.4 19.4 0.1
-2.4 10 0.9
6.6 8.4 5.1
3.4 7.8 5.3
-2.2 10.4 4.7
-1.8 20.2 3.1
2.6 7.2 0.9
2.6 7.2 0.9
7 8 0.7
8 20 5.5
-2.2 19.6 0.3
2.4 7.2 1.1
2.4 7.2 1.1
6.8 8.6 5.3
-2.2 9.8 3.3
9.2 20 2.3
-3 17.4 5.1
-1.6 9.6 4.5
-1.8 20.2 0.9
-1.8 20.2 0.9
-2 20 3.1
-2 20 3.1
10 10.6 2.7
-2.8 18.6 4.1
8.2 8.8 3.5
-1.4 19.8 5.1
9.2 20 1.7
6.8 8.4 4.9
-2.6 19 0.1
1 21.6 4.5
6.6 8 4.1
-2.2 10 0.1
0.6 21.8 0.9
-3 18.8 2.5
10 10.6 1.3
-2.2 9.8 0.7
6.4 8.4 5.3
-2.4 18.4 5.3
2.8 7.2 3.3
-2 20 0.9
-2 20 0.9
-3 18.8 1.5
8 8.6 3.3
3.4 7.2 3.5
8.2 8.8 0.5
1.2 21.6 4.7
9.2 19.8 3.5
-2.8 10.4 1.7
1.6 21.8 4.5
7.6 8.2 2.1
-2.6 10.2 1.1
0.4 21.6 3.7
7.6 8.2 1.9
-2.8 19 0.9
2.8 7.2 0.7
2.8 7.2 0.7
3.6 7.2 0.5
2.6 7.4 4.1
8 8.6 0.7
6.6 7.8 0.7
2.2 7.2 2.7
2.2 7.2 2.7
0.8 21.6 4.3
3.4 7.2 0.5
-1.6 9.8 4.9
6.8 7.8 2.7
-2.8 18.8 0.3
9.2 19.8 0.5
6.4 7.6 1.7
-2.4 19 4.5
6.4 7.8 0.3
7.2 8 2.7
9.6 10 1.5
2.2 7.2 1.3
2.2 7.2 1.3
6.8 7.8 1.3
-2 19 5.3
0.4 21.6 0.3
7.6 8.2 2.3
9.4 19.8 1.9
9.2 20 1.5
7.2 8 1.3
-2.4 19.6 2.9
7.6 8.2 1.7
-1.8 10.6 5.7
-1.8 20 3.9
0.2 21.6 3.3
-3.4 18 1.1
-2.4 19.6 1.1
7.4 8.2 0.7
7.8 8.6 3.9
3.2 7.2 0.5
-1.8 9.4 3.5
7.6 8.6 4.3
9.6 10.2 3.5
-2.8 10.4 1.5
1 21.8 0.1
9.2 19.6 4.1
9.4 19.8 1.7
-2.2 19.8 0.9
0.2 21.6 0.7
7.2 8.6 4.9
-3 18.8 2.7
-1.8 20 0.1
-1.8 20 0.1
-3.4 16.8 4.7
-1.8 9.4 0.5
-3 18.8 1.3
7.8 8.6 0.1
-2.4 10.4 4.3
9.6 10.2 0.5
6.4 7.6 1.5
8.2 8.6 1.7
2.2 7.4 0.1
2.2 7.4 0.1
-1.6 9.2 3.5
10 10.6 2.9
7.6 8.2 2.5
-2 19.8 3.9
8 8.8 4.1
2.4 7.2 3.1
3 7.2 3.5
7.6 8.2 1.5
-2.2 9.6 2.1
-2.2 9.6 1.9
0.6 21 5.5
10 10.6 1.1
9.8 10.4 3.3
-2 9.6 0.5
-2.6 18.6 4.7
-2.4 10 3.3
-1.6 9.2 0.5
2.4 7.2 0.9
2.4 7.2 0.9
-2.6 19.2 0.5
9.6 19.4 0.7
2.6 7.2 3.3
9.6 10 1.3
9.4 19.6 3.5
3 7.2 0.5
-2.6 10.4 0.3
-2 19.8 0.1
9.8 10.4 0.7
9.2 20 1.3
9.4 19.8 1.5
7.6 8.4 0.3
-2.2 9.6 2.3
-2.4 10 0.7
-1.8 20.2 3.3
2.2 7.2 2.9
2.2 7.2 2.9
-3 18.6 3.5
-2.2 9.6 1.7
2.6 7.2 0.7
2.6 7.2 0.7
6.8 7.8 2.9
-3.2 17.2 4.9
7.2 8 2.9
9.4 19.6 0.5
7 8 3.5
8.2 8.6 1.5
2.2 7.2 1.1
2.2 7.2 1.1
-2 20 3.3
-2 20 3.3
-1.8 20.2 0.7
-1.8 20.2 0.7
-2.8 10.4 1.3
6.8 7.8 1.1
9.8 10.2 2.1
-3 16.6 5.7
9.8 10.2 1.9
-2.4 10.2 0.1
-3 18.6 0.5
-2.6 10.2 0.9
7.2 8 1.1
0.6 21.8 0.7
-2 20 0.7
-2 20 0.7
7 8 0.5
-2.2 9.8 3.5
6.4 7.6 1.3
9.8 10.6 3.9
7.6 8.2 2.7
6.8 8 0.1
9.8 10.2 2.3
9.6 19.6 2.1
9.6 19.6 1.9
-2.4 19.6 3.1
7.2 8.2 3.9
9.8 10.2 1.7
0.8 21.8 0.3
-2.8 19 0.7
-2.2 9.6 2.5
-3 18.8 2.9
7.6 8.2 1.3
-3.4 17.6 0.1
-2.2 9.8 0.5
9.6 10.4 4.1
2.8 7.2 3.5
-2.2 9.6 1.5
-2.8 19.2 2.1
-3.4 18 0.9
8 8.6 3.5
-2.8 19.2 1.9
-2.4 19.6 0.9
-3 18.8 1.1
9.8 10.6 0.1
8.2 8.8 3.7
-2.4 18.8 4.9
7.6 20.8 4.7
9.6 19.6 2.3
7.4 8.6 4.7
7.4 8.6 4.7
7.2 8.2 0.1
7.2 8.2 0.1
9.6 19.6 1.7
9.4 19.8 1.3
2.8 7.2 0.5
2.8 7.2 0.5
-2.4 9.8 2.1
-2.4 9.8 1.9
8 8.6 0.5
6.6 7.8 0.5
-2 9.4 1.3
-2.8 19.2 1.7
-2.2 19.6 0.1
3.4 7.2 3.7
-1.8 9.2 1.3
8.2 8.8 0.3
9.2 19.8 3.7
9.6 10 1.1
8.2 8.6 1.3
-3.4 18.2 2.1
9.8 10.2 2.5
-3.4 18.2 1.9
9.6 10.6 4.5
-2.6 19 4.1
-2.2 19.8 0.7
9.2 20 1.1
9.8 10.2 1.5
-2.4 9.8 2.3
3.6 7.2 0.3
-2.4 9.8 1.7
0.2 21.6 3.5
10 10.6 0.9
3.4 7.2 0.3
9.2 19.8 0.3
7.4 8.2 0.5
-3.4 18.2 2.3
9.6 19.6 2.5
-3.4 18.2 1.7
2.4 7.2 3.3
-2.8 10.4 1.1
-2.2 9.6 2.7
9.6 19.6 1.5
0.2 21.6 0.5
2.2 7.2 3.1
2.2 7.2 3.1
2.8 7.6 4.9
0.4 21.8 1.1
6.8 7.8 3.1
-2.2 9.6 1.3
7.2 8 3.1
-2.8 19.2 1.5
-2.8 18.8 0.1
2.4 7.2 0.7
2.4 7.2 0.7
6.4 7.8 0.1
3.2 7.2 0.3
6.4 7.6 1.1
9.6 10.2 3.7
7.6 8.2 2.9
2.2 7.2 0.9
2.2 7.2 0.9
-2.8 18.6 4.3
-3.2 18.6 2.1
-3.2 18.6 1.9
6.8 7.8 0.9
0.4 21.6 0.1
6.6 8 4.3
-2.4 9.8 2.5
7.2 8 0.9
9.8 10.4 3.5
7.6 8.2 1.1
-2.4 9.8 1.5
-1.8 9.4 0.3
2.6 7.2 3.5
9.6 10.2 0.3
-1.6 9.2 3.7
9.6 19.4 0.5
-3.4 18.2 2.5
-1.8 19.6 4.9
9.8 10.2 2.7
-2 20.2 2.1
-2 20.2 1.9
-2 20.2 1.9
-3.2 18.6 2.3
-3.4 18.2 1.5
-3.2 18.6 1.7
9.8 10.4 0.5
3 7.2 3.7
-3 18.8 3.1
2.6 7.4 4.3
-2.6 10.2 0.7
9.8 10.2 1.3
9.4 19.8 1.1
-1.8 20.2 3.5
-1.8 20.4 2.1
-1.8 20.4 2.1
-2.4 10 0.5
-1.8 20.4 1.9
-1.8 20.4 1.9
7 7.8 2.1
2.6 7.2 0.5
2.6 7.2 0.5
-2 9.6 0.3
7 7.8 1.9
-2 9.4 1.1
7.8 8.6 4.1
-1.6 9.2 0.3
-1.8 9.2 1.1
-2.6 19.2 0.3
-3 18.8 0.9
-2 20.2 2.3
-2 20 3.5
-2 20 3.5
9.6 19.6 2.7
8.2 8.6 1.1
-2 20.2 1.7
-2 20.2 1.7
3 7.2 0.3
-1.8 20.2 0.5
-1.8 20.2 0.5
-2.4 19.6 3.3
1 21.6 4.7
8.2 9.6 5.5
-1.8 20.4 2.3
-1.8 20.4 2.3
9.6 19.6 1.3
-2.2 10.4 4.9
-3 18.6 3.7
0.6 21.8 0.5
-1.8 20.4 1.7
-1.8 20.4 1.7
0.8 21.6 4.5
7 7.8 2.3
-2.2 20 2.1
-2.2 20 2.1
-2.2 20 1.9
-2.2 20 1.9
7 7.8 1.7
-3.4 18 0.7
-2 20 0.5
-2 20 0.5
-2.4 19.6 0.7
-2.8 19.2 1.3
7 8 3.7
9.4 19.6 0.3
-3.2 18.6 2.5
9.6 10 0.9
-2 19.8 4.1
1.6 21.8 4.7
-3.4 16.4 5.1
-2.6 10.4 0.1
-2.4 9.8 2.7
-2.2 9.6 2.9
9.8 19.4 2.1
-3.2 18.6 1.5
9.8 19.4 1.9
-2.6 10 2.1
-3 18.6 0.3
9.2 20 0.9
-2.6 10 1.9
-2.8 19 0.5
7.6 8.4 0.1
-2.2 20 2.3
-2.2 20 2.3
-2.4 9.8 1.3
-2.2 20 1.7
-2.2 20 1.7
-2.2 9.8 3.7
-2.2 9.6 1.1
7 8 0.3
-2.4 19 4.7
7.4 8 2.1
7.4 8 1.9
-3.4 18.2 2.7
-2 20.2 2.5
1.2 21.6 4.9
7.6 8.6 4.5
6.8 8.4 5.1
-2 20.2 1.5
-2 20.2 1.5
9.8 19.4 2.3
-2.8 10.4 0.9
-3.4 18.2 1.3
-2.6 10 2.3
6.6 8.4 5.3
-1.8 20.4 2.5
-1.8 20.4 2.5
9.8 19.4 1.7
-2.6 10 1.7
6.6 7.6 2.1
6.6 7.6 1.9
7 7.8 2.5
2.8 7.2 3.7
10 10.4 2.1
-1.8 20.4 1.5
-1.8 20.4 1.5
-2.2 9.8 0.3
10 10.6 0.7
10 10.4 1.9
8 8.6 3.7
0.4 21.8 0.9
7.4 8 2.3
-2.4 10.4 4.5
7 7.8 1.5
7.4 8 1.7
7.6 8.2 3.1
9.8 10.2 2.9
-3 17.4 5.3
6.4 7.6 0.9
-1.4 19.8 5.3
3.6 7.8 5.5
-2.2 19.8 0.5
0.8 21.8 0.1
6.6 7.6 2.3
2.2 7.2 3.3
2.2 7.2 3.3
9.8 10.2 1.1
2.8 7.2 0.3
2.8 7.2 0.3
-2.2 20 2.5
-2.2 20 2.5
8 8.6 0.3
7.6 8.2 0.9
10 10.4 2.3
6.6 7.6 1.7
6.8 7.8 3.3
6.6 7.8 0.3
0.2 21.8 2.1
0.2 21.8 1.9
10 10.4 1.7
7.2 8 3.3
-2.2 20 1.5
-2.2 20 1.5
9.6 19.6 2.9
-3.2 18.6 2.7
9.8 10.6 4.1
8.2 8.8 3.9
2.2 7.2 0.7
2.2 7.2 0.7
2.4 7.2 3.5
9.8 19.4 2.5
-2.4 19.8 2.1
7.2 8.2 4.1
-2.6 10 2.5
-2.4 19.8 1.9
6.8 7.8 0.7
-3.2 18.6 1.3
9.8 19.4 1.5
7.2 8 0.7
9.4 19.8 0.9
9.6 19.6 1.1
-2.6 10 1.5
0.2 21.6 3.7
6.4 8.4 5.5
-2.4 18.4 5.5
0.2 21.8 2.3
-3.4 16.8 4.9
7.4 8 2.5
0.2 21.8 1.7
3.4 7.2 3.9
-2 9.4 0.9
-2 20.2 2.7
2.4 7.2 0.5
2.4 7.2 0.5
9.2 19.8 3.9
-1.8 9.2 0.9
-2.8 19.2 1.1
7.4 8.2 0.3
7.4 8 1.5
8.2 8.8 0.1
8.2 8.6 0.9
-2.4 19.8 2.3
-2 20.2 1.3
-2 20.2 1.3
-3 19 2.1
-2.4 19.8 1.7
-1.8 20.4 2.7
-1.8 20.4 2.7
-3 19 1.9
7.2 8.6 5.1
6.6 7.6 2.5
0.2 21.6 0.3
3.6 7.2 0.1
7 7.8 2.7
10 10.4 2.5
9.6 10.4 4.3
6.6 7.6 1.5
-2.6 18.6 4.9
-2.4 9.8 1.1
-1.8 20.4 1.3
-1.8 20.4 1.3
3.4 7.2 0.1
10 10.4 1.5
-3.4 18.2 2.9
7 7.8 1.3
9.2 19.8 0.1
-3 18.8 0.7
-2 19 5.5
-3 19 2.3
-2.2 9.6 3.1
-3.4 18.2 1.1
-3 19 1.7
-2.6 10.2 0.5
9.8 10.4 3.7
-2.2 20 2.7
0.2 21.8 2.5
-2.2 9.6 0.9
0.2 21.8 1.5
2.6 7.2 3.7
-2.2 20 1.3
-2.2 20 1.3
3.2 7.2 0.1
9.6 19.4 0.3
9.8 19.4 2.7
9.6 10 0.7
-2.4 19.6 3.5
4.4 7 2.1
4.4 7 1.9
9.8 10.4 0.3
-2.4 19.8 1.5
-1.8 20.2 3.7
9.2 20 0.7
9.8 19.4 1.3
-2.6 10 1.3
-2.4 10 0.3
7.4 8 2.7
2.6 7.2 0.3
2.6 7.2 0.3
-3.4 18 0.5
-1.8 9.4 0.1
-1.6 9.2 3.9
9.8 10.2 3.1
-2.4 19.6 0.5
-2 20 3.7
-3.2 18.6 2.9
9.6 10.2 0.1
7.4 8 1.3
4.4 7 2.3
-1.8 20.2 0.3
-1.8 20.2 0.3
3 7.2 3.9
-2.8 10.4 0.7
6.6 7.6 2.7
4.4 7 1.7
-3 19 1.5
-3.2 18.6 1.1
10 10.4 2.7
9.8 10.2 0.9
0.6 21.8 0.3
6.6 7.6 1.3
-2 9.6 0.1
0.4 21.8 0.7
10 10.4 1.3
-2 20.2 2.9
-2 20 0.3
-2 20 0.3
-1.6 9.2 0.1
7.6 8.2 3.3
9.6 19.6 3.1
-2.6 19.2 0.1
7.6 20.8 4.9
6.4 7.6 0.7
7.4 8.6 4.9
7.4 8.6 4.9
9.6 10.6 4.7
-1.8 20.4 2.9
-1.8 20.4 2.9
3 7.2 0.1
-2.8 10.2 2.1
-2 20.2 1.1
-2 20.2 1.1
-2.8 10.2 1.9
7 7.8 2.9
-2.8 19 0.3
0.2 21.8 2.7
0.6 21 5.7
9.6 19.6 0.9
7.6 8.2 0.7
10 10.6 0.5
-1.8 20.4 1.1
-1.8 20.4 1.1
-2.6 19.6 2.1
-2.6 19.6 1.9
0.2 21.8 1.3
7 8 3.9
7 7.8 1.1
9.4 19.6 0.1
-2.8 19.2 0.9
-2.8 18.6 4.5
-2.4 18.8 5.1
9.6 9.8 2.1
9.6 9.8 1.9
4.4 7 2.5
6.6 8 4.5
-2.8 10.2 2.3
-2.8 10.2 1.7
2.2 7.2 3.5
2.2 7.2 3.5
-2.4 19.8 1.3
-2.2 20 2.9
4.4 7 1.5
-3 18.6 0.1
9.4 19.8 0.7
6.8 7.8 3.5
-2.2 9.8 3.9
7.2 8 3.5
-2.4 9.8 0.9
-2.6 19.6 2.3
7.8 8.6 4.3
-3.4 18.2 3.1
7 8 0.1
-2.2 20 1.1
-2.2 20 1.1
-2.6 19.6 1.7
-2 9.4 0.7
-1.8 9.2 0.7
9.6 9.8 2.3
9.8 19.4 2.9
2.2 7.2 0.5
2.2 7.2 0.5
8.2 8.6 0.7
9.6 9.8 1.7
2.6 7.4 4.5
6.8 7.8 0.5
-3.4 18.2 0.9
-2.2 19.8 0.3
-3 19 1.3
7.2 8 0.5
2.8 7.2 3.9
9.8 19.4 1.1
-2.6 10 1.1
7.4 8 2.9
8 8.6 3.9
-2.2 9.8 0.1
3.6 22.6 2.1
3.6 22.6 1.9
2.4 7.2 3.7
7.4 8 1.1
-2 19.8 4.3
-2.2 9.6 3.3
-2.8 10.2 2.5
6.6 7.6 2.9
10 10.4 2.9
-2.8 10.2 1.5
2.8 7.2 0.1
2.8 7.2 0.1
2.8 7.6 5.1
8 8.6 0.1
-2.6 19.6 2.5
6.6 7.8 0.1
3.8 22.6 2.1
6.6 7.6 1.1
3.8 22.6 1.9
-2.2 9.6 0.7
10 10.4 1.1
-3.2 18.6 3.1
-2.6 19.6 1.5
3.6 22.6 2.3
2.4 7.2 0.3
2.4 7.2 0.3
9.6 9.8 2.5
-3 18.8 0.5
3.6 22.6 1.7
9.6 9.8 1.5
3.4 22.6 1.7
0.2 21.8 2.9
4.4 7 1.3
-3.2 18.6 0.9
0.2 21.6 3.9
0.8 21.6 4.7
3.8 22.6 2.3
-3.4 18.4 2.1
-2 20.2 3.1
-3.4 18.4 1.9
9.2 20.2 1.7
3.8 22.6 1.7
9.8 10.2 3.3
0.2 21.8 1.1
-1.8 19.6 5.1
8.2 8.8 4.1
7.4 8.2 0.1
10.2 10.6 2.1
10.2 10.6 1.9
9.6 10 0.5
-1.8 20.4 3.1
-1.8 20.4 3.1
1 21.6 4.9
-2 20.2 0.9
-2 20.2 0.9
7 7.8 3.1
-2.4 19.8 1.1
-2.6 10.2 0.3
0.2 21.6 0.1
9.2 20 0.5
4 22.6 2.1
4 22.6 1.9
9.8 10.2 0.7
3.2 22.6 1.7
-3.6 18 2.1
-3.4 18.4 2.3
3.4 7.2 4.1
-3.6 18 1.9
-1.8 20.4 0.9
-1.8 20.4 0.9
9.4 20 2.1
-3.4 18.4 1.7
9.4 20 1.9
9.2 19.8 4.1
9.6 19.6 3.3
3.6 22.6 2.5
7.6 8.6 4.7
7 7.8 0.9
9.8 10.6 4.3
10.2 10.6 2.3
-2.4 19.6 3.7
-2.8 10.2 2.7
1.6 21.8 4.9
10.2 10.6 1.7
3.6 22.6 1.5
4.6 7 1.5
-2.2 20 3.1
-2.8 10.4 0.5
9.8 10.4 3.9
3.4 22.6 1.5
4 22.6 2.3
-2.8 10.2 1.3
-3 19 1.1
9.6 19.6 0.7
-3.6 18 2.3
4 22.6 1.7
-2.6 19.6 2.7
3.8 22.6 2.5
-3.6 18 1.7
-2.4 10.4 4.7
9.4 20 2.3
3 22.6 2.1
0.4 21.8 0.5
3 22.6 1.9
-3.4 18 0.3
7.6 8.2 3.5
9.2 20.2 1.5
3.8 22.6 1.5
9.4 20 1.7
-2.2 20 0.9
-2.2 20 0.9
9.6 9.8 2.7
-2.6 19.6 1.3
-2.4 19.6 0.3
9.8 19.4 3.1
-2.8 19.2 0.7
9.6 19.4 0.1
6.4 7.6 0.5
9.6 9.8 1.3
-1.8 20.2 3.9
9.8 10.4 0.1
9.8 10 2.1
7.4 8 3.1
9.8 10 1.9
9.8 19.4 0.9
-2.4 10 0.1
-3.4 18.4 2.5
-2.6 10 0.9
7.6 8.2 0.5
3.2 22.6 1.5
3 22.6 2.3
-3.4 18.2 3.3
2.6 7.2 0.1
2.6 7.2 0.1
-2.4 9.8 0.7
-2 9.2 2.1
3 22.6 1.7
-2 20 3.9
-3.4 18.4 1.5
1.2 21.6 5.1
-2 9.2 1.9
10.2 10.6 2.5
7.4 8 0.9
10.2 10.6 1.5
6.6 7.6 3.1
-1.8 20.2 0.1
-1.8 20.2 0.1
10 10.4 3.1
4 22.6 2.5
7.2 7.8 2.1
-3.4 18.2 0.7
7.2 7.8 1.9
9.8 10 2.3
9.6 10.4 4.5
4.4 7 1.1
-3.6 18 2.5
9.4 19.8 0.5
9.8 10 1.7
4 22.6 1.5
0.6 21.8 0.1
9.4 20 2.5
10 10.6 0.3
4.8 7 2.1
6.6 7.6 0.9
-3.6 18 1.5
4.8 7 1.9
-2 9.2 2.3
-1.6 9.2 4.1
-3.2 18.8 2.1
3.6 22.6 2.7
-2 20 0.1
-2 20 0.1
-3.2 18.8 1.9
10 10.4 0.9
-2 9.4 0.5
9.4 20 1.5
-2 9.2 1.7
-1.8 9.2 0.5
6.8 8.4 5.3
3 7.2 4.1
3.6 22.6 1.3
4.6 7 1.3
6.8 7.6 2.1
8.2 8.6 0.5
8.2 9.6 5.7
6.8 7.6 1.9
2.2 7.2 3.7
2.2 7.2 3.7
7.2 7.8 2.3
0.2 21.8 3.1
3.4 22.6 1.3
6.8 7.8 3.7
7.2 7.8 1.7
-2.8 19 0.1
3.8 22.6 2.7
7.2 8 3.7
3 22.6 2.5
4.8 7 2.3
-3.2 18.8 2.3
-3.2 18.6 3.3
4.8 7 1.7
9.6 19.8 2.1
3 22.6 1.5
9.6 19.8 1.9
-3.2 18.8 1.7
0.2 21.8 0.9
9.2 20.2 1.3
3.8 22.6 1.3
2.8 22.6 2.1
-2.8 10.2 2.9
2.8 22.6 1.9
-2.2 9.6 3.5
6.8 7.6 2.3
2.2 7.2 0.3
2.2 7.2 0.3
6.6 8.4 5.5
6.8 7.6 1.7
6.8 7.8 0.3
9.8 10 2.5
-2.4 19.8 0.9
-3.2 18.6 0.7
-2.8 10.2 1.1
7.2 8 0.3
-3.4 16.8 5.1
-2.6 19.6 2.9
-3.4 18.4 2.7
9.8 10 1.5
3.2 22.6 1.3
-2 20.2 3.3
-2 9.2 2.5
7 8 4.1
9.6 19.8 2.3
10.2 10.6 2.7
9.6 9.8 2.9
-2.2 9.6 0.5
-3.4 18.4 1.3
-3 17.4 5.5
2.8 22.6 2.3
9.6 19.8 1.7
-2 9.2 1.5
-2.6 19.6 1.1
2.8 22.6 1.7
-1.8 20.4 3.3
-1.8 20.4 3.3
10.2 10.6 1.3
7.2 7.8 2.5
4 22.6 2.7
7 7.8 3.3
9.6 9.8 1.1
-2 20.2 0.7
-2 20.2 0.7
-2.2 19.8 0.1
-3.6 18 2.7
-2.8 19.4 1.5
7.2 7.8 1.5
-3 19 0.9
-2.6 18.6 5.1
-2.2 9.8 4.1
4.8 7 2.5
9.4 20 2.7
4 22.6 1.3
-3.2 18.8 2.5
-2.4 9.6 1.9
9.8 10.2 3.5
-1.8 20.4 0.7
-1.8 20.4 0.7
-3.6 18 1.3
4.8 7 1.5
-2.2 9.4 1.5
-3.2 18.8 1.5
7 7.8 0.7
9.4 20 1.3
2.4 7.2 3.9
3.6 7.8 5.7
-3 18.8 0.3
6.8 7.6 2.5
7.2 8.6 5.3
-2.2 20 3.3
6.8 7.6 1.5
2.8 7.2 4.1
8 8.6 4.1
7.6 8 2.1
9.8 10.2 0.5
3 22.6 2.7
7.6 8 1.9
3.6 22.6 2.9
-2.4 9.6 1.7
9.6 19.6 3.5
2.8 22.6 2.5
9.8 19.4 3.3
3 22.6 1.3
-2.2 20 0.7
-2.2 20 0.7
2.4 7.2 0.1
2.4 7.2 0.1
9.6 19.8 1.5
2.8 22.6 1.5
9.6 10 0.3
3.6 22.6 1.1
4.6 7 1.1
9.8 10 2.7
7.4 8 3.3
7.6 8 2.3
3.4 22.6 1.1
-2.4 18.4 5.7
3.8 22.6 2.9
9.2 20 0.3
4.4 7 0.9
9.6 19.6 0.5
9.8 19.4 0.7
7.6 8 1.7
-2.6 10 0.7
7.8 8.6 4.5
-2 9.2 2.7
9.8 10 1.3
-2.8 18.6 4.7
9.2 20.2 1.1
3.8 22.6 1.1
9.6 10.6 4.9
-2 9.2 1.3
-2.8 19.2 0.5
6.6 8 4.7
6.6 7.6 3.3
7.4 8 0.7
7.2 7.8 2.7
10 10.4 3.3
-2.8 10.4 0.3
-3.4 18.4 2.9
-2.6 10.2 0.1
-2.8 19.4 1.3
4.8 7 2.7
7.2 7.8 1.3
-3.2 18.8 2.7
-3.4 18.2 3.5
3.2 22.6 1.1
7.6 8.2 3.7
10.2 10.6 2.9
-2.4 9.8 0.5
0.4 21.8 0.3
6.6 7.6 0.7
-2.4 9.6 1.5
4.8 7 1.3
10 10.4 0.7
-3.4 18.4 1.1
-2.8 10.2 3.1
-2.2 9.4 1.3
7.6 20.8 5.1
-3.2 18.8 1.3
-2.4 19.6 3.9
-2 19.8 4.5
7.4 8.6 5.1
7.4 8.6 5.1
6.4 7.4 2.1
6.8 7.6 2.7
6.4 7.4 1.9
6.4 7.6 0.3
2.6 7.4 4.7
4 22.6 2.9
10.2 10.6 1.1
0.2 21.8 3.3
-3.6 18 2.9
6.8 7.6 1.3
7.6 8 2.5
-3.4 18.2 0.5
5 7 2.1
-2.6 19.6 3.1
5 7 1.9
-2.8 10.2 0.9
9.4 20 2.9
7.6 8.2 0.3
7.6 8 1.5
4 22.6 1.1
9.6 9.8 3.1
2.8 22.6 2.7
-3.6 18 1.1
-3.4 18 0.1
8.2 8.8 4.3
10 10.2 2.1
9.8 19.6 2.1
9.8 19.6 2.1
10 10.2 1.9
0.2 21.8 0.7
9.8 19.6 1.9
9.8 19.6 1.9
6.4 7.4 2.3
-2.4 19.6 0.1
9.4 20 1.1
-2.6 19.6 0.9
9.6 19.8 1.3
6.4 7.4 1.7
2.8 22.6 1.3
9.8 10.4 4.1
9.6 9.8 0.9
5 7 2.3
3 22.6 2.9
-2.4 19.8 0.7
5 7 1.7
9.4 19.8 0.3
3.4 7.2 4.3
-2.6 9.8 2.1
-2.6 9.8 1.9
-3.2 18.6 3.5
9.2 19.8 4.3
10 10.2 2.3
9.8 19.6 2.3
-2.4 18.8 5.3
-2 9.4 0.3
3 22.6 1.1
10 10.2 1.7
9.8 19.6 1.7
9.8 19.6 1.7
-1.8 9.2 0.3
-1.8 20.2 4.1
8.2 8.6 0.3
9.8 10 2.9
-3.2 18.6 0.5
-2.6 9.8 2.3
-3 19 0.7
-2 9.2 2.9
-2 20.2 3.5
-2 20.4 2.1
-2 20.4 2.1
3.6 22.6 3.1
-2.6 9.8 1.7
-2 20.4 1.9
-2 20.4 1.9
9.8 10 1.1
10 10.6 0.1
9.8 10.6 4.5
-3 19.2 2.1
-2.4 9.6 1.3
6.4 7.4 2.5
-3 19.2 1.9
-2.2 9.6 3.7
-1.8 20.4 3.5
-2 9.2 1.1
7.2 7.8 2.9
6.4 7.4 1.5
2.2 7.2 3.9
2.2 7.2 3.9
7 7.8 3.5
-2.2 20.2 2.1
3.6 22.6 0.9
4.6 7 0.9
-2.2 20.2 1.9
5 7 2.5
7.6 8 2.7
6.8 7.8 3.9
-2 20.2 0.5
-2 20.2 0.5
0.8 21.6 4.9
3.8 22.6 3.1
4.8 7 2.9
3.4 22.6 0.9
7.2 8 3.9
-2.8 19.4 1.1
-3.2 18.8 2.9
7.2 7.8 1.1
5 7 1.5
-2 20.4 2.3
-2 20.4 2.3
7.6 8 1.3
-2 20.4 1.7
-2 20.4 1.7
10 10.2 2.5
9.8 19.6 2.5
-1.8 20.4 0.5
-1.8 20.4 0.5
-3 19.2 2.3
-2.2 9.6 0.3
4.8 7 1.1
6.8 7.6 2.9
-3 19.2 1.7
9.2 20.2 0.9
3.8 22.6 0.9
-2.2 9.4 1.1
7 7.8 0.5
10 10.2 1.5
-3.2 18.8 1.1
9.8 19.6 1.5
9.8 19.6 1.5
-1.8 20.6 2.1
-1.8 20.6 2.1
-1.8 20.6 1.9
-1.8 20.6 1.9
-2.2 20.2 2.3
-2.2 20 3.5
2.2 7.2 0.1
2.2 7.2 0.1
-2.2 20.2 1.7
6.8 7.8 0.1
-3.4 18.4 3.1
6.8 7.6 1.1
2.8 7.6 5.3
-2.6 9.8 2.5
7.2 8 0.1
4.4 7 0.7
10.2 10.6 3.1
-1.6 9.2 4.3
2.8 22.6 2.9
-2.6 9.8 1.5
3.2 22.6 0.9
7.6 8.6 4.9
9.8 19.4 3.5
-2.2 20 0.5
-2.2 20 0.5
-3.4 18.4 0.9
-1.8 20.6 2.3
-1.8 20.6 2.3
9.6 19.8 1.1
3 7.2 4.3
1 21.6 5.1
4 22.6 3.1
-1.8 20.6 1.7
-1.8 20.6 1.7
2.8 22.6 1.1
10.2 10.6 0.9
7.4 8 3.5
-2 20.4 2.5
-2 20.4 2.5
9.8 10.2 0.3
9.8 19.4 0.5
-2.4 10.4 4.9
-2.6 10 0.5
9.6 19.6 3.7
4 22.6 0.9
-3 19.2 2.5
-2 20.4 1.5
-2 20.4 1.5
-2.4 20 2.1
6.4 7.4 2.7
-2.4 20 1.9
-2.4 20 1.9
-2.8 10.2 3.3
-3.6 18 0.9
1.6 21.8 5.1
-3 19.2 1.5
-3 18.8 0.1
6.6 7.6 3.5
9.4 20 0.9
-2.2 20.2 2.5
7.4 8 0.5
10 10.4 3.5
6.4 7.4 1.3
5 7 2.7
-2.2 20.2 1.5
-2.6 19.6 3.3
3 22.6 3.1
-2.8 10.2 0.7
9.6 19.6 0.3
5 7 1.3
7 8 4.3
10 10.2 2.7
9.6 9.8 3.3
9.8 19.6 2.7
-2.4 20 2.3
6.6 7.6 0.5
2.4 7.2 4.1
-2.4 20 1.7
-2.4 20 1.7
-2.4 9.6 1.1
10 10.4 0.5
-1.8 20.6 2.5
-1.8 20.6 2.5
3 22.6 0.9
10 10.2 1.3
-2.6 19.6 0.7
-2.8 19.2 0.3
9.8 19.6 1.3
9.8 19.6 1.3
0.2 21.8 3.5
9.6 10 0.1
-1.8 20.6 1.5
-1.8 20.6 1.5
-3.6 18.2 2.1
7.6 8 2.9
-3.6 18.2 1.9
9.6 9.8 0.7
-2.6 9.8 2.7
-2.2 9.8 4.3
9.2 20 0.1
-2 9.2 3.1
-3.4 18.2 3.7
7.6 8 1.1
9.8 10 0.9
-2.6 9.8 1.3
-2.4 9.8 0.3
0.2 21.8 0.5
7.2 7.8 3.1
-2 9.2 0.9
5.2 7 2.1
-3.6 18.2 2.3
5.2 7 1.9
2.8 7.2 4.3
-3.4 18.6 2.1
-3.4 18.6 2.1
-3.6 18.2 1.7
-2.8 10.4 0.1
-3.4 18.6 1.9
-3.4 18.6 1.9
4.8 7 3.1
8 8.6 4.3
-3.4 18.2 0.3
-2 20.4 2.7
-2 20.4 2.7
-3.2 18.8 3.1
-2.8 10 2.1
-2.4 19.8 0.5
-2.8 10 1.9
-2.8 19.4 0.9
7.2 7.8 0.9
7.6 8.2 3.9
-2.4 20 2.5
-3 19.2 2.7
1.2 21.6 5.3
0.4 21.8 0.1
-2 20.4 1.3
-2 20.4 1.3
6.8 7.6 3.1
10 19.4 2.1
-2.4 20 1.5
-2.4 20 1.5
4.8 7 0.9
10 19.4 1.9
-2.2 9.4 0.9
-2.2 20.2 2.7
-3 19.2 1.3
-3.2 18.8 0.9
5.2 7 2.3
6.4 7.6 0.1
5.2 7 1.7
-3.4 18.6 2.3
-3.4 18.6 2.3
3.6 22.6 0.7
4.6 7 0.7
3.8 22.6 3.3
-2.2 20.2 1.3
-3.4 18.6 1.7
-3.4 18.6 1.7
-2.8 10 2.3
6.8 7.6 0.9
3.4 22.6 0.7
-3 19 0.5
-2.8 10 1.7
-3.2 18.6 3.7
7.6 8.2 0.1
2.8 22.6 3.1
6.4 7.4 2.9
10 19.4 2.3
-1.8 20.6 2.7
-2.4 19.6 4.1
9.2 20.2 0.7
3.8 22.6 0.7
10 19.4 1.7
9.6 19.8 0.9
-3.6 18.2 2.5
6.4 7.4 1.1
2.8 22.6 0.9
-1.8 20.6 1.3
-1.8 20.6 1.3
-3.4 18.4 3.3
-3.6 18.2 1.5
-2.6 19.8 1.9
-2 20.2 3.7
-3.2 18.6 0.3
9.4 19.8 0.1
10.2 10.6 3.3
10 10.2 2.9
5 7 1.1
3.2 22.6 0.7
7 7.6 2.1
7 7.6 1.9
-1.8 20.4 3.7
6.8 8.4 5.5
-2 9.4 0.1
-3.4 18.4 0.7
-1.8 9.2 0.1
5.2 7 2.5
4 22.6 3.3
10 10.2 1.1
9.8 19.6 1.1
9.8 19.6 1.1
7 7.8 3.7
-3.4 18.6 2.5
-3.4 18.6 2.5
8.2 8.6 0.1
10.2 10.4 2.1
10.2 10.6 0.7
5.2 7 1.5
10.2 10.4 1.9
9.6 9.6 2.1
-2.6 9.8 2.9
9.6 9.6 1.9
-2.8 10 2.5
-2 20.2 0.3
-2 20.2 0.3
-2.6 19.8 1.7
-3.4 18.6 1.5
-3.4 18.6 1.5
7.8 8.6 4.7
4.4 7 0.5
-2.4 20 2.7
-2.8 10 1.5
4 22.6 0.7
10 19.4 2.5
-2.6 9.8 1.1
7 7.6 2.3
-1.8 20.4 0.3
-1.8 20.4 0.3
-3.6 18 0.7
-2.4 9.6 0.9
7 7.6 1.7
-2.4 20 1.3
-2.4 20 1.3
7 7.8 0.3
7.4 7.8 2.1
10 19.4 1.5
9.4 20 0.7
7.4 7.8 1.9
-2.2 20 3.7
9.8 10.4 4.3
7.6 8 3.1
10.2 10.4 2.3
9.6 9.6 2.3
3 22.6 3.3
10.2 10.4 1.7
-2 20.4 2.9
-2 20.4 2.9
9.6 9.6 1.7
-2.6 18.6 5.3
-3 19.2 2.9
9.8 19.4 3.7
8.2 8.8 4.5
7.6 8 0.9
-2.8 10.2 3.5
-2.8 18.6 4.9
-2 20.4 1.1
-2 20.4 1.1
-2.2 9.6 0.1
-2 19.8 4.7
-2.2 20.2 2.9
-2.2 20 0.3
-2.2 20 0.3
7.4 7.8 2.3
6.6 8 4.9
3 22.6 0.7
-3.6 18.2 2.7
-3 19.2 1.1
8.2 9.6 5.9
2.2 7.2 4.1
2.2 7.2 4.1
7.4 7.8 1.7
6.6 8.4 5.7
7.4 8 3.7
-2.6 19.6 3.5
-3.6 18.2 1.3
7.2 8 4.1
-2.2 20.2 1.1
-2.2 20.2 1.1
-2 9.2 3.3
3.4 7.2 4.5
-2.6 19.8 1.5
-2.8 10.2 0.5
9.6 9.8 3.5
9.8 19.4 0.3
9.2 19.8 4.5
-2.6 10 0.3
7 7.6 2.5
9.8 10 0.7
-3 17.4 5.7
9.6 10.6 5.1
6.6 7.6 3.7
7.2 7.8 3.3
5.2 7 2.7
7 7.6 1.5
2.6 7.4 4.9
10 10.4 3.7
-2.6 19.6 0.5
7.2 8.6 5.5
-2 9.2 0.7
10.2 10.4 2.5
-3.4 18.6 2.7
-3.4 18.6 2.7
7.4 8 0.3
9.6 9.6 2.5
-1.8 20.6 1.1
-1.8 20.6 1.1
-2.8 10 2.7
4.8 7 3.3
5.2 7 1.3
9.6 9.8 0.5
10.2 10.4 1.5
-3.2 19 2.1
-3.2 18.8 3.3
-3.2 19 1.9
9.6 9.6 1.5
-3.4 18.6 1.3
-3.4 18.6 1.3
9.8 10.2 0.1
-2.8 19.4 0.7
9.6 19.6 3.9
7.2 7.8 0.7
-2.8 10 1.3
6.4 7.4 3.1
6.6 7.4 2.1
6.6 7.4 1.9
10 19.4 2.7
6.8 7.6 3.3
6.6 7.6 0.3
7.4 7.8 2.5
10 10.4 0.3
4.8 7 0.7
-2.2 9.4 0.7
-3.2 18.8 0.7
0.2 21.8 3.7
10 19.4 1.3
7.4 7.8 1.5
6.4 7.4 0.9
-3.2 19 2.3
6.8 7.6 0.7
-3.2 19 1.7
-2.4 20 2.9
10 10.2 3.1
2.8 22.6 3.3
9.6 19.6 0.1
6.6 7.4 2.3
5 7 0.9
6.6 7.4 1.7
7.4 8.6 5.3
0.2 21.8 0.3
-2.4 20 1.1
-2.4 20 1.1
-2.8 19.2 0.1
10 10.2 0.9
9.6 19.8 0.7
9.8 19.6 0.9
9.8 19.6 0.9
3.8 22.6 3.5
2.8 22.6 0.7
-2.6 9.8 3.1
3.6 22.6 0.5
4.6 7 0.5
-3.4 18.2 3.9
-2.6 19.8 1.3
-2.4 19.8 0.3
3.4 22.6 0.5
-1.6 9.2 4.5
7 7.6 2.7
9.8 9.8 2.1
9.8 9.8 1.9
-2.4 9.8 0.1
-2.6 9.8 0.9
5.4 7 2.1
5.4 7 1.9
-3.6 18.2 2.9
9.2 20.2 0.5
3.8 22.6 0.5
7 7.6 1.3
10.2 10.4 2.7
9.6 9.6 2.7
-3.4 18.4 3.5
-3.2 19 2.5
-2 20.4 3.1
-2 20.4 3.1
9.4 20.2 2.1
9.4 20.2 1.9
10.2 10.4 1.3
-3.6 18.2 1.1
-3.4 18.2 0.1
9.6 9.6 1.3
10.2 10.6 3.5
-3.2 19 1.5
-3 19.2 3.1
6.6 7.4 2.5
-3 19 0.3
9.8 9.8 2.3
2.4 7.2 4.3
3.2 22.6 0.5
5.4 7 2.3
9.8 9.8 1.7
6.6 7.4 1.5
7.4 7.8 2.7
-2 20.4 0.9
-2 20.4 0.9
-2.2 20.2 3.1
5.2 7 2.9
5.4 7 1.7
-2.4 9.6 0.7
4 22.6 3.5
-3.4 18.4 0.5
-3.4 18.6 2.9
-3.4 18.6 2.9
7.6 8 3.3
-3 19.2 0.9
7.4 7.8 1.3
-2.8 10 2.9
0.8 21.6 5.1
9.4 20.2 2.3
10.2 10.6 0.5
5.2 7 1.1
9.4 20.2 1.7
-2.2 20.2 0.9
-2.2 20.2 0.9
-3.4 18.6 1.1
-3.4 18.6 1.1
-3.2 18.6 3.9
7 8 4.5
7.6 8.2 4.1
10 19.4 2.9
-2.8 10 1.1
4 22.6 0.5
7.6 8 0.7
-2.4 18.8 5.5
-3.6 18 0.5
9.4 20 0.5
10 19.4 1.1
3 22.6 3.5
-1.8 20.6 0.9
-1.8 20.6 0.9
-2.2 9.8 4.5
-3.2 18.6 0.1
9.8 9.8 2.5
4.4 7 0.3
7.6 8.6 5.1
5.4 7 2.5
-1.8 20.4 3.9
9.8 9.8 1.5
5.4 7 1.5
7 7.8 3.9
3 22.6 0.5
-2.8 19.6 1.5
2.8 7.2 4.5
-3.2 19 2.7
8 8.6 4.5
-2 9.2 3.5
-2 20.2 0.1
-2 20.2 0.1
-2.4 20 3.1
9.4 20.2 1.5
-2.4 10.4 5.1
6.6 7.4 2.7
-2.6 19.8 1.1
-3.2 19 1.3
6.4 7.4 3.3
-2.8 10.2 3.7
9.8 10 0.5
-2.4 19.6 4.3
-1.8 20.4 0.1
-1.8 20.4 0.1
6.6 7.4 1.3
7.2 7.8 3.5
1 21.6 5.3
-2.2 9.2 2.1
10.2 10.4 2.9
-2.2 20 3.9
7 7.8 0.1
-2.2 9.2 1.9
-2.4 20 0.9
-2.4 20 0.9
9.6 9.6 2.9
7 7.6 1.1
-2 9.2 0.5
-2.6 19.6 3.7
4.8 7 3.5
6.4 7.4 0.7
2.8 7.6 5.5
-3.2 18.8 3.5
10.2 10.4 1.1
10 10.2 3.3
9.6 9.8 3.7
9.6 9.6 1.1
-2.8 10.2 0.3
-2.8 19.4 0.5
9.8 19.4 3.9
7.2 7.8 0.5
6.8 7.6 3.5
5 7 0.7
1.6 21.8 5.3
-3.6 18.2 3.1
-2.2 9.2 2.3
-2.2 20 0.1
-2.2 20 0.1
4.8 7 0.5
-2.2 9.4 0.5
-2.2 9.2 1.7
-2.6 19.6 0.3
-3.2 18.8 0.5
10 10.2 0.7
9.8 19.6 0.7
9.8 19.6 0.7
7.4 8 3.9
-2.6 9.8 3.3
7.4 7.8 1.1
9.6 9.8 0.3
4.4 6.8 2.1
-3.6 18.2 0.9
4.4 6.8 1.9
6.8 7.6 0.5
2.8 22.6 3.5
9.8 9.8 2.7
9.8 19.4 0.1
5.4 7 2.7
-2.6 10 0.1
5.2 7 3.1
6.6 7.6 3.9
-2.6 9.8 0.7
9.8 9.8 1.3
-2.4 9.4 2.1
-2.4 9.4 1.9
10 10.4 3.9
-3.4 18.6 3.1
-3.4 18.6 3.1
5.4 7 1.3
-2.8 19.6 1.3
9.6 19.8 0.5
-2.8 10 3.1
7.4 8 0.1
-2 20.4 3.3
-2 20.4 3.3
2.8 22.6 0.5
4.4 6.8 2.3
5.2 7 0.9
-3 19.2 3.3
4.4 6.8 1.7
9.4 20.2 1.3
9.6 20 1.5
-3.4 18.6 0.9
-3.4 18.6 0.9
10 19.4 3.1
10.4 10.6 2.1
10.4 10.6 1.9
-2.8 10 0.9
-2.2 20.2 3.3
-2.4 9.4 2.3
6.6 7.6 0.1
-2.2 9.2 2.5
-2 20.4 0.7
-2 20.4 0.7
10 10.4 0.1
-2.4 9.4 1.7
0.2 21.8 3.9
2.2 7.2 4.3
2.2 7.2 4.3
9.8 10.4 4.5
10 10 2.1
6 22.4 2.1
-2.2 9.2 1.5
-3 19.2 0.7
-3.2 19 2.9
10 10 1.9
6 22.4 1.9
3.8 22.6 3.7
10 19.4 0.9
3.6 22.6 0.3
4.6 7 0.3
7.2 8 4.3
6.6 7.4 2.9
-2.2 20.2 0.7
-2.2 20.2 0.7
9.6 19.6 4.1
10.4 10.6 2.3
3.4 22.6 0.3
-3.2 19 1.1
10.4 10.6 1.7
-3.6 18.4 1.9
6.6 7.4 1.1
-2.4 9.6 0.5
0.2 21.8 0.1
10 10 2.3
6 22.4 2.3
9.2 20.2 0.3
3.8 22.6 0.3
-3.4 18.4 3.7
10 10 1.7
6 22.4 1.7
4.4 6.8 2.5
-1.8 20.6 0.7
-1.8 20.6 0.7
7.8 8.6 4.9
-3 19.4 2.1
10.2 10.6 3.7
9.8 19.8 2.1
-3 19.4 1.9
9.8 19.8 1.9
9.8 19.8 1.9
-2.4 19.8 0.1
4.4 6.8 1.5
-2.6 19.8 0.9
8.2 8.8 4.7
7.6 8 0.5
3.2 22.6 0.3
4 22.6 3.7
10.2 10.4 3.1
-3.6 18.4 1.7
9.6 9.6 3.1
-2.4 9.4 1.5
-3.4 18.4 0.3
7 7.6 0.9
10.2 10.6 0.3
3.4 7.2 4.7
-3.4 18.2 4.1
-3 19.4 2.3
-2.4 20 3.3
9.8 19.8 2.3
9.8 9.8 2.9
10.2 10.4 0.9
10.4 10.6 2.5
9.2 19.8 4.7
-3 19.4 1.7
9.6 9.6 0.9
9.8 19.8 1.7
9.8 19.8 1.7
5.6 7 2.1
9.6 20 1.3
5.4 7 2.9
-3 19 0.1
5.6 7 1.9
-3.8 18 2.1
10.4 10.6 1.5
-3.8 18 1.9
-2 19.8 4.9
4 22.6 0.3
-2.2 9.2 2.7
-2.6 9.6 2.1
-2.6 9.6 1.9
9.8 9.8 1.1
-3.6 18 0.3
10 10 2.5
6 22.4 2.5
-2.4 20 0.7
-2.4 20 0.7
5.4 7 1.1
9.4 20 0.3
-2.8 19.6 1.1
-2.2 9.2 1.3
4.6 6.8 2.1
3 22.6 3.7
4.6 6.8 1.9
10 10 1.5
6 22.4 1.5
7.4 7.8 0.9
5.6 7 2.3
6.4 7.4 3.5
9.4 20.2 1.1
5.6 7 1.7
-3.8 18 2.3
-2.8 18.6 5.1
-2.6 9.6 2.3
-3.8 18 1.7
-3.6 18.2 3.3
6.6 8 5.1
-2.6 9.6 1.7
-3.4 18.8 2.1
-3.4 18.8 2.1
-3.4 18.8 1.9
-3.4 18.8 1.9
-3.6 18.4 1.5
3 22.6 0.3
4.6 6.8 2.3
4.4 6.8 2.7
4.6 6.8 1.7
-2 9.2 3.7
6.4 7.4 0.5
-3 19.4 2.5
9.8 19.8 2.5
-3.2 18.6 4.1
-3.6 18.2 0.7
7.2 7.6 2.1
-3 19.4 1.5
7.2 7.6 1.9
9.8 19.8 1.5
9.8 19.8 1.5
4.4 7 0.1
4.4 6.8 1.3
5 7 0.5
5.2 7 3.3
7.2 7.8 3.7
9.8 10 0.3
6.8 8.4 5.7
-3.4 18.8 2.3
-3.4 18.8 2.3
-3.4 18.6 3.3
2.6 7.4 5.1
-3.4 18.8 1.7
-3.4 18.8 1.7
-3.2 19 3.1
-2.4 9.4 1.3
-2.8 10 3.3
-2.6 9.8 3.5
-2 9.2 0.3
10 10.2 0.5
9.8 19.6 0.5
9.8 19.6 0.5
-3.2 18.8 3.7
-2.6 18.6 5.5
6.6 7.4 3.1
5.2 7 0.7
10.4 10.6 2.7
5.6 7 2.5
7.6 8.2 4.3
7.2 7.6 2.3
-1.6 9.2 4.7
10 19.4 3.3
-3.4 18.6 0.7
-3.4 18.6 0.7
-3.8 18 2.5
-2.8 10.2 3.9
7.2 7.6 1.7
-2.8 19.4 0.3
-3.2 19 0.9
7.2 7.8 0.3
2.4 7.2 4.5
-2.6 9.6 2.5
5.6 7 1.5
-1.8 20.4 4.1
-2.8 10 0.7
9.6 10.6 5.3
10.4 10.6 1.3
-3.8 18 1.5
-2.6 9.8 0.5
10 10 2.7
6 22.4 2.7
6.6 7.4 0.9
7 7.8 4.1
-2.6 9.6 1.5
4.8 7 0.3
4.6 6.8 2.5
-2.2 9.4 0.3
-2.6 19.6 3.9
-3.2 18.8 0.3
-2 20.4 3.5
-2 20.4 3.5
10 19.4 0.7
10 10 1.3
6 22.4 1.3
4.6 6.8 1.5
-3 19.2 3.5
2.8 22.6 3.7
9.6 9.8 3.9
6.8 7.6 0.3
-2.8 10.2 0.1
9.6 20 1.1
-2.2 9.2 2.9
-2.2 20.2 3.5
-2.2 20.4 2.1
-2.2 20.4 2.1
-3.4 18.8 2.5
-3.4 18.8 2.5
-2.2 20.4 1.9
-2.2 20.4 1.9
-2.2 20 4.1
-2 20.4 0.5
-2 20.4 0.5
-3.6 18.4 1.3
-3.4 18.8 1.5
-3.4 18.8 1.5
-2.6 19.6 0.1
9.6 19.8 0.3
-3 19.2 0.5
-2.2 9.2 1.1
-2 20.6 2.1
-2 20.6 1.9
-3 19.4 2.7
9.8 19.8 2.7
2.8 22.6 0.3
9.8 9.8 3.1
9.6 9.8 0.1
7.2 7.6 2.5
7 8 4.7
-2.2 20.2 0.5
-2.2 20.2 0.5
5.4 7 3.1
9.8 19.4 4.1
-2.6 19.8 0.7
-3 19.4 1.3
9.8 19.8 1.3
9.8 19.8 1.3
7.2 7.6 1.5
7.6 7.8 2.1
-2.2 20.4 2.3
-2.2 20.4 2.3
7.6 7.8 1.9
10.2 10.4 3.3
-2.2 20.4 1.7
-2.2 20.4 1.7
9.6 9.6 3.3
9.8 9.8 0.9
7.4 8 4.1
5.4 7 0.9
-2 20.6 2.3
7 7.6 0.7
-2.8 19.6 0.9
4.4 6.8 2.9
-2.2 9.8 4.7
-2 20.6 1.7
-2 20.6 1.7
-2.4 20.2 2.1
-2.4 20.2 2.1
-1.8 20.6 0.5
-1.8 20.6 0.5
5.6 7 2.7
-2.4 20.2 1.9
-2.4 20.2 1.9
10 19.6 2.1
10 19.6 2.1
10.2 10.4 0.7
-3.8 18 2.7
10 19.6 1.9
10 19.6 1.9
9.6 9.6 0.7
9.4 20.2 0.9
7.6 7.8 2.3
4.4 6.8 1.1
-3 17.4 5.9
-2.4 19.6 4.5
5.6 7 1.3
7.4 8.6 5.5
6.6 7.6 4.1
7.6 7.8 1.7
4.8 6.8 2.1
10 10.4 4.1
-3.8 18 1.3
4.8 6.8 1.9
4.6 6.8 2.7
-2.6 9.6 1.3
-2.4 9.6 0.3
3.8 22.6 3.9
2.8 7.2 4.7
-2.4 9.4 1.1
8 8.6 4.7
-2.4 20.2 2.3
7.4 7.8 0.7
-2.4 20 3.5
3.6 22.6 0.1
4.6 7 0.1
4.6 6.8 1.3
10.4 10.6 2.9
10 19.6 2.3
10 19.6 2.3
-2.4 20.2 1.7
-2.4 20.2 1.7
10.2 10.2 2.1
10.2 10.2 1.9
3.4 22.6 0.1
10 19.6 1.7
10 19.6 1.7
-1.8 20.8 2.1
-1.8 20.8 1.9
-2.2 20.4 2.5
-3.4 18.8 2.7
-3.4 18.8 2.7
7.6 8 0.3
10.4 10.6 1.1
10 10 2.9
6 22.4 2.9
0.2 21.8 4.1
-2.2 20.4 1.5
-2.2 20.4 1.5
4.8 6.8 1.7
9.2 20.2 0.1
3.8 22.6 0.1
-3.4 18.4 3.9
-2 20.6 2.5
-2.4 20 0.5
-2.4 20 0.5
-3.4 18.8 1.3
-3.4 18.8 1.3
0.8 21.6 5.3
10 10 1.1
6 22.4 1.1
-2 20.6 1.5
-2 20.6 1.5
10.2 10.6 3.9
7.2 7.6 2.7
10.2 10.2 2.3
-1.8 20.8 2.3
7.6 7.8 2.5
10.2 10.2 1.7
-1.8 20.8 1.7
7.2 7.6 1.3
-3.6 18.2 3.5
4 22.6 3.9
3.2 22.6 0.1
7.6 7.8 1.5
-3.2 19 3.3
-3.6 18.4 1.1
-3.4 18.4 0.1
-3 19.4 2.9
9.8 19.8 2.9
-2.4 20.2 2.5
6.6 7.4 3.3
10.2 10.6 0.1
10 19.6 2.5
10 19.6 2.5
9.6 19.6 4.3
6.4 7.4 3.7
-2.4 20.2 1.5
-2.4 20.2 1.5
-3.6 18.2 0.5
10 19.6 1.5
10 19.6 1.5
-2.2 9.2 3.1
9.6 20 0.9
-3 19.4 1.1
5.2 7 3.5
-3.2 19 0.7
9.8 19.8 1.1
9.8 19.8 1.1
4 22.6 0.1
-3.4 18.6 3.5
-2.8 9.8 1.5
2.2 7.2 4.5
2.2 7.2 4.5
-3.6 18 0.1
6.6 7.4 0.7
-3.2 19.2 2.1
-2.8 10 3.5
4.8 6.8 1.5
-3.2 19.2 1.9
9.4 20 0.1
-2.2 9.2 0.9
7.2 8 4.5
5.6 7 2.9
6.4 7.4 0.3
10.2 10.2 2.5
-2.4 10.4 5.3
5.2 7 0.5
-3.8 18 2.9
-1.8 20.8 2.5
6.8 7.4 1.3
-2.2 20.4 2.7
10.2 10.2 1.5
-3.4 18.6 0.5
-3.4 18.6 0.5
-1.8 20.8 1.5
5 7 0.3
5.6 7 1.1
6.2 22.4 2.1
-2.8 10 0.5
6.2 22.4 1.9
4.6 6.8 2.9
-3.2 19.2 2.3
-3.8 18 1.1
-2.2 20.4 1.3
-2.2 20.4 1.3
9.8 10.4 4.7
-2 20.6 2.7
-2.6 9.8 3.7
-2.6 9.6 1.1
3 22.6 0.1
-3.2 19.2 1.7
4.4 6.8 3.1
-2 9.2 3.9
10 10.2 0.3
9.8 19.6 0.3
9.8 19.6 0.3
10 19.4 0.5
-3.4 18.2 4.3
9.8 9.8 3.3
4.6 6.8 1.1
-2 20.6 1.3
-2 20.6 1.3
5.4 7 3.3
7.6 7.8 2.7
9.6 9.4 1.9
-3.4 18.8 2.9
-3.4 18.8 2.9
4.4 6.8 0.9
6.2 22.4 2.3
9.8 10 0.1
1 21.6 5.5
7.6 7.8 1.3
6.2 22.4 1.7
-2.6 9.8 0.3
9.8 9.8 0.7
-2 20.4 3.7
-2 20.4 3.7
-3.4 18.8 1.1
-3.4 18.8 1.1
5.4 7 0.7
-2.4 9.4 0.9
-3.2 18.8 3.9
-2 9.2 0.1
-2.4 20.2 2.7
-2.8 19.6 0.7
7.2 7.6 2.9
10.4 10.6 3.1
-3 19.2 3.7
10 19.6 2.7
10 19.6 2.7
-2.4 20.2 1.3
-2.4 20.2 1.3
9.6 9.4 1.7
9.4 20.2 0.7
-2.6 19.8 0.5
-2.2 20.2 3.7
-2.8 19.4 0.1
10 19.6 1.3
10 19.6 1.3
7.2 7.8 0.1
1.6 21.8 5.5
7.2 7.6 1.1
10 10 3.1
6 22.4 3.1
9.6 9.6 3.5
-3.2 19.2 2.5
10.4 10.6 0.9
-2.8 9.8 1.3
-2 20.4 0.3
-2 20.4 0.3
4.8 7 0.1
4.8 6.8 1.3
-2.2 9.4 0.1
-3.2 19.2 1.5
-3.2 18.8 0.1
7 7.6 0.5
2.8 7.6 5.7
-3 19.2 0.3
10.2 10.2 2.7
2.8 22.6 3.9
10 10 0.9
6 22.4 0.9
-3.2 18.6 4.3
-1.8 20.8 2.7
-2.8 10.2 4.1
6.8 7.6 0.1
-2.2 20.2 0.3
-2.2 20.2 0.3
8.2 8.8 4.9
10.2 10.4 0.5
9.6 9.6 0.5
10.2 10.2 1.3
6.2 22.4 2.5
-1.8 20.8 1.3
6.2 22.4 1.5
-2.6 19.6 4.1
-3.6 18.4 0.9
-3 19.4 3.1
9.8 19.8 3.1
9.6 19.8 0.1
3.4 7.2 4.9
2.8 22.6 0.1
7.8 8.6 5.1
7.4 7.8 0.5
9.6 9.8 4.1
-1.8 20.6 0.3
-1.8 20.6 0.3
9.2 19.8 4.9
-2.2 20.4 2.9
6.8 7.4 1.1
-1.8 20.4 4.3
9.6 9.4 1.5
-3 19.4 0.9
9.8 19.8 0.9
9.8 19.8 0.9
7 7.8 4.3
-2 20.6 2.9
-2.2 20.4 1.1
-2.2 20.4 1.1
5.6 7 3.1
7.6 8.2 4.5
-3.8 18 3.1
-2 20.6 1.1
-2 20.6 1.1
7.6 7.8 2.9
-2.8 19.8 2.1
-2.8 19.8 1.9
-2.2 9.2 3.3
-2 19.8 5.1
9.6 20 0.7
-3.2 19.2 2.7
-2.2 20 4.3
5.6 7 0.9
4.6 6.8 3.1
7.6 7.8 1.1
-3.2 19 3.5
9.8 9.6 2.1
9.8 9.6 1.9
-3.8 18 0.9
-2.4 9.6 0.1
-2.6 9.6 0.9
-2.4 20.2 2.9
-2.4 20 0.3
-2.4 20 0.3
-3.2 19.2 1.3
6.6 7.4 3.5
10 19.6 2.9
10 19.6 2.9
-2.2 9.2 0.7
4.6 6.8 0.9
9.8 19.4 4.3
-2.4 20.2 1.1
-2.4 20.2 1.1
-2.8 19.8 1.7
2.4 7.2 4.7
-3.4 18.8 3.1
-3.4 18.8 3.1
6.2 22.4 2.7
-3.6 18.2 3.7
-3.2 19 0.5
10 19.6 1.1
10 19.6 1.1
7.6 8 0.1
9.8 9.6 2.3
-2.8 9.8 1.1
6.2 22.4 1.3
6.6 7.4 0.5
7.4 8 4.3
9.8 9.6 1.7
4.4 6.8 3.3
4.8 6.8 1.1
-3.4 18.8 0.9
-3.4 18.8 0.9
7.2 7.6 3.1
10.2 10.2 2.9
-3.8 18.2 2.1
-1.8 20.8 2.9
-1.6 9.2 4.9
-3.8 18.2 1.9
-3.6 18.6 2.1
-3.6 18.6 1.9
-3.6 18.2 0.3
-2.8 18.6 5.3
6.6 7.6 4.3
10.2 10.2 1.1
9.6 9.4 1.3
4.4 6.8 0.7
-3.4 18.6 3.7
7.2 7.6 0.9
10 10.4 4.3
-1.8 20.8 1.1
-2.8 10 3.7
-3.4 18.4 4.1
-2.4 9.4 0.7
9.8 9.8 3.5
10.2 10.6 4.1
-3.8 18.2 2.3
5.4 7 3.5
-3.8 18.2 1.7
5.2 7 0.3
-3.6 18.6 1.7
-2.8 19.8 1.5
-3.4 18.6 0.3
-3.4 18.6 0.3
10 10 3.3
6 22.4 3.3
4 22.6 4.1
9.8 9.6 2.5
0.2 21.8 4.3
-2.8 10 0.3
2.6 7.4 5.3
10.4 10.6 0.7
9.8 9.8 0.5
9.8 9.6 1.5
5.4 7 0.5
-2.8 19.6 0.5
10 19.4 0.3
6.4 7.4 0.1
7 8 4.9
10 10 0.7
6 22.4 0.7
-2.2 20.4 3.1
-2.4 19.6 4.7
6.8 7.4 0.9
9.4 20.2 0.5
-3.2 19.2 2.9
5 7 0.1
5 6.8 1.3
-2 20.6 3.1
-2.6 9.8 3.9
-2.2 20.4 0.9
-2.2 20.4 0.9
-3 19.4 3.3
9.8 19.8 3.3
-3.6 18.4 0.7
-2.6 20 1.1
-2.2 9.8 4.9
-3.2 19.2 1.1
10 10.2 0.1
-3.8 18.2 2.5
9.8 19.6 0.1
9.8 19.6 0.1
7.6 7.8 3.1
-2 20.6 0.9
-2 20.6 0.9
-3.8 18.2 1.5
6.2 22.4 2.9
-3.6 18.6 1.5
9.6 10.6 5.5
-2.6 19.8 0.3
-3 19.4 0.7
9.8 19.8 0.7
9.8 19.8 0.7
9.6 9.6 3.7
-2.6 9.8 0.1
7.6 7.8 0.9
-2 20.4 3.9
-2 20.4 3.9
2.8 7.2 4.9
6.2 22.4 1.1
-2.4 20.2 3.1
7 7.4 2.1
-2 9.2 4.1
8 8.6 4.9
7 7.4 1.9
5.6 7 3.3
10 19.6 3.1
10 19.6 3.1
7 7.6 0.3
7.4 7.6 2.1
-3 19.2 3.9
7.4 7.6 1.9
5.2 6.8 2.1
9.6 19.6 4.5
-3.8 18 3.3
5.2 6.8 1.9
10.2 10.4 0.3
-2.2 20.2 3.9
-2.4 20.2 0.9
-2.4 20.2 0.9
9.6 9.6 0.3
-2.8 19.8 1.3
6.8 8.4 5.9
9.6 9.4 1.1
9.8 9.6 2.7
10 19.6 0.9
10 19.6 0.9
4.6 6.8 3.3
5.6 7 0.7
-2.8 9.8 0.9
-2 20.4 0.1
-2 20.4 0.1
7 7.4 2.3
-3.8 18 0.7
-3.2 18.8 4.1
-2.6 9.6 0.7
9.8 9.6 1.3
4.8 6.8 0.9
7 7.4 1.7
7.4 7.6 2.3
10.2 10.2 3.1
-3 19.2 0.1
5.2 6.8 2.3
-1.8 20.8 3.1
7.4 7.6 1.7
10 9.8 2.1
7.4 7.8 0.3
10 9.8 1.9
5.2 6.8 1.7
4.6 6.8 0.7
-2.2 9.2 3.5
-3.4 19 2.1
-3.4 18.8 3.3
-2.2 20.2 0.1
-2.2 20.2 0.1
-3.4 19 1.9
9.6 20 0.5
10.2 10.2 0.9
2.2 7.2 4.7
2.2 7.2 4.7
-1.8 20.8 0.9
-3 19.6 2.1
-3 19.6 1.9
7.2 8 4.7
7.2 7.6 3.3
-3.4 18.2 4.5
-3.4 18.8 0.7
-3.4 18.8 0.7
2.8 22.6 4.1
10 9.8 2.3
-2.2 9.2 0.5
-1.8 20.6 0.1
-1.8 20.6 0.1
10 9.8 1.7
-3.4 19 2.3
-3.8 18.2 1.3
-3.4 19 1.7
-3.6 18.6 1.3
7.2 7.6 0.7
5 6.8 1.1
7 7.4 2.5
4.4 6.8 3.5
-3 19.6 2.3
7.4 7.6 2.5
-2.4 9.2 2.1
-3 19.6 1.7
6.6 7.4 3.7
-2.4 9.2 1.9
7 7.4 1.5
5.2 6.8 2.5
7.4 7.6 1.5
-2.8 10.2 4.3
5.2 6.8 1.5
6.4 22.4 2.1
6.4 22.4 1.9
-0.2 22 2.1
-0.2 22 1.9
-3.2 19.2 3.1
-3.2 19 0.3
4.4 6.8 0.5
9.8 10.4 4.9
-2.6 19.6 4.3
6.6 7.4 0.3
9.8 20 2.1
9.8 20 2.1
-2.4 9.2 2.3
9.8 20 1.9
9.8 20 1.9
-2.4 20 0.1
-2.4 20 0.1
-2.6 20 0.9
-2.4 9.4 0.5
10 9.8 2.5
-2.4 9.2 1.7
-3.2 19.2 0.9
9.6 9.8 4.3
-3.2 18.6 4.5
-2.2 20.4 3.3
-3.4 19 2.5
6.4 22.4 2.3
10 9.8 1.5
6.2 22.4 3.1
-0.2 22 2.3
-3.6 18.2 3.9
6.4 22.4 1.7
10 10 3.5
6 22.4 3.5
6.8 7.4 0.7
-3.4 19 1.5
-0.2 22 1.7
9.8 9.6 2.9
-2.8 19.8 1.1
-2 20.6 3.3
-3 19.6 2.5
10.4 10.6 0.5
9.8 20 2.3
9.8 20 2.3
6.2 22.4 0.9
-2.2 20.4 0.7
-2.2 20.4 0.7
9.8 20 1.7
9.8 20 1.7
9.8 9.8 3.7
9.8 9.6 1.1
-3 19.6 1.5
7.6 7.8 3.3
5.4 7 3.7
10 10 0.5
6 22.4 0.5
-2 20.6 0.7
-2 20.6 0.7
-1.8 20.4 4.5
-3.6 18.2 0.1
-3.4 18.6 3.9
7 7.8 4.5
9.6 9.4 0.9
-2.8 10 3.9
7 7.4 2.7
-2.4 20.2 3.3
-3 19.4 3.5
7.6 7.8 0.7
9.8 19.8 3.5
-2.4 9.2 2.5
9.8 9.8 0.3
7.4 7.6 2.7
-2.6 9.4 2.1
-2.6 9.4 1.9
10 19.6 3.3
10 19.6 3.3
-3.6 18.4 0.5
9.6 20.2 1.3
5.4 7 0.3
-2.8 19.6 0.3
7 7.4 1.3
-2.4 9.2 1.5
-2.4 10.4 5.5
6.4 22.4 2.5
7.4 7.6 1.3
-0.2 22 2.5
5.2 7 0.1
5.2 6.8 1.3
-3.8 18.2 1.1
6.4 22.4 1.5
-2.4 20.2 0.7
-2.4 20.2 0.7
-3.6 18.6 1.1
-3.6 18.6 1.1
-3.4 18.6 0.1
-3.4 18.6 0.1
9.4 20.2 0.3
-0.2 22 1.5
-2.2 20 4.5
-3 19.4 0.5
9.8 19.8 0.5
9.8 19.8 0.5
10 19.6 0.7
10 19.6 0.7
-2.8 10 0.1
9.8 20 2.5
9.8 20 2.5
-2.6 9.4 2.3
-2.8 9.8 0.7
10.2 10.2 3.3
5.6 7 3.5
-2.6 9.4 1.7
10 9.8 2.7
4.8 6.8 0.7
9.8 20 1.5
9.8 20 1.5
-1.8 20.8 3.3
-3.8 18 3.5
10 19.4 0.1
7.6 8.2 4.7
-3.4 19 2.7
9.8 19.4 4.5
10 9.8 1.3
-3.4 19 1.3
10.2 10.2 0.7
-3 19.6 2.7
5 6.8 0.9
5.6 7 0.5
-3.4 18.4 4.3
-1.8 20.8 0.7
7.4 8 4.5
-3.8 18 0.5
10.4 10.4 1.1
-2.6 9.6 0.5
3.4 7.2 5.1
10.2 10.6 4.3
-3 19.6 1.3
9.2 19.8 5.1
4.6 6.8 0.5
6.6 7.6 4.5
4 22.6 4.3
9.6 9.6 3.9
-2.6 19.8 0.1
10 10.4 4.5
1 21.6 5.7
-2.6 9.8 4.1
-2.6 9.4 2.5
-2.4 9.2 2.7
5.4 6.8 2.1
5.4 6.8 1.9
-2.6 9.4 1.5
7 7.6 0.1
7.8 8.6 5.3
-3.4 18.8 0.5
-3.4 18.8 0.5
-2.4 9.2 1.3
6.4 22.4 2.7
-0.2 22 2.7
-2.2 9.2 3.7
2.4 7.2 4.9
10.2 10.4 0.1
-3.2 19.2 3.3
1.6 21.8 5.7
9.6 9.6 0.1
6.4 22.4 1.3
10.2 10 2.1
0.2 21.8 4.5
-2.8 19.8 0.9
9.6 20 0.3
-0.2 22 1.3
10.2 10 1.9
10.2 10 1.9
7 7.4 2.9
7.2 7.6 0.5
9.8 20 2.7
9.8 20 2.7
-2 20.4 4.1
-2 20.4 4.1
7.4 7.6 2.9
5.4 6.8 2.3
10 19.8 2.1
-3 19.2 4.1
5.4 6.8 1.7
10 19.8 1.9
9.8 9.6 0.9
-2.6 20 0.7
9.6 20.2 1.1
9.8 20 1.3
9.8 20 1.3
-3.2 19.2 0.7
7 7.4 1.1
-2.2 9.2 0.3
7.4 7.8 0.1
6.2 22.4 3.3
7.4 7.6 1.1
-2.2 20.2 4.1
5.2 6.8 1.1
-2 19.8 5.3
10.2 10 2.3
10.2 10 1.7
10.2 10 1.7
4.4 6.8 3.7
-2.8 9.6 2.1
-2.8 9.6 1.9
-2 9.2 4.3
10 19.8 2.3
10 9.8 2.9
6.2 22.4 0.7
10 19.8 1.7
10.6 10.6 2.1
-3.4 19 2.9
10.6 10.6 1.9
-1.6 9.2 5.1
-2.2 20.4 3.5
10 9.8 1.1
-3.2 19.4 2.1
-3.8 18.2 0.9
-3.2 19.4 1.9
6.8 7.4 0.5
-3.6 18.6 0.9
-3.6 18.6 0.9
-2 20.6 3.5
-3.4 19 1.1
4.4 6.8 0.3
-3 19.6 2.9
9.6 9.4 0.7
-2.6 9.4 2.7
-2.8 9.6 2.3
5.4 6.8 2.5
-3.2 18.8 4.3
6.6 7.4 3.9
-2.8 9.6 1.7
-2.2 20.4 0.5
-2.2 20.4 0.5
10.6 10.6 2.3
5.4 6.8 1.5
-2.6 9.4 1.3
7.6 7.8 3.5
-2.4 9.4 0.3
-3 19.6 1.1
10.6 10.6 1.7
-2.2 20.6 2.1
-2.2 20.6 2.1
-2.2 20.6 1.9
-2.2 20.6 1.9
-2.4 19.6 4.9
-2 20.6 0.5
-2 20.6 0.5
-3.2 19.4 2.3
10 10 3.7
10.2 10 2.5
-3.2 19.4 1.7
-3.2 19 0.1
10.2 10 1.5
10.2 10 1.5
-2.4 20.2 3.5
-2.4 20.4 2.1
-2.4 20.4 2.1
10.4 10.6 0.3
10 19.8 2.5
-2.4 20.4 1.9
-2.4 20.4 1.9
7.6 7.8 0.5
10 19.6 3.5
10 19.6 3.5
6.6 7.4 0.1
10.4 10.4 0.9
2.8 22.6 4.3
9.6 19.6 4.7
10 19.8 1.5
6.4 22.4 2.9
7 8 5.1
-2.2 20.6 2.3
-2.2 20.6 2.3
-0.2 22 2.9
-2.4 9.2 1.1
10 10 0.3
6 22.4 0.3
-2.2 20.6 1.7
-2.2 20.6 1.7
-2.8 18.6 5.5
-2.4 20.2 0.5
-2.4 20.2 0.5
6.4 22.4 1.1
-0.2 22 1.1
9.8 20 2.9
9.8 20 2.9
10 19.6 0.5
10 19.6 0.5
-2.8 9.6 2.5
-2.4 20.4 2.3
-2.4 20.4 2.3
5 6.8 0.7
-3 19.4 3.7
9.8 19.8 3.7
-3.8 18.4 2.1
-3.8 18.4 1.9
10.2 10.2 3.5
-2.4 20.4 1.7
-2.4 20.4 1.7
-2.8 9.8 0.5
9.8 9.8 3.9
-2.2 9.8 5.1
-2.8 9.6 1.5
10.6 10.6 2.5
-1.8 20.8 3.5
-3.6 18.4 0.3
4.8 6.8 0.5
5.4 7 3.9
9.8 20 1.1
9.8 20 1.1
10.6 10.6 1.5
-3.2 19.4 2.5
-3.6 18.2 4.1
-3.2 19.4 1.5
2.6 7.4 5.5
7 7.4 3.1
-3 19.4 0.3
10.2 10.2 0.5
9.8 19.8 0.3
9.8 19.8 0.3
5.4 6.8 2.7
-3.8 18.4 2.3
2.8 7.2 5.1
7.4 7.6 3.1
-1.8 20.8 0.5
8 8.6 5.1
5.6 7 3.7
-3.8 18.4 1.7
9.8 9.8 0.1
-3.4 18.2 4.7
-3.8 18 3.7
5.4 7 0.1
5.4 6.8 1.3
-2.2 20.6 2.5
-2.2 20.6 2.5
9.6 20.2 0.9
-2.8 19.6 0.1
7 7.4 0.9
-2.8 10.2 4.5
7.4 7.6 0.9
-2.2 20.6 1.5
-2.2 20.6 1.5
-2.6 20.2 2.1
10.2 10 2.7
-2.6 20.2 1.9
5.2 6.8 0.9
-3.4 18.6 4.1
6 22.6 2.1
6 22.6 1.9
9.4 20.2 0.1
2.2 7.2 4.9
2.2 7.2 4.9
-2.8 10 4.1
-2.8 19.8 0.7
-2.6 9.4 2.9
-2.4 20.4 2.5
-2.4 20.4 2.5
-2.6 19.6 4.5
5.6 7 0.3
10.2 10 1.3
10.2 10 1.3
10 9.8 3.1
-3.6 18.8 2.1
-3.8 18 0.3
-2.4 20.4 1.5
-2.4 20.4 1.5
-3.6 18.8 1.9
-3.6 18.8 1.9
-2.6 9.6 0.3
9.6 9.8 4.5
-3.4 19 3.1
9.8 9.6 0.7
-2.6 9.4 1.1
10 19.8 1.3
-2.6 20.2 2.3
4.6 6.8 0.3
-3.2 19.2 3.5
6 22.6 2.3
10 9.8 0.9
-2.6 20.2 1.7
-3 19.6 3.1
6 22.6 1.7
-3.4 19 0.9
-2.8 9.6 2.7
-3.8 18.4 2.5
-4 18 2.1
-4 18 1.9
-3.6 18.8 2.3
10.6 10.6 2.7
-3.8 18.4 1.5
-2.8 9.6 1.3
-3.6 18.8 1.7
-3.6 18.8 1.7
-1.8 21 2.1
-1.8 21 1.9
-2.6 20 0.5
-3.4 18.8 0.3
-3.4 18.8 0.3
-3 19.6 0.9
-3.2 19.2 0.5
6.2 22.4 3.5
-3.2 19.4 2.7
10.6 10.6 1.3
9.6 10.6 5.7
-3.8 18.2 0.7
-3.6 18.6 0.7
-3.6 18.6 0.7
7.2 7.4 2.1
9.6 9.2 2.1
-3.2 19.4 1.3
7.2 7.4 1.9
-4 18 2.3
9.6 9.2 1.9
7.2 7.6 0.3
-4 18 1.7
6.2 22.4 0.5
-1.8 21 2.3
10.2 19.6 2.1
-2.2 20.6 2.7
-2.2 20.6 2.7
6.4 22.4 3.1
10.2 19.6 1.9
6.6 22.4 2.1
6.6 22.4 1.9
-0.2 22 3.1
-1.8 21 1.7
-2.2 9.2 3.9
-2.4 9.2 0.9
-2.6 20.2 2.5
6 22.6 2.5
-2.2 20.6 1.3
-2.2 20.6 1.3
9.6 9.6 4.1
-2.6 20.2 1.5
7 7.8 4.7
7.2 7.4 2.3
9.6 9.2 2.3
9.8 20 3.1
9.8 20 3.1
5.6 6.8 2.1
6.4 22.4 0.9
-2.4 20.4 2.7
-2.4 20.4 2.7
9.6 20 0.1
9.8 10.4 5.1
6 22.6 1.5
5.4 6.8 2.9
5.6 6.8 1.9
-0.2 22 0.9
7.2 7.4 1.7
9.6 9.4 0.5
9.6 9.2 1.7
-3.6 18.8 2.5
10.2 19.6 2.3
-2.4 20.4 1.3
-2.4 20.4 1.3
6.6 22.4 2.3
10.4 10.4 0.7
-3.6 18.8 1.5
-3.6 18.8 1.5
10.2 19.6 1.7
-2.2 20.4 3.7
5.4 6.8 1.1
6.6 22.4 1.7
9.8 20 0.9
9.8 20 0.9
-2.2 9.2 0.1
10.2 10 2.9
-2.2 20 4.7
-2 20.6 3.7
5.6 6.8 2.3
6.8 7.4 0.3
-4 18 2.5
-2.6 9.8 4.3
-3.8 18.4 2.7
-3.4 18.4 4.5
4.4 6.8 3.9
5.6 6.8 1.7
7.6 7.6 2.1
7.6 7.6 1.9
10.2 10 1.1
10.2 10 1.1
-2 20.8 1.3
-4 18 1.5
-1.8 21 2.5
-2.8 20 2.1
10.2 10.6 4.5
-2.8 20 1.9
-2.2 20.4 0.3
-2.2 20.4 0.3
-3.8 18.4 1.3
7.6 7.8 3.7
9.8 19.4 4.7
10 19.8 1.1
10 19.8 1.1
-1.8 21 1.5
-2 20.6 0.3
-2 20.6 0.3
4 22.6 4.5
7.2 7.4 2.5
7 7.4 3.3
-2.8 9.6 2.9
-2.6 9.4 3.1
4.4 6.8 0.1
-2.4 20.2 3.7
7.4 8 4.7
-2 20.4 4.3
-2 20.4 4.3
7.4 7.6 3.3
7.6 7.6 2.3
7.2 7.4 1.5
9.6 9.2 1.5
5 6.8 0.5
10 19.6 3.7
10 19.6 3.7
10.6 10.6 2.9
7.6 7.6 1.7
-2.8 20 2.3
10.2 19.6 2.5
7.6 7.8 0.3
6.6 22.4 2.5
9.8 9.4 2.1
-2.8 20 1.7
-2.8 9.6 1.1
7.6 8.2 4.9
9.8 9.4 1.9
-2.4 9.4 0.1
10.2 19.6 1.5
9.6 20.2 0.7
-2.6 9.4 0.9
-2.6 20.2 2.7
6.6 22.4 1.5
-3.2 19.4 2.9
7 7.4 0.7
-2.2 20.2 4.3
10.6 10.6 1.1
6 22.6 2.7
10 10 3.9
7.4 7.6 0.7
10 10.4 4.7
5.2 6.8 0.7
-2.6 20.2 1.3
-2.4 20.2 0.3
-2.4 20.2 0.3
-3.2 19.4 1.1
6 22.6 1.3
10 19.6 0.3
10 19.6 0.3
-3.6 18.8 2.7
5.6 6.8 1.5
10.2 10.2 3.7
10 9.8 3.3
6.6 7.4 4.1
10.4 10.6 0.1
-2.8 9.8 0.3
-1.8 20.8 3.7
9.8 9.4 2.3
-2.2 20.6 2.9
-2.2 20.6 2.9
-3.4 19 3.3
4.8 6.8 0.3
-3.6 18.8 1.3
-3.6 18.8 1.3
9.8 9.4 1.7
10 10 0.1
6 22.4 0.1
-2.2 20.6 1.1
-2.2 20.6 1.1
10 9.8 0.7
0.2 21.8 4.7
-3 19.6 3.3
-4 18 2.7
-2.4 20.4 2.9
-2.4 20.4 2.9
-0.4 22 2.1
7.6 7.6 2.5
-2.8 19.8 0.5
-0.4 22 1.9
-3.4 19 0.7
-3 19.4 3.9
10.2 10.2 0.3
9.8 19.8 3.9
-2.8 20 2.5
-1.8 20.8 0.3
-1.8 21 2.7
-4 18 1.3
7.6 7.6 1.5
-3.4 19.2 2.1
-2.4 20.4 1.1
-2.4 20.4 1.1
-3.4 19.2 1.9
-3.6 18.4 0.1
-2.8 20 1.5
9.8 9.6 0.5
-3 19.6 0.7
-1.8 21 1.3
7.2 7.4 2.7
-0.4 22 2.3
-3.8 18.4 2.9
5.4 6.8 3.1
-3 19.4 0.1
9.8 19.8 0.1
9.8 19.8 0.1
-0.4 22 1.7
7.2 7.4 1.3
5.6 7 3.9
9.6 9.2 1.3
10.2 19.6 2.7
9.8 9.8 4.1
-2 20.8 1.1
6.6 22.4 2.7
9.8 9.4 2.5
3.4 7.2 5.3
-3.4 19.2 2.3
-3.8 18 3.9
6.4 22.4 3.3
5.4 7 4.1
-2.4 10.4 5.7
-0.2 22 3.3
-3.8 18.4 1.1
-3.4 19.2 1.7
5.4 6.8 0.9
9.8 9.4 1.5
10.2 19.6 1.3
6.6 22.4 1.3
2.4 7.2 5.1
10.2 10 3.1
-2.4 9.2 0.7
-3.2 19.2 3.7
9.8 20 3.3
9.8 20 3.3
-3.8 18.2 0.5
-3.6 18.6 0.5
-3.6 18.6 0.5
6.4 22.4 0.7
-0.2 22 0.7
5.6 7 0.1
5.6 6.8 1.3
10.2 10 0.9
10.2 10 0.9
2.8 22.6 4.5
-3.8 18 0.1
-2.6 9.6 0.1
6.2 22.4 3.7
-2.6 20.2 2.9
-2.6 20 0.3
-3.2 19.2 0.3
9.8 20 0.7
9.8 20 0.7
10 19.8 0.9
10 19.8 0.9
6 22.6 2.9
-3.6 18.2 4.3
4.6 6.8 0.1
-0.4 22 2.5
-2.8 9.6 3.1
7.6 7.6 2.7
-2.6 20.2 1.1
-3.6 18.8 2.9
6 22.6 1.1
-2.8 20 2.7
-0.4 22 1.5
10.6 10.6 3.1
-3.4 19.2 2.5
7.6 7.6 1.3
7.8 8.6 5.5
6.2 22.4 0.3
10.4 10.4 0.5
-2.8 9.6 0.9
-2.8 20 1.3
-3.4 19.2 1.5
-3.2 19.4 3.1
-3.6 18.8 1.1
-3.6 18.8 1.1
-3.4 18.8 0.1
-3.4 18.8 0.1
10.6 10.6 0.9
-3.4 18.6 4.3
10 9.6 2.1
-4 18 2.9
10 9.6 1.9
-3 19.8 2.1
-2.6 9.4 3.3
-3 19.8 1.9
-2.8 10 4.3
-3.2 19.4 0.9
9.6 9.4 0.3
7.2 7.6 0.1
-1.8 21 2.9
9.8 9.4 2.7
-2.2 20.6 3.1
-2.2 20.6 3.1
-4 18 1.1
9.6 19.6 4.9
-1.6 9.2 5.3
-2.6 9.4 0.7
9.8 9.4 1.3
-2.4 19.6 5.1
-1.8 21 1.1
-2 19.8 5.5
7.2 7.4 2.9
10 9.6 2.3
-3 19.8 2.3
7 7.4 3.5
1 21.6 5.9
-2.2 20.6 0.9
-2.2 20.6 0.9
-2.4 20.4 3.1
-2.4 20.4 3.1
10 9.6 1.7
-3 19.8 1.7
7.4 7.6 3.5
10.2 19.6 2.9
6.6 22.4 2.9
7.2 7.4 1.1
9.6 9.2 1.1
-2.4 20.4 0.9
-2.4 20.4 0.9
-2.8 10.2 4.7
-2.2 9.2 4.1
9.6 20.2 0.5
6.2 22.6 2.1
10.2 19.6 1.1
7 7.4 0.5
6.2 22.6 1.9
6.6 22.4 1.1
7.4 7.6 0.5
-2 20.6 3.9
5.2 6.8 0.5
-3.8 18.4 3.1
6.8 7.4 0.1
-2.6 19.6 4.7
10 9.8 3.5
-0.4 22 1.3
-3.4 19.2 2.7
5 6.8 0.3
5.6 6.8 1.1
-3.4 18.2 4.9
-2 20.8 0.9
9.6 9.8 4.7
7.6 7.8 3.9
-2.2 20.4 0.1
-2.2 20.4 0.1
7 8 5.3
-3.8 18.4 0.9
6.2 22.6 2.3
-3.4 19.2 1.3
6.2 22.6 1.7
10 9.6 2.5
9.6 9.6 4.3
-3 19.8 2.5
-2 20.6 0.1
-2 20.6 0.1
-3 19.6 3.5
10 9.8 0.5
5.4 6.8 3.3
7.6 7.6 2.9
10 9.6 1.5
4.4 6.8 4.1
-2.4 20.2 3.9
-3 19.8 1.5
-2.8 20 2.9
-3.4 19 0.5
10 19.6 3.9
10 19.6 3.9
-2.2 9.8 5.3
7.6 7.8 0.1
7.6 7.6 1.1
-2.6 20.2 3.1
-2.8 20 1.1
6 22.6 3.1
5.4 6.8 0.7
10.4 10.2 1.1
10.2 10 3.3
-3 19.6 0.5
2.2 7.2 5.1
2.2 7.2 5.1
9.8 20.2 2.1
9.8 20.2 2.1
9.8 20.2 1.9
9.8 20.2 1.9
-2.4 20.2 0.1
-2.4 20.2 0.1
-3.6 18.8 3.1
-2.6 20.2 0.9
2.8 7.2 5.3
-2.8 19.8 0.3
10.2 10.2 3.9
10 19.6 0.1
10 19.6 0.1
6 22.6 0.9
9.8 9.4 2.9
-1.8 20.8 3.9
10.2 10 0.7
10.2 10 0.7
6.4 22.4 3.5
-2.8 9.8 0.1
-0.2 22 3.5
6.2 22.6 2.5
4.8 6.8 0.1
9.8 9.6 0.3
-3.6 18.8 0.9
-3.6 18.8 0.9
-2.8 18.6 5.7
10 10 4.1
10 19.8 0.7
10 19.8 0.7
9.8 9.4 1.1
-2.4 9.2 0.5
6.2 22.6 1.5
-4 18 3.1
9.8 20.2 2.3
9.8 20.2 2.3
9.8 20 3.5
9.8 20 3.5
-2.6 9.8 4.5
9.8 20.2 1.7
9.8 20.2 1.7
6.4 22.4 0.5
10.2 10.2 0.1
10.6 10.6 3.3
-1.8 21 3.1
-0.2 22 0.5
-1.8 20.8 0.1
-4 18 0.9
-3.2 19.4 3.3
-2.8 9.6 0.7
9.8 20 0.5
9.8 20 0.5
10 9.6 2.7
7.2 7.4 3.1
-1.8 21 0.9
-3 19.8 2.7
10.6 10.4 2.1
10.6 10.6 0.7
10.6 10.4 1.9
7 7.8 4.9
-3.8 18.2 0.3
-3.4 18.4 4.7
-2 20.4 4.5
-2 20.4 4.5
-3 19.4 4.1
10 9.6 1.3
-3.6 18.6 0.3
-3.6 18.6 0.3
-3 19.8 1.3
10.2 19.6 3.1
-3.2 19.4 0.7
6.6 22.4 3.1
6.6 7.4 4.3
-3.4 19.2 2.9
-2.2 20.6 3.3
-2.2 20.6 3.3
-0.4 22 1.1
7.2 7.4 0.9
9.6 9.2 0.9
-2.6 9.2 2.1
-2.2 20.2 4.5
-2.6 9.2 1.9
-3.4 19.2 1.1
-3.2 19.2 3.9
10.2 19.6 0.9
10.6 10.4 2.3
6.6 22.4 0.9
4 22.6 4.7
-4 18.2 2.1
9.8 20.2 2.5
9.8 20.2 2.5
-4 18.2 1.9
-2.2 20 4.9
-2.4 20.4 3.3
-2.4 20.4 3.3
-2.6 9.4 3.5
10.6 10.4 1.7
-2.2 20.6 0.7
-2.2 20.6 0.7
9.8 20.2 1.5
9.8 20.2 1.5
5.6 7 4.1
10.2 9.8 2.1
10.2 9.8 2.1
5.6 6.8 0.9
10.2 9.8 1.9
10.2 9.8 1.9
-3.8 18 4.1
6.2 22.6 2.7
6.2 22.4 3.9
9.8 19.4 4.9
10.4 10.4 0.3
-2.6 9.2 2.3
-2.4 20.4 0.7
-2.4 20.4 0.7
-2.6 20 0.1
-3.2 19.2 0.1
-2.6 9.4 0.5
-2.6 9.2 1.7
-4 18.2 2.3
6.2 22.6 1.3
-4 18.2 1.7
-3.8 18.4 3.3
7.6 7.6 3.1
7.4 8 4.9
-2.8 20 3.1
10.2 9.8 2.3
10.2 9.8 2.3
10.2 9.8 1.7
10.2 9.8 1.7
-2 20.8 0.7
7.6 7.6 0.9
6.2 22.4 0.1
-3.2 19.6 2.1
-3.2 19.6 1.9
-3.8 18.4 0.7
-2.8 20 0.9
10.4 10.2 0.9
10.6 10.4 2.5
10 10.4 4.9
7 7.4 3.7
10.6 10.4 1.5
7.4 7.6 3.7
10 20 2.1
10 20 1.9
9.8 9.4 3.1
9.6 9.4 0.1
7.6 8.2 5.1
-3.2 19.6 2.3
-2.6 20.2 3.3
-2.6 9.2 2.5
6 22.6 3.3
-3.2 19.6 1.7
10 9.6 2.9
9.6 20.2 0.3
-4 18.2 2.5
-3 19.8 2.9
7 7.4 0.3
7.4 7.4 2.1
-2.6 9.2 1.5
9.8 9.4 0.9
9.8 20.2 2.7
9.8 20.2 2.7
7.4 7.4 1.9
0.2 21.8 4.9
7.4 7.6 0.3
5.4 6.8 3.5
-4 18.2 1.5
10 20 2.3
-3.6 19 2.1
-3.6 18.8 3.3
5.2 6.8 0.3
-3.6 19 1.9
10 20 1.7
10 9.8 3.7
10 9.6 1.1
-2.6 20.2 0.7
9.8 20.2 1.3
9.8 20.2 1.3
10.2 9.8 2.5
10.2 9.8 2.5
-3 19.8 1.1
6 22.6 0.7
6.8 22.4 1.5
10.2 9.8 1.5
10.2 9.8 1.5
-2.8 9.4 2.1
-2.8 9.4 1.9
10.2 10 3.5
-3.6 18.2 4.5
-3.6 18.8 0.7
-3.6 18.8 0.7
5.4 6.8 0.5
7.4 7.4 2.3
-4 18 3.3
-3 19.6 3.7
7.4 7.4 1.7
10 9.8 0.3
-3.6 19 1.7
-1.8 21 3.3
-3.4 19.2 3.1
-3.4 19 0.3
5 6.8 0.1
-0.4 22 0.9
10.2 10 0.5
10.2 10 0.5
-3.2 19.6 2.5
6.2 22.6 2.9
-2.8 9.4 2.3
-4 18 0.7
-2.8 9.4 1.7
10.6 10.4 2.7
-3.2 19.6 1.5
7.2 7.4 3.3
-3 19.6 0.3
-3.4 19.2 0.9
10 19.8 0.5
10 19.8 0.5
-3.4 18.6 4.5
-1.8 21 0.7
-2 20.6 4.1
10 20 2.5
6.2 22.6 1.1
-2.8 10 4.5
10.6 10.4 1.3
10.2 19.6 3.3
-3.8 18.6 1.3
10.6 10.6 3.5
6.6 22.4 3.3
10 20 1.5
6.4 22.4 3.7
7.6 7.8 4.1
7.2 7.4 0.7
9.6 9.2 0.7
-2.6 9.2 2.7
-3.2 19.4 3.5
-2.2 9.2 4.3
-2.8 9.6 0.5
-4 18.2 2.7
7.4 7.4 2.5
10.2 19.6 0.7
-2.6 9.2 1.3
-2.4 9.2 0.3
6.6 22.4 0.7
9.8 20 3.7
9.8 20 3.7
10.6 10.6 0.5
7.4 7.4 1.5
-2.4 20.2 4.1
-4 18.2 1.3
10.2 9.8 2.7
10 19.6 4.1
10 19.6 4.1
-3.6 19 1.5
6.4 22.4 0.3
-2.8 19.8 0.1
-2.2 20.6 3.5
-3.2 19.4 0.5
-0.2 22 0.3
5.6 6.8 0.7
6.8 22.4 1.3
-2.8 9.4 2.5
-0.2 22.2 2.1
10.2 9.8 1.3
10.2 9.8 1.3
-0.2 22.2 1.9
2.4 7.2 5.3
9.8 9.6 0.1
-2.8 9.4 1.5
9.8 20.2 2.9
9.8 20.2 2.9
9.8 20 0.3
9.8 20 0.3
-2.4 20.4 3.5
-2.4 20.4 3.5
7.6 7.6 3.3
4.4 6.8 4.3
-2.2 20.6 0.5
-2.2 20.6 0.5
-2.8 20 3.3
10.2 10.2 4.1
9.8 20.2 1.1
9.8 20.2 1.1
-1.8 20.8 4.1
3.4 7.2 5.5
-3.2 19.6 2.7
-0.2 22.2 2.3
7.6 7.6 0.7
-0.2 22.2 1.7
-2.4 20.4 0.5
-2.4 20.4 0.5
10 9.6 3.1
-3 19.8 3.1
-2.8 20 0.7
-3.2 19.6 1.3
10.4 10.2 0.7
9.6 9.6 4.5
-3.8 18.4 3.5
10 20 2.7
-2.6 9.4 3.7
-2.4 20.6 2.1
-2.4 20.6 2.1
-2.4 20.6 1.9
-2.4 20.6 1.9
-3.8 18.2 0.1
9.8 9.4 3.3
-3.6 18.6 0.1
-3.6 18.6 0.1
10 9.6 0.9
10 20 1.3
10 20 1.3
-3 19.8 0.9
6.4 22.6 2.1
6.4 22.6 1.9
-2 20.8 0.5
-2.8 10.2 4.9
7.4 7.4 2.7
10.6 10.4 2.9
-3.8 18.4 0.5
10 10 4.3
-2.6 9.4 0.3
-2.4 20.6 2.3
-2.4 20.6 2.3
9.8 9.4 0.7
7.4 7.4 1.3
-2.4 20.6 1.7
-2.4 20.6 1.7
10.6 10.4 1.1
10.2 19.8 2.1
10.2 19.8 1.9
-3.8 18.6 1.1
-3.6 19 1.3
-0.6 22 2.1
9.6 9.8 4.9
6.4 22.6 2.3
-0.6 22 1.9
-0.2 22.2 2.5
-2.8 9.4 2.7
6.2 22.6 3.1
-2.6 9.2 2.9
-2.6 20.2 3.5
6.6 7 2.1
-2.6 20.4 2.1
6.6 7 1.9
-2.6 20.4 1.9
6.4 22.6 1.7
6 22.6 3.5
10.4 10.4 0.1
-4 18.2 2.9
-0.2 22.2 1.5
-3.2 19.2 4.1
-2.4 19.6 5.3
10.4 10 2.1
10.4 10 2.1
-2.8 9.4 1.3
10.4 10 1.9
10.4 10 1.9
-2.6 9.2 1.1
-3.6 18.8 3.5
6.2 22.6 0.9
-3 19.4 4.3
10.2 19.8 2.3
-4 18.2 1.1
10.2 9.8 2.9
-3.4 19.2 3.3
10.2 19.8 1.7
-2.6 20.2 0.5
-0.6 22 2.3
-3.4 18.2 5.1
6 22.6 0.5
6.6 7 2.3
-2.6 20.4 2.3
-0.6 22 1.7
-0.4 22 0.7
6.2 22.4 4.1
6.8 22.4 1.1
6.6 7 1.7
-2.6 20.4 1.7
10.2 9.8 1.1
10.2 9.8 1.1
10.4 10 2.3
10.4 10 2.3
-2 21 2.1
-3.6 18.8 0.5
-3.6 18.8 0.5
-4 18 3.5
-2 21 1.9
-2.4 20.6 2.5
-2.4 20.6 2.5
-3.4 19.2 0.7
7 7.4 3.9
10.4 10 1.7
10.4 10 1.7
5.4 6.8 3.7
-2.6 9.8 4.7
7.4 7.6 3.9
-2.4 20.6 1.5
-2.4 20.6 1.5
-1.8 21 3.5
5.6 7 4.3
6.6 7.4 4.5
6.4 22.6 2.5
-3.8 18 4.3
-4 18 0.5
6.4 22.6 1.5
7.2 7.4 3.5
-2 21 2.3
9.8 20.2 3.1
9.8 20.2 3.1
9.6 20.2 0.1
5.4 6.8 0.3
-3.2 19.6 1.1
7 7.4 0.1
10 20 2.9
-2 21 1.7
-1.8 21 0.5
7.4 7.6 0.1
10.2 19.8 2.5
-2 20.4 4.7
-2 20.4 4.7
10.2 19.6 3.5
5.2 6.8 0.1
10 9.8 3.9
-3.4 19.4 2.1
6.6 22.4 3.5
-3.4 19.4 1.9
-0.6 22 2.5
10.2 19.8 1.5
9.8 20.2 0.9
9.8 20.2 0.9
10 20 1.1
10 20 1.1
-0.2 22.2 2.7
6.6 7 2.5
-2.6 20.4 2.5
7 8 5.5
7.2 7.4 0.5
10.2 10 0.3
10.2 10 0.3
9.6 9.2 0.5
-0.6 22 1.5
7.4 7.4 2.9
-2.2 20.2 4.7
6.6 7 1.5
-2.6 20.4 1.5
10.4 10 2.5
10.4 10 2.5
-0.2 22.2 1.3
-3 19.6 3.9
10 19.8 0.3
10 19.8 0.3
10.2 19.6 0.5
10.4 10 1.5
10.4 10 1.5
6.6 22.4 0.5
2.2 7.2 5.3
-3.4 18.4 4.9
7.4 7.4 1.1
-2.8 20.2 2.1
-3.4 19.4 2.3
10.6 10.6 3.7
10 9.8 0.1
-2.8 20.2 1.9
-3.4 19.4 1.7
-2.2 9.8 5.5
-3.6 19 1.1
-3.4 19 0.1
-2.8 9.4 2.9
-3.2 19.4 3.7
5.6 6.8 0.5
10.6 10.4 3.1
10 9.6 3.3
-2 21 2.5
-3 19.8 3.3
-2.8 9.6 0.3
-2.4 20.6 2.7
-2.4 20.6 2.7
4 22.6 4.9
-3 19.6 0.1
-2.8 9.4 1.1
-2.8 9.4 1.1
7.6 7.6 3.5
-2 21 1.5
10.6 10.6 0.3
-2.8 20.2 2.3
-2.8 20 3.5
2.8 7.2 5.5
-2.4 20.6 1.3
-2.4 20.6 1.3
10.6 10.4 0.9
-2.8 20.2 1.7
-2.2 20.6 3.7
-3.8 18.6 0.9
10 9.6 0.7
6.4 22.6 2.7
6.4 22.4 3.9
-3 19.8 0.7
-3.2 19.4 0.3
-2.6 9.2 3.1
7.6 7.6 0.5
6.4 22.6 1.3
-2.8 20 0.5
-2.4 20.4 3.7
-2.4 20.4 3.7
9.8 9.2 2.1
9.8 20 3.9
9.8 20 3.9
-2.2 20 5.1
10.4 10.2 0.5
9.8 9.2 1.9
-2.4 9.2 0.1
-2.6 9.2 0.9
10.2 19.8 2.7
-3.4 19.4 2.5
10.2 9.8 3.1
-2.2 20.6 0.3
-2.2 20.6 0.3
9.8 9.4 3.5
-4 18.2 0.9
-0.6 22 2.7
6.4 22.4 0.1
-3.4 19.4 1.5
6.6 7 2.7
-2.6 20.4 2.7
10.2 19.8 1.3
-0.2 22 0.1
6.2 22.6 3.3
9.8 19.4 5.1
-0.6 22 1.3
6.8 22.4 0.9
10.4 10 2.7
10.4 10 2.7
10.2 9.8 0.9
10.2 9.8 0.9
6.6 7 1.3
-2.6 20.4 1.3
-2.4 20.4 0.3
-2.4 20.4 0.3
9.8 9.2 2.3
-2 20.6 4.3
9.8 20 0.1
9.8 20 0.1
-3.8 18.4 3.7
9.8 9.4 0.5
9.8 9.2 1.7
-2.8 20.2 2.5
10.4 10 1.3
10.4 10 1.3
7.4 8 5.1
6.2 22.6 0.7
-2.8 20.2 1.5
-0.2 22.2 2.9
-2 20.8 0.3
-2 21 2.7
-2.8 18.6 5.9
-3.8 18.4 0.3
-0.2 22.2 1.1
10 20 3.1
10 10.4 5.1
-2.6 9.4 3.9
-3.2 19.6 0.9
-2 21 1.3
7 22.4 1.9
-3.4 19.2 3.5
10 19.6 4.3
10 19.6 4.3
10 20 0.9
10 20 0.9
-2.6 20.2 3.7
-0.4 22 0.5
-2.2 9.2 4.5
-4 18.4 2.1
6 22.6 3.7
-4 18.4 1.9
9.8 20.2 3.3
9.8 20.2 3.3
-2.4 20.6 2.9
-2.4 20.6 2.9
9.8 9.2 2.5
-3.4 18.6 4.7
-2.6 9.4 0.1
0.2 21.8 5.1
-3.4 19.2 0.5
-2.8 10 4.7
-3.6 18.8 3.7
-3.4 19.4 2.7
9.8 9.2 1.5
7 22.4 1.7
7.4 7.4 0.9
10.2 10.2 4.3
-2.4 20.6 1.1
-2.4 20.6 1.1
10.4 19.6 2.1
6.4 22.6 2.9
-1.8 20.8 4.3
10.4 19.6 1.9
-2.6 20.2 0.3
-2.8 9.4 3.1
-3.4 19.4 1.3
-3.6 19 0.9
9.8 20.2 0.7
9.8 20.2 0.7
7.6 8.2 5.3
6 22.6 0.3
-4 18.4 2.3
-2.2 20.8 1.1
-4 18.4 1.7
-3 20 2.1
6.4 22.6 1.1
-3 20 1.9
-4 18 3.7
-3.6 18.8 0.3
-3.6 18.8 0.3
-2.8 9.4 0.9
-2.8 9.4 0.9
-2.8 20.2 2.7
10.2 19.8 2.9
4.4 6.8 4.5
-1.8 21 3.7
10.4 19.6 2.3
10 9.4 2.1
6.6 7 2.9
-2.8 20.2 1.3
-2.6 20.4 2.9
10 9.4 1.9
10.4 19.6 1.7
10.2 19.8 1.1
10.8 10.6 1.3
10.6 10.4 3.3
10.4 10 2.9
10.4 10 2.9
-0.6 22 1.1
-4 18 0.3
7.2 7.4 3.7
6.6 7 1.1
-2.6 20.4 1.1
-3 20 1.7
-1.8 21 0.3
10.4 10 1.1
10.4 10 1.1
10.2 19.6 3.7
6.6 22.4 3.7
7 22.4 1.5
10 9.4 2.3
10.6 10.4 0.7
-3.8 18.6 0.7
-2.6 9.2 3.3
10 9.4 1.7
-4 18.4 2.5
7.2 7.4 0.3
-2 21 2.9
9.6 9.2 0.3
10 9.6 3.5
-3 19.8 3.5
-3.2 19.2 4.3
10 10 4.5
-4 18.4 1.5
9.6 9.6 4.7
7 7.4 4.1
5.4 6.8 0.1
10.2 19.6 0.3
7.4 7.6 4.1
6.6 22.4 0.3
-2.6 9.2 0.7
-2 21 1.1
10.2 9.8 3.3
9.8 9.2 1.3
10.4 19.6 2.5
10.6 10.2 2.1
-4 18.2 0.7
10.6 10.2 1.9
-0.2 22.2 3.1
10 9.6 0.5
10.4 19.6 1.5
-3 19.8 0.5
-4.2 18 2.1
6.2 22.4 4.3
-4.2 18 1.9
10.2 10 0.1
10.2 10 0.1
5.6 6.8 0.3
6.8 22.4 0.7
10.2 9.8 0.7
10.2 9.8 0.7
7.6 7.6 3.7
-3 20 1.5
-0.2 22.2 0.9
10 19.8 0.1
10 19.8 0.1
-3.4 19.4 2.9
-2.8 20 3.7
-3 19.4 4.5
10.6 10.6 3.9
10 9.8 4.1
10.6 10.2 2.3
10 9.4 2.5
10.6 10.2 1.7
6.2 22.6 3.5
-4.2 18 2.3
-3.4 19.4 1.1
10 9.4 1.5
-3.2 19.4 3.9
-4.2 18 1.7
7.6 7.4 2.1
7.6 7.4 1.9
-2.4 20.6 3.1
-2.4 20.6 3.1
7.6 7.6 0.3
10 20 3.3
-2.8 9.6 0.1
-3 19.6 4.1
-2.8 20.2 2.9
-2.8 20 0.3
10.4 10.2 0.3
-3.2 19.6 0.7
10.6 10.6 0.1
9.8 9.4 3.7
6.2 22.6 0.5
5.6 7 4.5
6.4 22.6 3.1
6.6 22.6 2.1
-2.2 20.6 3.9
7 22.4 1.3
-2.4 20.6 0.9
-2.4 20.6 0.9
6.6 22.6 1.9
-3.8 18 4.5
-2.8 20.2 1.1
-4 18.4 2.7
-3.2 19.4 0.1
10 20 0.7
10 20 0.7
7.6 7.4 2.3
-2.8 10.2 5.1
10.8 10.6 1.1
2.4 7.2 5.5
-2.2 20.8 0.9
7.6 7.4 1.7
-4 18.4 1.3
6.4 22.6 0.9
-2.4 20.4 3.9
-2.4 20.4 3.9
10.2 19.8 3.1
9.8 9.4 0.3
10.4 19.6 2.7
10.6 10.2 2.5
6.6 22.6 2.3
6.6 7.4 4.7
7.4 7.4 0.7
-2.2 20.6 0.1
-2.2 20.6 0.1
6.6 7 3.1
-2.6 20.4 3.1
6.4 22.4 4.1
-2.8 9.4 3.3
6.6 22.6 1.7
-4.2 18 2.5
9.6 9.8 5.1
10.6 10.2 1.5
-3.6 19 0.7
10.4 19.6 1.3
10.2 19.8 0.9
10.4 10 3.1
10.4 10 3.1
-4.2 18 1.5
9.8 20.2 3.5
9.8 20.2 3.5
-0.6 22 0.9
9.8 20.4 2.1
-3.6 19.2 2.1
9.8 20.4 1.9
-2.4 20.4 0.1
-2.4 20.4 0.1
-3.6 19.2 1.9
6.6 7 0.9
9.8 20 4.1
9.8 20 4.1
-3.8 18.4 3.9
-2.6 20.4 0.9
-3.8 18.8 1.3
-3 20 1.3
-2.6 9.8 4.9
-2.8 9.4 0.7
-2.8 9.4 0.7
-3.4 19.2 3.7
10.4 10 0.9
10.4 10 0.9
9.8 9.2 1.1
10 9.4 2.7
6.8 7 2.1
6.8 7 1.9
3.4 7.2 5.7
9.8 20.2 0.5
9.8 20.2 0.5
7.6 7.4 2.5
10 9.4 1.3
-2 21 3.1
-0.4 22 0.3
-2 20.8 0.1
9.8 20.4 2.3
-3.6 19.2 2.3
10.2 9.6 2.1
10.2 9.6 2.1
7.6 7.4 1.5
10.2 9.6 1.9
10.2 9.6 1.9
9.8 20.4 1.7
-3.8 18.4 0.1
-3.6 19.2 1.7
-3.4 19.2 0.3
-2 20.4 4.9
-2 21 0.9
6.6 22.6 2.5
6.8 7 2.3
-3.2 19.8 2.1
-3.4 18.2 5.3
-3.2 19.8 1.9
6.8 7 1.7
6.6 22.6 1.5
-2.6 20.2 3.9
6 22.6 3.9
10.6 10.4 3.5
-2.2 20.2 4.9
10.2 9.6 2.3
10.2 9.6 2.3
-2.4 19.6 5.5
10.2 9.6 1.7
10.2 9.6 1.7
-2.6 9.4 4.1
-3.4 19.4 3.1
-3.6 18.8 3.9
10.6 10.2 2.7
-0.2 22.2 3.3
7 22.4 1.1
-4.2 18 2.7
10.6 10.4 0.5
-2.6 9.2 3.5
-4 18.4 2.9
-3.2 19.8 1.7
-2.6 20.2 0.1
-3.8 18.6 0.5
10.6 10.2 1.3
-3.4 19.4 0.9
6 22.6 0.1
9.8 20.4 2.5
-3.6 19.2 2.5
-4.2 18 1.3
-4 18 3.9
-2 20.6 4.5
-4 18.4 1.1
-2.8 20.2 3.1
9.8 20.4 1.5
-3.6 19.2 1.5
-0.2 22.2 0.7
-3.6 18.8 0.1
-3.6 18.8 0.1
-3.4 18.4 5.1
10.2 9.8 3.5
10.4 19.6 2.9
-1.8 21 3.9
-2.6 9.2 0.5
6.8 7 2.5
-4 18.2 0.5
6.8 7 1.5
-2.8 20.2 0.9
7.6 7.4 2.7
10.4 19.6 1.1
10 9.6 3.7
-3 19.8 3.7
10.2 9.6 2.5
10.2 9.6 2.5
7.2 7.4 3.9
10.8 10.6 0.9
-2.4 20.6 3.3
-2.4 20.6 3.3
6.8 22.4 0.5
-4 18 0.1
4 22.6 5.1
10 20.2 2.1
7.6 7.4 1.3
10.2 9.8 0.5
10.2 9.8 0.5
10 20.2 1.9
10 20.2 1.9
10.2 9.6 1.5
10.2 9.6 1.5
-3.8 18.8 1.1
-3 20 1.1
-0.4 22.2 1.5
10.2 19.6 3.9
-1.8 21 0.1
6.6 22.6 2.7
10 9.4 2.9
6.6 22.4 3.9
10 19.6 4.5
10 19.6 4.5
6.4 22.6 3.3
-2.4 20.6 0.7
-2.4 20.6 0.7
-3.2 19.8 1.5
10 9.6 0.3
6.6 22.6 1.3
-3 19.8 0.3
10 9.4 1.1
7.2 7.4 0.1
9.6 9.2 0.1
10 20.2 2.3
10 20 3.5
-2.2 20.8 0.7
6.4 22.6 0.7
10 20.2 1.7
10 20.2 1.7
2.2 7.2 5.5
-3.2 19.6 0.5
10.2 19.6 0.1
6.6 22.4 0.1
10.2 10.2 4.5
9.8 9.2 0.9
-2.6 20.4 3.3
-1.8 20.8 4.5
6.2 22.6 3.7
7 8 5.7
10.4 10 3.3
-2.2 9.2 4.7
10 20 0.5
10 20 0.5
10.2 19.8 0.7
9.8 20.4 2.7
-3.6 19.2 2.7
5.6 6.8 0.1
-0.6 22 0.7
7.6 7.6 3.9
6.6 7 0.7
-2.6 20.4 0.7
9.8 20.4 1.3
-2.8 9.2 2.1
-2.8 9.2 2.1
-3.6 19.2 1.3
-2.8 20 3.9
-2.8 9.2 1.9
-2.8 9.2 1.9
10.6 10.2 2.9
6.8 7 2.7
10.4 10 0.7
10.4 10 0.7
6.2 22.6 0.3
-2.8 9.4 3.5
-4.2 18 2.9
7.4 7.4 0.5
6.8 7 1.3
-2 21 3.3
10.6 10.2 1.1
-3.6 19 0.5
10.2 9.6 2.7
10.2 9.6 2.7
10 20.2 2.5
-4.2 18 1.1
-3.4 18.6 4.9
7.6 7.6 0.1
-2.8 9.2 2.3
-2.8 9.2 2.3
10.2 9.6 1.3
10.2 9.6 1.3
-2.8 10 4.9
10 20.2 1.5
10 20.2 1.5
7.4 7.6 4.3
-2.8 20 0.1
4.4 6.8 4.7
10.4 10.2 0.1
-0.4 22.2 1.3
7.4 8 5.3
-2.8 9.4 0.5
-2.8 9.4 0.5
-2.8 9.2 1.7
-2.8 9.2 1.7
10.6 10.6 4.1
2.8 7.2 5.7
-2 21 0.7
-4 18.4 3.1
7 22.4 0.9
7.6 7.4 2.9
-3.2 19.4 4.1
-3.2 19.8 1.3
9.8 20.2 3.7
9.8 20.2 3.7
-3.2 19.2 4.5
10 10.4 5.3
7.6 7.4 1.1
-3.4 19.4 3.3
-4 18.4 0.9
10.4 19.6 3.1
6.6 22.6 2.9
10 9.8 4.3
9.8 9.4 0.1
-2.2 20.6 4.1
6.2 22.4 4.5
6.6 22.6 1.1
9.8 20.2 0.3
9.8 20.2 0.3
-3.4 19.4 0.7
10.4 19.6 0.9
10 10 4.7
-2.4 20.4 4.1
-2.4 20.4 4.1
-3 19.6 4.3
-0.8 22 1.5
-2.8 20.2 3.3
-2.8 9.2 2.5
-2.8 9.2 2.5
-3.8 18.8 0.9
-3 20 0.9
10 9.4 3.1
-3.4 19.2 3.9
-2.8 9.2 1.5
-2.8 9.2 1.5
10.4 9.8 2.1
10.4 9.8 1.9
-0.2 22.2 3.5
-2.8 20.2 0.7
10.6 10.4 3.7
9.8 20.4 2.9
-3.6 19.2 2.9
10 9.4 0.9
10 20.2 2.7
10.8 10.4 2.1
-0.4 22 0.1
10.8 10.6 0.7
10.8 10.4 1.9
9.6 9.6 4.9
7.2 22.4 2.1
-3.8 18.4 4.1
7.2 22.4 1.9
9.8 20.4 1.1
-0.2 22.2 0.5
-3 19.4 4.7
10 20.2 1.3
10 20.2 1.3
-3.6 19.2 1.1
-3.4 19.2 0.1
6.8 7 2.9
10.4 9.8 2.3
10.4 9.8 1.7
6.4 22.4 4.3
-2.6 9.2 3.7
10.6 10.4 0.3
7.6 8.2 5.5
-3.8 18.6 0.3
10.2 9.6 2.9
10.2 9.6 2.9
6.8 7 1.1
-2.4 20.6 3.5
-2.4 20.6 3.5
10.8 10.4 2.3
7.2 22.4 2.3
10.8 10.4 1.7
9.8 20 4.3
9.8 20 4.3
-3 9.4 2.1
7.2 22.4 1.7
-3 9.4 1.9
10.2 20 1.7
10.6 10.2 3.1
10.2 9.8 3.7
10.2 9.6 1.1
10.2 9.6 1.1
-0.4 22.2 1.1
5.6 7 4.7
6.4 22.6 3.5
-2.6 9.2 0.3
11.2 18.4 2.1
-4.2 18 3.1
11.2 18.4 1.9
9.8 9.2 0.7
-4 18.6 2.1
-3.8 18 4.7
-4 18.6 1.9
-2.6 20.2 4.1
-4 18.2 0.3
-2.4 20.6 0.5
-2.4 20.6 0.5
6 22.6 4.1
-3.2 19.8 1.1
10.6 10.2 0.9
6.8 22.4 0.3
-4.2 18 0.9
-2.8 9.2 2.7
-2.8 9.2 2.7
-2.2 20.8 0.5
-3 9.4 2.3
10.2 9.8 0.3
10.2 9.8 0.3
-0.8 22 1.3
-3.6 18.8 4.1
6.4 22.6 0.5
-3 9.4 1.7
10.4 9.8 2.5
11.2 18.4 2.3
-2.8 9.2 1.3
-2.8 9.2 1.3
-2.6 20.4 3.5
-4 18.6 2.3
11.2 18.4 1.7
10.4 9.8 1.5
10.4 9.8 1.5
7.6 7.4 3.1
-4 18.6 1.7
10.4 10 3.5
10 9.6 3.9
10.8 10.4 2.5
-3 19.8 3.9
10.2 19.8 0.5
7.2 22.4 2.5
-4 18 4.1
-2.6 9.4 4.3
10.8 10.4 1.5
-0.6 22 0.5
7.6 7.4 0.9
6.6 7 0.5
7.2 22.4 1.5
-2.6 20.4 0.5
6.6 22.6 3.1
10.2 20 1.5
-1.8 21 4.1
-3.2 19.6 0.3
6.6 7.4 4.9
-4.2 18.2 2.1
-4.2 18.2 1.9
-2.6 20.6 2.1
10.4 10 0.5
10.4 10 0.5
-4 18.4 3.3
-2.6 20.6 1.9
7 22.4 0.7
-2 21 3.5
10 9.6 0.1
-3 19.8 0.1
6.6 22.6 0.9
10 20.2 2.9
10 20 0.3
10 20 0.3
7.2 7.4 4.1
-3 9.4 2.5
10.4 19.6 3.3
-4 18.4 0.7
6.8 22.6 2.1
6.8 22.6 1.9
6.6 22.4 4.1
-3 9.4 1.5
10 20.2 1.1
10 20.2 1.1
-4.2 18.2 2.3
-4 18.6 2.5
-2.6 20.6 2.3
-2.8 9.4 3.7
-2 21 0.5
-4.2 18.2 1.7
6.2 22.6 3.9
7.4 7.4 0.3
-2.6 20.6 1.7
11.2 18.4 1.5
-4 18.6 1.5
9.8 20.4 3.1
-2.8 10.2 5.3
-3.6 19.2 3.1
-3.6 19 0.3
10.4 19.6 0.7
-3.4 19.4 3.5
6.8 22.6 2.3
-2.6 9.8 5.1
10.4 9.8 2.7
6.8 7 3.1
9.8 20.4 0.9
-3.8 18.8 0.7
-3 20 0.7
-3.6 19.2 0.9
6.8 22.6 1.7
-2.8 9.4 0.3
-2.8 9.4 0.3
-2.2 21 1.7
6.2 22.6 0.1
9.6 9.8 5.3
10.4 9.8 1.3
10.4 9.8 1.3
10.2 9.6 3.1
10.2 9.6 3.1
10.8 10.4 2.7
6.8 7 0.9
-3.4 19.4 0.5
7.2 22.4 2.7
10 9.4 0.7
-2.8 9.2 2.9
-2.8 9.2 2.9
7.6 7.6 4.1
-2.8 20.2 3.5
-2 20.6 4.7
-2.8 20.4 2.1
-2.8 20.4 1.9
10.8 10.4 1.3
-0.8 22 1.1
-2.8 20 4.1
-2 20.4 5.1
7.2 22.4 1.3
10.2 9.6 0.9
10.2 9.6 0.9
-4.2 18.2 2.5
10.2 20 1.3
-2.6 20.6 2.5
-0.4 22.2 0.9
-2.8 9.2 1.1
-2.8 9.2 1.1
-4.2 18.2 1.5
-2.6 20.6 1.5
-2.8 20.2 0.5
9.8 20.2 3.9
9.8 20.2 3.9
-2.2 20.2 5.1
-3.2 19.8 0.9
2.4 7.2 5.7
-3 9.4 2.7
10.8 10.6 0.5
-2.8 20.4 2.3
6.8 22.6 2.5
-2.8 20.4 1.7
10.6 10.2 3.3
7 7 2.1
7 7 1.9
10 19.6 4.7
10 19.6 4.7
-4 18.6 2.7
-3 9.4 1.3
6.8 22.6 1.5
-4.2 18 3.3
-2.2 21 1.5
11.2 18.4 1.3
-4 18.6 1.3
9.8 20.2 0.1
9.8 20.2 0.1
10.6 10.2 0.7
-4.2 18 0.7
10.4 19.8 2.1
7 7 2.3
10.4 19.8 1.9
10.6 10.6 4.3
-0.2 22.2 0.3
10.2 10.2 4.7
7 7 1.7
-1.8 20.8 4.7
-3.4 18.2 5.5
7.6 7.4 3.3
9.8 9.2 0.5
10.6 10.4 3.9
10 20.2 3.1
-2.4 20.6 3.7
-2.4 20.6 3.7
-2.8 20.4 2.5
10.4 19.8 2.3
6.6 22.6 3.3
10.4 9.8 2.9
-2.8 20.4 1.5
7.6 7.4 0.7
-3.4 19.2 4.1
-4.2 18.2 2.7
10.4 19.8 1.7
-2.6 20.6 2.7
6.4 22.6 3.7
10 20.2 0.9
10 20.2 0.9
-2.2 20.6 4.3
-2.6 9.2 3.9
-0.2 22.4 2.1
-0.2 22.4 1.9
-4.2 18.2 1.3
10.4 9.8 1.1
10.4 9.8 1.1
-2.6 20.6 1.3
10.6 10.4 0.1
-2.4 20.6 0.3
-2.4 20.6 0.3
10.8 10.4 2.9
-2.2 9.2 4.9
-3.8 18.6 0.1
10.6 10 2.1
10.6 10 2.1
7.2 22.4 2.9
6.6 22.6 0.7
10.6 10 1.9
10.6 10 1.9
-2.4 19.6 5.7
-2.4 20.4 4.3
-2.4 20.4 4.3
4 22.6 5.3
6.8 22.6 2.7
-2.2 20.8 0.3
7 7 2.5
10.8 10.4 1.1
10.2 9.8 3.9
6.4 22.6 0.3
7.2 22.4 1.1
10.2 20 1.1
-2.6 20.4 3.7
7 7 1.5
-0.2 22.4 2.3
6.8 22.6 1.3
-4 18.4 3.5
-2.6 9.2 0.1
-2.2 21 1.3
-0.2 22.4 1.7
-3 20.2 2.1
10.4 10 3.7
9.8 20.4 3.3
-4 18.2 0.1
-3 20.2 1.9
-3.6 19.2 3.3
7 22.4 0.5
10.6 10 2.3
10.6 10 2.3
-3.2 19.2 4.7
10.2 19.8 0.3
10.6 10 1.7
10.6 10 1.7
-3 9.4 2.9
-2.8 9.2 3.1
-2.8 9.2 3.1
-3 19.6 4.5
-3.8 18.4 4.3
10.4 19.8 2.5
6.8 22.4 0.1
-0.6 22 0.3
10.4 19.6 3.5
10.2 9.8 0.1
10.2 9.8 0.1
4.4 6.8 4.9
6.8 7 3.3
-0.8 22 0.9
-4 18.4 0.5
6.6 7 0.3
-2.6 20.4 0.3
-4 18.6 2.9
10.4 19.8 1.5
9.8 20.4 0.7
-3.6 19.2 0.7
-3 9.4 1.1
-2.8 9.2 0.9
-2.8 9.2 0.9
10.4 10 0.3
10.4 10 0.3
-3 20.2 2.3
-2 21 3.7
10.2 9.6 3.3
10.2 9.6 3.3
11.2 18.4 1.1
-3 20.2 1.7
-4 18.6 1.1
10 9.2 2.1
6.8 7 0.7
-2.8 20.4 2.7
10.4 19.6 0.5
10 9.2 1.9
-3.4 18.6 5.1
-2.8 10 5.1
-2.8 20.4 1.3
10.2 9.6 0.7
10.2 9.6 0.7
-3.8 18.8 0.5
-3 20 0.5
-3.2 19.6 0.1
-0.2 22.4 2.5
-0.4 22.2 0.7
6.4 22.4 4.5
-2 21 0.3
-2.6 20.2 4.3
-0.2 22.4 1.5
6 22.6 4.3
-3.6 19.4 2.1
10 9.6 4.1
10.6 10 2.5
10.6 10 2.5
-3.6 19.4 1.9
-3 19.8 4.1
10 9.2 2.3
10 10 4.9
10 20 0.1
10 20 0.1
-3.2 19.8 0.7
10 9.4 0.5
10.6 10 1.5
10.6 10 1.5
10 9.2 1.7
9.8 20 4.5
9.8 20 4.5
-3.4 19.4 3.7
-3.6 18.8 4.3
7 7 2.7
2.2 7.2 5.7
-2.4 20.8 1.1
-4.2 18.2 2.9
-2.6 20.6 2.9
7 7 1.3
7.4 7.4 0.1
-3.6 19.4 2.3
-4.2 18.2 1.1
-2.6 20.6 1.1
-3 20.2 1.5
-3.6 19.4 1.7
-3.6 19 0.1
-4 18 4.3
-3.4 19.4 0.3
-2.8 20.2 3.7
10.4 19.8 2.7
6.8 22.6 2.9
6.6 6.8 2.1
10.6 10.2 3.5
10.4 9.8 3.1
6.6 6.8 1.9
-4.2 18 3.5
10.4 19.8 1.3
-2.8 9.4 0.1
-2.8 9.4 0.1
6.2 22.6 4.1
6.8 22.6 1.1
-2.2 21 1.1
10.8 10.4 3.1
7 8 5.9
10.4 9.8 0.9
10.4 9.8 0.9
10 20.2 3.3
10 9.2 2.5
7.2 22.4 3.1
7.2 7.4 4.3
-2.8 20.2 0.3
10.6 10.2 0.5
9.6 9.6 5.1
-2.6 9.4 4.5
10 9.2 1.5
10 10.4 5.5
6.6 6.8 2.3
10.8 10.6 0.3
-4.2 18 0.5
6.6 6.8 1.7
10.8 10.4 0.9
6.6 22.4 4.3
11 10.6 2.1
-0.2 22.4 2.7
7.2 22.4 0.9
11 10.6 1.9
10 20.2 0.7
10 20.2 0.7
10.2 20 0.9
7.6 7.4 3.5
-3.8 18 4.9
-3.6 19.4 2.5
10.6 10 2.7
10.6 10 2.7
-0.2 22.4 1.3
-2.8 20.4 2.9
-3.6 19.4 1.5
-3 9.4 3.1
10.6 10 1.3
10.6 10 1.3
6.6 22.6 3.5
-4 18.6 3.1
7.6 7.4 0.5
11 10.6 2.3
2.8 7.2 5.9
-2.8 20.4 1.1
11 10.6 1.7
-3 9.4 0.9
9.8 9.2 0.3
11.2 18.4 0.9
9.8 20.2 4.1
9.8 20.2 4.1
-4 18.6 0.9
-3 20.2 1.3
-2.8 9.2 3.3
-2.8 9.2 3.3
6.6 22.6 0.5
7.6 7.6 4.3
6.6 6.8 2.5
7 7 2.9
-2.8 20 4.3
-3.2 20 2.1
6.6 6.8 1.5
-3.2 20 1.9
-3.2 20 1.9
-0.8 22 0.7
10.2 9.4 2.1
-0.2 22.2 0.1
10.2 9.4 1.9
7 7 1.1
-0.6 22.2 1.3
-2.8 9.2 0.7
-2.8 9.2 0.7
9.8 20.4 3.5
-3.6 19.2 3.5
10 9.2 2.7
-2.4 20.6 3.9
-2.4 20.6 3.9
10.4 19.8 2.9
10 9.2 1.3
-4.2 18.2 3.1
6.8 7 3.5
-3.2 20 2.3
-1 22 2.1
-2.4 20.8 0.9
-2.6 20.6 3.1
-1 22 1.9
11 10.6 2.5
10.2 9.4 2.3
10.6 19.6 2.1
6.4 22.6 3.9
10.6 19.6 1.9
-3.2 20 1.7
-3.2 20 1.7
6.6 7.4 5.1
9.8 20.4 0.5
10.2 9.4 1.7
10.2 9.4 1.7
-4 18.4 3.7
-3.6 19.2 0.5
10.4 19.8 1.1
11 10.6 1.5
-3.6 19.4 2.7
10.2 9.6 3.5
10.2 9.6 3.5
7.6 8.2 5.7
10.6 10.4 4.1
-4.2 18.2 0.9
-2.4 20.6 0.1
-2.4 20.6 0.1
7 22.4 0.3
-2.6 20.6 0.9
7.4 22.4 2.1
7.4 22.4 1.9
-3.6 19.4 1.3
6.8 7 0.5
6.8 22.6 3.1
10.4 19.6 3.7
-1 22 2.3
-2.2 20.8 0.1
10.6 19.6 2.3
-1 22 1.7
6.4 22.6 0.1
-0.2 22.4 2.9
-4 18.4 0.3
-2.6 20.4 3.9
10.6 19.6 1.7
10.2 9.6 0.5
10.2 9.6 0.5
-2.6 9.2 4.1
-0.4 22.2 0.5
6.8 22.6 0.9
10.4 10 3.9
10.6 10 2.9
-2.2 21 0.9
7.4 22.4 2.3
-0.2 22.4 1.1
7.4 22.4 1.7
6.6 6.8 2.7
-3.2 19.8 0.5
10.2 19.8 0.1
10.4 19.6 0.3
-2 20.6 4.9
10.6 10 1.1
10.6 10 1.1
10.4 9.8 3.3
11.2 18.6 2.1
-3.2 20 2.5
10.2 9.8 4.1
11.2 18.6 1.9
-0.6 22 0.1
-3.4 19.2 4.3
10.6 10.6 4.5
6.6 7 0.1
6.6 6.8 1.3
-2.6 20.4 0.1
-3.2 20 1.5
-3.2 20 1.5
-3.8 18.8 0.3
-3 20 0.3
10.2 9.4 1.5
10.2 9.4 1.5
10.4 10 0.1
10.4 10 0.1
10.8 10.4 3.3
7.2 22.4 3.3
10.4 9.8 0.7
10.4 9.8 0.7
-2.8 20.4 3.1
-3 20.2 1.1
10 9.4 0.3
7 22.6 1.9
11.2 18.6 2.3
-1 22 2.5
-4.2 18.4 2.1
-4.2 18.4 1.9
10.6 19.6 2.5
-2.6 9.8 5.3
11 10.6 2.7
-4 18.8 2.1
11.2 18.6 1.7
-4 18.8 1.9
10.8 10.4 0.7
10 19.6 4.9
-1 22 1.5
-2.2 20.6 4.5
-2.8 20.4 0.9
10.6 19.6 1.5
7.2 22.4 0.7
10.2 20 0.7
11 10.6 1.3
-2 21 0.1
-0.6 22.2 1.1
10 9.2 2.9
10 20.2 3.5
7.4 22.4 2.5
-2.8 10.2 5.5
10 20.4 1.9
-3 9.4 3.3
-2.4 20.4 4.5
-2.4 20.4 4.5
7.4 22.4 1.5
7 7 3.1
-4.2 18.4 2.3
10.6 10.2 3.7
7 22.6 1.7
-4 18.8 2.3
10 9.2 1.1
-4.2 18.4 1.7
-4 18.6 3.3
10.8 10.2 2.1
10.2 10.2 4.9
10.8 10.2 1.9
-4 18.8 1.7
-4.2 18 3.7
-1.8 20.8 4.9
10 20.2 0.5
10 20.2 0.5
-3.6 19.4 2.9
-3 9.4 0.7
7 7 0.9
-2.2 20.2 5.3
11.2 18.4 0.7
10 20.4 1.7
-4 18.6 0.7
10.4 19.8 3.1
10.6 10.2 0.3
-3.6 19.4 1.1
-3.4 19.4 0.1
11.2 18.6 2.5
-3.2 20 2.7
-4.2 18 0.3
11.2 18.6 1.5
10.8 10.2 1.7
-3.2 20 1.3
-3.2 20 1.3
7.6 7.4 3.7
10.4 19.8 0.9
10.2 9.4 1.3
10.2 9.4 1.3
10 9.6 4.3
-3 19.8 4.3
-2.8 9.2 3.5
-2.8 9.2 3.5
6.6 6.8 2.9
-2.8 20.2 0.1
-4.2 18.4 2.5
-1 22 2.7
6.6 22.6 3.7
-4 18.8 2.5
10.6 19.6 2.7
-4.2 18.2 3.3
10.8 10.6 0.1
7 22.6 1.5
-2.6 20.6 3.3
-0.2 22.4 3.1
-4.2 18.4 1.5
-2.4 20.8 0.7
7.6 7.4 0.3
-0.8 22 0.5
-4 18.8 1.5
6.6 6.8 1.1
-1 22 1.3
10.6 19.6 1.3
-2.6 20.2 4.5
-2.8 9 2.1
10.6 10 3.1
-2.8 9 1.9
-2.8 9.2 0.5
-2.8 9.2 0.5
6 22.6 4.5
7.4 22.4 2.7
-2.2 9.2 5.1
10.4 9.6 2.1
10.4 9.6 2.1
10.4 9.6 1.9
10.4 9.6 1.9
-4.2 18.2 0.7
-3.2 19.2 4.9
-0.2 22.4 0.9
-2.6 20.6 0.7
10 20.4 1.5
6.8 22.6 3.3
6.6 22.6 0.3
7.4 22.4 1.3
7.2 7 2.1
-3.6 18.8 4.5
7.2 7 1.9
11 10.6 2.9
10.6 10 0.9
10.6 10 0.9
10.8 10.2 1.5
6.2 22.6 4.3
-2.8 9 2.3
9.8 20.4 3.7
11 10.6 1.1
6.8 22.6 0.7
-3.6 19.2 3.7
-2.8 9 1.7
9.8 9.2 0.1
10.4 9.6 2.3
10.4 9.6 2.3
-2.2 21 0.7
10.4 9.6 1.7
10.4 9.6 1.7
-4 18 4.5
9.8 20 4.7
-3 20.2 0.9
11.2 18.6 2.7
7.2 7 2.3
6.8 7 3.7
7.2 7 1.7
4.4 6.8 5.1
11.2 18.6 1.3
9.8 20.4 0.3
-3.4 18.2 5.7
-3.6 19.2 0.3
10.2 9.6 3.7
10.2 9.6 3.7
10 9.2 3.1
-0.6 22.2 0.9
7.2 7.4 4.5
-2.8 20.4 3.3
10.2 20.2 2.1
10.2 20.2 1.9
4 22.6 5.5
-4.2 18.4 2.7
6.8 7 0.3
-3.2 20 2.9
-4 18.8 2.7
10.4 9.8 3.5
10 9.2 0.9
6.6 22.4 4.5
7 22.6 1.3
-4.2 18.4 1.3
-4 18.4 3.9
-4 18.8 1.3
-2.8 20.4 0.7
-2.8 9 2.5
-3.6 19.4 3.1
10.2 9.6 0.3
10.2 9.6 0.3
-3.2 20 1.1
-3.2 20 1.1
10.8 10.4 3.5
-0.4 22.2 0.3
10.2 9.4 1.1
10.2 9.4 1.1
10.4 9.6 2.5
10.4 9.6 2.5
7.2 22.4 3.5
-2.8 9 1.5
-2.4 20.6 4.1
-2.4 20.6 4.1
9.8 20.2 4.3
9.8 20.2 4.3
10.2 20.2 2.3
10 10 5.1
10.4 9.8 0.5
10.4 9.8 0.5
7 22.4 0.1
10.4 9.6 1.5
10.4 9.6 1.5
10.2 20.2 1.7
7.2 7 2.5
10 20.4 1.3
-2.6 9.4 4.7
7 7 3.3
-1 22 2.9
-3.2 19.8 0.3
-3.6 19.4 0.9
10.4 19.6 3.9
10.6 19.6 2.9
-2.8 10 5.3
7.2 7 1.5
6.4 22.6 4.1
10.8 10.4 0.5
-4 18.4 0.1
-1 22 1.1
10.8 10.2 1.3
-3 9.2 2.1
7.2 22.4 0.5
10.6 19.6 1.1
-3 9.2 1.9
10.2 20 0.5
7 7 0.7
-0.4 22.4 2.1
-3 9.4 3.5
-0.4 22.4 1.9
6.6 6.8 3.1
10.4 19.8 3.3
10.4 19.6 0.1
7.4 22.4 1.1
-2.8 20 4.5
-4 18.6 3.5
-2.6 20.4 4.1
-3 9.2 2.3
6.6 6.8 0.9
-3.8 18.8 0.1
-3 20 0.1
10.4 10 4.1
10.4 19.8 0.7
-3 9.4 0.5
-3 9.2 1.7
10.6 10.4 4.3
10 20.2 3.7
10.2 20.2 2.5
-0.4 22.4 2.3
11.2 18.4 0.5
6.8 6.8 2.1
-0.4 22.4 1.7
11.2 18.6 2.9
6.8 6.8 1.9
-4 18.6 0.5
10.2 20.2 1.5
11 10.6 3.1
10 9.4 0.1
-0.2 22.4 3.3
11.2 18.6 1.1
-2.8 9 2.7
-2.6 9.2 4.3
-3.8 18 5.1
10.6 10 3.3
10 20.2 0.3
10 20.2 0.3
10.4 9.6 2.7
10.4 9.6 2.7
11 10.6 0.9
-2.8 9 1.3
6.8 6.8 2.3
7.2 7 2.7
-0.2 22.4 0.7
-4.2 18.4 2.9
9.6 9.6 5.3
10.4 9.6 1.3
10.4 9.6 1.3
6.8 6.8 1.7
-4 18.8 2.9
10.6 10.2 3.9
-4.2 18.2 3.5
10.2 9.8 4.3
-2.6 20.6 3.5
10.6 10 0.7
10.6 10 0.7
7.2 7 1.3
7 22.6 1.1
-4.2 18 3.9
-2.4 20.8 0.5
-4.2 18.4 1.1
-3 9.2 2.5
-4 18.8 1.1
-3 9.2 1.5
-0.4 22.4 2.5
-2.8 9.2 3.7
-2.8 9.2 3.7
-4.2 18.2 0.5
6.8 22.6 3.5
-2.6 20.6 0.5
-0.4 22.4 1.5
-3.2 20 3.1
10 20.4 1.1
-3 20.2 0.7
10.6 10.2 0.1
-3.4 19.2 4.5
-4.2 18 0.1
-0.8 22 0.3
7.6 7.4 3.9
10.8 10.2 1.1
-3.2 20 0.9
-3.2 20 0.9
10 9.2 3.3
-0.8 22.2 2.1
10.2 9.4 0.9
10.2 9.4 0.9
10.2 20.2 2.7
-0.8 22.2 1.9
6.8 22.6 0.5
-2.8 9.2 0.3
-2.8 9.2 0.3
-0.6 22.2 0.7
-2.2 21 0.5
6.8 6.8 2.5
-1 22 3.1
10 10.4 5.7
10.6 19.6 3.1
10.2 20.2 1.3
6.8 6.8 1.5
6.6 22.6 3.9
-2.6 20.8 2.1
10.6 10.6 4.7
-2.6 20.8 1.9
10 9.2 0.7
7.6 7.4 0.1
-3.6 19.4 3.3
-1 22 0.9
-0.8 22.2 2.3
10.6 19.6 0.9
-2.4 21 2.1
-2.4 21 1.9
-2.8 20.4 3.5
-0.8 22.2 1.7
10.4 20 2.1
10.4 20 1.9
6.6 22.6 0.1
-3.6 19.4 0.7
-2.6 20.8 2.3
7.4 22.4 0.9
10.6 9.8 2.1
10.6 9.8 2.1
10.6 9.8 1.9
10.6 9.8 1.9
-2.6 20.8 1.7
6.6 7.4 5.3
-3 9.2 2.7
-2.8 9 2.9
-2.8 20.4 0.5
9.8 20.4 3.9
10.4 9.6 2.9
10.4 9.6 2.9
-2.4 21 2.3
-3.6 19.2 3.9
-3 9.2 1.3
-2.4 21 1.7
-2.8 20.6 2.1
-2.8 20.6 1.9
6.6 6.8 3.3
-2.8 9 1.1
7.2 7 2.9
10.4 20 2.3
11.2 18.6 3.1
-2.4 20.4 4.7
7 7 3.5
-2 20.6 5.1
-0.4 22.4 1.3
10.4 20 1.7
10.4 9.8 3.7
10.4 9.6 1.1
10.4 9.6 1.1
6.8 7 3.9
10.6 9.8 2.3
10.6 9.8 2.3
10.6 9.8 1.7
10.6 9.8 1.7
7.2 7 1.1
11.2 18.6 0.9
6.6 6.8 0.7
-0.8 22.2 2.5
10.8 10.4 3.7
9.8 20.4 0.1
10.2 9.6 3.9
10.2 9.6 3.9
-3.2 9.4 1.7
-3.6 19.2 0.1
10 9.6 4.5
7.2 22.4 3.7
-3 19.8 4.5
7 7 0.5
6.8 6.8 2.7
-0.8 22.2 1.5
10.4 19.8 3.5
-4.2 18.4 3.1
-2.8 20.6 1.7
10.4 9.8 0.3
10.4 9.8 0.3
11 10.6 3.3
6.8 7 0.1
-2.6 20.8 2.5
6.8 6.8 1.3
10 19.6 5.1
7 22.6 0.9
-2.6 20.8 1.5
10.8 10.4 0.3
-4.2 18.4 0.9
-2.4 21 2.5
10.2 9.6 0.1
10.2 9.6 0.1
-4 18.8 0.9
7.2 22.4 0.3
10.2 20.2 2.9
10.2 20 0.3
-0.4 22.2 0.1
10.4 19.8 0.5
11 10.4 2.1
11 10.6 0.7
11 10.4 1.9
-3 9.4 3.7
-2.4 21 1.5
10.4 20 2.5
10.4 20 1.5
10.6 9.8 2.5
10.6 9.8 2.5
10 20.4 0.9
10.2 20.2 1.1
-3.2 19.8 0.1
-4 18.6 3.7
-0.2 22.4 3.5
10.2 10.2 5.1
10.6 9.8 1.5
10.6 9.8 1.5
-4 18.4 4.1
-1.8 20.8 5.1
6.2 22.6 4.5
-2.6 20.2 4.7
10.6 10 3.5
10.8 10.2 0.9
-3.2 9.4 1.5
7.6 8.2 5.9
6 22.6 4.7
11 10.4 2.3
-3 9.4 0.3
11 10.4 1.7
-2.8 20.6 1.5
11.2 18.4 0.3
-3.2 20 3.3
-0.2 22.4 0.5
-4 18.6 0.3
10.4 19.6 4.1
-3.6 18.8 4.7
-2.6 9.8 5.5
10.6 10 0.5
10.6 10 0.5
-3 9.2 2.9
-3 20.4 2.1
-3 20.4 1.9
-0.8 22.2 2.7
10 20.2 3.9
-3.2 20 0.7
-3.2 20 0.7
-2.4 20.6 4.3
-2.4 20.6 4.3
10.2 9.4 0.7
10.2 9.4 0.7
-3 9.2 1.1
7.2 22.6 2.1
7.2 22.6 1.9
-0.8 22.2 1.3
-4 18 4.7
10.6 19.6 3.3
-4.2 18.2 3.7
-2.6 20.8 2.7
-0.4 22.4 1.1
-3 20.2 0.5
-2.6 20.6 3.7
6.4 22.6 4.3
-3 20.4 2.3
-2.8 9 3.1
-2.6 20.8 1.3
-2.4 20.8 0.3
-3 20.4 1.7
-2.4 21 2.7
10.4 9.6 3.1
10.4 9.6 3.1
10 9.2 3.5
-1 22 0.7
11 10.4 2.5
10 20.2 0.1
10 20.2 0.1
10.6 19.6 0.7
6.8 6.8 2.9
-2.8 10.2 5.7
9.8 20.2 4.5
7.2 22.6 2.3
7.2 7.4 4.7
10.4 20 2.7
-3.2 19.2 5.1
-0.6 22.2 0.5
7.2 7 3.1
-4.2 18.6 2.1
-2.4 21 1.3
11.2 18.8 2.1
11 10.4 1.5
-4.2 18.6 1.9
6.8 22.6 3.7
7.2 22.6 1.7
11.2 18.8 1.9
-2.8 9 0.9
-4.2 18.2 0.3
-2.6 20.6 0.3
10.6 9.8 2.7
10.6 9.8 2.7
10.4 9.6 0.9
10.4 9.6 0.9
10.4 20 1.3
6.8 6.8 1.1
7.4 22.4 0.7
-2.6 20.4 4.3
10 9.2 0.5
7.2 7 0.9
-3.6 19.4 3.5
10.6 9.8 1.3
10.6 9.8 1.3
10.4 10 4.3
-3.2 9.4 1.3
-2.2 9.2 5.3
-4.2 18.6 2.3
6.8 22.6 0.3
11.2 18.8 2.3
-2.8 9.2 3.9
-2.8 9.2 3.9
-2.2 21 0.3
11.2 18.6 3.3
-4.2 18.6 1.7
11.2 18.8 1.7
-2.8 20.6 1.3
10.6 10.2 4.1
-3.6 19.4 0.5
-3 20.4 2.5
-4.2 18 4.1
-1.2 22 2.1
-0.8 22 0.1
-3 20.4 1.5
11.2 18.6 0.7
-1.2 22 1.9
10.2 20.2 3.1
10.6 10.4 4.5
7.2 22.6 2.5
-2.8 9.2 0.1
-2.8 9.2 0.1
6.6 6.8 3.5
-4.2 18.4 3.3
7.2 22.6 1.5
-2.6 9.4 4.9
-2.8 20 4.7
4.4 6.8 5.3
10.2 20.2 0.9
-2.6 9.2 4.5
7.6 7.4 4.1
7 22.6 0.7
-1.2 22 2.3
-0.8 22.2 2.9
-4.2 18.4 0.7
6.6 6.8 0.5
-1.2 22 1.7
-2.8 20.4 0.3
-4 18.8 0.7
-4.2 18.6 2.5
11.2 18.8 2.5
-0.8 22.2 1.1
7 7 3.7
11 10.4 1.3
-4.2 18.6 1.5
11.2 18.8 1.5
-2.6 20.8 2.9
11 10.6 3.5
6.6 22.6 4.1
10.2 9.8 4.5
10 20.4 0.7
-3 9.2 3.1
-2.4 21 2.9
-2.6 20.8 1.1
10.8 10.2 0.7
10.4 20 2.9
7 7 0.3
10 10 5.3
11 10.6 0.5
7.4 7 2.1
10.4 19.8 3.7
-3 9.2 0.9
7.4 7 1.9
-2.4 21 1.1
-3.2 20.2 2.1
-3.2 20.2 2.1
10.4 9.8 3.9
10.6 9.8 2.9
10.6 9.8 2.9
-3.2 20.2 1.9
-3.2 20.2 1.9
-0.4 22.4 0.9
10.4 20 1.1
-3 20.4 2.7
-1.2 22 2.5
10.6 9.8 1.1
10.6 9.8 1.1
10.8 10.4 3.9
9.8 20.4 4.1
-3.6 19.2 4.1
-3 20.4 1.3
7.2 22.6 2.7
-1.2 22 1.5
7.2 22.4 3.9
6.8 6.8 3.1
10.2 9.2 2.1
10.2 9.2 2.1
10.4 19.8 0.3
-3.2 9.4 1.1
10.2 9.2 1.9
10.2 9.2 1.9
7.4 7 2.3
-3.2 20.2 2.3
-3.2 20.2 2.3
-3.2 20 3.5
7.4 7 1.7
10.4 9.8 0.1
10.4 9.8 0.1
7.2 22.6 1.3
-2.8 20.6 1.1
-3.2 20.2 1.7
-3.2 20.2 1.7
6.8 7 4.1
-2.8 10 5.5
-0.2 22.4 3.7
-3.4 19.2 4.7
6.8 6.8 0.9
-2.8 9 3.3
10.6 10 3.7
10.4 9.6 3.3
10.4 9.6 3.3
10.8 10.4 0.1
10.2 9.6 4.1
10.2 9.6 4.1
10.8 10 2.1
10.8 10 2.1
10.2 9.2 2.3
10.2 9.2 2.3
7.2 22.4 0.1
-4.2 18.6 2.7
10.8 10 1.9
10.8 10 1.9
11.2 18.8 2.7
-3.2 20 0.5
-3.2 20 0.5
10.2 20 0.1
-3 9.4 3.9
10.2 9.4 0.5
10.2 9.4 0.5
10.2 9.2 1.7
10.2 9.2 1.7
10.6 19.6 3.5
-2.8 9 0.7
-0.2 22.4 0.3
-4.2 18.6 1.3
11.2 18.8 1.3
-4 18.6 3.9
10.4 9.6 0.7
10.4 9.6 0.7
10.6 10 0.3
10.6 10 0.3
7.2 7 0.7
-3.8 18 5.3
10.8 10 2.3
10.8 10 2.3
-1 22 0.5
7 6.8 2.1
7 6.8 1.9
7.4 7 2.5
10.8 10 1.7
10.8 10 1.7
-3 9.4 0.1
10.6 19.6 0.5
-3.2 20.2 2.5
-3.2 20.2 2.5
11 10.4 1.1
7.4 7 1.5
11.2 18.4 0.1
-4 18.6 0.1
-3.2 20.2 1.5
-3.2 20.2 1.5
-3 20.2 0.3
10.6 10.6 4.9
7.4 22.4 0.5
-1.2 22 2.7
-0.8 22.2 3.1
10 9.2 3.7
10.2 20.2 3.3
10.2 9.2 2.5
10.2 9.2 2.5
7 6.8 2.3
-1.2 22 1.3
7 6.8 1.7
11.2 18.6 3.5
10.2 9.2 1.5
10.2 9.2 1.5
-0.6 22.2 0.3
-2.6 20.8 3.1
-0.8 22.2 0.9
-4.2 18.2 3.9
-2.6 20.6 3.9
-3 20.4 2.9
10.2 20.2 0.7
-4 18.4 4.3
-3.6 19.4 3.7
-2.4 21 3.1
10 9.2 0.3
-2.4 20.8 0.1
10.8 10 2.5
10.8 10 2.5
-2.6 20.8 0.9
7.2 22.6 2.9
10 20.2 4.1
11.2 18.6 0.5
-3 20.4 1.1
10.4 20 3.1
-3 19.8 4.7
10.8 10 1.5
10.8 10 1.5
-4.2 18.4 3.5
6.8 22.6 3.9
-2.4 20.4 4.9
10.6 9.8 3.1
10.6 9.8 3.1
-2.4 21 0.9
-4.2 18.2 0.1
10.4 19.6 4.3
7.2 22.6 1.1
-2.6 20.6 0.1
-0.6 22.4 2.1
-0.6 22.4 1.9
-3 9.2 3.3
-3.6 19.4 0.3
10.4 20 0.9
7 22.6 0.5
10.6 9.8 0.9
10.6 9.8 0.9
7 6.8 2.5
-4.2 18.4 0.5
-4.2 18.6 2.9
11.2 18.8 2.9
-4 18.8 0.5
7.4 7 2.7
6.6 6.8 3.7
-3.2 9.4 0.9
-3.2 20.2 2.7
-3.2 20.2 2.7
7 6.8 1.5
6.8 22.6 0.1
-3 9.2 0.7
-2.2 21 0.1
-0.6 22.4 2.3
7.4 7 1.3
-4.2 18.6 1.1
11.2 18.8 1.1
-2.8 20.6 0.9
-3.2 20.2 1.3
-3.2 20.2 1.3
-0.6 22.4 1.7
-0.4 22.4 0.7
10 20.4 0.5
6.2 22.6 4.7
11.4 18.4 1.1
10.2 9.2 2.7
10.2 9.2 2.7
6.8 6.8 3.3
6.6 6.8 0.3
-2.4 20.6 4.5
-2.4 20.6 4.5
10.8 10.2 0.5
-2.8 9.2 4.1
-2.8 9.2 4.1
10.2 9.2 1.3
10.2 9.2 1.3
-2 20.6 5.3
11 10.6 3.7
10.4 9.4 2.1
10.4 9.4 2.1
10.4 9.4 1.9
10.4 9.4 1.9
6.4 22.6 4.5
-1.2 22 2.9
6.8 6.8 0.7
6.6 7.4 5.5
10.8 10 2.7
10.8 10 2.7
-2.8 20.4 0.1
-1.2 22 1.1
10.8 10 1.3
10.8 10 1.3
11 10.6 0.3
7 7 3.9
-0.6 22.4 2.5
10.6 10.2 4.3
-3.6 18.8 4.9
11 10.4 0.9
10.4 9.4 2.3
10.4 9.4 2.3
10.4 9.4 1.7
10.4 9.4 1.7
-4.2 18 4.3
-0.6 22.4 1.5
-2.8 9 3.5
-2.6 20.4 4.5
10 19.6 5.3
-3.6 9.8 2.1
-3.6 9.8 1.9
10.4 9.6 3.5
10.4 9.6 3.5
7 6.8 2.7
10.4 10 4.5
10.4 19.8 3.9
-4 18 4.9
7 7 0.1
-3.2 20 3.7
7 6.8 1.3
-2.8 9 0.5
-3 20.4 3.1
10.4 9.6 0.5
10.4 9.6 0.5
10.2 10.2 5.3
10.6 19.8 1.1
-3.6 9.8 2.3
-0.8 22.2 3.3
7.6 7.4 4.3
-1.8 20.8 5.3
-3.6 9.8 1.7
7.2 7 0.5
7.2 22.6 3.1
7.4 7 2.9
-3 20.4 0.9
7.2 7.4 4.9
-3.2 20.2 2.9
-3.2 20 0.3
-3.2 20 0.3
10.4 19.8 0.1
10.2 9.4 0.3
10.2 9.4 0.3
10.6 19.6 3.7
-2.6 20.8 3.3
-2.8 8.8 2.1
10.4 9.8 4.1
-2.8 8.8 1.9
6.6 22.6 4.3
10.4 9.4 2.5
10.4 9.4 2.5
-0.8 22.2 0.7
7.4 7 1.1
-0.2 22.4 3.9
7.2 22.6 0.9
-3.2 20.2 1.1
-3.2 20.2 1.1
10.4 9.4 1.5
10.4 9.4 1.5
-2.4 21 3.3
10.6 10 3.9
-0.2 22.6 1.3
10.8 10.4 4.1
10.2 9.2 2.9
10.2 9.2 2.9
10.2 20.2 3.5
10.2 20.4 2.1
-4.2 18.6 3.1
10.2 20.4 1.9
-2.6 20.8 0.7
11.2 18.8 3.1
7.2 22.4 4.1
10.4 20 3.3
-3.4 20 1.5
-1 22 0.3
10.6 19.6 0.3
-2.8 8.8 2.3
10.6 9.8 3.3
-1 22.2 2.1
-0.6 22.4 2.7
10.2 9.2 1.1
10.2 9.2 1.1
-1 22.2 1.9
-2.4 21 0.7
-2.8 8.8 1.7
-0.2 22.4 0.1
-4.2 18.6 0.9
11.2 18.8 0.9
10.2 20.2 0.5
-0.6 22.4 1.3
10.4 20 0.7
7.4 22.4 0.3
-2.6 9.2 4.7
10.6 10 0.1
10.6 10 0.1
10.8 10 2.9
10.8 10 2.9
9.8 20.4 4.3
10.2 20.4 2.3
-3.6 9.8 1.5
-3.6 19.2 4.3
11.4 18.4 0.9
10.6 9.8 0.7
10.6 9.8 0.7
10.2 20.4 1.7
-3 9.4 4.1
-3.2 19.2 5.3
11.2 18.6 3.7
-3.2 9.4 0.7
-1 22.2 2.3
10.8 10 1.1
10.8 10 1.1
-1 22.2 1.7
6.8 7 4.3
10.2 9.8 4.7
-2.8 20 4.9
-4 18.6 4.1
-2.8 20.6 0.7
-3 9.2 3.5
-3 20.2 0.1
-1.2 22 3.1
7 6.8 2.9
10.2 9.6 4.3
10 9.2 3.9
11.2 18.6 0.3
-4.2 18.4 3.7
-1.2 22 0.9
-2.8 8.8 2.5
-3 9 2.1
-3 9 1.9
-2.6 9.4 5.1
-0.6 22.2 0.1
7 6.8 1.1
10.4 9.4 2.7
10.4 9.4 2.7
-3 9.2 0.5
-2.8 8.8 1.5
-0.4 22.4 0.5
-3.6 19.4 3.9
10.4 9.4 1.3
10.4 9.4 1.3
10.2 20.4 2.5
10 9.2 0.1
7 22.6 0.3
6.8 6.8 3.5
-4.2 18.4 0.3
-2.2 9.2 5.5
10.2 20.4 1.5
-4 18.8 0.3
-3.4 20 1.3
-1 22.2 2.5
-3 9 2.3
-4.2 18.2 4.1
-3 9 1.7
-2.6 20.6 4.1
-1 22.2 1.5
11 10.4 0.7
10 20.4 0.3
-3.6 19.4 0.1
10.6 19.8 0.9
6.8 6.8 0.5
-0.2 22.6 1.1
-3.6 9.8 1.3
7.4 7 3.1
7.4 22.6 1.7
-3.2 20.2 3.1
6.6 6.8 3.9
10.8 10.2 0.3
6.8 22.6 4.1
-0.6 22.4 2.9
11.4 18.6 2.1
11.4 18.6 1.9
11 10.2 2.1
4.4 6.8 5.5
11 10.2 1.9
-3.4 19.2 4.9
7.4 7 0.9
-3.2 20.2 0.9
-3.2 20.2 0.9
-0.6 22.4 1.1
10.2 9.2 3.1
10.2 9.2 3.1
7.2 22.6 3.3
-4.2 18.8 2.1
10.6 9.6 2.1
10.6 9.6 2.1
10 20.2 4.3
-4.2 18.8 1.9
10.6 9.6 1.9
10.6 9.6 1.9
6.6 6.8 0.1
-3 20.4 0.7
-3 9 2.5
-2.8 8.8 2.7
11 10.6 3.9
11 10.2 2.3
10.2 9.2 0.9
10.2 9.2 0.9
-3 9 1.5
11.4 18.6 1.7
-2.8 8.8 1.3
11 10.2 1.7
7.2 22.6 0.7
-2.8 9 3.7
-4 18.4 4.5
-0.8 22.2 3.5
10.8 10 3.1
10.8 10 3.1
10.4 9.6 3.7
10.4 9.6 3.7
10.2 20.4 2.7
-4.2 18.8 2.3
10.6 9.6 2.3
10.6 9.6 2.3
-4.2 18.6 3.3
11.2 19 2.1
11.2 18.8 3.3
11.2 19 1.9
10.4 20.2 2.1
-4.2 18.8 1.7
10.6 9.6 1.7
10.6 9.6 1.7
10.4 20.2 1.9
7.4 22.6 1.5
10.2 20.4 1.3
-1 22.2 2.7
-2.6 20.8 3.5
10.4 9.4 2.9
10.4 9.4 2.9
11 10.6 0.1
10.8 10 0.9
10.8 10 0.9
10.4 19.6 4.5
-0.8 22.2 0.5
-2.8 9 0.3
-1 22.2 1.3
-4.2 18.6 0.7
11.2 18.8 0.7
10.4 9.6 0.3
10.4 9.6 0.3
-2.4 21 3.5
10.4 9.4 1.1
10.4 9.4 1.1
7 6.8 3.1
11.2 19 2.3
10.4 20.2 2.3
7.2 7 0.3
10.4 20 3.5
11.4 18.4 0.7
11.2 19 1.7
-2.6 20.8 0.5
-2.8 9.2 4.3
-2.8 9.2 4.3
10.4 20.2 1.7
-3.2 9.2 2.1
-3.4 20 1.1
-3.2 20 3.9
7 7 4.1
-3.2 9.2 1.9
11 10.2 2.5
7 6.8 0.9
-2.4 21 0.5
11.4 18.6 1.5
10.6 10.6 5.1
-1.2 22 3.3
11 10.2 1.5
10.4 20 0.5
-4.2 18.8 2.5
10.6 9.6 2.5
-3.6 9.8 1.1
-3 19.8 4.9
10.6 9.8 0.5
10.6 9.8 0.5
-4.2 18.8 1.5
10.6 9.6 1.5
10.6 9.6 1.5
-3 9 2.7
10.4 19.8 4.1
-3.2 9.2 2.3
-3.2 20 0.1
-3.2 20 0.1
10.6 19.6 3.9
-1.2 22 0.7
-3.2 9.4 0.5
10.2 9.4 0.1
10.2 9.4 0.1
-3.2 9.2 1.7
-2.8 10 5.7
-3 9 1.3
-2.8 20.6 0.5
10.2 20.2 0.3
-3.8 18 5.5
11.2 19 2.5
10.4 20.2 2.5
-0.2 22.6 0.9
7.6 7 2.1
-2.4 20.6 4.7
-2.4 20.6 4.7
7.6 7 1.9
11.2 19 1.5
-2.8 8.8 2.9
7.4 22.6 1.3
-1 22 0.1
10.4 20.2 1.5
-0.6 22.4 3.1
10.6 19.6 0.1
-2.6 21 2.1
10.6 10.2 4.5
-2.6 21 1.9
-0.2 22.4 4.1
-3 9.2 3.7
6.4 22.6 4.7
-4.2 18 4.5
-2.8 8.8 1.1
10.2 20.4 2.9
6.2 22.6 4.9
10.6 10 4.1
10.6 19.8 0.7
7.4 22.4 0.1
-0.6 22.4 0.9
7.2 6.8 2.1
7.2 6.8 1.9
-2.8 20.8 2.1
7.4 7 3.3
7.6 7 2.3
-2.8 20.8 1.9
-3.2 20.2 3.3
7.6 7 1.7
-3.2 9.2 2.5
-1 22.2 2.9
10.2 20.4 1.1
-2.6 21 2.3
10.4 9.8 4.3
11 10.2 2.7
-3.2 9.2 1.5
-2.6 21 1.7
-3 9.2 0.3
11.4 18.6 1.3
11 10.4 0.5
-1 22.2 1.1
-2.6 20.4 4.7
7.4 7 0.7
11 10.2 1.3
-0.4 22.4 0.3
7.6 7.4 4.5
-3.2 20.2 0.7
-3.2 20.2 0.7
-4.2 18.8 2.7
7.2 6.8 2.3
10.6 9.6 2.7
10.2 9.2 3.3
10.2 9.2 3.3
10.8 10.4 4.3
-2.8 20.8 2.3
10.4 10 4.7
6.8 6.8 3.7
7.2 6.8 1.7
7.2 22.4 4.3
-2.8 20.8 1.7
-4.2 18.4 3.9
11.2 18.6 0.1
-4.2 18.8 1.3
10.6 9.6 1.3
10.6 9.6 1.3
10.4 9.4 3.1
10.4 9.4 3.1
6.6 22.6 4.5
10.2 9.2 0.7
10.2 9.2 0.7
10.8 10 3.3
10.8 10 3.3
11.2 19 2.7
6.8 6.8 0.3
10 9.2 4.1
10.4 9.4 0.9
10.4 9.4 0.9
7.2 22.6 3.5
7.6 7 2.5
7 22.6 0.1
-3 9.4 4.3
-4.2 18.4 0.1
7.6 7 1.5
11.2 19 1.3
-4 18.8 0.1
-2.6 21 2.5
-3 20.4 0.5
10.4 20.2 1.3
-3.4 20 0.9
-3.6 18.8 5.1
10.8 10 0.7
10.8 10 0.7
-4 18.6 4.3
-2.6 21 1.5
-3 9 1.1
7.2 22.6 0.5
7.2 6.8 2.5
10 20.4 0.1
7 6.8 3.3
-2.8 20.8 2.5
9.8 20.4 4.5
-4.2 18.6 3.5
-3.6 19.2 4.5
11.2 18.8 3.5
-0.4 22.6 2.1
-0.4 22.6 1.9
7.2 6.8 1.5
-2.8 20.8 1.5
-3.2 9.2 2.7
-3.6 9.8 0.9
-4 18 5.1
7.4 22.6 1.1
10.8 10.2 0.1
-2 20.6 5.5
6.8 7 4.5
-3.2 9.2 1.3
7 6.8 0.7
-0.8 22.2 3.7
-4.2 18.6 0.5
11.2 18.8 0.5
10.2 9.6 4.5
-0.4 22.6 2.3
-0.4 22.6 1.7
6.6 6.8 4.1
7.2 7.4 5.1
11.4 18.4 0.5
-2.8 8.8 3.1
10.6 20 2.1
-3.4 9.4 2.1
10.6 20 1.9
-3.4 9.4 1.9
-2.6 20.8 3.7
11 10.2 2.9
-1.4 22 1.5
-2.6 20.6 4.3
-1.2 22 3.5
-0.8 22.2 0.3
-2.8 9 3.9
11.4 18.6 1.1
10 19.6 5.5
-2.4 21 3.7
-2.8 8.8 0.9
6.6 7.4 5.7
10.2 20.4 3.1
-2.6 9.2 4.9
-4.2 18.8 2.9
11 10.2 1.1
10.4 9.6 3.9
10.4 9.6 3.9
10.6 9.6 2.9
10.4 20 3.7
-0.2 22.6 0.7
10.6 20 2.3
-1 22.2 3.1
-3.4 9.4 2.3
-2.6 20.8 0.3
6.8 22.6 4.3
-2.6 21 2.7
-0.6 22.4 3.3
-4.2 18.8 1.1
10.6 20 1.7
7.6 7 1.3
10.6 9.6 1.1
10.6 9.6 1.1
-3.4 9.4 1.7
10.2 20.4 0.9
11 10.6 4.1
-1.2 22 0.5
10.8 9.8 2.1
10.8 9.8 2.1
10.2 9.8 4.9
10.8 9.8 1.9
10.8 9.8 1.9
-2.6 21 1.3
-2.4 21 0.3
-2.8 9 0.1
10.2 10.2 5.5
-3 20.6 1.5
-1 22.2 0.9
7.2 6.8 2.7
10.4 9.6 0.1
10.4 9.6 0.1
-1.8 20.8 5.5
11.2 19 2.9
-2.8 20.8 2.7
-0.4 22.6 2.5
10.4 20 0.3
-0.6 22.4 0.7
7.2 7 0.1
7.2 6.8 1.3
-0.4 22.6 1.5
10.6 9.8 0.3
10.6 9.8 0.3
-2.8 20.8 1.3
11.2 19 1.1
10.4 20.2 1.1
10.8 9.8 2.3
-3.2 9.4 0.3
-2.8 20 5.1
10.8 9.8 1.7
10.8 9.8 1.7
-2.8 20.6 0.3
10.6 19.8 0.5
7.4 7 3.5
10 20.2 4.5
10.6 20 2.5
-3.2 9.2 2.9
-3.4 9.4 2.5
-3.2 20.4 2.1
-3.2 20.4 2.1
-3.2 20.4 1.9
-3.2 20.4 1.9
-3.2 20 4.1
10.4 9.4 3.3
10.4 9.4 3.3
10.6 20 1.5
-3.4 9.4 1.5
-1.4 22 1.3
-3.2 9.2 1.1
-3 9 0.9
7.4 7 0.5
10.2 9.2 3.5
10.2 9.2 3.5
-3.2 20.2 0.5
-3.2 20.2 0.5
10.2 20.2 0.1
10.4 9.4 0.7
10.4 9.4 0.7
-3.2 20.4 2.3
-3.2 20.4 2.3
-3.2 19.2 5.5
-3.2 20.4 1.7
-3.2 20.4 1.7
7 7 4.3
10.6 19.6 4.1
10.8 9.8 2.5
7.4 22.6 0.9
-2.6 9.4 5.3
-3.4 20 0.7
10.2 9 2.1
-3 9.2 3.9
10.2 9 1.9
10.2 9.2 0.5
10.2 9.2 0.5
10.8 9.8 1.5
10.8 9.8 1.5
11 10.4 0.3
-4 18.4 4.7
10.8 10 3.5
10.8 10 3.5
-3 20.6 1.3
-0.4 22.6 2.7
-2.8 9.2 4.5
-2.8 9.2 4.5
10.4 19.8 4.3
-2.6 21 2.9
-3.6 9.8 0.7
-0.4 22.6 1.3
11 10.2 3.1
7.6 7 1.1
10.4 19.6 4.7
10.2 9 2.3
10.8 10 0.5
10.8 10 0.5
-3.4 19.2 5.1
-3 9.2 0.1
10.2 9 1.7
-2.6 21 1.1
7.2 6.8 2.9
11.4 18.6 0.9
-4.2 18.8 3.1
-2.8 20.8 2.9
10.6 9.6 3.1
-0.4 22.4 0.1
11 10.2 0.9
7.2 22.6 3.7
6.8 6.8 3.9
10.6 20 2.7
-3.2 20.4 2.5
-3.2 20.4 2.5
-3.4 9.4 2.7
-2.8 8.8 3.3
7.2 6.8 1.1
-2.8 20.8 1.1
-3.2 20.4 1.5
-3.2 20.4 1.5
-4.2 18.8 0.9
10.6 9.6 0.9
10.6 9.6 0.9
-3 20.4 0.3
10.6 20 1.3
-3.4 9.4 1.3
-0.2 22.4 4.3
7 6.8 0.5
10.2 20.4 3.3
11.2 19 3.1
7.2 22.6 0.3
-2.8 8.8 0.7
10.6 10 4.3
-4.2 18.6 3.7
11.2 18.8 3.7
6.8 6.8 0.1
-1 22.2 3.3
-4.2 18.4 4.1
10.8 9.8 2.7
11.2 19 0.9
10.2 20.4 0.7
10.2 9 2.5
10.4 20.2 0.9
-1.4 22 1.1
10.8 9.8 1.3
10.8 9.8 1.3
10.2 9 1.5
-1 22.2 0.7
-4.2 18.6 0.3
11.2 18.8 0.3
-3.2 9.2 3.1
-0.2 22.6 0.5
-0.6 22.4 3.5
11.4 18.4 0.3
10.4 9.8 4.5
4.4 6.8 5.7
-1.2 22 3.7
-3.2 9.2 0.9
-4.2 18 4.7
-0.8 22.2 3.9
-0.4 22.6 2.9
-3 20.6 1.1
10.8 10.4 4.5
-3.2 20.4 2.7
-3.2 20.4 2.7
-0.6 22.4 0.5
7.2 22.4 4.5
-2.4 20.6 4.9
-2.4 20.6 4.9
-3 19.8 5.1
-2.6 20.8 3.9
-0.4 22.6 1.1
-3.2 20.4 1.3
-3.2 20.4 1.3
-1.2 22 0.3
10.6 10.6 5.3
6.4 22.6 4.9
-1.2 22.2 2.1
-2.4 21 3.9
-0.8 22.2 0.1
-3.4 20.2 2.1
-1.2 22.2 1.9
-3 9 0.7
7.6 7.4 4.7
-3.4 20.2 1.9
10.4 9.2 2.1
10.4 20 3.9
10.6 20 2.9
10.4 9.2 1.9
-3.4 9.4 2.9
-3 9.4 4.5
11.4 18.8 2.1
-2.6 21 3.1
11.4 18.8 1.9
10.4 9.4 3.5
-2.6 20.8 0.1
10.4 9.4 3.5
10.2 9 2.7
6.6 22.6 4.7
7.6 7 0.9
7.4 22.6 0.7
10.6 20 1.1
-4 18.6 4.5
-3.4 9.4 1.1
-2.8 9 4.1
-1.2 22.2 2.3
-2.6 20.4 4.9
-3.4 20.2 2.3
-2.4 21 0.1
-2.6 21 0.9
-2.8 20.8 3.1
10.2 9 1.3
10.4 9.6 4.1
10.4 9.6 4.1
-1.2 22.2 1.7
6.2 22.6 5.1
-3.4 20.2 1.7
10.4 9.2 2.3
10.4 10 4.9
7.4 7 3.7
10.4 20 0.1
10.6 19.8 0.3
10.4 9.4 0.5
10.4 9.4 0.5
10.4 9.2 1.7
11.4 18.8 2.3
6.6 6.8 4.3
11.4 18.8 1.7
7.2 6.8 0.9
10.6 9.8 0.1
10.6 9.8 0.1
11 10.2 3.3
10.8 9.8 2.9
-2.8 20.8 0.9
-3.4 20 0.5
-3.2 9.4 0.1
11.6 18.4 2.1
11.6 18.4 1.9
-4.2 18.8 3.3
10.8 9.8 1.1
10.8 9.8 1.1
10.6 9.6 3.3
10.2 9.2 3.7
10.2 9.2 3.7
11.4 18.6 0.7
7.4 7 0.3
-2.8 20.6 0.1
11 10.2 0.7
-3.2 20.2 0.3
-3.2 20.2 0.3
-0.8 22.4 1.1
-3.6 9.8 0.5
11 10.6 4.3
-4.2 18.8 0.7
10.6 9.6 0.7
10.6 9.6 0.7
6.8 7 4.7
-2.6 20.6 4.5
11.6 18.4 2.3
-1.4 22 0.9
-1.2 22.2 2.5
11.6 18.4 1.7
-3.4 20.2 2.5
10.2 9.2 0.3
10.2 9.2 0.3
10.8 10 3.7
10.8 10 3.7
11.2 19 3.3
-1.2 22.2 1.5
10.4 9.2 2.5
-3.8 18 5.7
10.2 9.6 4.7
-3.4 20.2 1.5
-3.2 20.4 2.9
-3.2 20.4 2.9
11.4 18.8 2.5
-2.8 8.8 3.5
10.4 9.2 1.5
6.8 22.6 4.5
11.4 18.8 1.5
11.2 19 0.7
-3.2 20.4 1.1
-3.2 20.4 1.1
10.4 20.2 0.7
10.8 10 0.3
10.8 10 0.3
10.2 20.4 3.5
11.2 19.2 2.1
-0.4 22.6 3.1
11 10.4 0.1
11.2 19.2 1.9
-2.8 8.8 0.5
-3 20.6 0.9
11 10 2.1
11 10 2.1
11 10 1.9
11 10 1.9
-3.2 9.2 3.3
-1 22.2 3.5
-3.2 20 4.3
10.2 9 2.9
-0.4 22.6 0.9
11.6 18.4 2.5
-3.6 18.8 5.3
10.2 20.4 0.5
-3 9.2 4.1
7 6.8 0.3
11.6 18.4 1.5
11.2 19.2 2.3
7.4 6.8 2.1
-3.2 9.2 0.7
7.4 6.8 1.9
10.2 9 1.1
11.2 19.2 1.7
11 10 2.3
11 10 2.3
7.2 22.6 3.9
-1 22.2 0.5
-3.4 9.4 3.1
11 10 1.7
11 10 1.7
-4 18 5.3
10.6 19.6 4.3
-3.6 9.6 1.3
-3 20.4 0.1
10.6 20 0.9
-1.2 22.2 2.7
-3.4 9.4 0.9
-3.4 20.2 2.7
7.4 6.8 2.3
-2.6 9.2 5.1
-2.8 8.6 2.1
7.4 6.8 1.7
10.4 9.2 2.7
-2.8 8.6 1.9
7.2 22.6 0.1
-4.2 18.6 3.9
-1.2 22.2 1.3
11.2 18.8 3.9
6.8 6.8 4.1
-3.4 20.2 1.3
11.4 18.8 2.7
-2.6 21 3.3
7.2 7.4 5.3
10.4 9.2 1.3
-0.6 22.4 3.7
10.8 9.8 3.1
-0.2 22.6 0.3
7 7 4.5
11.4 18.8 1.3
10.2 9.8 5.1
7.6 7 0.7
11.2 19.2 2.5
-2.8 20.8 3.3
-2.8 8.6 2.3
-2.6 21 0.7
10.8 9.8 0.9
10.8 9.8 0.9
11 10 2.5
11 10 2.5
-3 9 0.5
-4.2 18.6 0.1
-2.8 8.6 1.7
11.2 19.2 1.5
11.2 18.8 0.1
11 10 1.5
11 10 1.5
-0.6 22.4 0.3
-0.8 22.4 0.9
11.4 18.4 0.1
7.2 6.8 0.7
11.6 18.4 2.7
-2 20.6 5.7
-2.8 20.8 0.7
10.6 9.4 2.1
10.6 9.4 2.1
10.6 9.4 1.9
10.6 9.4 1.9
7.4 22.6 0.5
-1.2 22 3.9
7.4 6.8 2.5
-3 8.8 2.1
11.6 18.4 1.3
-3 8.8 1.9
7.4 6.8 1.5
-3.2 20.4 3.1
-3.2 20.4 3.1
-4.2 18.4 4.3
-2.8 9.2 4.7
11 10.2 3.5
10.4 9.4 3.7
10.4 9.4 3.7
-3.6 20 2.1
10.6 9.4 2.3
10.6 9.4 2.3
-3.6 20 1.9
-0.2 22.4 4.5
-3.2 20.4 0.9
-3.2 20.4 0.9
10.6 9.4 1.7
10.6 9.4 1.7
-1.2 22 0.1
-1.4 22 0.7
-3 8.8 2.3
-0.8 22.2 4.1
-4.2 18.8 3.5
10 19.6 5.7
-2.8 8.6 2.5
10.6 9.6 3.5
-4 18.4 4.9
10.6 10 4.5
-3 8.8 1.7
11.4 18.6 0.5
-2.8 8.6 1.5
11 10.2 0.5
10.4 9.4 0.3
10.4 9.4 0.3
-3.6 20 2.3
10.2 9 3.1
10.4 19.6 4.9
-3.6 20 1.7
-3.6 9.6 1.1
-4.2 18.8 0.5
10.6 9.6 0.5
10.6 9.6 0.5
-1.2 22.2 2.9
-3.4 20.2 2.9
-3.4 20 0.3
11.2 19.2 2.7
-2.4 21 4.1
10.2 10.2 5.7
11.2 19 3.5
-0.4 22.6 3.3
6.6 7.4 5.9
11 10 2.7
11 10 2.7
10.4 9.2 2.9
10.4 20.4 2.1
10.2 9 0.9
10.4 20.4 1.9
7.4 7 3.9
11.4 18.8 2.9
10.4 20 4.1
11.2 19.2 1.3
-3 20.6 0.7
-1.2 22.2 1.1
-3.4 20.2 1.1
10.6 19.8 0.1
11 10 1.3
11 10 1.3
-3.8 9.8 2.1
-3.8 9.8 1.9
10.4 9.2 1.1
10.4 9.2 1.1
10.6 9.4 2.5
10.6 9.4 2.5
-3.6 9.8 0.3
11.4 18.8 1.1
-0.4 22.6 0.7
11.2 19 0.5
7.4 6.8 2.7
10.6 9.4 1.5
10.6 9.4 1.5
10.4 20.2 0.5
-3 8.8 2.5
10.2 9.2 3.9
10.2 9.2 3.9
10.4 20.4 2.3
-3 8.8 1.5
7.4 7 0.1
7.4 6.8 1.3
10.4 20.4 1.7
-3.4 9.4 3.3
-3.2 9.2 3.5
-3.2 20.2 0.1
-3.2 20.2 0.1
-2.8 8.8 3.7
-3.8 9.8 1.7
-3.6 20 2.5
11.6 18.4 2.9
10.4 9.8 4.7
-2.6 9.4 5.5
-3.6 20 1.5
-3.4 19.2 5.3
-2.8 9 4.3
10.6 20 0.7
-3.4 9.4 0.7
-2.8 8.6 2.7
-3.2 9 2.1
10.2 20.4 3.7
10.8 10 3.9
10.8 10 3.9
-3.2 9 1.9
-3.2 9.2 0.5
10.4 9.6 4.3
10.4 9.6 4.3
10.2 9.2 0.1
10.2 9.2 0.1
11.6 18.4 1.1
10.8 10.4 4.7
-2.8 8.8 0.3
-2.8 8.6 1.3
-1 22.2 3.7
10.8 9.8 3.3
-3.2 19.2 5.7
-0.6 22.6 1.5
-1.6 22 2.1
10.2 20.4 0.3
-1.6 22 1.9
-3.2 9 2.3
10.8 10 0.1
10.8 10 0.1
10.4 20.4 2.5
-3.2 9 1.7
10.8 9.8 0.7
10.8 9.8 0.7
-1 22.2 0.3
10.4 20.4 1.5
-3 9.4 4.7
-2.6 21 3.5
6.6 6.8 4.5
-0.8 22.4 0.7
10.6 9.4 2.7
10.6 9.4 2.7
-3.8 9.8 1.5
-4 18.6 4.7
-1.6 22 2.3
7.6 7 0.5
11.2 19.2 2.9
-3 8.8 2.7
10.6 9.4 1.3
10.6 9.4 1.3
-1.6 22 1.7
-2.8 20.8 3.5
11 10 2.9
11 10 2.9
7 6.8 0.1
-2.6 21 0.5
-3.2 20.4 3.3
-3.2 20.4 3.3
-3 8.8 1.3
11.2 19.2 1.1
-2.4 20.6 5.1
-1 22.4 2.1
11 10 1.1
11 10 1.1
-3.6 20 2.7
-1 22.4 1.9
11 10.6 4.5
7.2 6.8 0.5
-2.8 20.8 0.5
-1.2 22.2 3.1
7.4 6.8 2.9
-3.4 20.2 3.1
-3.6 9.6 0.9
-3.2 20.4 0.7
-3.2 20.4 0.7
-3.6 20 1.3
6.4 22.6 5.1
-3.2 9 1.5
7.2 22.6 4.1
-3 9 0.3
11.4 18.8 3.1
7.4 6.8 1.1
-1.2 22.2 0.9
-3 19.8 5.3
-3.4 20.2 0.9
-1 22.4 2.3
-0.6 22.4 3.9
-1 22.4 1.7
10.2 9 3.3
10.4 9.2 0.9
10.4 9.2 0.9
-0.2 22.6 0.1
-2.6 20.6 4.7
-1.6 22 2.5
11.4 18.8 0.9
-0.6 22.6 1.3
7.4 22.6 0.3
-2.8 8.6 2.9
-2.6 20.4 5.1
10.4 20.4 2.7
-1.6 22 1.5
-1.4 22 0.5
-4.2 18.6 4.1
11.2 18.8 4.1
10.4 10 5.1
10.2 9 0.7
10.4 20.4 1.3
-2.8 8.6 1.1
-0.6 22.4 0.1
6.8 22.6 4.7
11 10.2 3.7
-3.2 20 4.5
11.6 18.4 3.1
-3.8 9.8 1.3
10.6 10.6 5.5
-4.2 18.8 3.7
10.6 9.6 3.7
-0.4 22.6 3.5
-2.8 21 2.1
-2.8 21 1.9
6.2 22.6 5.3
10.8 9.6 2.1
10.8 9.6 2.1
11.6 18.4 0.9
10.2 9.6 4.9
10.8 9.6 1.9
10.8 9.6 1.9
6.8 6.8 4.3
10.6 20.2 2.1
11.4 18.6 0.3
10.6 20.2 1.9
-3 20.6 0.5
-1 22.4 2.5
11 10.2 0.3
10.4 9.4 3.9
10.4 9.4 3.9
10.6 9.4 2.9
10.6 9.4 2.9
10.6 19.6 4.5
-1 22.4 1.5
-0.4 22.6 0.5
-1.2 22 4.1
-3 8.8 2.9
-4.2 18.8 0.3
4.4 6.8 5.9
10.6 9.6 0.3
10.6 9.6 0.3
-3.4 9.2 2.1
-3.4 9.2 1.9
-2.8 21 2.3
11.2 19 3.7
10.6 9.4 1.1
10.6 9.4 1.1
10.8 9.6 2.3
10.8 9.6 2.3
-2.8 21 1.7
10.6 20.2 2.3
-3.2 9 1.3
-3.4 9.4 3.5
10.8 9.6 1.7
10.8 9.6 1.7
-3 8.8 1.1
10.6 20.2 1.7
10.4 9.4 0.1
10.4 9.4 0.1
-3 20.8 2.1
-3 20.8 1.9
-1.6 22 2.7
11.2 19.2 3.1
-3.4 9.2 2.3
11.2 19 0.3
-3.6 20 1.1
-3.4 20 0.1
10.4 20.2 0.3
10.6 20 0.5
11 10 3.1
-3.4 9.4 0.5
-3.4 9.2 1.7
-1.6 22 1.3
-3.2 9.2 3.7
11.2 19.2 0.9
10.8 9.8 3.5
7 7 4.7
-3 20.8 2.3
11 10 0.9
11 10 0.9
-3 20.8 1.7
-3.6 9.8 0.1
7.4 6.8 3.1
-0.6 22.6 1.1
-2.8 21 2.5
-0.8 22.2 4.3
10.8 9.6 2.5
10.8 9.6 2.5
10.6 20.2 2.5
-3.2 9.2 0.3
7.4 7 4.1
-2.8 21 1.5
10.8 9.8 0.5
10.8 9.8 0.5
-1 22.4 2.7
10.8 9.6 1.5
10.8 9.6 1.5
-2.8 8.8 3.9
7.4 6.8 0.9
10.6 20.2 1.5
-4.2 18.4 4.5
10.4 20.4 1.1
-0.8 22.4 0.5
-1 22.4 1.3
-3.8 9.8 1.1
-1.2 22.2 3.3
-3.4 20.2 3.3
-3.4 9.2 2.5
-2.8 8.6 3.1
-3.6 9.6 0.7
10.2 20.4 3.9
-2.4 21 4.3
10.2 9.2 4.1
10.2 9.2 4.1
-3.4 9.2 1.5
-3.2 20.4 3.5
-3.2 20.4 3.5
11.4 19 2.1
11.4 19 1.9
10.4 20 4.3
-1 22.2 3.9
-2.8 8.8 0.1
-2.6 21 3.7
-1.2 22.2 0.7
-2.8 8.6 0.9
-3.4 20.2 0.7
-3 20.8 2.5
10.4 9.2 0.7
10.4 9.2 0.7
-3.6 18.8 5.5
-3 20.8 1.5
11.4 18.8 0.7
7.6 7 0.3
-3.2 20.4 0.5
-3.2 20.4 0.5
10.2 20.4 0.1
-2.8 20.8 3.7
10.8 10 4.1
10.8 10 4.1
10.6 10 4.7
11.4 19 2.3
-3.8 18 5.9
-3.2 20.6 2.1
-3.2 20.6 1.9
-2.6 21 0.3
-3.2 9 1.1
11.4 19 1.7
-1 22.2 0.1
-2.8 9.2 4.9
10.6 9.4 3.1
10.2 9 3.5
-4 18 5.5
11.6 18.4 3.3
-1.6 22 2.9
7.2 6.8 0.3
10.2 9.8 5.3
-3 8.8 3.1
-2.8 20.8 0.3
10.8 9.6 2.7
10.8 9.6 2.7
10.6 9.4 0.9
10.6 9.4 0.9
10.6 20.2 2.7
-3.2 20.6 2.3
-1.6 22 1.1
11.6 18.4 0.7
-2.8 21 1.3
-3.2 20.6 1.7
10.2 9 0.5
10.8 9.6 1.3
10.8 9.6 1.3
-3 8.8 0.9
7.2 7.4 5.5
10.6 20.2 1.3
-3.4 9.2 2.7
-2.8 9 4.5
-3.6 20 0.9
-4 18.4 5.1
10.4 9.6 4.5
10.4 9.6 4.5
11.4 19 2.5
-1.4 22 0.3
-3.4 9.2 1.3
10.2 8.8 2.1
-1 22.4 2.9
-3 9 0.1
10.2 8.8 1.9
11.4 19 1.5
-3 20.8 2.7
10.4 19.6 5.1
-1 22.4 1.1
11.2 19.2 3.3
7.6 6.8 2.1
-3 20.8 1.3
7.6 6.8 1.9
11 10 3.3
7.4 22.6 0.1
-0.6 22.6 0.9
-0.4 22.6 3.7
-3.2 20.6 2.5
10.2 8.8 2.3
10.2 8.8 1.7
-3.2 20.6 1.5
-1.4 22.2 1.7
-3 20.6 0.3
-0.6 22.4 4.1
11.2 19.2 0.7
10.4 20.4 0.9
11 10 0.7
11 10 0.7
7.4 6.8 3.3
7.6 6.8 2.3
-3.8 9.8 0.9
-0.4 22.6 0.3
-3.6 9.4 2.1
7.6 6.8 1.7
-3.6 9.4 1.9
-4.2 18.8 3.9
10.6 9.6 3.9
7.2 22.6 4.3
-3.4 9.4 3.7
11.4 18.6 0.1
6.6 6.8 4.7
7.4 6.8 0.7
11 10.2 0.1
11.6 18.6 1.3
-3.6 9.4 2.3
-2.8 8.6 3.3
-4.2 18.8 0.1
10.6 9.6 0.1
10.6 9.6 0.1
11.2 19 3.9
10.8 9.6 2.9
10.8 9.6 2.9
-3.6 9.4 1.7
10.6 20.2 2.9
10.6 20 0.3
-3.4 9.4 0.3
10.2 8.8 2.5
-4.2 18.6 4.3
11.2 18.8 4.3
-2.8 21 1.1
-3.2 9 0.9
-3 9.4 4.9
11.4 19 1.3
10.2 8.8 1.5
10.8 9.8 3.7
10.8 9.6 1.1
10.8 9.6 1.1
-1.4 22.2 1.5
10.4 9.4 4.1
10.4 9.4 4.1
10.6 20.2 1.1
-2.8 8.6 0.7
11 10.6 4.7
-1.6 22 3.1
7.6 6.8 2.5
-1.2 22.2 3.5
-3.4 9.2 2.9
-4 18.6 4.9
-3.4 20.2 3.5
-3.4 20.4 2.1
-3.4 20.4 1.9
11.2 19 0.1
7.6 6.8 1.5
-3.6 9.6 0.5
10.4 20.2 0.1
-3.2 20.6 2.7
-3.4 9.2 1.1
-1.6 22 0.9
-3.2 9.2 3.9
10.8 9.8 0.3
10.8 9.8 0.3
-3.2 20.6 1.3
-3.2 20.6 1.3
-3 20.8 2.9
10.6 9.4 3.3
-1.2 22.2 0.5
-3.4 20.2 0.5
11 9.8 2.1
11 9.8 2.1
11 9.8 1.9
11 9.8 1.9
10.4 9 2.1
-0.8 22.4 0.3
10.4 9 1.9
-3.4 20.4 2.3
10.4 9.2 0.5
10.4 9.2 0.5
-3 8.8 3.3
-3.6 9.4 2.5
-1.2 22 4.3
-3.4 19.2 5.5
-3 20.8 1.1
-3.4 20.4 1.7
11.4 18.8 0.5
-3.6 9.4 1.5
-3.2 20.4 3.7
-3.2 20.4 3.7
10.6 9.4 0.7
10.6 9.4 0.7
6.8 6.8 4.5
-3.2 9.2 0.1
-1 22.4 3.1
-3 8.8 0.7
-3.2 20 4.7
11.6 18.4 3.5
11 9.8 2.3
11 9.8 2.3
10.4 9 2.3
-2.6 9.4 5.7
11 9.8 1.7
11 9.8 1.7
-2.6 20.6 4.9
10.4 9 1.7
-1 22.4 0.9
-3.2 20.4 0.3
-3.2 20.4 0.3
-3.6 20 0.7
10.2 8.8 2.7
-2.8 8.8 4.1
11.6 18.4 0.5
-2.6 21 3.9
-2.4 20.6 5.3
10.2 8.8 1.3
6.8 22.6 4.9
10.2 9 3.7
-1.4 22.2 1.3
10.6 19.6 4.7
7.6 6.8 2.7
-3.4 20.4 2.5
11.6 18.6 1.1
6.4 22.6 5.3
-2.8 20.8 3.9
-0.8 22.6 2.1
10.2 20.4 4.1
-3.4 20.4 1.5
-0.8 22.6 1.9
7.6 7 0.1
7.6 6.8 1.3
-0.6 22.6 0.7
7.4 7 4.3
-1 22.2 4.1
-2.6 21 0.1
10.2 9 0.3
11.4 19 1.1
11 9.8 2.5
11 9.8 2.5
10.4 20.4 0.7
10.4 9 2.5
-3.6 9.4 2.7
11.2 19.2 3.5
11 9.8 1.5
11 9.8 1.5
10.4 9 1.5
7.2 6.8 0.1
-3.8 9.8 0.7
-0.8 22.6 2.3
-2.8 20.8 0.1
11 10 3.5
10.8 9.6 3.1
10.8 9.6 3.1
-2.6 20.4 5.3
10.6 20.2 3.1
-3.2 20.6 2.9
-0.8 22.6 1.7
10.2 9.2 4.3
10.2 9.2 4.3
-3.6 9.4 1.3
10.2 9.6 5.1
10.4 10 5.3
-3 19.8 5.5
-2.8 21 0.9
-3.2 20.6 1.1
-3.2 20.6 1.1
10.8 9.6 0.9
10.8 9.6 0.9
11.2 19.2 0.5
10.6 20.2 0.9
-3.4 9.2 3.1
7.4 6.8 3.5
11 10 0.5
11 10 0.5
-2.4 21 4.5
10.8 10 4.3
-1.4 22 0.1
10.4 20 4.5
-3.4 9.2 0.9
-3 20.8 3.1
-4.2 18.4 4.7
-3.2 9 0.7
7.4 6.8 0.5
7 7 4.9
-1.6 22 3.3
-3.4 20.4 2.7
-2.8 8.6 3.5
-0.8 22.6 2.5
-3 20.8 0.9
-3.4 20.4 1.3
-0.8 22.6 1.5
6.2 22.6 5.5
-1.6 22 0.7
11 9.8 2.7
-3 20.6 0.1
10.2 8.8 1.1
10.4 9 2.7
-2.8 8.6 0.5
-1.4 22.2 1.1
7.6 6.8 2.9
11 9.8 1.3
11 9.8 1.3
10.4 9 1.3
-0.4 22.6 0.1
7.6 6.8 1.1
10.6 9.2 2.1
10.6 9.2 2.1
10.6 9.2 1.9
10.6 9.2 1.9
-3.4 9.4 3.9
-1 22.4 3.3
-3.6 20.2 2.1
-3.6 20.2 1.9
-1.2 22.2 3.7
-3.6 9.4 2.9
-3.4 20.2 3.7
-3.8 9.6 2.1
-1 22.4 0.7
-3.8 9.6 1.9
11.6 18.6 0.9
-4.2 18.8 4.1
10.6 9.6 4.1
-3.6 9.6 0.3
10.6 9.2 2.3
10.6 9.2 2.3
10.6 10 4.9
10.6 20 0.1
-3.6 9.4 1.1
-3.4 9.4 0.1
10.6 9.4 0.5
10.6 9.4 0.5
10.6 9.2 1.7
10.6 9.2 1.7
-3.6 20.2 2.3
10.8 9.8 3.9
-3.6 20.2 1.7
11.4 19 0.9
-3 8.8 0.5
-1.2 22.2 0.3
-3.4 20.2 0.3
-0.8 22.6 2.7
-3.8 9.6 2.3
10.4 9.2 0.3
10.4 9.2 0.3
-2.8 9 4.7
11.2 19 4.1
-3.8 9.6 1.7
-3.2 20.6 3.1
11.4 18.8 0.3
-3.6 20 0.5
-0.8 22.6 1.3
10.8 9.8 0.1
10.8 9.8 0.1
-2.8 9.2 5.1
11.6 18.4 3.7
-2.8 8.4 2.1
-3.2 20.6 0.9
-3.2 20.6 0.9
-2.8 8.4 1.9
-3.4 20.4 2.9
-1.2 22.4 2.1
-0.8 22.4 0.1
-1.2 22.4 1.9
10.8 9.6 3.3
10.8 9.6 3.3
10.6 20.2 3.3
10.6 9.2 2.5
10.6 9.2 2.5
-3.4 20.4 1.1
-3.2 20.4 3.9
-3.2 20.4 3.9
-0.6 22.6 0.5
7.2 22.6 4.5
-3.2 9.2 4.1
10.6 9.2 1.5
10.6 9.2 1.5
-3.6 20.2 2.5
11.6 18.4 0.3
11 9.8 2.9
-2.8 21 0.7
-2.8 8.4 2.3
10.4 9.4 4.3
10.4 9.4 4.3
10.4 9 2.9
-3 8.6 1.9
-3.6 20.2 1.5
10.8 9.6 0.7
10.8 9.6 0.7
-2.8 8.4 1.7
10.4 20.4 0.5
10.6 20.2 0.7
-3.4 9.2 3.3
-1.2 22.4 2.3
-1.2 22.4 1.7
11 9.8 1.1
11 9.8 1.1
-3.8 9.8 0.5
10.4 9 1.1
-3.8 9.6 1.5
-3.2 20.4 0.1
-3.2 20.4 0.1
-4.2 18.6 4.5
11.2 18.8 4.5
-3.4 9.2 0.7
-3 20.8 3.3
10.2 9 3.9
-3 8.6 1.7
7.6 6.8 3.1
10.2 8.8 0.9
-1.4 22.2 0.9
11.2 19.2 3.7
-3.6 18.8 5.7
10.2 9.8 5.5
11 10 3.7
-4 18.4 5.3
-3 20.8 0.7
7.6 6.8 0.9
11.6 18.8 2.1
-2.6 21 4.1
11.6 18.8 1.9
6.6 6.8 4.9
-2.8 8.4 2.5
-3.2 9 0.5
10.2 9 0.1
-4 18 5.7
11.2 19.2 0.3
-3.6 9.4 3.1
-2.8 8.4 1.5
7.4 6.8 3.7
-1.2 22.4 2.5
10.4 19.6 5.3
-0.8 22.6 2.9
11 10 0.3
11 10 0.3
-2.8 20.8 4.1
-1.2 22.4 1.5
10.6 9.2 2.7
-0.8 22.6 1.1
11.6 18.8 2.3
-3.6 9.4 0.9
-3.6 20.2 2.7
-2.8 8.8 4.3
10.6 9.2 1.3
10.6 9.2 1.3
-1.6 22 0.5
11.6 18.8 1.7
7.2 7.4 5.7
7.4 6.8 0.3
-3 8.6 1.5
11 10.6 4.9
-3.6 20.2 1.3
-2.8 8.6 3.7
10.2 20.4 4.3
11.6 18.6 0.7
11.2 10 2.1
-3.8 9.6 1.3
11.2 10 1.9
6.8 6.8 4.7
-1 22.2 4.3
-3 9.4 5.1
-3.4 20.4 3.1
11.4 19 0.7
-2.8 8.6 0.3
-4 18.6 5.1
11.4 19.2 2.1
-3.2 20.6 3.3
11.4 19.2 1.9
-1 22.4 0.5
11.2 10 2.3
-3.4 20.4 0.9
11.2 10 1.7
11.6 18.8 2.5
10.4 9 3.1
11.6 18.8 1.5
-3.2 20 4.9
10.8 9.4 2.1
10.8 9.4 1.9
-3.2 20.6 0.7
-3.2 20.6 0.7
-1.2 22.4 2.7
-2.8 8.4 1.3
11.4 19.2 2.3
11 9.8 0.9
11 9.8 0.9
-1.2 22.4 1.3
11.4 19.2 1.7
10.2 9.2 4.5
10.2 9.2 4.5
10.4 9 0.9
10.6 9.4 0.3
10.6 9.4 0.3
10.8 9.4 2.3
10.6 19.6 4.9
-3.2 8.8 1.5
-3 8.8 0.3
-1.2 22.2 3.9
10.8 9.4 1.7
-3 8.6 1.3
-3.4 20.2 3.9
-2.6 20.6 5.1
10.8 9.6 3.5
10.8 9.6 3.5
10.6 9.2 2.9
10.6 20.2 3.5
10.8 10 4.5
11.2 10 2.5
-3.8 20 2.1
-3.8 20 1.9
-3.6 9.6 0.1
-3.4 9.4 4.1
-3.6 20.2 2.9
-3.6 20 0.3
11.2 10 1.5
10.6 9.2 1.1
10.6 9.2 1.1
6.8 22.6 5.1
-2.8 21 0.5
7.6 6.8 3.3
-3.4 9.2 3.5
-1.2 22.2 0.1
10.8 9.6 0.5
10.8 9.6 0.5
10.2 8.8 0.7
-3.6 20.2 1.1
-3.4 20.2 0.1
-0.8 22.6 3.1
10.6 20.2 0.5
-1.4 22.2 0.7
11.4 19.2 2.5
10.4 9.2 0.1
10.4 9.2 0.1
-2.4 21 4.7
-3.8 20 2.3
11.4 19.2 1.5
11.4 18.8 0.1
-3.8 20 1.7
-3.8 9.6 1.1
11.6 18.8 2.7
-0.6 22.6 0.3
10.4 20 4.7
7.6 6.8 0.7
-0.8 22.6 0.9
-3 20.8 3.5
-3.4 9 2.1
-3.4 9 1.9
10.8 9.8 4.1
-3.4 9.2 0.5
10.8 9.4 2.5
11.6 18.4 3.9
11.6 18.8 1.3
-3.6 9.4 3.3
10.4 20.4 0.3
10.8 9.4 1.5
-3.4 19.2 5.7
-4.2 18.8 4.3
10.6 9.6 4.3
-3.8 9.8 0.3
-3 20.8 0.5
-3.4 9 2.3
-3.6 9.4 0.7
-2.4 20.6 5.5
-4.2 18.4 4.9
-3.4 9 1.7
11.6 18.4 0.1
-1.2 22.4 2.9
-3.2 8.8 1.3
-2.8 8.4 1.1
-4 9.8 2.1
-4 9.8 1.9
6.4 22.6 5.5
-3.8 20 2.5
11.2 19 4.3
11.2 10 2.7
-1.2 22.4 1.1
-3.2 20.4 4.1
-3.2 20.4 4.1
10.2 9.6 5.3
-3.8 20 1.5
11.2 10 1.3
7 7 5.1
-3.4 20.4 3.3
-3.2 9 0.3
-2.6 9.4 5.9
11.2 19.2 3.9
-3 8.6 1.1
-4 9.8 2.3
11.4 19.2 2.7
11 10 3.9
-4 9.8 1.7
-2.6 20.4 5.5
11.6 18.6 0.5
11.4 19.2 1.3
-3.2 9.2 4.3
10.4 10 5.5
-3.4 20.4 0.7
-3.4 9 2.5
-3 21 2.1
10.8 9.4 2.7
10.4 9 3.3
-3 21 1.9
-1.6 22 0.3
10.2 9 4.1
-3.4 9 1.5
-1.6 22.2 2.1
11.4 19 0.5
11.2 19.2 0.1
-1.6 22.2 1.9
10.8 9.4 1.3
11 10 0.1
11 10 0.1
10.6 9.2 3.1
-3.2 20.6 3.5
11 9.8 0.7
11 9.8 0.7
10.4 9 0.7
11.6 18.8 2.9
-3.6 20.2 3.1
-3 21 2.3
-3 19.8 5.7
10.4 9.4 4.5
10.4 9.4 4.5
10.6 9.2 0.9
10.6 9.2 0.9
-3 21 1.7
11.6 18.8 1.1
-1.6 22.2 2.3
7.4 6.8 0.1
-3.2 20.6 0.5
-3.2 20.6 0.5
-4 9.8 2.5
-1.6 22.2 1.7
-2.8 8.6 3.9
-3.6 20.2 0.9
-2.8 9 4.9
-3.8 20 2.7
-4 9.8 1.5
-1 22.4 0.3
10.6 10 5.1
7.2 22.6 4.7
-3.8 9.6 0.9
10.6 20.4 1.3
-3.8 20 1.3
-2.6 21 4.3
-0.8 22.6 3.3
-3.2 8.8 1.1
-2.8 8.6 0.1
-2.8 20.8 4.3
11.2 10 2.9
-3.2 20.8 2.1
-3.2 20.8 1.9
6.2 22.6 5.7
-4.2 18.6 4.7
-3.4 9 2.7
-3 21 2.5
-0.8 22.6 0.7
11.2 10 1.1
7.6 6.8 3.5
-3 21 1.5
-1.6 22.2 2.5
-3.4 9 1.3
-1.2 22.4 3.1
11.4 19.2 2.9
10.2 8.8 0.5
-1.6 22.2 1.5
-1.4 22.2 0.5
10.8 9.6 3.7
-2.8 8.4 0.9
10.6 20.2 3.7
-3.2 20.8 2.3
-3.2 20.8 1.7
-1.2 22.4 0.9
11.4 19.2 1.1
-1 22.6 2.1
-3.6 9.2 2.1
-2.8 8.8 4.5
-1 22.6 1.9
7.6 6.8 0.5
-3.6 9.2 1.9
10.6 9.4 0.1
10.6 9.4 0.1
10.8 9.4 2.9
-2.8 9.2 5.3
-3.6 9.4 3.5
-2.8 21 0.3
-3.4 9.2 3.7
-4 9.8 2.7
-3 8.8 0.1
10.8 9.6 0.3
10.8 9.6 0.3
10.6 20.2 0.3
-3 8.6 0.9
10.8 9.4 1.1
10.8 9.4 1.1
10.2 20.4 4.5
11 9.6 2.1
-4 9.8 1.3
11 9.6 1.9
-1 22.6 2.3
-1 22.2 4.5
-3 20.8 3.7
-3.6 20 0.1
-1 22.6 1.7
-3.6 9.4 0.5
-3.6 9.2 1.7
-3.4 9.2 0.3
-1.2 22.2 4.1
-3.4 20.2 4.1
-3.8 20 2.9
-3.2 20.8 2.5
11 9.6 2.3
11.6 18.8 3.1
11 9.6 1.7
-3.2 20.8 1.5
-3 20.8 0.3
-3 21 2.7
-0.6 22.6 0.1
10.6 20.4 1.1
-3.8 20 1.1
6.6 6.8 5.1
-1.6 22.2 2.7
-3.4 20.4 3.5
-3 21 1.3
11.6 18.8 0.9
10.4 20.4 0.1
10.6 9.2 3.3
-1.6 22.2 1.3
-3.8 9.8 0.1
-3.4 9.4 4.3
-3.6 20.2 3.3
-3.4 9 2.9
6.8 6.8 4.9
-3.4 20.4 0.5
-1 22.6 1.5
-3.6 9.2 1.5
11.6 18.4 4.1
10.6 9.2 0.7
10.6 9.2 0.7
-3.4 20.6 2.1
11 10.6 5.1
-3.4 20.6 1.9
-3.4 9 1.1
-3.2 8.8 0.9
-3.6 20.2 0.7
11.2 10 3.1
11 9.6 2.5
10.2 9.2 4.7
10.2 9.2 4.7
11 9.8 0.5
11 9.8 0.5
11.6 18.6 0.3
10.4 9 0.5
11 9.6 1.5
11 9.6 1.5
-3.8 9.6 0.7
10.8 9.8 4.3
11.2 10 0.9
-3.4 20.6 2.3
-4 9.8 2.9
-3.2 9 0.1
-3.4 20.6 1.7
11.4 19.2 3.1
10.4 19.6 5.5
11.4 19 0.3
10.2 9.8 5.7
-3.2 20.8 2.7
-3.2 20.6 3.7
10.8 10 4.7
10.4 8.8 2.1
-4 9.8 1.1
10.4 8.8 1.9
-3.2 20.8 1.3
11.4 19.2 0.9
10.8 9.4 3.1
-3.2 20 5.1
-1.6 22 0.1
-1.2 22.4 3.3
-0.8 22.6 3.5
11.2 19.2 4.1
-4 18.6 5.3
-3.2 20.6 0.3
-3.2 20.6 0.3
11 10 4.1
-4.2 18.8 4.5
10.6 9.6 4.5
10.8 9.4 0.9
10.8 9.4 0.9
-2.8 8.4 0.7
10.4 8.8 2.3
-3.2 20.4 4.3
-3.2 20.4 4.3
10.4 8.8 1.7
-3 21 2.9
-1.2 22.4 0.7
-0.8 22.6 0.5
-3.4 20.6 2.5
-1.6 22.2 2.9
-1 22.6 1.3
-3.6 9.2 1.3
10.6 19.6 5.1
-4 18 5.9
-3 21 1.1
-3.4 20.6 1.5
-3.8 20 3.1
11 9.6 2.7
-3 8.6 0.7
11.2 19 4.5
-2.4 21 4.9
-1.6 22.2 1.1
-1 22.4 0.1
10.4 20 4.9
11 9.6 1.3
11 9.6 1.3
10.6 20.4 0.9
-3.8 20 0.9
10.2 9 4.3
7.6 6.8 3.7
-2.6 20.6 5.3
-2.8 8.6 4.1
10.2 8.8 0.3
-1.4 22.2 0.3
10.4 8.8 2.5
11.6 19 2.1
11.6 18.8 3.3
11.6 19 1.9
-3.4 9 3.1
-3.2 9.2 4.5
10.4 8.8 1.5
7.6 6.8 0.3
6.8 22.6 5.3
-3.4 9 0.9
11.6 18.8 0.7
-3.2 20.8 2.9
10.8 9.6 3.9
10.6 20.2 3.9
11.6 19 2.3
-1.4 22.4 2.1
11.6 19 1.7
-1.4 22.4 1.9
-3.8 9.4 2.1
-3.2 20.8 1.1
-3.2 20.8 1.1
-3.8 9.4 1.9
-4.2 18.4 5.1
-3.6 9.4 0.3
-4 9.8 3.1
-2.8 21 0.1
-3.4 20.6 1.3
10.8 9.6 0.1
10.8 9.6 0.1
11.2 10 3.3
-3.2 8.8 0.7
10.6 9.2 3.5
10.6 20.2 0.1
-1.4 22.4 2.3
-3.6 20.2 3.5
-3.6 20.4 2.1
-4 9.8 0.9
-3.8 9.4 2.3
-3.6 20.4 1.9
-1.4 22.4 1.7
-3 20.8 3.9
-2.6 21 4.5
-3.8 9.4 1.7
10.4 9.4 4.7
10.4 9.4 4.7
-3.4 20.4 3.7
11.2 10 0.7
10.6 9 2.1
-1 22.6 1.1
10.6 9 1.9
-3.6 9.2 1.1
-3.4 9.2 0.1
10.6 9.2 0.5
10.6 9.2 0.5
11.4 19.2 3.3
11 9.6 2.9
-2.8 20.8 4.5
-3.6 20.2 0.5
11.6 19 2.5
10.4 8.8 2.7
-3.6 20.4 2.3
-3 21 3.1
11.6 19 1.5
-3.6 20.4 1.7
-3 20.8 0.1
11 9.6 1.1
11 9.6 1.1
10.8 9.4 3.3
10.4 8.8 1.3
11.4 19.2 0.7
-3.8 9.6 0.5
-3.4 20.4 0.3
-1.6 22.2 3.1
10.6 9 2.3
10.6 9 1.7
-3 21 0.9
10.8 9.4 0.7
10.8 9.4 0.7
-1.6 22.2 0.9
-1.4 22.4 2.5
7.2 22.6 4.9
-3.8 9.4 2.5
10.2 9.6 5.5
11 9.8 0.3
11 9.8 0.3
10.4 9 0.3
-1.4 22.4 1.5
-3.8 9.4 1.5
-1.2 22.4 3.5
-3.4 20.2 4.3
-3.8 20 3.3
-2.8 9 5.1
6.4 22.6 5.7
-2.8 8.4 0.5
-3.6 20.4 2.5
-4.2 18.6 4.9
11.6 18.6 0.1
-2.8 8.8 4.7
-1.2 22.4 0.5
-3.6 20.4 1.5
10.6 20.4 0.7
10.6 9 2.5
-3.8 20 0.7
11.2 9.8 2.1
11.2 9.8 1.9
-0.8 22.6 3.7
10.6 9 1.5
-3.2 20.8 3.1
11.4 19 0.1
-3.4 20.6 1.1
-3.2 20.6 3.9
10.2 20.4 4.7
-3 8.6 0.5
-2.6 20.4 5.7
10.6 10 5.3
-3.4 9 3.3
10.4 10 5.7
11.6 19 1.3
-1 22.2 4.7
-3.2 20.8 0.9
-3.2 20.8 0.9
11.2 9.8 2.3
-0.8 22.6 0.3
11.2 9.8 1.7
-3.4 9 0.7
-3.2 20.6 0.1
-3.2 20.6 0.1
10.4 8.8 2.9
11.6 18.8 3.5
-3.8 9.4 2.7
-3.4 9.4 4.5
-1.4 22.4 1.3
10.4 8.8 1.1
-3.8 9.4 1.3
-4 9.8 3.3
-1 22.6 0.9
-3.6 9.2 0.9
11 9.6 3.1
11.6 18.8 0.5
-3.6 20.4 2.7
-4 9.8 0.7
10.8 9.8 4.5
11 9.6 0.9
11 9.6 0.9
11.2 9.8 2.5
10.6 9 2.7
-3.6 20.4 1.3
-3 19.8 5.9
7.6 6.8 3.9
11.2 9.8 1.5
11.2 19.2 4.3
10.6 9 1.3
11.2 10 3.5
11 10 4.3
-3 8.4 2.1
-3.2 8.8 0.5
10.2 8.8 0.1
-3 8.4 1.9
-1.4 22.2 0.1
-3 21 3.3
-1.6 22.2 3.3
7.6 6.8 0.1
11.2 10 0.5
11.4 19.2 3.5
10.6 9.2 3.7
-3 21 0.7
-3 8.4 2.3
10.8 9.2 2.1
10.8 9.2 2.1
-3 8.4 1.7
10.2 9.2 4.9
10.2 9.2 4.9
10.8 9.2 1.9
10.8 9.2 1.9
-2.8 8.2 1.7
-3.2 20.4 4.5
-1.6 22.2 0.7
-3.6 20.2 3.7
10.8 9.4 3.5
11.6 19 1.1
6.6 6.8 5.3
11.4 19.2 0.5
-3.6 9.4 0.1
10.6 9.2 0.3
10.6 9.2 0.3
-2.8 8.6 4.3
-3.8 20.2 2.1
10.8 9.6 4.1
-3.2 8.6 2.1
-3.2 8.6 2.1
-3.8 20.2 1.9
-3.2 8.6 1.9
-3.2 8.6 1.9
10.6 20.2 4.1
-4.2 18.8 4.7
10.8 9.2 2.3
10.8 9.2 2.3
-3.4 20.6 0.9
10.8 10 4.9
-3.6 20.2 0.3
10.8 9.4 0.5
10.8 9.4 0.5
-3.8 9.4 2.9
10.8 9.2 1.7
10.8 9.2 1.7
11.2 9.8 2.7
-1.4 22.4 1.1
-3.8 9.6 0.3
10.2 9 4.5
-3.8 9.4 1.1
11.2 9.8 1.3
-3.8 20.2 2.3
-3.8 20 3.5
-3.2 8.6 2.3
-3.2 8.6 2.3
-3 8.4 2.5
10.4 8.8 3.1
-3.8 20.2 1.7
11.2 19 4.7
-3.2 8.6 1.7
-3.2 8.6 1.7
-3.6 20.4 2.9
-3 8.4 1.5
-2.8 8.2 1.5
-4 9.6 2.1
-3 20.8 4.1
-4 9.6 1.9
10.6 9 2.9
-3.2 20.8 0.7
-3.2 20.8 0.7
10.4 8.8 0.9
-3.6 20.4 1.1
-3.4 20.4 0.1
-1.2 22.4 3.7
10.6 20.4 0.5
-3.8 20 0.5
10.6 9 1.1
10.8 9.2 2.5
-3.4 9 3.5
-2.8 8.4 0.3
10.8 9.2 1.5
10.8 9.2 1.5
-4 9.6 2.3
-3.2 9.2 4.7
11 9.8 0.1
11 9.8 0.1
-4 9.6 1.7
10.4 9 0.1
-1.2 22.4 0.3
-3.2 20 5.3
-3.8 20.2 2.5
-1 22.6 0.7
-3.2 8.6 2.5
-3.2 8.6 2.5
-3.6 9.2 0.7
11 9.6 3.3
-3.4 9 0.5
-2.4 21 5.1
-3.8 20.2 1.5
-3.2 8.6 1.5
-3.2 8.6 1.5
-3 8.6 0.3
10.4 20 5.1
11 9.6 0.7
11 9.6 0.7
-4 9.8 3.5
10.6 19.6 5.3
-0.8 22.6 3.9
10.4 19.6 5.7
-3 8.4 2.7
-3.4 8.8 2.1
-3.4 8.8 1.9
11.6 18.8 3.7
-3 8.4 1.3
-4 9.6 2.5
-2.8 8.2 1.3
11.2 9.8 2.9
-4 9.8 0.5
-4 9.6 1.5
11.6 19 0.9
-1.2 22.6 2.1
-0.8 22.6 0.1
-1.2 22.6 1.9
-3.4 8.8 2.3
11.2 9.8 1.1
10.8 9.2 2.7
-3.2 20.6 4.1
-3.4 8.8 1.7
11.6 18.8 0.3
-3.8 9.4 3.1
-3 21 3.5
10.8 9.2 1.3
10.8 9.2 1.3
-1.6 22.2 3.5
10.4 9.4 4.9
10.4 9.4 4.9
-1.4 22.4 0.9
-1.2 22.6 2.3
-3.8 9.4 0.9
-3.8 20.2 2.7
-3.4 20.2 4.5
-3.2 8.6 2.7
-1.2 22.6 1.7
-2.6 20.6 5.5
11.2 10 3.7
-3 21 0.5
-3.6 20.4 3.1
-3.2 8.8 0.3
-3.4 20.6 0.7
-3.8 20.2 1.3
-3.2 8.6 1.3
-3.2 8.6 1.3
-1.6 22.2 0.5
10.6 9 3.1
-4.2 18.4 5.3
-3.6 20.4 0.9
11.4 19.2 3.7
11.2 10 0.3
-3.4 8.8 2.5
10.4 8.8 3.3
10.6 9 0.9
-3.4 8.8 1.5
-4 9.6 2.7
10.8 9.4 3.7
-4 9.6 1.3
7.6 6.8 4.1
-1.2 22.6 2.5
11.4 19.2 0.3
10.4 8.8 0.7
-3 8.4 2.9
-1.2 22.6 1.5
-3.6 20.2 3.9
7.2 22.6 5.1
10.8 9.4 0.3
10.8 9.4 0.3
-3 8.4 1.1
-2.8 8.2 1.1
-2.8 8.8 4.9
11 9.4 2.1
11 9.4 2.1
11 9.4 1.9
11 9.4 1.9
-3.2 20.8 0.5
-3.2 20.8 0.5
-3.8 20 3.7
10.6 9.2 0.1
10.6 9.2 0.1
10.8 9.2 2.9
10.2 20.4 4.9
11.4 10 2.1
11.4 10 1.9
-3.6 20.2 0.1
-3.4 9.4 4.7
-4.2 18.6 5.1
11.2 9.8 3.1
-1 22.2 4.9
10.8 9.2 1.1
10.8 9.2 1.1
11 9.4 2.3
11 9.4 2.3
-3.8 9.6 0.1
11 9.4 1.7
11 9.4 1.7
10.6 20.4 0.3
-3.8 20.2 2.9
-3.8 20 0.3
-3.4 8.8 2.7
-3.2 8.6 2.9
11.2 19.2 4.5
-3.6 9 2.1
11 9.6 3.5
-3.6 9 1.9
-1 22.6 0.5
-3.6 9.2 0.5
11 10 4.5
11.2 9.8 0.9
11.4 10 2.3
-3.4 8.8 1.3
-3.4 9 3.7
11.4 10 1.7
-3.8 20.2 1.1
-3.2 8.6 1.1
-3.2 8.6 1.1
10.8 9.8 4.7
-4 20 2.1
-4 20 1.9
-1.2 22.6 2.7
-1.2 22.4 3.9
11.6 19 0.7
11 9.6 0.5
11 9.6 0.5
-3.6 9 2.3
-3.2 21 2.1
-3.2 21 2.1
11.6 19.2 2.1
10.8 9.6 4.3
-3.2 21 1.9
-3.2 21 1.9
-1.2 22.6 1.3
-3.6 9 1.7
11.6 19.2 1.9
10.6 20.2 4.3
-3.4 9 0.3
-3.8 9.4 3.3
-4 9.6 2.9
-2.8 8.4 0.1
10.2 9.6 5.7
11 9.4 2.5
11 9.4 2.5
-4 20 2.3
-1.2 22.4 0.1
-4 20 1.7
-4 9.6 1.1
-1.4 22.4 0.7
11 9.4 1.5
11 9.4 1.5
-3.8 9.4 0.7
-3.2 21 2.3
-3.2 21 2.3
-2.8 8.6 4.5
11.6 19.2 2.3
11.4 10 2.5
-3.2 21 1.7
-3.2 21 1.7
11.6 19.2 1.7
-3.6 20.4 3.3
-3.2 20.4 4.7
10.6 10 5.5
11.4 10 1.5
-3 8.6 0.1
-3 20.8 4.3
10.6 9 3.3
-4 9.8 0.3
-3.6 20.4 0.7
-3.6 9 2.5
-3 8.4 3.1
-3.6 9 1.5
10.6 9 0.7
-3.4 20.6 0.5
-3 21 3.7
-3 8.4 0.9
-4 20 2.5
-2.8 8.2 0.9
-1.6 22.2 3.7
10.2 9 4.7
-4 20 1.5
-0.8 22.6 4.1
-3.4 8.8 2.9
-3.2 21 2.5
-3.2 21 2.5
11.6 19.2 2.5
10.8 9.2 3.1
10.4 8.8 3.5
-4.2 18.8 4.9
-3.2 21 1.5
-3.2 21 1.5
11.6 19.2 1.5
11.6 18.8 0.1
-3 21 0.3
10.2 9.2 5.1
10.2 9.2 5.1
-3.4 8.8 1.1
-4.2 9.8 2.1
-4.2 9.8 1.9
-1.6 22.2 0.3
11 9.4 2.7
11 9.4 2.7
10.8 9.2 0.9
10.8 9.2 0.9
-3.4 20.8 2.1
-3.4 20.8 1.9
-1.2 22.6 2.9
-3.8 20.2 3.1
10.4 8.8 0.5
-3.2 8.6 3.1
11 9.4 1.3
11 9.4 1.3
11.2 10 3.9
11.4 10 2.7
-1.2 22.6 1.1
11.2 19 4.9
-3.2 8.8 0.1
-3.8 20.2 0.9
-4.2 9.8 2.3
11.4 10 1.3
-3.2 8.6 0.9
-3.2 8.6 0.9
11.2 9.8 3.3
-3.4 20.8 2.3
-4.2 9.8 1.7
-3.4 20.8 1.7
-1.6 22.4 2.1
-1.6 22.4 1.9
-3.6 9 2.7
11.2 10 0.1
-3.2 20.6 4.3
11.2 9.8 0.7
-3.6 9 1.3
-4 9.6 3.1
-3.2 9.2 4.9
10.8 9.4 3.9
-1.6 22.4 2.3
-1.6 22.4 1.7
-3.2 20.8 0.3
-3.2 20.8 0.3
11.4 19.2 0.1
-4 9.6 0.9
-3.2 21 2.7
-3.2 21 2.7
-4 20 1.3
11.6 19.2 2.7
-3.2 21 1.3
-3.2 21 1.3
11.6 19.2 1.3
-4.2 9.8 2.5
10.8 9.4 0.1
10.8 9.4 0.1
-3.4 20.8 2.5
-4.2 9.8 1.5
-3.4 20.8 1.5
11.6 19 0.5
-3.8 9.2 2.1
-3.8 20 3.9
11 9.6 3.7
-3.8 9.2 1.9
-1 22.6 0.3
-3.6 9.2 0.3
-3.6 20.2 4.1
11 9.4 2.9
11 9.4 2.9
-1.6 22.4 2.5
7.6 6.8 4.3
-3.4 8.8 3.1
11 9.6 0.3
11 9.6 0.3
-3.8 9.2 2.3
-1.6 22.4 1.5
-1.4 22.4 0.5
-3 8.4 3.3
-3.4 20.2 4.7
10.6 20.4 0.1
-3.8 20 0.1
11 9.4 1.1
11 9.4 1.1
-3.8 9.4 0.5
11.4 10 2.9
-3.8 9.2 1.7
-3.6 20.4 3.5
-3.4 9 3.9
-3.4 8.8 0.9
11.4 10 1.1
10.6 9 3.5
-3 8.4 0.7
-2.8 8.2 0.7
-3.6 9 2.9
-3.6 20.4 0.5
10.8 9.2 3.3
11.2 9.6 2.1
11.2 9.6 1.9
-3.6 20.6 2.1
-1.2 22.6 0.9
-3.6 20.6 1.9
-3.6 9 1.1
-3.4 9 0.1
10.6 9 0.5
-4.2 9.8 2.7
-3.4 20.8 2.7
10.8 9.2 0.7
10.8 9.2 0.7
-4.2 9.8 1.3
-1.2 22.4 4.1
10.4 9.4 5.1
10.4 9.4 5.1
-3.8 20.2 3.3
10.6 19.6 5.5
-3.2 8.6 3.3
-3.8 9.2 2.5
-3.4 20.8 1.3
-3.2 21 2.9
11.6 19.2 2.9
-4 20 1.1
11.2 9.6 2.3
-3.8 9.2 1.5
-3.6 20.6 2.3
10.6 8.8 2.1
11.2 9.6 1.7
10.6 8.8 1.9
-3.2 21 1.1
-3.2 21 1.1
-3.6 20.6 1.7
11.6 19.2 1.1
-3.4 20.6 0.3
-3.8 20.2 0.7
-3.2 8.6 0.7
-3.2 8.6 0.7
-1.6 22.4 2.7
-4 9.8 0.1
-1.6 22.4 1.3
10.4 8.8 3.7
10.6 8.8 2.3
10.6 8.8 1.7
-3 21 3.9
11.2 9.8 3.5
-1.6 22.2 3.9
11.2 19.2 4.7
-4 9.6 0.7
10.4 8.8 0.3
10.4 19.6 5.9
10.8 9.6 4.5
11.2 9.6 2.5
-3.6 20.6 2.5
10.6 20.2 4.5
11.2 9.8 0.5
11.2 9.6 1.5
-3 21 0.1
-3.6 20.6 1.5
11 9.4 3.1
11 9.4 3.1
-1.6 22.2 0.1
-4.2 18.4 5.5
-3.8 9.2 2.7
11.4 10 3.1
-2.6 20.6 5.7
11 9.4 0.9
11 9.4 0.9
10.6 8.8 2.5
10.2 20.4 5.1
-3.8 9.2 1.3
7.2 22.6 5.3
10.6 8.8 1.5
-3.4 20.8 2.9
-3 20.8 4.5
-1 22.2 5.1
11.4 10 0.9
-4.2 9.8 1.1
-3.6 9 3.1
-3.4 8.8 3.3
-3.4 20.8 1.1
-2.8 8.6 4.7
11.2 10 4.1
-3.6 9 0.9
-4.2 18.6 5.3
-3.4 8.8 0.7
-1.6 22.4 2.9
-3.2 21 3.1
11.6 19.2 3.1
-3 8.4 3.5
11.6 19 0.3
-3.2 20.8 0.1
-3.2 20.8 0.1
11.2 9.6 2.7
-1.6 22.4 1.1
-4 20 0.9
-3.6 20.6 2.7
-1.2 22.6 0.7
-3.2 20.4 4.9
11.2 9.6 1.3
-3.2 21 0.9
-3.2 21 0.9
11.6 19.2 0.9
-3.6 20.6 1.3
-3 8.4 0.5
-2.8 8.2 0.5
11 9.6 3.9
10.8 9.2 3.5
-1.4 22.4 0.3
10.6 8.8 2.7
-3.8 9.4 0.3
-3.6 20.4 3.7
-1 22.6 0.1
-3.6 9.2 0.1
10.6 8.8 1.3
10.8 9 2.1
10.8 9 1.9
10.8 9.2 0.5
10.8 9.2 0.5
-3.8 9.2 2.9
-3.8 20.2 3.5
-3.2 8.6 3.5
-4 9.4 2.1
-3.8 20 4.1
-4 9.4 1.9
11 9.6 0.1
11 9.6 0.1
-3.6 20.4 0.3
-3.2 20.6 4.5
-3.8 9.2 1.1
10.6 9 0.3
-3.8 20.2 0.5
-3.2 8.6 0.5
-3.2 8.6 0.5
10.8 9 2.3
10.8 9 1.7
-4 9.4 2.3
-4 9.4 1.7
-4.2 18.8 5.1
-1.4 22.6 2.1
-1.4 22.6 1.9
-3.4 9 4.1
-3.6 20.2 4.3
-3.4 20.8 3.1
11 9.4 3.3
-4.2 9.8 0.9
11.4 10 3.3
-3.4 20.8 0.9
-4 9.6 0.5
-3.6 20.6 2.9
11 9.4 0.7
11 9.4 0.7
-1.4 22.6 2.3
10.2 9.2 5.3
10.2 9.2 5.3
-1.4 22.6 1.7
10.6 10 5.7
11.2 9.8 3.7
11.2 9.6 1.1
10.2 9.6 5.9
-3.6 20.6 1.1
-3.4 20.6 0.1
-1.6 22.4 3.1
10.8 9 2.5
11.4 10 0.7
7.6 6.8 4.5
-3.6 9 3.3
-4 9.4 2.5
10.8 9 1.5
10.4 8.8 3.9
-4 9.4 1.5
-1.6 22.4 0.9
11.2 9.8 0.3
-3.6 9 0.7
-3.2 9.2 5.1
-3.2 8.4 2.1
-3.2 8.4 2.1
10.6 8.8 1.1
-3.2 8.4 1.9
-3.2 8.4 1.9
-2.8 8 2.1
-1.2 22.4 4.3
-2.8 8 1.9
-3.2 21 3.3
11.6 19.2 3.3
10.4 8.8 0.1
-1.4 22.6 2.5
-4 20 0.7
-3 21 4.1
-1.4 22.6 1.5
-3.2 21 0.7
-3.2 21 0.7
-3.2 8.4 2.3
11.6 19.2 0.7
-3.4 8.8 0.5
-3.2 8.4 1.7
-3.2 8.4 1.7
-3.8 9.2 3.1
-2.8 8 1.7
-3.4 20.2 4.9
-3.8 9.2 0.9
-1.2 22.6 0.5
10.8 9 2.7
11.4 9.8 2.1
11.4 9.8 1.9
-3 8.2 1.5
-4 9.4 2.7
-3 8.4 3.7
10.8 9 1.3
-4 9.4 1.3
-3.2 8.4 2.5
-3.4 8.6 2.1
-3.4 8.6 1.9
11.4 9.8 2.3
-3.2 8.4 1.5
-3.2 8.4 1.5
11.4 9.8 1.7
-3 8.4 0.3
-2.8 8.2 0.3
-2.8 8 1.5
10.8 9.2 3.7
11.6 19 0.1
-3.6 20.6 3.1
-1.4 22.6 2.7
-3.4 20.8 3.3
-3.4 8.6 2.3
-1.4 22.6 1.3
11.2 9.6 0.9
-3.4 8.6 1.7
-3.6 20.6 0.9
-3.8 20.2 3.7
-3.2 8.6 3.7
10.8 9.2 0.3
10.8 9.2 0.3
-4.2 9.8 0.7
11.2 10 4.3
10.8 9.6 4.7
-3.4 20.8 0.7
-1.4 22.4 0.1
11 9.2 2.1
10.6 20.2 4.7
-3.6 20.4 3.9
11 9.2 1.9
-3.8 9.4 0.1
11 9.4 3.5
-1.6 22.4 3.3
11.4 9.8 2.5
10.6 8.8 0.9
-3.8 20.2 0.3
-3.2 8.6 0.3
-3.2 8.6 0.3
10.4 9.4 5.3
10.4 9.4 5.3
11.4 9.8 1.5
-3 8.2 1.3
11.2 19.2 4.9
11.4 10 3.5
11 9.6 4.1
11 9.2 2.3
-3.6 20.4 0.1
-1.6 22.4 0.7
11 9.4 0.5
11 9.4 0.5
11 9.2 1.7
11 9.2 1.7
-3.4 8.6 2.5
10.6 9 0.1
10.8 9 2.9
-3 20.8 4.7
-3.4 8.6 1.5
-3.6 9 3.5
11.4 10 0.5
-4 9.4 2.9
-3.2 8.4 1.3
-3.2 8.4 1.3
-2.8 8 1.3
10.8 9 1.1
-4 9.6 0.3
-3.8 20.4 1.1
-4 9.4 1.1
-3.6 9 0.5
-3.8 9.2 3.3
-3.2 21 3.5
11.6 19.2 3.5
10.6 19.6 5.7
-3.8 20 4.3
-2.8 8.6 4.9
11 9.2 2.5
-1.4 22.6 2.9
-4 20 0.5
11 9.2 1.5
11 9.2 1.5
-3.8 9.2 0.7
11.2 9.8 3.9
11.4 9.8 2.7
-1.4 22.6 1.1
-3.2 21 0.5
-3.2 21 0.5
11.6 19.2 0.5
11.4 9.8 1.3
-4.2 9.6 2.1
-4.2 9.6 1.9
10.2 20.4 5.3
-3.4 9 4.3
-3.4 8.6 2.7
11.2 9.8 0.1
-1 22.2 5.3
-3.4 8.8 0.3
-3.4 8.6 1.3
-3.4 8.6 1.3
-4.2 9.6 2.3
-3 8.2 1.1
-3.6 20.6 3.3
-4.2 9.6 1.7
10.4 8.8 4.1
-3.6 20.2 4.5
-3.2 20.4 5.1
7.2 22.6 5.5
-1.2 22.6 0.3
11.2 9.6 0.7
-3.6 20.6 0.7
-3.2 8.4 1.1
-3.2 8.4 1.1
-2.8 8 1.1
11 9.2 2.7
11 9.2 1.3
11 9.2 1.3
-3.4 20.8 3.5
-4.2 18.6 5.5
10.8 9 3.1
10.6 8.8 0.7
-4 9.4 3.1
-4.2 9.6 2.5
-3 8.4 3.9
-4.2 9.8 0.5
10.8 9 0.9
-4.2 9.6 1.5
-3.4 20.8 0.5
-3.8 20.4 0.9
-4 9.4 0.9
-3 21 4.3
11.4 9.8 2.9
-1.6 22.4 3.5
-4 20.2 1.3
-1.2 22.4 4.5
-3 8.4 0.1
-2.8 8.2 0.1
11.4 9.8 1.1
10.8 9.2 3.9
-1.4 22.6 3.1
-1.6 22.4 0.5
-3.4 8.6 2.9
11 9.4 3.7
-1.4 22.6 0.9
-3.8 20.2 3.9
-3.4 8.6 1.1
-3.4 8.6 1.1
-3.2 8.6 3.9
11.4 10 3.7
10.8 9.2 0.1
10.8 9.2 0.1
-4.2 18.8 5.3
11 9.4 0.3
11 9.4 0.3
-3.4 21 2.1
-3.4 21 1.9
-3.6 9 3.7
-3.8 20.2 0.1
-4.2 9.6 2.7
-3.2 8.6 0.1
-3.2 8.6 0.1
11.4 10 0.3
11 9.2 2.9
-3 8.2 0.9
-3.6 20.4 4.1
-4.2 9.6 1.3
-3.4 21 2.3
-3.8 9 2.1
11 9.2 1.1
11 9.2 1.1
-3.8 9 1.9
-3.8 9.2 0.5
-3.4 21 1.7
-3.6 9 0.3
-3.2 21 3.7
11.6 19.2 3.7
-3.2 8.4 0.9
-3.2 8.4 0.9
-2.8 8 0.9
-4 9.6 0.1
-4 20 0.3
10.2 9.2 5.5
-3.8 9 2.3
-3.2 9.2 5.3
-3.8 9 1.7
-3.2 21 0.3
-3.2 21 0.3
11.6 19.2 0.3
-4 20.2 1.1
11 9.6 4.3
-3.6 20.6 3.5
11.2 10 4.5
-3.4 21 2.5
11.4 9.8 3.1
10.8 9 3.3
-3.4 21 1.5
-4 9.4 3.3
11.2 9.6 0.5
-3.6 20.6 0.5
11.4 9.8 0.9
-4.2 20 2.1
-4.2 20 1.9
10.8 9 0.7
-3.8 20.4 0.7
-4 9.4 0.7
10.6 10 5.9
11.2 9.8 4.1
-3.8 9 1.5
-4.2 9.6 2.9
-3.4 8.8 0.1
10.6 8.8 0.5
-3.4 8.6 0.9
-3.4 8.6 0.9
-1.4 22.6 3.3
-4.2 20 2.3
10.8 9.6 4.9
-4.2 20 1.7
-4.2 9.6 1.1
-3.4 20.8 3.7
-1.2 22.6 0.1
-1.4 22.6 0.7
11 9.2 3.1
-3.8 20 4.5
-4.2 9.8 0.3
-3.4 20.8 0.3
-3.4 21 2.7
-1.6 22.4 3.7
11 9.2 0.9
11 9.2 0.9
-3 20.8 4.9
-3.4 21 1.3
11.2 19.2 5.1
-4.2 20 2.5
-3 8.2 0.7
-4.2 20 1.5
-3.4 9 4.5
-1.6 22.4 0.3
-3.8 9 1.3
-4 20.2 0.9
-3 8.4 4.1
-3.2 8.4 0.7
-3.2 8.4 0.7
-2.8 8 0.7
-3.2 21.2 1.1
11 9.4 3.9
10.4 9.4 5.5
10.4 9.4 5.5
11.4 10 3.9
10.8 9.2 4.1
-2.8 8.6 5.1
-3.6 20.2 4.7
11 9.4 0.1
11 9.4 0.1
11.4 9.8 3.3
-3.8 9.2 0.3
-1.6 22.6 2.1
-1.6 22.6 1.9
-3.6 9 3.9
-4.2 9.6 3.1
-3.8 20.2 4.1
-3.2 8.6 4.1
11.4 10 0.1
-4.2 20 2.7
11.4 9.8 0.7
-3.4 21 2.9
-4.2 9.6 0.9
-4.2 20 1.3
-3 21 4.5
-4 9.2 2.1
-4 9.2 1.9
10.8 9 3.5
-1.6 22.6 2.3
-4 9.4 3.5
-1.6 22.6 1.7
-3.6 9 0.1
-3.4 21 1.1
-3.2 21 3.9
11.6 19.2 3.9
-3.4 8.6 0.7
-3.4 8.6 0.7
-3.6 20.6 3.7
10.8 9 0.5
-4 9.2 2.3
-3.8 20.4 0.5
-4 20 0.1
-4 9.4 0.5
-4 9.2 1.7
-3.8 9 1.1
-1.2 22.4 4.7
-3.2 21 0.1
-3.2 21 0.1
11.6 19.2 0.1
11.2 9.6 0.3
-3.6 20.6 0.3
11.2 9.4 1.1
11.2 9.4 1.1
11 9.2 3.3
-1.4 22.6 3.5
-3.6 20.4 4.3
10.2 20.4 5.5
-3.2 20.4 5.3
-1.6 22.6 2.5
-1 22.2 5.5
11 9.2 0.7
11 9.2 0.7
-1.6 22.6 1.5
-1.4 22.6 0.5
10.6 8.8 0.3
-3.2 21.2 0.9
-4 9.2 2.5
-4 9.2 1.5
-4 20.2 0.7
-4.2 20 2.9
-3 8.2 0.5
-3.4 20.8 3.9
-4.2 20 1.1
-3.2 8.4 0.5
-3.2 8.4 0.5
-4.2 9.8 0.1
-2.8 8 0.5
-3.4 21 3.1
-3.6 20.8 1.1
-3.4 20.8 0.1
-1.6 22.6 2.7
-1.6 22.4 3.9
-4.2 18.6 5.7
-4.2 9.6 3.3
-3.4 21 0.9
-1.6 22.6 1.3
11.2 10 4.7
-4 9.2 2.7
-4.2 9.6 0.7
11.4 9.8 3.5
-1.6 22.4 0.1
-4 9.2 1.3
-3.8 9 0.9
11.2 9.4 0.9
11.2 9.4 0.9
11.4 9.8 0.5
-3.4 8.6 0.5
-3.4 8.6 0.5
11 9.4 4.1
10.8 9 3.7
-4 9.4 3.7
-3.8 9.2 0.1
-4.2 20 3.1
11.4 10 4.1
-3.8 20 4.7
-3 8 2.1
-3 8 1.9
-3.2 21.2 0.7
10.8 9 0.3
-1.6 22.6 2.9
-3.8 20.4 0.3
-4.2 20 0.9
-3.2 9.2 5.5
-4 9.4 0.3
11 9 2.1
11 9 1.9
11 9.2 0.5
11 9.2 0.5
-3.6 9 4.1
-1.6 22.6 1.1
10.8 9.2 4.3
-3.6 20.6 3.9
-1.4 22.6 3.7
-3 8 2.3
-3 8 1.7
-4 9.2 2.9
-4 20.4 2.1
-3.4 9 4.7
-4 20.4 1.9
10.2 9.2 5.7
-3.6 20.8 0.9
11 9 2.3
-4 9.2 1.1
11 9 1.7
-3.2 21 4.1
-3.8 20.2 4.3
11.6 19.2 4.1
-3.2 8.6 4.3
-1.4 22.6 0.3
11.2 9.6 0.1
-3.4 8.4 2.1
-3.6 20.6 0.1
-3.4 8.4 1.9
-3.4 8.4 1.9
-4 20.2 0.5
-2.8 7.8 2.1
-2.8 7.8 1.9
-4 20.4 2.3
-4.2 9.4 2.1
-4 20.4 1.7
-4.2 9.4 1.9
-3 20.8 5.1
-3.4 21 0.7
-3.4 8.4 2.3
-3.8 20.6 1.1
10.6 8.8 0.1
-3.4 8.4 1.7
-3.4 8.4 1.7
-2.8 7.8 2.3
-3 8.2 0.3
-3 8 1.5
-2.8 7.8 1.7
-4.2 9.4 2.3
10.8 8.8 1.1
-4.2 9.4 1.7
11 9 2.5
-4.2 9.6 3.5
11 9 1.5
-3.8 9 0.7
11.2 19.2 5.3
11.2 9.4 0.7
11.2 9.4 0.7
-4 20.4 2.5
-3.2 8.4 0.3
-3.2 8.4 0.3
-2.8 8 0.3
-3 21 4.7
-3.6 20.2 4.9
-4 20.4 1.5
-4.2 9.6 0.5
-3.4 8.4 2.5
-2.8 7.8 2.5
-3.4 8.4 1.5
-3.4 8.4 1.5
-3.6 20.4 4.5
-4.2 9.4 2.5
-2.8 7.8 1.5
-3.4 20.8 4.1
11.4 9.8 3.7
-1.6 22.6 3.1
11.4 9.6 1.1
-4.2 9.4 1.5
-4.2 20 3.3
-3.6 8.6 2.1
-3.6 8.6 1.9
-1.6 22.6 0.9
-2.8 8.6 5.3
-4 9.2 3.1
-3.2 8.2 1.3
11.4 9.8 0.3
-3 8 1.3
-1.6 22.4 4.1
11 9 2.7
-4.2 20 0.7
-1.2 22.4 4.9
-4 9.2 0.9
11 9 1.3
-3.6 8.6 2.3
-3.6 8.6 1.7
-3.4 8.6 0.3
-3.4 8.6 0.3
-4 20.4 2.7
-3.2 21.2 0.5
-3.6 20.8 0.7
-4 20.4 1.3
10.4 9.4 5.7
-3.4 8.4 2.7
-3.8 20.6 0.9
-2.8 7.8 2.7
-3.4 8.4 1.3
-3.4 8.4 1.3
-4.2 9.4 2.7
-2.8 7.8 1.3
10.8 9 3.9
10.8 8.8 0.9
-4.2 9.4 1.3
-4 9.4 3.9
11 9.2 0.3
11 9.2 0.3
-3.6 8.6 2.5
-3.6 8.6 1.5
10.8 9 0.1
-3.8 20.4 0.1
-4 9.4 0.1
-1.4 22.6 3.9
-3.4 21 0.5
11.2 9.2 2.1
11.2 9.2 2.1
-4 20.2 0.3
11.2 9.2 1.9
11.2 9.2 1.9
-3.2 8.2 1.1
-3 8 1.1
11 9.4 4.3
11 9 2.9
11.4 9.6 0.9
11 9 1.1
11.4 10 4.3
-1.4 22.6 0.1
-3.8 9 0.5
-3.6 20.6 4.1
11.2 9.2 2.3
11.2 9.2 2.3
11.2 10 4.9
-4 20.4 2.9
11.2 9.4 0.5
11.2 9.4 0.5
11.2 9.2 1.7
11.2 9.2 1.7
10.2 20.4 5.7
-1.6 22.6 3.3
-4 20.4 1.1
-1 22.2 5.7
-4.2 9.6 3.7
-3.6 9 4.3
-3.6 8.6 2.7
-3.4 8.4 2.9
-4.2 20.2 2.1
-4.2 20.2 1.9
-2.8 7.8 2.9
-1.6 22.6 0.7
-3.6 8.6 1.3
-4 9.2 3.3
-4.2 9.4 2.9
-3.4 8.4 1.1
-3.4 8.4 1.1
-3 8.2 0.1
-2.8 7.8 1.1
-4.2 9.6 0.3
-4.2 9.4 1.1
-3.2 21 4.3
11.6 19.2 4.3
-4 9.2 0.7
-4.2 20.2 2.3
-4.2 20 3.5
10.8 9.2 4.5
11.2 9.2 2.5
11.2 9.2 2.5
-4.2 20.2 1.7
11.2 9.2 1.5
11.2 9.2 1.5
-3.4 21.2 2.1
-3.2 8.4 0.1
-3.2 8.4 0.1
-3.4 21.2 1.9
-2.8 8 0.1
-4.2 20 0.5
-3.8 20.2 4.5
-3.8 20 4.9
-3.8 20.6 0.7
-3.4 21.2 2.3
-3.4 21.2 1.7
-3.6 20.8 0.5
10.8 8.8 0.7
-4.2 20.2 1.5
-3.4 9 4.9
11.4 9.8 0.1
-3.2 8.2 0.9
11 9 3.1
-3 8 0.9
-3.2 21.2 0.3
-3.6 8.6 2.9
11.2 9.2 2.7
11.2 9.2 2.7
11 9 0.9
-3.4 21.2 2.5
-3.6 8.6 1.1
-3.4 8.6 0.1
-3.4 8.6 0.1
11.2 9.2 1.3
11.2 9.2 1.3
-3.4 20.8 4.3
-3.4 21.2 1.5
11.4 9.6 0.7
-4 20.4 0.9
-3.4 8.4 3.1
-3.6 21 2.1
-3.6 21 1.9
-2.8 7.8 3.1
-4.2 9.4 3.1
-3.4 8.4 0.9
-3.4 8.4 0.9
-1.6 22.4 4.3
-2.8 7.8 0.9
-4.2 9.4 0.9
-3.6 21 2.3
11 9.2 0.1
11 9.2 0.1
-3.6 21 1.7
-3.4 21 0.3
-4.2 20.2 1.3
-3.6 20.4 4.7
-1.6 22.6 3.5
-3 21 4.9
10.8 9 4.1
-3.2 9.2 5.7
-3 20.8 5.3
-4 9.4 4.1
-3.8 9 0.3
-3.4 21.2 2.7
-1.6 22.6 0.5
-4 9.2 3.5
-4 20.2 0.1
11.2 9.4 0.3
11.2 9.4 0.3
-3.6 20.2 5.1
-3.4 21.2 1.3
-3.6 21 2.5
-4 9 2.1
-4 9 1.9
11.2 9.2 2.9
11.2 9.2 2.9
-4 9.2 0.5
-1.4 22.6 4.1
-3.6 21 1.5
11.2 9.2 1.1
11.2 9.2 1.1
10.2 9.2 5.9
-4.2 9.6 3.9
-3.6 8.6 3.1
-4 9 2.3
-4.2 20 3.7
-4 9 1.7
-3.8 20.6 0.5
-3.6 8.6 0.9
11 9 3.3
-3.2 8.2 0.7
11.4 9.4 2.1
11.4 9.4 2.1
-3 8 0.7
11.4 9.4 1.9
11.4 9.4 1.9
-4.2 9.6 0.1
10.8 8.8 0.5
-4.2 20 0.3
-3.6 20.6 4.3
11 9 0.7
-4.2 20.2 1.1
11 9.4 4.5
-3.8 20.8 2.1
11.4 9.4 2.3
11.4 9.4 2.3
-3.8 20.8 1.9
11.4 9.4 1.7
11.4 9.4 1.7
-3.6 20.8 0.3
-3.6 21 2.7
-4 20.4 0.7
-3.4 8.4 3.3
-4 9 2.5
11.4 10 4.5
-2.8 7.8 3.3
-4 9 1.5
-2.8 8.6 5.5
-3.6 21 1.3
-3.4 21.2 2.9
-4.2 9.4 3.3
-3.8 20.8 2.3
-3.4 8.4 0.7
-3.4 8.4 0.7
-3.4 21.2 1.1
-3.8 20.8 1.7
-2.8 7.8 0.7
11.4 9.6 0.5
-3.6 9 4.5
-4.2 9.4 0.7
11.4 9.4 2.5
11.4 9.4 2.5
-3.2 21.2 0.1
11.4 9.4 1.5
11.4 9.4 1.5
-3.2 21 4.5
11.6 19.2 4.5
11.2 9.2 3.1
11.2 9.2 3.1
11.2 9.2 0.9
11.2 9.2 0.9
-3.8 20.8 1.5
-4 9 2.7
10.8 9.2 4.7
11.2 10 5.1
-4 9 1.3
-1.6 22.6 3.7
-3.6 8.6 3.3
-3.6 21 2.9
-3.8 20.2 4.7
-4 9.2 3.7
-3.6 21 1.1
-3.4 21 0.1
-1.6 22.6 0.3
-4.2 20.2 0.9
-3.6 8.6 0.7
11.4 9.4 2.7
11.4 9.4 1.3
11.4 9.4 1.3
-4 9.2 0.3
-3.4 21.2 3.1
-3.8 9 0.1
11.2 9.4 0.1
11.2 9.4 0.1
-3.4 20.8 4.5
11 9 3.5
-3.2 8.2 0.5
-3 8 0.5
-3.4 21.2 0.9
-3.8 20.8 1.3
-3.8 20 5.1
11 9 0.5
-3.8 20.6 0.3
10.8 9 4.3
-1.6 22.4 4.5
-4 9.4 4.3
-4 9 2.9
-3.4 8.4 3.5
10.8 8.8 0.3
-4.2 9.2 2.1
-4 20.4 0.5
-4.2 20 3.9
-4.2 9.2 1.9
-2.8 7.8 3.5
11 8.8 2.1
11 8.8 1.9
-4.2 9.4 3.5
-4 9 1.1
10.2 20.4 5.9
-3.4 9 5.1
-3.4 8.4 0.5
-3.4 8.4 0.5
-4.2 9.6 4.1
-2.8 7.8 0.5
-4.2 9.2 2.3
-4.2 20 0.1
11.2 9.2 3.3
11.2 9.2 3.3
-4.2 9.4 0.5
-4.2 9.2 1.7
-1.4 22.6 4.3
11 8.8 2.3
11 8.8 1.7
11.4 9.4 2.9
11.2 9.2 0.7
11.2 9.2 0.7
-3.6 21 3.1
11.4 9.6 0.3
-3.6 20.8 0.1
11.4 9.4 1.1
11.4 9.4 1.1
-3.6 20.4 4.9
-3.6 21 0.9
-4.2 9.2 2.5
-3.8 20.8 1.1
11 8.8 2.5
-4.2 9.2 1.5
11 8.8 1.5
-4 20.6 1.5
-4.2 20.2 0.7
-3 21 5.1
-3.2 8 2.1
-3.2 8 1.9
-3.6 20.6 4.5
-3.4 21.2 3.3
-3.4 8.2 2.1
-3.6 8.6 0.5
-3.4 8.2 1.9
-3 7.8 2.1
-3.2 8 1.7
-3 7.8 1.9
-4 9 3.1
-3.4 21.2 0.7
-4 9 0.9
-1.6 22.6 3.9
-3.4 8.2 2.3
-3.6 20.2 5.3
11 9.4 4.7
-3 7.8 2.3
-3.4 8.2 1.7
-3 7.8 1.7
-4.2 9.2 2.7
11 8.8 2.7
11.4 10 4.7
-4.2 9.2 1.3
-4 9.2 3.9
11 8.8 1.3
-4 20.6 1.3
-1.6 22.6 0.1
11.4 9.4 3.1
-3.2 8.2 0.3
-3.2 8 1.5
-3.6 9 4.7
-3 8 0.3
11.4 9.4 0.9
11.4 9.4 0.9
-4 9.2 0.1
11 9 0.3
-3.4 8.2 2.5
-3.6 8.4 2.1
-3.6 8.4 1.9
-3 7.8 2.5
-3.2 9.2 5.9
-3.4 8.2 1.5
-3.6 21 3.3
-3.4 8.4 3.7
-3 7.8 1.5
-3.2 21 4.7
11.6 19.2 4.7
11.2 9.2 3.5
11.2 9.2 3.5
-3.8 20.8 0.9
-4 20.4 0.3
-2.8 7.8 3.7
-4.2 9.4 3.7
-3.6 21 0.7
-3.6 8.4 2.3
-3.8 20.6 0.1
-3.6 8.4 1.7
11.2 9 2.1
11.2 9 2.1
11.2 9 1.9
11.2 9 1.9
-3.4 8.4 0.3
-3.4 8.4 0.3
11.2 9.2 0.5
11.2 9.2 0.5
-2.8 7.8 0.3
10.8 8.8 0.1
-4.2 9.4 0.3
11.2 9 2.3
11.2 9 2.3
11.2 9 1.7
11.2 9 1.7
-4.2 9.2 2.9
-4.2 20.4 2.1
-3.2 8 1.3
-4.2 20.4 1.9
-4.2 20 4.1
11 8.8 2.9
-4.2 9.2 1.1
-3.6 8.4 2.5
-3.4 8.2 2.7
11 8.8 1.1
-4 20.6 1.1
-3 7.8 2.7
-4.2 20.2 0.5
-3.6 8.4 1.5
-4 9 3.3
-4.2 20.4 2.3
-3.4 8.2 1.3
-3.8 20.2 4.9
-3 7.8 1.3
-4.2 20.4 1.7
11.4 9.6 0.1
-3.4 21.2 3.5
-4 9 0.7
-3.4 20.8 4.7
10.8 9 4.5
11.2 9 2.5
11.2 9 2.5
-4.2 9.6 4.3
-4 9.4 4.5
11.2 9 1.5
11.2 9 1.5
-3.4 21.2 0.5
11.2 10 5.3
11.4 9.4 3.3
-3.6 8.6 0.3
-4.2 20.4 2.5
-4.2 20.4 1.5
11.4 9.4 0.7
11.4 9.4 0.7
-3.6 8.4 2.7
-3.6 8.4 1.3
-3.2 8 1.1
-3.8 20.8 0.7
-3.4 8.2 2.9
11.2 9 2.7
11.2 9 2.7
-3 7.8 2.9
-4.2 9.2 3.1
-3.6 21 3.5
-3.4 8.2 1.1
11.2 9 1.3
11.2 9 1.3
11 8.8 3.1
-3 7.8 1.1
-3.8 20 5.3
-4.2 9.2 0.9
-1.6 22.6 4.1
-3.6 21 0.5
11 8.8 0.9
-4 20.6 0.9
-3.2 8.2 0.1
11.2 9.2 3.7
11.2 9.2 3.7
-3 8 0.1
-4.2 20.4 1.3
-4 9.2 4.1
11 9 0.1
-3.4 9 5.3
-3.4 8.4 3.9
11.2 9.2 0.3
11.2 9.2 0.3
-2.8 7.8 3.9
-3.6 20.6 4.7
-4 20.4 0.1
-4.2 9.4 3.9
-3.6 8.4 2.9
-4 9 3.5
-3.6 8.4 1.1
-3.4 8.4 0.1
-3.4 8.4 0.1
-2.8 7.8 0.1
-4.2 9.4 0.1
11.2 9 2.9
11.2 9 2.9
-4 9 0.5
-4.2 20.2 0.3
-3.6 21.2 2.1
-3.6 21.2 1.9
11.2 20.6 2.1
11.2 20.6 1.9
11.2 9 1.1
11.2 9 1.1
-3.2 8 0.9
11.4 9.2 2.1
-3.4 21.2 3.7
11.4 9.2 1.9
-3.4 8.2 3.1
11.4 9.4 3.5
-3 21 5.3
11 9.4 4.9
-3.6 21.2 2.3
11.2 20.6 2.3
-3.6 21.2 1.7
-3.4 8.2 0.9
11.2 20.6 1.7
-3.4 21.2 0.3
11.4 9.2 2.3
-3 7.8 0.9
11.4 10 4.9
-4.2 20.4 1.1
11.4 9.4 0.5
11.4 9.4 0.5
11.4 9.2 1.7
-4.2 9.2 3.3
-3.6 9 4.9
-4.2 20 4.3
11 8.8 3.3
-3.8 20.8 0.5
-4.2 9.2 0.7
11 8.8 0.7
-4 20.6 0.7
-3.6 21.2 2.5
-3.6 8.6 0.1
11.2 20.6 2.5
-3.2 21 4.9
11.6 19.2 4.9
-3.6 21.2 1.5
11.4 9.2 2.5
11.2 20.6 1.5
11.4 9.2 1.5
11.4 9.2 1.5
-3.6 8.4 3.1
-3.6 20.2 5.5
-3.6 21 3.7
-3.6 8.4 0.9
-3.8 21 2.1
11.2 9 3.1
11.2 9 3.1
-3.8 21 1.9
-3.6 21 0.3
-4.2 9.6 4.5
11.2 9 0.9
11.2 9 0.9
-3.8 21 2.3
-3.8 21 1.7
10.8 9 4.7
-3.6 21.2 2.7
11.2 20.6 2.7
-4 9.4 4.7
11.2 9.2 3.9
11.2 9.2 3.9
11.4 9.2 2.7
-3.6 21.2 1.3
-3.2 8 0.7
11.2 20.6 1.3
-4.2 20.4 0.9
-3.4 8.2 3.3
11.4 9.2 1.3
11.4 9.2 1.3
-4 9 3.7
11.2 9.2 0.1
11.2 9.2 0.1
-3.8 20.2 5.1
-3.4 8.2 0.7
-3 7.8 0.7
-3.8 21 2.5
-3.8 21 1.5
-4 9 0.3
-3.4 8.4 4.1
-2.8 7.8 4.1
-4.2 9.4 4.1
-4 9.2 4.3
11.4 9.4 3.7
-4.2 9.2 3.5
-4.2 20.2 0.1
11 8.8 3.5
-3.4 21.2 3.9
-3.6 8.4 3.3
11.4 9.4 0.3
11.4 9.4 0.3
-4.2 9.2 0.5
-3.6 21.2 2.9
11.2 20.6 2.9
11 8.8 0.5
-4 20.6 0.5
11.4 9.2 2.9
-3.6 8.4 0.7
-3.6 21.2 1.1
-3.4 21.2 0.1
11.2 20.6 1.1
-3.8 20.8 0.3
-3.8 21 2.7
11.4 9.2 1.1
11.4 9.2 1.1
11.2 9 3.3
11.2 9 3.3
-4.2 9 1.7
-3.8 21 1.3
-4 20.8 2.1
-4 20.8 1.9
11.2 9 0.7
11.2 9 0.7
-4 20.8 2.3
-3.6 20.6 4.9
-4 20.8 1.7
-4.2 20.4 0.7
-4.2 9 1.5
11.6 9.4 2.1
11.6 9.4 1.9
-3.6 21 3.9
-3.2 8 0.5
-3.8 20 5.5
-3.4 8.2 3.5
11.6 9.4 2.3
11.6 9.4 1.7
-3.6 21 0.1
-4 20.8 2.5
-4.2 20 4.5
-3.4 8.2 0.5
-4 20.8 1.5
-3.8 21 2.9
-3 7.8 0.5
-3.6 21.2 3.1
11.2 20.6 3.1
-3.8 21 1.1
11.4 9.2 3.1
-3.6 21.2 0.9
11.2 20.6 0.9
11.4 9.2 0.9
11.4 9.2 0.9
11.6 9.4 2.5
11 9.4 5.1
-4.2 9 1.3
-4 9 3.9
11.6 9.4 1.5
11.2 9.2 4.1
11.2 9.2 4.1
11.4 10 5.1
-4.2 9.2 3.7
-4 9 0.1
-3.6 9 5.1
-4 20.8 2.7
11 8.8 3.7
-3.6 8.4 0.5
-4 20.8 1.3
11.4 9.4 3.9
11.2 9 3.5
11.2 9 3.5
-4.2 9.2 0.3
11 8.8 0.3
-4 20.6 0.3
11.6 19.2 5.1
11.2 9 0.5
11.2 9 0.5
11.4 9.4 0.1
11.4 9.4 0.1
11.6 9.4 2.7
-3.4 8.4 4.3
11.6 9.4 1.3
-2.8 7.8 4.3
-3.4 8 2.1
-3.4 8 1.9
-3.2 7.8 2.1
11.2 8.8 2.1
11.2 8.8 2.1
-3.2 7.8 1.9
11.2 8.8 1.9
11.2 8.8 1.9
-3.8 21 3.1
-4.2 9.4 4.3
-3.8 20.8 0.1
-4.2 20.4 0.5
-4.2 20.6 2.1
-4.2 20.6 1.9
-4.2 9 1.1
-3.8 21 0.9
-4 9.4 4.9
-3.4 8 2.3
-3.2 7.8 2.3
11.2 8.8 2.3
11.2 8.8 2.3
-3.4 8 1.7
-3.2 7.8 1.7
11.2 8.8 1.7
11.2 8.8 1.7
-4 9.2 4.5
-4.2 20.6 2.3
11.2 20.6 3.3
-4.2 20.6 1.7
-4 20.8 2.9
11.4 9.2 3.3
-3.2 8 0.3
-3.6 21.2 0.7
-3.4 8.2 3.7
-4 20.8 1.1
11.2 20.6 0.7
11.4 9.2 0.7
11.4 9.2 0.7
-3.6 20.2 5.7
-3.4 8 2.5
-3.2 7.8 2.5
11.2 8.8 2.5
11.2 8.8 2.5
-3.4 8.2 0.3
-3.4 8 1.5
-3.2 7.8 1.5
11.2 8.8 1.5
11.2 8.8 1.5
-3 7.8 0.3
11.6 9.4 2.9
-4.2 20.6 2.5
11 21 2.1
11 21 1.9
-3.6 21 4.1
-4.2 20.6 1.5
11.6 9.4 1.1
11 21 2.3
11 21 1.7
-4.2 9 0.9
-3.4 8 2.7
-3.2 7.8 2.7
11.2 8.8 2.7
11.2 8.8 2.7
-3.6 8.4 0.3
-3.8 21 3.3
-3.4 8 1.3
-3.2 7.8 1.3
11.2 8.8 1.3
11.2 8.8 1.3
11.2 9 3.7
11.2 9 3.7
-4.2 20.6 2.7
11 21 2.5
-4.2 9.2 3.9
-4 9 4.1
11 21 1.5
-4 20.8 3.1
-3.8 21 0.7
-4.2 20.6 1.3
11 8.8 3.9
11.2 9 0.3
11.2 9 0.3
-4 20.8 0.9
-4.2 9.2 0.1
11.2 9.2 4.3
11.2 9.2 4.3
11 8.8 0.1
-4 20.6 0.1
-4.2 20 4.7
-3.6 20.6 5.1
11.4 9.4 4.1
11.6 9.4 3.1
-4.2 20.4 0.3
11.2 20.6 3.5
11.4 9.2 3.5
11.6 9.4 0.9
-3.6 21.2 0.5
11.2 20.6 0.5
11 21 2.7
11.4 9 2.1
11.4 9 2.1
11.4 9 2.1
11.4 9 1.9
11.4 9 1.9
11.4 9 1.9
11.4 9.2 0.5
11.4 9.2 0.5
11 21 1.3
-3.4 8 2.9
-3.2 7.8 2.9
11.2 8.8 2.9
11.2 8.8 2.9
-3.4 8 1.1
-3.2 7.8 1.1
11.2 8.8 1.1
11.2 8.8 1.1
-4.2 20.6 2.9
11.4 9 2.3
11.4 9 2.3
11.4 9 2.3
11.4 9 1.7
11.4 9 1.7
11.4 9 1.7
11.2 20.8 2.1
11.2 20.8 1.9
-4.2 20.6 1.1
-3.4 8.2 3.9
-3.2 8 0.1
11.2 20.8 2.3
11.2 20.8 1.7
-3.4 8.4 4.5
-4.2 9 0.7
-2.8 7.8 4.5
-4.2 9.4 4.5
-3.6 8.2 1.1
-3.4 8.2 0.1
-3 7.8 0.1
11.4 9 2.5
11.4 9 2.5
11.4 9 2.5
11 9.4 5.3
11.4 9 1.5
11.4 9 1.5
11.4 9 1.5
-4 20.8 3.3
11.4 10 5.3
-3.8 21 3.5
11 21 2.9
-4 20.8 0.7
11.2 20.8 2.5
11.2 20.8 1.5
-3.6 9 5.3
11 21 1.1
-3.8 21 0.5
-4 9.2 4.7
11.6 9.4 3.3
-3.6 21 4.3
-3.4 8 3.1
-3.2 7.8 3.1
11.2 8.8 3.1
11.6 19.2 5.3
11.6 9.4 0.7
-3.6 8.4 0.1
11.2 9 3.9
-3.4 8 0.9
11.4 9 2.7
11.4 9 2.7
11.4 9 2.7
-4.2 20.6 3.1
-3.2 7.8 0.9
11.2 8.8 0.9
11.2 8.8 0.9
11.4 9 1.3
11.4 9 1.3
11.4 9 1.3
-4 9.4 5.1
-4.2 20.6 0.9
11.2 9 0.1
11.2 9 0.1
11.2 20.8 2.7
11.2 20.6 3.7
-4.2 9.2 4.1
11.4 9.2 3.7
11 8.8 4.1
11.2 20.8 1.3
-3.8 21.2 2.1
-3.8 21.2 1.9
-3.6 8.2 0.9
-3.6 21.2 0.3
11.2 20.6 0.3
-4.2 20.4 0.1
11.4 9.2 0.3
11.4 9.2 0.3
-3.8 21.2 2.3
-3.8 21.2 1.7
11 21 3.1
-4.2 9 0.5
11 21 0.9
11.4 9.4 4.3
11.4 9 2.9
11.4 9 2.9
11.4 9 2.9
-4 20.8 3.5
11.4 20.6 2.1
11.4 20.6 1.9
11.4 9 1.1
11.4 9 1.1
11.4 9 1.1
11.2 9.2 4.5
11.2 9.2 4.5
-3.8 21.2 2.5
-3.8 21.2 1.5
11.2 20.8 2.9
-4 20.8 0.5
11.4 20.6 2.3
-3.4 8 3.3
-3.2 7.8 3.3
11.2 8.8 3.3
11.4 20.6 1.7
11.2 20.8 1.1
11.6 9.2 2.1
11.6 9.2 1.9
-3.8 21 3.7
-3.4 8.2 4.1
11.6 9.4 3.5
-4.2 20.6 3.3
-3.4 8 0.7
-3.2 7.8 0.7
11.2 8.8 0.7
11.2 8.8 0.7
-3.6 20.2 5.9
-4.2 20 4.9
11.6 9.2 2.3
-3.8 21 0.3
-4.2 20.6 0.7
11.6 9.4 0.5
11.6 9.2 1.7
11.4 20.6 2.5
11.4 20.6 1.5
-3.8 21.2 2.7
-3.6 8.2 0.7
-3.8 21.2 1.3
11.6 9.2 2.5
-3.6 20.6 5.3
11.6 9.2 1.5
11.4 9 3.1
11.4 9 3.1
11.4 9 3.1
11 21 3.3
-3.4 8.4 4.7
11.4 9 0.9
11.4 9 0.9
11.4 9 0.9
-2.8 7.8 4.7
11 21 0.7
-4.2 9.4 4.7
11.2 9 4.1
11.2 20.8 3.1
11.2 20.6 3.9
11.4 20.6 2.7
11.4 9.2 3.9
-4 21 1.5
11.4 20.6 1.3
11.2 20.8 0.9
-3.6 21.2 0.1
11.2 20.6 0.1
-3.6 21 4.5
11.4 9.2 0.1
11.4 9.2 0.1
11.6 9.2 2.7
-4.2 9 0.3
-3.8 21.2 2.9
11.6 9.2 1.3
-3.8 21.2 1.1
-4.2 9.2 4.3
-4 20.8 3.7
-3.4 8 3.5
-3.2 7.8 3.5
11.2 8.8 3.5
11 8.8 4.3
-4 9.2 4.9
-4.2 20.6 3.5
-3.4 8 0.5
-3.2 7.8 0.5
-4 20.8 0.3
11.2 8.8 0.5
11.2 8.8 0.5
-4 21 1.3
-4.2 20.6 0.5
11.6 9.4 3.7
11 9.4 5.5
11.4 20.6 1.1
-3.8 21 3.9
11.4 10 5.5
11.6 9.4 0.3
11.4 9 3.3
11.4 9 3.3
11.4 9 3.3
-4.2 20.8 2.1
-4.2 20.8 1.9
-3.6 8.2 0.5
11.2 8.6 2.1
11.2 8.6 1.9
11.6 9.2 2.9
11.4 9 0.7
11.4 9 0.7
11.4 9 0.7
-3.8 21 0.1
11.6 9.2 1.1
11 21 3.5
11.4 9.4 4.5
-4.2 20.8 2.3
11.2 20.8 3.3
11.2 8.6 2.3
-4.2 20.8 1.7
11.2 8.6 1.7
-4 9.4 5.3
-3.8 21.2 3.1
11 21 0.5
11.2 20.8 0.7
-3.4 8.2 4.3
-3.8 21.2 0.9
11.2 9.2 4.7
11.2 9.2 4.7
-4 21 1.1
-4.2 20.8 2.5
11.2 8.6 2.5
-4.2 20.8 1.5
11.2 8.6 1.5
-3.4 7.8 2.1
-3.4 7.8 1.9
11.4 20.6 0.9
11 21.2 2.1
-3.6 8 2.1
-3.4 7.8 2.3
11 21.2 1.9
-3.6 8 1.9
11.2 20.6 4.1
-3.4 7.8 1.7
-3.4 8 3.7
11.4 9.2 4.1
11.6 9.2 3.1
-3.2 7.8 3.7
11.2 8.8 3.7
-4.2 9 0.1
-4.2 20.8 2.7
11.2 9 4.3
11 21.2 2.3
-4.2 20.6 3.7
-3.6 8 2.3
11.6 9.2 0.9
11.2 8.6 2.7
11 21.2 1.7
-3.6 8 1.7
-3.4 8 0.3
-4.2 20.8 1.3
-3.2 7.8 0.3
11.2 8.8 0.3
11.2 8.8 0.3
11.2 8.6 1.3
-4.2 20 5.1
-4.2 20.6 0.3
11.4 9 3.5
11.4 9 3.5
11.4 9 3.5
-3.4 7.8 2.5
-3.4 7.8 1.5
-4 20.8 0.1
-3.8 21.2 3.3
11.4 9 0.5
11.4 9 0.5
11.4 9 0.5
-4 21 0.9
11.6 9.4 3.9
11 21.2 2.5
-3.6 8 2.5
11.2 20.8 3.5
11 21.2 1.5
-3.6 8.2 0.3
-3.6 8 1.5
-3.8 21.2 0.7
-3.4 8.4 4.9
11.4 8.8 2.1
-2.8 7.8 4.9
11.4 8.8 1.9
-4.2 9.4 4.9
11.2 20.8 0.5
11.6 9.4 0.1
11 21 3.7
-4.2 9.2 4.5
-3.6 21 4.7
11 8.8 4.5
11.4 8.8 2.3
-3.8 21 4.1
11.4 8.8 1.7
11.4 8.8 1.7
11 21 0.3
-4.2 20.8 2.9
-3.4 7.8 2.7
11.2 8.6 2.9
-3.4 7.8 1.3
-4.2 20.8 1.1
11.2 8.6 1.1
-3.6 20.6 5.5
11.4 20.6 0.7
11 21.2 2.7
11.2 21 2.1
11.2 21 1.9
11 21.2 1.3
-3.6 8 1.3
11.6 9.2 3.3
11.4 8.8 2.5
11.4 8.8 1.5
11.4 8.8 1.5
11.2 21 2.3
11.6 9.2 0.7
11.2 21 1.7
-4 9.2 5.1
-3.4 8.2 4.5
-4 21 0.7
-3.4 7.8 2.9
11.4 9.4 4.7
11.2 21 2.5
11.2 21 1.5
11.2 21 1.5
-3.4 7.8 1.1
-3.2 7.8 3.9
11.2 8.8 3.9
11.4 8.8 2.7
-3.8 21.2 3.5
-4.2 20.8 3.1
11 21.2 2.9
11.4 8.8 1.3
11.4 8.8 1.3
11.4 8.8 1.3
11.4 9 3.7
11.4 9 3.7
11.4 9 3.7
-4.2 20.6 3.9
11.2 8.6 3.1
11 21.2 1.1
-3.6 8 1.1
-3.4 8 0.1
-3.8 21.2 0.5
-4.2 20.8 0.9
-3.2 7.8 0.1
11.2 8.8 0.1
11.2 8.8 0.1
11.2 8.6 0.9
11.4 9 0.3
11.4 9 0.3
11.4 9 0.3
-4.2 20.6 0.1
11.2 20.8 3.7
11.2 20.6 4.3
11.4 9.2 4.3
11.2 9.2 4.9
11.2 20.8 0.3
11.2 21 2.7
11 9.4 5.7
-3.6 8.2 0.1
11.2 21 1.3
11.2 21 1.3
11.6 9.4 4.1
11 21 3.9
11.4 20.6 0.5
11.2 9 4.5
11.6 9.2 3.5
-3.4 7.8 3.1
11 21 0.1
11.4 8.8 1.1
11.4 8.8 1.1
11.4 8.8 1.1
11.6 9 2.1
11.6 9 1.9
11.6 9.2 0.5
11.4 20.8 2.1
11.4 20.8 1.9
-3.4 7.8 0.9
11 21.2 3.1
11.6 9 2.3
11.4 20.8 2.3
11.6 9 1.7
11.4 20.8 1.7
11 21.2 0.9
-3.6 8 0.9
-3.8 21 4.3
-4.2 20.8 3.3
11.2 8.6 3.3
11.2 21 2.9
-4 21 0.5
11.2 21 1.1
11.2 21 1.1
-4.2 20.8 0.7
11.2 8.6 0.7
11.6 9 2.5
11.4 20.8 2.5
11.6 9 1.5
11.6 9 1.5
-4.2 9.2 4.7
11.4 20.8 1.5
11 8.8 4.7
-3.8 21.2 3.7
-4.2 20 5.3
-3.6 21 4.9
-3.4 8.4 5.1
-3.8 21.2 0.3
-2.8 7.8 5.1
-4.2 9.4 5.1
11.4 9 3.9
11.4 9 3.9
11.4 9 3.9
11.4 8.8 0.9
11.4 8.8 0.9
11.4 8.8 0.9
-4 21.2 2.1
-4 21.2 1.9
-3.2 7.8 4.1
11.2 8.8 4.1
-3.4 7.8 3.3
11.4 9 0.1
11.4 9 0.1
11.4 9 0.1
-4.2 20.6 4.1
11.6 9 2.7
11.2 20.8 3.9
11.4 20.8 2.7
-4 21.2 2.3
11.6 9 1.3
11.6 9 1.3
-4 21.2 1.7
11.4 20.8 1.3
-3.4 7.8 0.7
11 21.2 3.3
11.2 21 3.1
11.2 20.8 0.1
11.4 20.6 0.3
11.6 9.2 3.7
11 21.2 0.7
11.2 21 0.9
11.2 21 0.9
-3.6 8 0.7
-3.4 8.2 4.7
-4 21.2 2.5
11.6 9.2 0.3
-4 21.2 1.5
-4.2 20.8 3.5
11 21 4.1
11.2 8.6 3.5
11.4 9.4 4.9
11.2 20.6 4.5
-4.2 20.8 0.5
11.2 8.6 0.5
11.6 9.4 4.3
11.6 9 2.9
11.4 20.8 2.9
-4 21 0.3
11.6 20.6 2.1
11.6 20.6 1.9
11.6 9 1.1
11.6 9 1.1
11.4 20.8 1.1
11.4 8.8 0.7
11.4 8.8 0.7
11.4 8.8 0.7
11.6 20.6 2.3
11.6 20.6 1.7
-4 21.2 1.3
-4.2 21 2.1
-4.2 21 1.9
11.2 9 4.7
11.2 9.2 5.1
-3.8 21.2 3.9
11.2 8.4 2.1
11.2 8.4 1.9
-4.2 21 2.3
-3.4 7.8 3.5
-4.2 21 1.7
11.6 20.6 2.5
11.6 20.6 1.5
-3.8 21.2 0.1
11.2 21 0.7
11.2 21 0.7
11.2 8.4 2.3
-3.4 7.8 0.5
-3.8 21 4.5
11.2 8.4 1.7
11 21.2 3.5
11 21.2 0.5
-3.6 8 0.5
-4.2 21 2.5
11.4 9 4.1
11.4 9 4.1
11.4 9 4.1
11.6 9 3.1
11.4 20.8 3.1
-4.2 21 1.5
11.6 9 0.9
11.6 9 0.9
11.2 8.4 2.5
-4 21.2 1.1
11.4 20.8 0.9
11.2 8.4 1.5
11.2 20.8 4.1
11.4 20.6 0.1
11.6 20.6 2.7
11.6 9.2 3.9
-3.2 7.8 4.3
11.2 8.8 4.3
11.6 20.6 1.3
-4.2 20.8 3.7
11.2 8.6 3.7
-4.2 20.6 4.3
11.6 9.2 0.1
11 8.8 4.9
-4.2 20.8 0.3
-4.2 21 2.7
11.2 8.6 0.3
-4.2 21 1.3
11.4 8.8 0.5
11.4 8.8 0.5
11.4 8.8 0.5
11.2 8.4 2.7
11 21.4 2.1
11.2 8.4 1.3
11 21.4 1.9
-4 21 0.1
-3.6 21 5.1
11 21.4 2.3
11 21 4.3
11 21.4 1.7
11.4 8.6 2.1
11.4 8.6 2.1
11.4 8.6 1.9
11.4 8.6 1.9
11.6 20.6 2.9
-3.4 8.4 5.3
-3.6 7.8 2.1
-3.6 7.8 1.9
-4.2 20 5.5
-4 21.2 0.9
11.6 20.6 1.1
11.2 21 0.5
11.2 21 0.5
-2.8 7.8 5.3
-3.4 7.8 3.7
-4.2 9.4 5.3
11.6 9 3.3
11.4 8.6 2.3
11.4 8.6 2.3
11.4 8.6 1.7
11.4 8.6 1.7
-3.6 7.8 2.3
11.6 9 0.7
11.6 9 0.7
-3.6 7.8 1.7
11.4 20.8 0.7
-4.2 21 2.9
-3.4 7.8 0.3
11 21.4 2.5
11 21.2 3.7
-3.4 8.2 4.9
11 21.4 1.5
-4.2 21 1.1
11.2 8.4 2.9
-3.8 21.2 4.1
11 21.2 0.3
-3.6 8 0.3
11.2 8.4 1.1
11.4 8.6 2.5
11.4 8.6 2.5
11.4 8.6 1.5
11.4 8.6 1.5
-3.6 7.8 2.5
-3.6 7.8 1.5
11.2 21.2 2.1
11.2 21.2 2.1
11.2 21.2 1.9
11.2 21.2 1.9
11.4 9.4 5.1
11 21.4 2.7
11.2 21.2 2.3
11.2 21.2 2.3
11.2 21.2 1.7
11.2 21.2 1.7
11 21.4 1.3
11.6 20.6 0.9
-4.2 20.8 3.9
11.4 9 4.3
11.4 9 4.3
11.4 9 4.3
11.2 8.6 3.9
11.4 8.6 2.7
11.4 8.6 2.7
11.2 9 4.9
11.4 8.8 0.3
11.4 8.8 0.3
11.4 8.8 0.3
11.4 8.6 1.3
11.4 8.6 1.3
11.6 9.2 4.1
-3.6 7.8 2.7
-4.2 21 3.1
-4 21.2 0.7
-3.8 21 4.7
-3.6 7.8 1.3
-4.2 20.8 0.1
11.2 21.2 2.5
11.2 21.2 2.5
11.2 8.6 0.1
11.2 20.8 4.3
11.2 21.2 1.5
11.2 21.2 1.5
-4.2 21 0.9
11.2 8.4 3.1
11.6 9 3.5
11.2 8.4 0.9
-3.2 7.8 4.5
11.2 8.8 4.5
11.2 9.2 5.3
11.6 9 0.5
11.6 9 0.5
11 21.4 2.9
11.2 21 0.3
11.2 21 0.3
11.4 20.8 0.5
-4.2 20.6 4.5
11 21.4 1.1
11.6 8.8 2.1
11.6 8.8 2.1
11.6 8.8 1.9
11.6 8.8 1.9
11.2 21.2 2.7
11.2 21.2 2.7
-3.4 7.8 3.9
11.4 8.6 2.9
11.4 8.6 2.9
11.2 21.2 1.3
11.2 21.2 1.3
-3.6 7.8 2.9
11.4 8.6 1.1
11.4 8.6 1.1
11.6 8.8 2.3
11.6 8.8 2.3
11.6 8.8 1.7
11.6 8.8 1.7
-3.6 7.8 1.1
-3.4 7.8 0.1
11.4 21 2.1
11.4 21 2.1
11.4 21 1.9
11.4 21 1.9
11 21.2 0.1
-3.6 8 0.1
11.6 20.6 0.7
11.4 21 2.3
11.4 21 2.3
11.4 21 1.7
11.4 21 1.7
11.6 8.8 2.5
11.6 8.8 2.5
11 8.8 5.1
11.6 8.8 1.5
11.6 8.8 1.5
-4.2 21 0.7
11.2 8.4 3.3
-3.8 21.2 4.3
11.2 21.2 2.9
11.2 21.2 2.9
-4 21.2 0.5
11.4 21 2.5
11.4 21 2.5
11.2 8.4 0.7
11.4 21 1.5
11.4 21 1.5
11 21.4 0.9
11.2 21.2 1.1
11.2 21.2 1.1
11.4 8.6 3.1
11.4 8.6 3.1
-3.6 7.8 3.1
11.4 8.8 0.1
11.4 8.8 0.1
11.4 8.8 0.1
-3.6 21 5.3
11.6 8.8 2.7
11.6 8.8 2.7
11.4 8.6 0.9
11.4 8.6 0.9
-4.2 20.8 4.1
11.6 8.8 1.3
11.6 8.8 1.3
11.6 9 3.7
11.2 8.6 4.1
-3.6 7.8 0.9
11.6 9 0.3
11.6 9 0.3
11.4 20.8 0.3
11.4 21 2.7
11.4 21 2.7
11.4 21 1.3
11.4 21 1.3
11.6 9.2 4.3
-3.4 8.4 5.5
-2.8 7.8 5.5
11.2 21 0.1
11.2 21 0.1
-4.2 9.4 5.5
11.4 9 4.5
11.4 9 4.5
11.4 9 4.5
11.2 21.2 3.1
11.2 21.2 3.1
11.6 20.6 0.5
11.2 20.8 4.5
11.2 21.2 0.9
11.2 21.2 0.9
11.6 8.8 2.9
11.6 8.8 2.9
-3.4 7.8 4.1
11.6 8.8 1.1
11.6 8.8 1.1
11.4 9.4 5.3
11.6 20.8 2.1
11.6 20.8 1.9
11 21.4 0.7
11.2 8.4 3.5
-4.2 21 0.5
-3.8 21 4.9
11.4 8.6 3.3
11.4 8.6 3.3
11.4 21 2.9
11.4 21 2.9
11.2 9 5.1
11.6 20.8 2.3
11.2 8.4 0.5
11.6 20.8 1.7
-3.6 7.8 3.3
11.4 21 1.1
11.4 21 1.1
-3.2 7.8 4.7
11.2 8.8 4.7
11.4 8.6 0.7
11.4 8.6 0.7
-4 21.2 0.3
-4.2 20.6 4.7
-3.6 7.8 0.7
11.6 20.8 2.5
11.6 20.8 1.5
-4.2 21.2 2.1
-4.2 21.2 1.9
11.6 8.8 3.1
11.6 8.8 3.1
-4.2 21.2 2.3
11.2 21.2 3.3
11.2 21.2 3.3
-4.2 21.2 1.7
11.6 9 3.9
11.6 8.8 0.9
11.6 8.8 0.9
11.2 8.2 2.1
11.2 8.2 1.9
11.2 21.2 0.7
11.2 21.2 0.7
-3.8 21.2 4.5
11.2 9.2 5.5
11.6 9 0.1
11.6 9 0.1
11.4 21 3.1
11.4 21 3.1
11.4 20.8 0.1
11.6 20.8 2.7
11.2 8.2 2.3
11.2 8.2 1.7
11.6 20.8 1.3
11.4 21 0.9
11.4 21 0.9
-4.2 21.2 2.5
-4.2 20.8 4.3
-4.2 21.2 1.5
11.2 8.6 4.3
11.6 20.6 0.3
11 21.4 0.5
11.4 8.6 3.5
11.4 8.6 3.5
11.2 8.2 2.5
11.2 8.2 1.5
-3.6 7.8 3.5
11.2 8.4 3.7
-4.2 21 0.3
11 8.8 5.3
11.4 8.6 0.5
11.4 8.6 0.5
-3.6 7.8 0.5
11.2 8.4 0.3
11.6 9.2 4.5
-4.2 21.2 2.7
-4.2 21.2 1.3
11.6 20.8 2.9
11.6 8.8 3.3
11.6 20.8 1.1
-3.4 7.8 4.3
11.4 9 4.7
11.4 9 4.7
11.4 9 4.7
11.2 8.2 2.7
-4 21.2 0.1
11.6 8.8 0.7
11.6 8.8 0.7
11.2 8.2 1.3
11.4 8.4 2.1
11.4 8.4 1.9
11.4 8.4 1.9
11.2 21.2 3.5
11.2 21.2 3.5
11.4 21 3.3
11.4 21 3.3
11.2 20.8 4.7
11.2 21.2 0.5
11.2 21.2 0.5
11.4 21 0.7
11.4 21 0.7
11.4 8.4 2.3
11.4 8.4 1.7
11.4 8.4 1.7
11 21.6 2.1
11 21.6 1.9
-4.2 21.2 2.9
11 21.6 2.3
11 21.6 1.7
-4.2 21.2 1.1
11.4 8.4 1.5
11.4 8.4 1.5
11.6 9 4.1
11.2 8.2 2.9
11.6 20.8 3.1
11.2 8.2 1.1
-3.2 7.8 4.9
11 21.4 0.3
11.6 20.8 0.9
11 21.6 2.5
-2.8 7.8 5.7
11.4 8.6 3.7
11.4 8.6 3.7
11 21.6 1.5
-4.2 9.4 5.7
-4.2 20.6 4.9
11.6 20.6 0.1
-3.6 7.8 3.7
11.4 8.6 0.3
11.4 8.6 0.3
11.2 9 5.3
11.4 9.4 5.5
-3.6 7.8 0.3
11.6 8.8 3.5
11.2 8.4 3.9
-4.2 21 0.1
11.4 8.4 1.3
11.4 8.4 1.3
11.2 21.4 1.7
11.6 8.8 0.5
11.6 8.8 0.5
11.2 8.4 0.1
-4.2 21.2 3.1
11 21.6 2.7
-3.8 21.2 4.7
-4.2 20.8 4.5
11.4 21 3.5
11.4 21 3.5
11.2 8.6 4.5
11 21.6 1.3
-4.2 21.2 0.9
11.4 21 0.5
11.4 21 0.5
11.2 21.2 3.7
11.2 21.2 3.7
11.2 8.2 3.1
11.2 21.4 1.5
11.6 8.6 2.1
11.6 8.6 1.9
11.2 8.2 0.9
11.2 21.2 0.3
11.2 21.2 0.3
11.6 20.8 3.3
11.6 8.6 2.3
11.6 8.6 1.7
11.6 20.8 0.7
11.4 8.4 1.1
11.4 8.4 1.1
11.6 9.2 4.7
11 21.6 2.9
-3.4 7.8 4.5
11.4 21.2 2.1
11.4 21.2 2.1
11.4 21.2 1.9
11.4 21.2 1.9
11.6 8.6 2.5
11 21.6 1.1
11.2 21.4 1.3
11.6 8.6 1.5
11.4 21.2 2.3
11.4 21.2 2.3
11.4 21.2 1.7
11.4 21.2 1.7
-4.2 21.2 3.3
11 21.4 0.1
11.4 8.6 3.9
11.4 8.6 3.9
11.4 9 4.9
11.4 9 4.9
11.4 9 4.9
-4.2 21.2 0.7
-3.6 7.8 3.9
11.6 8.8 3.7
11 8.8 5.5
11.4 21.2 2.5
11.4 21.2 2.5
11.4 8.6 0.1
11.4 8.6 0.1
11.6 9 4.3
11.6 8.6 2.7
11.2 8.2 3.3
11.4 21.2 1.5
11.4 21.2 1.5
11.2 20.8 4.9
11.6 8.8 0.3
11.6 8.8 0.3
11.6 8.6 1.3
-3.6 7.8 0.1
11.2 8.2 0.7
11.4 21 3.7
11.4 8.4 0.9
11.4 8.4 0.9
11.2 21.4 1.1
11.2 8.4 4.1
11 21.6 3.1
11.4 21 0.3
11.4 21 0.3
11.6 20.8 3.5
11 21.6 0.9
11.2 21.2 3.9
11.2 21.2 3.9
11.6 20.8 0.5
11.4 21.2 2.7
11.4 21.2 2.7
11.4 21.2 1.3
11.4 21.2 1.3
11.2 21.2 0.1
11.2 21.2 0.1
11.6 8.6 2.9
11.6 8.6 1.1
11.6 8.6 1.1
-3.2 7.8 5.1
11.6 21 2.1
11.6 21 1.9
-4.2 21.2 3.5
-4.2 20.8 4.7
11.2 8.6 4.7
11.6 21 2.3
11.6 21 1.7
11.6 21 1.7
11.2 21.4 0.9
-4.2 21.2 0.5
-3.8 21.2 4.9
11.4 21.2 2.9
11.2 8.2 3.5
11.4 8.4 0.7
11.4 8.4 0.7
11.4 21.2 1.1
11.4 21.2 1.1
11 21.6 3.3
11.2 8.2 0.5
11.6 21 2.5
11.2 9 5.5
11.6 21 1.5
11.6 21 1.5
11 21.6 0.7
11.6 8.8 3.9
11.4 8.6 4.1
11.4 8.6 4.1
11.6 8.6 3.1
11.4 9.4 5.7
-3.6 7.8 4.1
11.6 8.8 0.1
11.6 8.8 0.1
11.6 8.6 0.9
11.6 8.6 0.9
11.4 21 3.9
-3.4 7.8 4.7
11.6 9.2 4.9
11.4 21 0.1
11.4 21 0.1
11.6 20.8 0.3
11.6 21 2.7
11.6 21 1.3
11.6 21 1.3
11.4 21.2 3.1
11.6 9 4.5
11.2 21.4 0.7
11.4 21.2 0.9
11.4 21.2 0.9
11.2 8.4 4.3
11.2 21.2 4.1
-4.2 21.2 3.7
11.4 9 5.1
11.4 8.4 0.5
11.4 8.4 0.5
-4.2 21.2 0.3
11 21.6 3.5
11.6 8.6 3.3
11.6 21 2.9
11.2 8.2 3.7
11.2 20.8 5.1
11 21.6 0.5
11.6 21 1.1
11.6 21 1.1
11.6 8.6 0.7
11.6 8.6 0.7
11.2 8.2 0.3
11 8.8 5.7
11.4 21.2 3.3
11.4 8.2 2.1
11.4 8.2 1.9
11.6 8.8 4.1
11.4 21.2 0.7
11.4 21.2 0.7
11.4 8.2 2.3
11.4 8.2 1.7
11.4 8.2 1.7
11.2 21.4 0.5
11.4 21 4.1
11.6 21 3.1
-4.2 20.8 4.9
11.4 8.6 4.3
11.4 8.6 4.3
11.6 20.8 0.1
11.2 8.6 4.9
-3.6 7.8 4.3
11.6 21 0.9
11.6 21 0.9
11.4 8.2 2.5
11.4 8.2 1.5
11.4 8.2 1.5
11 21.8 2.1
11 21.8 1.9
-3.8 21.2 5.1
11.6 8.6 3.5
11.4 8.4 0.3
11.4 8.4 0.3
-4.2 21.2 3.9
11 21.8 2.3
11.6 8.6 0.5
11.6 8.6 0.5
11 21.8 1.7
11 21.6 0.3
-4.2 21.2 0.1
11.2 8.2 3.9
-3.4 7.8 4.9
11.4 8.2 2.7
11.4 8.2 1.3
11.4 8.2 1.3
11.2 8.4 4.5
11 21.8 2.5
11.2 21.6 2.1
11.4 21.2 3.5
11.2 21.6 1.9
11 21.8 1.5
11.6 9 4.7
11.2 8.2 0.1
11.6 9.2 5.1
11.4 21.2 0.5
11.4 21.2 0.5
11.6 8.4 2.1
11.6 8.4 2.1
11.6 8.4 1.9
11.6 8.4 1.9
11.2 21.6 2.3
11.2 21.6 1.7
11.6 21 3.3
11.2 9 5.7
11.6 21 0.7
11.6 21 0.7
11.6 8.4 2.3
11.6 8.4 2.3
11.6 8.4 1.7
11.6 8.4 1.7
11 21.8 2.7
11.2 21.4 0.3
11.2 21.6 2.5
11 21.8 1.3
11.2 21.6 1.5
11.4 8.2 2.9
11.4 9.4 5.9
11.4 8.2 1.1
11.4 8.2 1.1
11.6 8.4 2.5
11.6 8.4 2.5
11.6 8.4 1.5
11.6 8.4 1.5
11.6 8.8 4.3
11.4 21.4 2.1
11.4 21.4 1.9
11.6 8.6 3.7
11.4 9 5.3
11.2 21.6 2.7
11.4 21.4 2.3
11.6 8.6 0.3
11.6 8.6 0.3
11.4 21 4.3
11.4 21.4 1.7
11.2 21.6 1.3
11.2 20.8 5.3
11.4 8.4 0.1
11.4 8.4 0.1
11 21.8 2.9
11.6 8.4 2.7
11.6 8.4 2.7
11.6 8.4 1.3
11.6 8.4 1.3
11.4 8.6 4.5
11.4 8.6 4.5
11 21.8 1.1
-3.6 7.8 4.5
11 21.6 0.1
-4.2 21.2 4.1
11.4 21.4 2.5
11.4 21.2 3.7
11.6 21 3.5
11.4 8.2 3.1
11.4 21.4 1.5
11.4 8.2 0.9
11.4 8.2 0.9
11.4 21.2 0.3
11.4 21.2 0.3
11.6 21 0.5
11.6 21 0.5
11.2 21.6 2.9
-4.2 20.8 5.1
11.2 21.6 1.1
11.6 8.4 2.9
11.6 8.4 2.9
11.4 21.4 2.7
11.6 8.4 1.1
11.6 8.4 1.1
11.4 21.4 1.3
11 21.8 3.1
11.2 21.4 0.1
11.6 21.2 2.1
11.6 21.2 1.9
11 21.8 0.9
11.2 8.4 4.7
-3.8 21.2 5.3
11.6 21.2 2.3
11.6 21.2 1.7
11.6 8.6 3.9
11.4 8.2 3.3
-3.4 7.8 5.1
11.2 21.6 3.1
11.4 8.2 0.7
11.4 8.2 0.7
11.4 21.4 2.9
11.6 21.2 2.5
11.6 8.6 0.1
11.6 8.6 0.1
11.6 21.2 1.5
11.2 21.6 0.9
11.4 21.4 1.1
11.6 8.4 3.1
11.6 8.4 3.1
11.6 21 3.7
11.6 8.4 0.9
11.6 8.4 0.9
11.6 8.8 4.5
11.6 9.2 5.3
11.6 21 0.3
11.6 21 0.3
11 21.8 3.3
11.4 21.2 0.1
11.4 21.2 0.1
11.6 21.2 2.7
11.4 21 4.5
11 21.8 0.7
11.6 21.2 1.3
11.6 21.2 1.3
-4.2 21.2 4.3
11.4 21.4 3.1
11.4 8.6 4.7
11.4 8.6 4.7
11.4 21.4 0.9
-3.6 7.8 4.7
11.2 21.6 3.3
11.4 8.2 3.5
11.2 21.6 0.7
11.6 8.4 3.3
11.6 8.4 3.3
11.4 8.2 0.5
11.4 8.2 0.5
11.6 21.2 2.9
11.6 8.4 0.7
11.6 8.4 0.7
11.4 9 5.5
11.6 21.2 1.1
11.6 21.2 1.1
11.2 20.8 5.5
11.6 8.6 4.1
11 21.8 3.5
11.6 21 3.9
11 21.8 0.5
11.4 21.4 3.3
11.6 21 0.1
11.6 21 0.1
11.4 21.4 0.7
11.2 8.4 4.9
11.6 21.2 3.1
11.6 21.2 0.9
11.6 21.2 0.9
11.2 21.6 3.5
11.2 21.6 0.5
11.6 8.4 3.5
11.4 8.2 3.7
11.6 8.4 0.5
11.6 8.4 0.5
11.6 8.8 4.7
-3.8 21.2 5.5
11.4 8.2 0.3
11.4 8.2 0.3
11.4 8 1.5
-4.2 21.2 4.5
11.4 21 4.7
11 21.8 3.7
11 22 2.1
11 22 1.9
11.4 21.4 3.5
11.6 21.2 3.3
11.4 8 1.3
11.6 8.2 2.1
11.6 8.2 2.1
11.6 8.2 1.9
11.6 8.2 1.9
11 21.8 0.3
11.4 21.4 0.5
11.6 21.2 0.7
11.6 21.2 0.7
11 22 2.3
11 22 1.7
11.4 8.6 4.9
11.4 8.6 4.9
11.6 8.2 2.3
11.6 8.2 2.3
11.6 8.2 1.7
11.6 8.2 1.7
-3.6 7.8 4.9
11.2 21.8 2.1
11.2 21.8 1.9
11.6 21 4.1
11.6 8.6 4.3
11 22 2.5
11.2 21.6 3.7
11.2 21.8 2.3
11 22 1.5
11.2 21.8 1.7
11.6 8.2 2.5
11.6 8.2 2.5
11.6 8.2 1.5
11.6 8.2 1.5
11.6 8.4 3.7
11.2 21.6 0.3
11.4 8 1.1
11.6 8.4 0.3
11.6 8.4 0.3
11.2 21.8 2.5
11.2 21.8 1.5
11.4 8.2 3.9
11 22 2.7
11.4 21.6 2.1
11.4 21.6 1.9
11 22 1.3
11.4 8.2 0.1
11.4 8.2 0.1
11.6 8.2 2.7
11.6 8.2 2.7
11.6 8.2 1.3
11.6 8.2 1.3
11.4 21.6 2.3
11.6 21.2 3.5
11.4 21.6 1.7
11.4 9 5.7
11.6 21.2 0.5
11.6 21.2 0.5
11.2 21.8 1.3
11.2 20.8 5.7
11 21.8 3.9
11.4 21.4 0.3
11.4 21.6 2.5
11.4 21.6 1.5
11.4 8 0.9
11 22 2.9
11 21.8 0.1
11 22 1.1
11.6 8.2 2.9
11.6 8.2 2.9
11.6 8.2 1.1
11.6 8.2 1.1
11.6 8.8 4.9
-4.2 21.2 4.7
11.2 21.6 3.9
11.4 21.6 2.7
11.6 21.4 2.1
11.6 21.4 1.9
11.2 21.8 1.1
11.4 21.6 1.3
11.4 21 4.9
11.6 8.4 3.9
11.2 21.6 0.1
11.6 21.4 2.3
11.6 21 4.3
11.6 21.4 1.7
11.6 8.4 0.1
11.6 8.4 0.1
11.6 8.6 4.5
11 22 3.1
11.6 21.4 2.5
11.6 21.2 3.7
-3.8 21.2 5.7
11 22 0.9
11.4 8.2 4.1
11.6 8.2 3.1
11.6 8.2 3.1
11.6 21.4 1.5
11.4 8 0.7
11.6 8.2 0.9
11.6 8.2 0.9
11.4 21.6 2.9
11.6 21.2 0.3
11.6 21.2 0.3
11.4 21.6 1.1
11.4 8.6 5.1
11.4 8.6 5.1
-3.6 7.8 5.1
11.2 21.8 0.9
11.4 21.4 0.1
11.6 21.4 2.7
11.6 21.4 1.3
11 21.8 4.1
11 22 3.3
11.4 21.6 3.1
11.6 8.2 3.3
11.6 8.2 3.3
11 22 0.7
11.4 21.6 0.9
11.2 21.6 4.1
11.6 8.2 0.7
11.6 8.2 0.7
11.6 21.4 2.9
11.6 21.4 1.1
11.4 8 0.5
11.6 8.4 4.1
11.2 21.8 0.7
-4.2 21.2 4.9
11.6 21.2 0.1
11.6 21.2 0.1
11.6 21 4.5
11.6 8.8 5.1
11.4 21.6 3.3
11.6 21.4 3.1
11.6 8.6 4.7
11.4 21.6 0.7
11.6 21.4 0.9
11 22 3.5
11.6 8.2 3.5
11.6 8.2 3.5
11 22 0.5
11.4 7.8 2.1
11.4 7.8 2.1
11.4 7.8 1.9
11.4 7.8 1.9
11.6 8.2 0.5
11.6 8.2 0.5
11.4 7.8 2.3
11.4 7.8 2.3
11.4 7.8 1.7
11.4 7.8 1.7
11 21.8 4.3
11.2 21.8 0.5
11.4 8 0.3
11.4 7.8 2.5
11.4 7.8 2.5
11.4 7.8 1.5
11.4 7.8 1.5
11.4 8.6 5.3
-3.6 7.8 5.3
11.2 21.6 4.3
11.6 21.4 3.3
11.6 21.4 0.7
11.6 8.4 4.3
11.6 8 2.1
11.6 8 1.9
-3.8 21.2 5.9
11.4 7.8 2.7
11.4 7.8 2.7
11.4 21.6 0.5
11.4 7.8 1.3
11.4 7.8 1.3
11.6 8 1.7
11 22 3.7
11.6 8.2 3.7
11.6 8.2 3.7
11 22 0.3
11.6 8.2 0.3
11.6 8.2 0.3
11.6 8 1.5
11.2 22 2.1
11.2 22 1.9
11.6 21 4.7
11.4 7.8 2.9
11.4 7.8 2.9
11.2 21.8 0.3
11.2 22 2.3
11.4 7.8 1.1
11.4 7.8 1.1
11.2 22 1.7
11.4 8 0.1
11.6 21.4 3.5
-4.2 21.2 5.1
11.6 8 1.3
11.6 21.4 0.5
11.2 22 2.5
11.2 22 1.5
11.6 8.6 4.9
11 21.8 4.5
11.6 8.8 5.3
11.4 21.6 0.3
11 22.2 1.3
11.4 7.8 3.1
11.4 7.8 3.1
11.2 22 2.7
11.4 7.8 0.9
11.4 7.8 0.9
11.2 22 1.3
11.6 8 1.1
11 22 3.9
11.6 8.2 3.9
11.6 8.2 3.9
11 22 0.1
11.6 8.4 4.5
11.6 21.6 2.1
11.6 21.6 1.9
11.6 8.2 0.1
11.6 8.2 0.1
11.6 21.6 2.3
11 22.2 1.1
11.6 21.6 1.7
11.4 21.8 1.3
11.2 22 2.9
11.2 21.8 0.1
11.6 21.4 3.7
11.2 22 1.1
11.6 21.4 0.3
11.6 21.6 2.5
11.6 21.6 1.5
11.4 7.8 3.3
11.4 7.8 3.3
11.6 8 0.9
-3.6 7.8 5.5
11.4 7.8 0.7
11.4 7.8 0.7
11.4 21.8 1.1
11.4 21.6 0.1
11.6 21.6 2.7
11 22.2 0.9
11.6 21.6 1.3
11.6 21 4.9
11.2 22 0.9
11 22 4.1
11 21.8 4.7
11.6 8.2 4.1
11.6 8 0.7
11.6 21.6 2.9
-4.2 21.2 5.3
11.4 21.8 0.9
11.4 7.8 3.5
11.6 21.6 1.1
11.6 8.6 5.1
11.6 21.4 3.9
11.4 7.8 0.5
11.4 7.8 0.5
11.6 21.4 0.1
11 22.2 0.7
11.6 8.4 4.7
11.6 8.8 5.5
11.2 22 0.7
11.6 21.6 3.1
11.6 21.6 0.9
11.4 21.8 0.7
11.6 8 0.5
11.4 7.6 2.1
11.4 7.6 1.9
11.4 7.8 3.7
11.4 7.6 2.3
11.4 7.6 1.7
11.4 7.8 0.3
11.4 7.8 0.3
11 22.2 0.5
11 22 4.3
11.6 8.2 4.3
11.2 22 0.5
11.6 21.6 3.3
11.6 21.4 4.1
11.4 7.6 2.5
11.4 7.6 1.5
11.6 21 5.1
11.6 21.6 0.7
11 21.8 4.9
11.4 21.8 0.5
11.4 7.6 2.7
11.4 7.6 1.3
11.6 8 0.3
11.6 8.4 4.9
-4.2 21.2 5.5
11.4 7.8 3.9
11 22.2 0.3
11.6 21.6 3.5
11.4 7.8 0.1
11.4 7.8 0.1
11.4 7.6 1.1
11.2 22 0.3
11.6 21.6 0.5
11.2 22.2 2.1
11.6 7.8 1.3
11.2 22.2 1.9
11.2 22.2 2.3
11.2 22.2 1.7
11.4 22 2.1
11.4 22 1.9
11.6 8.8 5.7
11.4 21.8 0.3
11.2 22.2 2.5
11.4 22 2.3
11.2 22.2 1.5
11.4 22 1.7
11.6 21.4 4.3
11.6 8.2 4.5
11.6 7.8 1.1
11.6 7.8 1.1
11.4 7.6 0.9
11.4 22 2.5
11.6 8 0.1
11.4 22 1.5
11.2 22.2 2.7
11.6 21.8 2.1
11.6 21.8 1.9
11.2 22.2 1.3
11.6 21.6 3.7
11.6 21.8 2.3
11.6 21.8 1.7
11 22.2 0.1
11.4 22 2.7
11.6 21.6 0.3
11.4 22 1.3
11.4 7.8 4.1
11.6 21 5.3
11.2 22 0.1
11.6 21.8 2.5
11 21.8 5.1
11.6 7.8 0.9
11.6 7.8 0.9
11.6 21.8 1.5
11.2 22.2 2.9
11.2 22.2 1.1
11.4 7.6 0.7
11.4 22 2.9
11.4 21.8 0.1
11.6 21.8 2.7
11.4 22 1.1
11.6 21.8 1.3
11.6 8.4 5.1
11.2 22.2 3.1
11.6 21.4 4.5
11.6 7.8 0.7
11.6 7.8 0.7
11.2 22.2 0.9
11.6 21.8 2.9
11.6 21.6 3.9
-4.2 21.2 5.7
11.6 21.8 1.1
11.6 8.2 4.7
11.4 22 3.1
11.6 21.6 0.1
11.4 22 0.9
11.4 7.6 0.5
11.4 7.8 4.3
-3.8 22.6 2.1
-3.8 22.6 1.9
11.2 22.2 3.3
11.6 21.8 3.1
11.2 22.2 0.7
-3.8 22.6 2.3
11.6 21.8 0.9
-3.8 22.6 1.7
11.6 7.8 0.5
11.6 7.8 0.5
11.4 22 3.3
-3.8 22.6 2.5
11.4 22 0.7
-3.8 22.6 1.5
11 21.8 5.3
11.6 21 5.5
11.4 7.4 2.1
11.4 7.4 1.9
11.4 7.6 0.3
11.6 21.6 4.1
-3.8 22.6 2.7
11.4 7.4 2.3
-3.8 22.6 1.3
11.6 21.8 3.3
11.4 7.4 1.7
11.6 21.8 0.7
11.2 22.2 3.5
11.6 21.4 4.7
11.2 22.2 0.5
11.4 7.4 2.5
11.4 7.4 1.5
11.6 8.4 5.3
11.6 7.6 2.1
11.6 7.6 1.9
11.4 22 3.5
11.6 7.6 2.3
11.6 7.6 1.7
-3.8 22.6 2.9
11.6 7.8 0.3
11.6 7.8 0.3
11.6 8.2 4.9
11.4 22 0.5
-3.8 22.6 1.1
11.4 7.8 4.5
11.4 7.4 2.7
11.4 7.4 1.3
11.6 7.6 2.5
11.6 7.6 1.5
11.6 21.8 3.5
11.6 21.8 0.5
11.4 7.6 0.1
11.6 7.6 2.7
-3.8 22.6 3.1
11.6 7.6 1.3
11.4 7.4 2.9
-3.8 22.6 0.9
11.4 7.4 1.1
11.2 22.2 0.3
11.6 21.6 4.3
11.4 22 3.7
11.4 22 0.3
11.4 22.2 2.1
11.4 22.2 1.9
11.6 7.6 2.9
11.6 7.8 0.1
11.6 7.8 0.1
11.6 7.6 1.1
11.4 22.2 2.3
11.4 22.2 1.7
11.4 7.4 3.1
11.4 7.4 0.9
-3.8 22.6 3.3
11.4 22.2 2.5
11.6 21.8 3.7
11.6 22 2.1
-3.8 22.6 0.7
11.6 22 1.9
11.4 22.2 1.5
11 21.8 5.5
11.6 21.4 4.9
11.6 21.8 0.3
11.6 22 2.3
11.6 22 1.7
11.6 21 5.7
11.6 7.6 3.1
11.4 7.8 4.7
11.6 7.6 0.9
11.4 22.2 2.7
11.6 22 2.5
11.4 22.2 1.3
11.6 22 1.5
11.6 8.2 5.1
11.2 22.2 0.1
11.6 8.4 5.5
11.4 7.4 3.3
11.4 22 3.9
11.4 7.4 0.7
11.4 22 0.1
11.6 22 2.7
11.6 22 1.3
-3.8 22.6 3.5
11.4 22.2 2.9
11.6 21.6 4.5
-3.8 22.6 0.5
11.4 22.2 1.1
11.6 7.6 3.3
11.6 7.6 0.7
11.6 21.8 3.9
11.6 21.8 0.1
11.6 22 1.1
11.4 7.4 3.5
11.4 22.2 0.9
11.4 7.4 0.5
11.4 22 4.1
11.6 7.6 3.5
-3.8 22.6 0.3
11.6 22 0.9
11.6 7.6 0.5
-4 22.6 1.9
11.4 7.8 4.9
-4 22.6 1.7
11 21.8 5.7
11.4 22.2 0.7
11.6 21.8 4.1
-4 22.6 1.5
11.6 21.6 4.7
11.4 7.4 0.3
11.4 7.2 2.1
11.4 7.2 1.9
11.6 22 0.7
11.6 8.4 5.7
-4 22.6 1.3
11.4 7.2 2.3
11.4 7.2 1.7
11.6 7.6 3.7
11.6 7.4 2.1
11.6 7.4 1.9
11.6 7.6 0.3
11.4 7.2 2.5
-3.8 22.6 0.1
11.4 7.2 1.5
11.6 7.4 2.3
11.6 7.4 1.7
11.4 22.2 0.5
11.4 22 4.3
-4 22.6 1.1
11.6 7.4 2.5
11.6 7.4 1.5
11.4 7.2 2.7
11.4 7.2 1.3
11.6 22 0.5
11.4 7.4 0.1
11.6 7.4 2.7
11.6 21.8 4.3
11.6 7.4 1.3
11.4 7.2 2.9
-4 22.6 0.9
11.4 7.8 5.1
11.4 7.2 1.1
11.6 7.6 3.9
11.6 7.6 0.1
11.4 22.2 0.3
11.6 7.4 2.9
11.6 21.6 4.9
11.6 7.4 1.1
11.4 7.2 3.1
11.6 22 0.3
11.4 7.2 0.9
11.6 22.2 2.1
11.6 22.2 1.9
11 21.8 5.9
-4 22.6 0.7
11.6 22.2 2.3
11.4 22 4.5
11.6 22.2 1.7
11.6 7.4 3.1
11.6 7.4 0.9
11.6 22.2 2.5
11.6 22.2 1.5
11.6 8.4 5.9
11.6 21.8 4.5
11.6 7.6 4.1
11.4 7.2 3.3
11.4 22.2 0.1
11.6 22.2 2.7
11.4 7.2 0.7
11.6 22.2 1.3
11.6 7.4 3.3
-4 22.6 0.5
11.6 7.4 0.7
11.6 22 0.1
11.6 22.2 2.9
11.6 22.2 1.1
11.4 7.8 5.3
11.6 21.6 5.1
11.4 7.2 3.5
11.4 7.2 0.5
11.4 22 4.7
11.6 7.4 3.5
11.6 22.2 3.1
11.6 22.2 0.9
11.6 7.4 0.5
-4 22.6 0.3
11.6 7.6 4.3
-4.2 22.6 2.1
-4.2 22.6 1.9
11.6 21.8 4.7
-4.2 22.6 2.3
-4.2 22.6 1.7
11.4 7.2 3.7
-4.2 22.6 2.5
-4.2 22.6 1.5
11.6 22.2 3.3
11.4 7.2 0.3
11.6 22.2 0.7
11.6 7.4 3.7
-4.2 22.6 2.7
11.6 7.4 0.3
-4.2 22.6 1.3
11.6 7.2 2.1
11.6 7.2 1.9
-4 22.6 0.1
11.6 7.2 2.3
11.6 7.2 1.7
11.6 7.2 2.5
-4.2 22.6 2.9
11.6 7.2 1.5
11.6 22.2 3.5
-4.2 22.6 1.1
11.4 22 4.9
11.6 7.6 4.5
11.6 21.6 5.3
11.6 22.2 0.5
11.4 7.2 3.9
11.4 7.2 0.1
11.6 7.2 2.7
11.6 7.2 1.3
11.6 7.4 3.9
11.6 21.8 4.9
-4.2 22.6 3.1
11.6 7.4 0.1
-4.2 22.6 0.9
11.6 7.2 2.9
11.6 7.2 1.1
11.6 22.2 3.7
11.6 22.2 0.3
-4.2 22.6 3.3
-4.2 22.6 0.7
11.4 7.2 4.1
11.6 7.2 3.1
11.6 7.2 0.9
11.6 7.6 4.7
11.6 7.4 4.1
11.4 22 5.1
11.6 22.2 3.9
11.6 7.2 3.3
-4.2 22.6 3.5
11.6 22.2 0.1
11.6 7.2 0.7
-4.2 22.6 0.5
11.4 7.2 4.3
11.6 7.2 3.5
11.6 7.4 4.3
11.6 7.2 0.5
-4.2 22.6 3.7
-4.2 22.6 0.3
11.6 22.2 4.1
11.6 7.6 4.9
11.6 7.2 3.7
11.6 7.2 0.3
-4.2 22.6 3.9
-4.2 22.6 0.1
11.6 7.4 4.5
11.6 22.2 4.3
11.6 7.2 3.9
11.6 7.2 0.1
11.6 7.4 4.7
11.6 22.2 4.5
11.6 7.2 4.1
11.6 7.2 4.3
11.6 22.2 4.7
11.6 7.4 4.9
11.6 7.2 4.5
11.6 22.2 4.9
11.6 7.4 5.1
11.6 7.2 4.7
11.6 22.2 5.1
11.6 7.2 4.9
11.6 22.2 5.3
11.6 7.2 5.1
11.6 22.2 5.5
11.6 7.2 5.3
11.6 22.2 5.7
11.6 7.2 5.5
11.6 22.2 5.9
11.6 7.2 5.7
11.6 7.2 5.9
