-16.2 -16.8 2.7
-16.2 -16.8 2.5
-16.2 -16.8 2.9
-13.6 -17.8 2.7
-13.6 -17.4 2.7
-13.6 -17.8 2.5
-13.6 -17.8 2.9
-13.6 -17.4 2.5
-13.6 -17.4 2.9
-16.2 -16.8 2.3
-16.2 -16.8 3.1
-13.6 -18 2.7
-13.6 -18 2.5
-13.6 -18 2.9
-13.6 -17.8 2.3
-13.6 -17.4 2.3
-13.6 -17.4 3.1
-13.6 -18 2.3
-16.2 -16.8 2.1
-16.2 -16.8 3.3
-16.2 -16.6 2.7
-13.6 -17.6 2.1
-16.6 -17.6 2.7
-16.2 -16.6 2.5
-16.2 -16.6 2.9
-13.6 -17.8 2.1
-16.6 -17.8 2.7
-16.6 -17.6 2.5
-16.6 -17.6 2.9
-13.6 -17.4 2.1
-16.6 -17.4 2.7
-16.6 -17.8 2.5
-16.6 -17.8 2.9
-13.6 -17.4 3.3
-16.6 -17.4 2.5
-16.6 -17.4 2.9
-16.2 -16.6 2.3
-13.6 -18 2.1
-16.2 -16.6 3.1
-16.6 -17.6 2.3
-16.6 -17.6 3.1
-16.6 -17.8 2.3
-16.6 -17.8 3.1
-16.6 -17.4 2.3
-16.6 -17.4 3.1
-16.2 -16.8 1.9
-16.2 -16.8 3.5
-16.4 -16.8 2.3
-13.4 -17.6 2.7
-13.6 -17.6 1.9
-13.4 -17.8 2.7
-13.6 -17.8 1.9
-13.4 -17.6 2.5
-13.4 -17.6 2.9
-16.2 -16.6 2.1
-13.6 -17.4 1.9
-13.4 -17.8 2.5
-13.4 -17.8 2.9
-16.2 -16.6 3.3
-16.6 -17.6 2.1
-13.6 -17.4 3.5
-16.6 -17.8 2.1
-16.6 -17.8 3.3
-16.6 -17.4 2.1
-13.6 -18 1.9
-13.4 -17.6 2.3
-16.6 -17.4 3.3
-16.2 -16.4 2.7
-13.4 -17.8 2.3
-13.4 -17.2 2.7
-16.4 -16.8 2.1
-13.4 -17.8 3.1
-16.2 -16.4 2.5
-16.2 -16.4 2.9
-16.4 -16.6 2.7
-13.4 -17.2 2.5
-13.4 -17.2 2.9
-16.4 -16.6 2.5
-16.4 -16.6 2.9
-16.2 -16.4 2.3
-16.2 -16.8 1.7
-16.2 -16.4 3.1
-16.2 -16.6 1.9
-13.4 -17.2 2.3
-13.4 -17.6 2.1
-13.4 -17.2 3.1
-16.2 -16.8 3.7
-16.6 -17.6 1.9
-16.2 -16.6 3.5
-13.6 -17.6 1.7
-16.4 -16.6 2.3
-13.4 -17.8 2.1
-16.4 -16.6 3.1
-16.6 -17.8 1.9
-13.6 -17.8 1.7
-16.8 -17.6 2.7
-13.4 -17 2.7
-16.6 -17.4 1.9
-16.6 -17.8 3.5
-13.6 -17.4 1.7
-16.8 -17.8 2.7
-16.8 -17.6 2.5
-13.4 -17 2.5
-16.8 -17.6 2.9
-13.4 -17 2.9
-13.6 -17.4 3.7
-16.8 -17.8 2.5
-16.4 -16.8 1.9
-16.8 -17.8 2.9
-13.6 -18 1.7
-16.2 -16.4 2.1
-16.2 -16.4 3.3
-13.4 -17.2 2.1
-16.6 -17.2 1.9
-16.8 -17.6 2.3
-13.4 -17 2.3
-13.4 -17.2 3.3
-16.4 -16.6 2.1
-16.8 -17.6 3.1
-16.8 -17.8 2.3
-16.8 -17.2 2.7
-16.4 -16.6 3.3
-16.8 -17.8 3.1
-16.8 -17.2 2.5
-13.4 -17.6 1.9
-16.8 -17.2 2.9
-13.4 -17.8 1.9
-16.2 -16.6 1.7
-16.2 -16.2 2.7
-16.6 -17.6 1.7
-13.2 -17.8 2.7
-16.2 -16.6 3.7
-16.2 -16.2 2.5
-16.8 -17.2 2.3
-16.2 -16.2 2.9
-16.6 -17.8 1.7
-16.8 -17.6 2.1
-13.4 -17 2.1
-16.2 -16.8 1.5
-13.2 -17.8 2.5
-13.2 -17.8 2.9
-16.8 -17.6 3.3
-16.6 -17.4 1.7
-16.8 -17.8 2.1
-16.6 -17.8 3.7
-16.2 -16.4 1.9
-16.6 -16.6 2.7
-13.6 -17.6 1.5
-13.4 -17.2 1.9
-16.2 -16.4 3.5
-16.4 -16.8 1.7
-13.6 -17.8 1.5
-13.2 -18 2.7
-16.6 -16.6 2.5
-16.4 -16.6 1.9
-13.4 -17.2 3.5
-16.6 -16.6 2.9
-16.2 -16.2 2.3
-13.6 -17.4 1.5
-16.2 -16.2 3.1
-13.2 -18 2.5
-16.4 -16.6 3.5
-13.2 -18 2.9
-13.2 -17.8 2.3
-13.2 -17.2 2.7
-13.2 -17.8 3.1
-13.6 -17.4 3.9
-16.6 -17.2 1.7
-13.2 -17.4 2.3
-13.2 -17.2 2.5
-13.2 -17.2 2.9
-16.8 -17.2 2.1
-13.6 -18 1.5
-16.6 -16.6 2.3
-16.6 -16.6 3.1
-13.4 -17.6 1.7
-13.2 -18 2.3
-13.2 -18 3.1
-13.4 -17.8 1.7
-16.8 -17.6 1.9
-13.4 -17 1.9
-13.2 -17.2 2.3
-16.2 -16.2 2.1
-13.2 -17.2 3.1
-16.6 -16.8 1.9
-16.8 -17.8 1.9
-16.8 -17.6 3.5
-16.2 -16.2 3.3
-13.2 -17.8 2.1
-16.8 -16.8 2.7
-13.2 -17.8 3.3
-13.2 -17.4 2.1
-13.4 -18 1.7
-16.8 -16.8 2.5
-16.2 -16.6 1.5
-16.8 -16.8 2.9
-16.2 -16.4 1.7
-16.6 -16.6 2.1
-16.6 -17.6 1.5
-16.8 -18 1.9
-13.4 -17.2 1.7
-17 -17.8 2.7
-16.6 -16.6 3.3
-16.2 -16.6 3.9
-16.6 -17.8 1.5
-13.2 -18 2.1
-16.2 -16.4 3.7
-17 -17.4 2.7
-16.4 -16.6 1.7
-13.2 -18 3.3
-13.4 -17.2 3.7
-17 -17.8 2.5
-16.6 -17.4 1.5
-16.8 -17.2 1.9
-17 -17.8 2.9
-16.6 -17.8 3.9
-17 -17.4 2.5
-13.2 -17.2 2.1
-16.4 -16.2 2.5
-17 -17.4 2.9
-16.8 -16.8 2.3
-13.2 -17.2 3.3
-16.8 -16.8 3.1
-16.4 -16.8 1.5
-16.2 -16.8 1.3
-17 -18 2.7
-16.4 -16.4 1.9
-16.2 -16 2.7
-17 -18 2.5
-13.6 -17.6 1.3
-17 -18 2.9
-17 -17.8 2.3
-16.2 -16.2 1.9
-17 -17.2 2.7
-17 -17.2 2.7
-17 -17.8 3.1
-16.6 -17.2 1.5
-16.2 -16 2.5
-13.6 -17.8 1.3
-17 -17.4 2.3
-13.2 -17.8 1.9
-16.2 -16.2 3.5
-16.4 -16.2 2.3
-16.2 -16 2.9
-17 -17.4 3.1
-17 -17.2 2.5
-17 -17.2 2.5
-17 -17.2 2.9
-17 -17.2 2.9
-13.6 -17.4 1.3
-13.2 -17.4 1.9
-16.8 -17.6 1.7
-13.4 -17 1.7
-16.6 -16.4 2.3
-16.6 -16.8 1.7
-16.8 -17.8 1.7
-16.8 -17.6 3.7
-13.4 -17.6 1.5
-13.6 -17.4 4.1
-16.6 -16.6 1.9
-17 -18 2.3
-16.8 -17.4 1.7
-16.8 -16.8 2.1
-17 -18 3.1
-13.4 -17.8 1.5
-16.6 -16.6 3.5
-13.6 -18 1.3
-13.2 -18 1.9
-16.8 -16.8 3.3
-16.8 -16.6 2.7
-16.2 -16 2.3
-13 -17.6 2.7
-16.2 -16 3.1
-17 -17.2 2.3
-17 -17.2 2.3
-13.2 -18 3.5
-17 -17.2 3.1
-17 -17.2 3.1
-16.8 -16.6 2.5
-13 -17.8 2.7
-16.8 -16.6 2.9
-13.2 -17.2 1.9
-13 -17.6 2.5
-16.8 -18 1.7
-17 -17.8 2.1
-13 -17.6 2.9
-13 -17.4 2.7
-13.2 -17.2 3.5
-13 -17.8 2.5
-17 -17 2.7
-17 -17.4 2.1
-13 -17.8 2.9
-16.4 -16.2 2.1
-13.4 -18 1.5
-13 -17.4 2.5
-16.8 -17.2 1.7
-13 -17.4 2.9
-17 -17 2.5
-16.2 -16.4 1.5
-17 -17 2.9
-16.6 -16.4 2.1
-13.4 -17.2 1.5
-13 -18 2.7
-16.8 -16.6 2.3
-17 -18 2.1
-16.2 -16.4 3.9
-13 -17.6 2.3
-16.8 -16.6 3.1
-16.4 -16.6 1.5
-13 -17.6 3.1
-13 -18 2.5
-16.2 -16.6 1.3
-17 -18 3.3
-13.4 -17.2 3.9
-16.4 -16.4 1.7
-13 -18 2.9
-13 -17.8 2.3
-16.2 -16 2.1
-13 -17.2 2.7
-16.6 -17.6 1.3
-17 -17.2 2.1
-17 -17.2 2.1
-16.2 -16.2 1.7
-13.2 -17.6 1.7
-13 -17.4 2.3
-16.2 -16 3.3
-17 -17 2.3
-13 -17.4 3.1
-13 -17.2 2.5
-16.6 -17.8 1.3
-16.2 -16.6 4.1
-17 -17.2 3.3
-17 -17.2 3.3
-13 -17.2 2.9
-17 -17 3.1
-13.2 -17.8 1.7
-16.8 -16.8 1.9
-16.2 -16.2 3.7
-16.6 -17.4 1.3
-13.2 -17.4 1.7
-16.8 -16.8 3.5
-13 -18 2.3
-13 -18 3.1
-16.4 -16.8 1.3
-16.6 -16.6 1.7
-17 -17.8 1.9
-16.8 -16.6 2.1
-13 -17.2 2.3
-16.4 -16 2.7
-13.2 -18 1.7
-16.6 -16.6 3.7
-16.8 -17.6 1.5
-13.4 -17 1.5
-17 -17.4 1.9
-13 -17.6 2.1
-16.4 -16.2 1.9
-13 -17.2 3.1
-17 -16.8 2.7
-16.8 -16.6 3.3
-16.6 -16.8 1.5
-16.8 -17.8 1.5
-13 -17.6 3.3
-16.4 -16 2.5
-13.2 -18 3.7
-13 -17.8 2.1
-16.6 -17.2 1.3
-16.4 -16 2.9
-16.8 -17.6 3.9
-13.2 -17.2 1.7
-17 -16.8 2.5
-16.8 -17.4 1.5
-16.2 -16.8 1.1
-13 -17 2.7
-17 -16.8 2.9
-16.6 -16.4 1.9
-13 -17.4 2.1
-17 -17 2.1
-13 -17.4 3.3
-13.2 -17.2 3.7
-17 -18 1.9
-13 -17 2.5
-16.8 -16.4 2.7
-13.6 -17.6 1.1
-13 -17 2.9
-17 -18 3.5
-16.2 -16 1.9
-13.4 -17.6 1.3
-16.6 -16.2 2.3
-13.6 -17.8 1.1
-16.8 -16.4 2.5
-16.8 -18 1.5
-17 -17.2 1.9
-17 -17.2 1.9
-16.8 -16.4 2.9
-13 -18 2.1
-13.4 -17.8 1.3
-16.2 -16 3.5
-17.2 -17.6 2.7
-16.4 -16 2.3
-13.6 -17.4 1.1
-16.4 -16 3.1
-13 -18 3.3
-17 -17.2 3.5
-17 -16.8 2.3
-17 -16.8 2.3
-13.4 -17.4 1.3
-17.2 -17.8 2.7
-17.2 -17.6 2.5
-16.8 -17.2 1.5
-16.2 -15.8 2.7
-17.2 -17.6 2.9
-13 -17.2 2.1
-17.2 -17.4 2.7
-17.2 -17.4 2.7
-13 -17 2.3
-13.6 -17.4 4.3
-17.2 -17.8 2.5
-13 -17.2 3.3
-17.2 -17.8 2.9
-16.2 -15.8 2.5
-13 -17 3.1
-16.2 -15.8 2.9
-13.6 -18 1.1
-17.2 -17.4 2.5
-17.2 -17.4 2.5
-17.2 -17.4 2.9
-17.2 -17.4 2.9
-16.8 -16.4 2.3
-13.4 -18 1.3
-16.8 -16.8 1.7
-13.2 -17 1.7
-16.8 -16.4 3.1
-16.4 -16.4 1.5
-16.8 -16.6 1.9
-16.2 -16.4 1.3
-17.2 -18 2.7
-13 -17.6 1.9
-13.6 -17.2 1.1
-16.8 -16.8 3.7
-16.2 -16.2 1.5
-13.2 -17.6 1.5
-17.2 -17.6 2.3
-13.4 -17.2 1.3
-17 -17.6 1.7
-13 -17.8 1.9
-13 -17.6 3.5
-17.2 -17.6 3.1
-16.6 -16.2 2.1
-17.2 -18 2.5
-17.2 -18 2.9
-13.2 -17.8 1.5
-17.2 -17.8 2.3
-16.4 -16.6 1.3
-17.2 -17.2 2.7
-17 -17.8 1.7
-13 -17.4 1.9
-16.2 -15.8 2.3
-16.2 -16.2 3.9
-17.2 -17.8 3.1
-16.4 -16 2.1
-17 -17 1.9
-13.2 -17.4 1.5
-16.2 -15.8 3.1
-17.2 -17.4 2.3
-17.2 -17.4 2.3
-13.4 -17.2 4.1
-17 -17.4 1.7
-17 -17.4 1.7
-17 -16.8 2.1
-17 -16.8 2.1
-13 -17.4 3.5
-16.4 -16.2 1.7
-16.4 -16 3.3
-17.2 -17.4 3.1
-17.2 -17.4 3.1
-17.2 -17.2 2.5
-17.2 -17.2 2.5
-17.2 -17.2 2.9
-17 -16.6 2.7
-16.6 -16.6 1.5
-13 -17 2.1
-16.6 -16.4 1.7
-13 -18 1.9
-17 -16.6 2.5
-16.2 -16.6 1.1
-13 -17 3.3
-17 -16.6 2.9
-13.2 -18 1.5
-17.2 -18 2.3
-17 -18 1.7
-16.6 -16.6 3.9
-16.8 -16.4 2.1
-13 -18 3.5
-16.6 -17.6 1.1
-17.2 -18 3.1
-16.4 -19.4 2.7
-16.8 -16.4 3.3
-13 -17.2 1.9
-16.2 -16 1.7
-16.6 -17.8 1.1
-17 -18 3.7
-13.2 -18 3.9
-13.2 -17.2 1.5
-17.2 -17.2 2.3
-17.2 -17.2 2.3
-17 -17.2 1.7
-17 -17.2 1.7
-13.6 -17 1.1
-17.2 -17.6 2.1
-16.4 -19.4 2.5
-13 -17.2 3.5
-17.2 -17.2 3.1
-16.6 -17.4 1.1
-16.4 -19.4 2.9
-16.2 -16 3.7
-16.8 -17.6 1.3
-13.4 -17 1.3
-17.2 -17.6 3.3
-17.2 -17.8 2.1
-17 -17.2 3.7
-13.2 -17.2 3.9
-16.2 -15.8 2.1
-17 -16.6 2.3
-12.8 -17.8 2.7
-16.6 -16.8 1.3
-16.8 -17.8 1.3
-17.2 -17 2.7
-17.2 -17.8 3.3
-17.2 -17.4 2.1
-17.2 -17.4 2.1
-16.2 -15.8 3.3
-16.4 -16.8 1.1
-16.8 -17.6 4.1
-16.8 -17.4 1.3
-17.2 -17.4 3.3
-17.2 -17.4 3.3
-12.8 -17.8 2.5
-16.6 -16 2.7
-17.2 -17 2.5
-16.6 -18 1.1
-12.8 -17.8 2.9
-17.2 -17 2.9
-16.6 -16.2 1.9
-12.8 -17.4 2.5
-16.4 -19.4 2.3
-16.6 -16 2.5
-16.4 -16 1.9
-16.6 -16 2.9
-16.8 -16.6 1.7
-16.4 -19.4 3.1
-17.2 -18 2.1
-16.6 -17.2 1.1
-13 -17.6 1.7
-17 -16.8 1.9
-17 -16.8 1.9
-16.4 -16 3.5
-16.8 -18 1.3
-17.2 -18 3.3
-13 -17.8 1.7
-12.8 -17.6 2.3
-13 -17.6 3.7
-13 -17 1.9
-17.2 -17.2 2.1
-17.2 -17.2 2.1
-16.8 -16.8 1.5
-13 -17.4 1.7
-12.8 -17.8 2.3
-13.2 -17 1.5
-17.2 -17 2.3
-16.8 -17.2 1.3
-17.2 -17.2 3.3
-17 -17 1.7
-16.2 -19.6 2.7
-12.8 -17.8 3.1
-13 -17 3.5
-17.2 -17 3.1
-13.4 -17.6 1.1
-12.8 -17.4 2.3
-16.8 -16.4 1.9
-13 -17.4 3.7
-16.2 -16.8 0.9
-16.6 -16 2.3
-16.8 -16.8 3.9
-17 -16.6 2.1
-16.2 -19.6 2.5
-13.4 -17.8 1.1
-17 -17.6 1.5
-16.6 -16 3.1
-16.8 -16.4 3.5
-13.4 -17.4 1.1
-17 -17.8 1.5
-17.2 -17.6 1.9
-13 -18 1.7
-13.6 -17.6 0.9
-16.4 -16.4 1.3
-17 -17.4 1.5
-17 -17.4 1.5
-17.2 -17.8 1.9
-16.4 -16.2 1.5
-13.6 -17.8 0.9
-17.2 -17.6 3.5
-16.4 -19.4 2.1
-16.2 -15.8 1.9
-16.2 -16.2 1.3
-13.2 -17.6 1.3
-13 -17.2 1.7
-17.2 -17.4 1.9
-17.2 -17.4 1.9
-13.6 -17.4 0.9
-17.2 -16.8 2.7
-17.2 -16.8 2.7
-16.2 -15.8 3.5
-17 -16.4 2.7
-17 -16.4 2.7
-13.2 -17.8 1.3
-13.4 -18 1.1
-16.6 -16.4 1.5
-12.8 -17.2 2.3
-17.2 -17.4 3.5
-17.2 -17.4 3.5
-16.2 -19.6 2.3
-13 -17.2 3.7
-12.8 -17.6 2.1
-16.2 -16.2 4.1
-13.2 -17.4 1.3
-17.2 -16.8 2.5
-17.2 -16.8 2.5
-17 -16.4 2.5
-17 -16.4 2.5
-17 -18 1.5
-16.2 -16.4 1.1
-17.2 -16.8 2.9
-17 -16.4 2.9
-17 -16.4 2.9
-12.8 -17.8 2.1
-13.6 -17.4 4.5
-17.2 -17 2.1
-13.4 -17.2 1.1
-17.2 -18 1.9
-13.6 -18 0.9
-16.2 -16 1.5
-12.8 -17 2.7
-12.8 -17.8 3.3
-16.6 -16.6 1.3
-12.8 -17.4 2.1
-17.2 -17 3.3
-17 -18 3.9
-17 -17.2 1.5
-17 -17.2 1.5
-16.6 -16 2.1
-16.4 -16.6 1.1
-17.2 -18 3.5
-16.6 -16.2 1.7
-12.8 -17 2.5
-16.6 -16 3.3
-13.2 -18 1.3
-16.2 -16 3.9
-12.8 -17 2.9
-13.4 -17.2 4.3
-17.2 -17.2 1.9
-17.2 -17.2 1.9
-13.6 -17.2 0.9
-16.6 -16.6 4.1
-17 -17.2 3.9
-16.4 -16 1.7
-17.2 -17.2 3.5
-17.2 -16.8 2.3
-17.2 -16.8 2.3
-17 -16.4 2.3
-17 -16.4 2.3
-17 -16.8 1.7
-17 -16.8 1.7
-12.8 -18 2.1
-13.2 -17.2 1.3
-13.2 -18 4.1
-17.2 -16.8 3.1
-17 -16.4 3.1
-17 -16.4 3.1
-17 -16.6 1.9
-16.4 -16 3.7
-13 -17 1.7
-16.6 -19.4 2.7
-12.8 -17.2 2.1
-17.4 -17.6 2.7
-13.2 -17.2 4.1
-16.2 -19.6 2.1
-16.8 -16.6 1.5
-12.8 -17 2.3
-13 -17 3.7
-13 -17.6 1.5
-17.4 -17.8 2.7
-16.8 -16.4 1.7
-12.8 -17 3.1
-16.6 -19.4 2.5
-16.4 -19.4 1.9
-17.4 -17.6 2.5
-16.6 -19.4 2.9
-17.4 -17.6 2.9
-16.2 -16.6 0.9
-13 -17.8 1.5
-17.4 -17.4 2.7
-17.4 -17.4 2.7
-16.8 -17.6 1.1
-13.4 -17 1.1
-17.4 -17.8 2.5
-16.8 -16.4 3.7
-13 -17.6 3.9
-17.4 -17.8 2.9
-16.6 -17.6 0.9
-13 -17.4 1.5
-17.2 -17.6 1.7
-16.6 -16.8 1.1
-16.8 -17.8 1.1
-12.8 -17.6 1.9
-17.4 -17.4 2.5
-17.4 -17.4 2.5
-17 -17 1.5
-17.4 -17.4 2.9
-17.4 -17.4 2.9
-16.6 -17.8 0.9
-17.2 -17.8 1.7
-16.8 -17.4 1.1
-17.2 -17.6 3.7
-16.2 -15.8 1.7
-12.8 -17.8 1.9
-16.8 -17.6 4.3
-17.2 -17 1.9
-13 -17.4 3.9
-13.6 -17 0.9
-16.6 -17.4 0.9
-17.2 -17.4 1.7
-17.2 -17.4 1.7
-17.4 -18 2.7
-17.2 -16.8 2.1
-17.2 -16.8 2.1
-17 -16.4 2.1
-17 -16.4 2.1
-12.8 -17.4 1.9
-12.8 -17.8 3.5
-16.6 -19.4 2.3
-17.2 -17 3.5
-16.2 -15.8 3.7
-17.4 -17.6 2.3
-16.6 -16 1.9
-16.8 -16.8 1.3
-17.2 -16.8 3.3
-13 -18 1.5
-17.2 -16.6 2.7
-17.2 -16.6 2.7
-16.6 -19.4 3.1
-17 -16.4 3.3
-17 -16.4 3.3
-13.2 -17 1.3
-17.4 -17.6 3.1
-17.2 -17.4 3.7
-17.4 -18 2.5
-17.4 -18 2.9
-17.4 -17.8 2.3
-16.4 -16.8 0.9
-16.6 -16 3.5
-17.4 -17.2 2.7
-17.4 -17.2 2.7
-16.8 -16 2.7
-17.4 -17.8 3.1
-16.8 -18 1.1
-17.2 -16.6 2.5
-17.2 -16.6 2.5
-17.2 -16.6 2.9
-17.2 -16.6 2.9
-17.4 -17.4 2.3
-17.4 -17.4 2.3
-16.8 -16.8 4.1
-17 -17.6 1.3
-16.6 -18 0.9
-13 -17.2 1.5
-12.8 -17 2.1
-17.2 -18 1.7
-17.4 -17.4 3.1
-17.4 -17.4 3.1
-16.6 -15.8 2.7
-17.4 -17.2 2.5
-17.4 -17.2 2.5
-12.8 -18 1.9
-16.8 -16 2.5
-17.4 -17.2 2.9
-17.4 -17.2 2.9
-12.8 -17 3.3
-16.8 -16 2.9
-17 -17.8 1.3
-16.8 -17.2 1.1
-17.2 -18 3.7
-13 -17.2 3.9
-16.6 -15.8 2.5
-16.6 -17.2 0.9
-17 -17.4 1.3
-17 -17.4 1.3
-16.4 -15.8 1.9
-17.2 -17.2 1.7
-17.2 -17.2 1.7
-16.6 -15.8 2.9
-16.4 -16.2 1.3
-12.8 -17.2 1.9
-16.2 -19.6 1.9
-17.4 -18 2.3
-17.2 -17.2 3.7
-17.4 -18 3.1
-16.4 -19.6 2.3
-17.2 -16.6 2.3
-17.2 -16.6 2.3
-16.6 -16.4 1.3
-17 -16.6 1.7
-17 -16.2 2.7
-17 -16.2 2.7
-17.2 -16.6 3.1
-17.2 -16.6 3.1
-16.4 -16.4 1.1
-16.6 -16.2 1.5
-17.4 -17.2 2.3
-17.4 -17.2 2.3
-17.4 -17.2 2.3
-13.4 -17.6 0.9
-16.6 -19.4 2.1
-17 -18 1.3
-16.8 -16 2.3
-17.4 -17.6 2.1
-17.4 -17.2 3.1
-17.4 -17.2 3.1
-17 -16.2 2.5
-17 -16.2 2.5
-16.2 -16.2 1.1
-13.2 -17.6 1.1
-16.4 -16 1.5
-16.6 -19.4 3.3
-17 -16.2 2.9
-17 -16.2 2.9
-13.4 -17.8 0.9
-17.4 -17.6 3.3
-16.6 -15.8 2.3
-16.2 -16 1.3
-17.4 -17.8 2.1
-17.4 -17.8 2.1
-17 -16.8 1.5
-17 -16.8 1.5
-16.6 -15.8 3.1
-13.2 -17.8 1.1
-16.4 -19.4 1.7
-13.4 -17.4 0.9
-17 -17.2 1.3
-17 -17.2 1.3
-17 -18 4.1
-17.4 -17 2.7
-17.4 -17.8 3.3
-17.4 -17.4 2.1
-17.4 -17.4 2.1
-16.4 -16 3.9
-17.2 -16.8 1.9
-17.2 -16.8 1.9
-13.2 -17.4 1.1
-17 -16.4 1.9
-17 -16.4 1.9
-16.2 -16.2 4.3
-13 -17 1.5
-17.4 -17.4 3.3
-17.4 -17.4 3.3
-16.2 -16 4.1
-12.6 -17.8 2.7
-16.2 -16.8 0.7
-17.4 -17 2.5
-17.4 -17 2.9
-17.2 -16.8 3.5
-17 -16.4 3.5
-12.8 -17.6 1.7
-12.6 -17.4 2.7
-12.6 -17.4 2.7
-16.6 -16.6 1.1
-12.6 -17.8 2.5
-16.8 -16.4 1.5
-12.6 -17.8 2.9
-12.8 -17.8 1.7
-17 -16.2 2.3
-17 -16.2 2.3
-13.4 -18 0.9
-17.2 -17 1.7
-13.6 -17.6 0.7
-17.4 -18 2.1
-12.8 -17 1.9
-12.6 -17.4 2.5
-12.6 -17.4 2.5
-17 -16.2 3.1
-17 -16.2 3.1
-13.2 -18 1.1
-12.6 -17.4 2.9
-12.6 -17.4 2.9
-12.8 -17.4 1.7
-16.2 -16.4 0.9
-17.4 -18 3.3
-16.4 -19.6 2.1
-13.6 -17.8 0.7
-16.8 -16.4 3.9
-12.8 -17.8 3.7
-17.2 -16.6 2.1
-17.2 -16.6 2.1
-16.6 -16 1.7
-17.2 -17 3.7
-17.2 -17.6 1.5
-12.8 -17 3.5
-16.6 -16.6 4.3
-13.4 -17.2 0.9
-16.8 -16.6 1.3
-17.2 -16.6 3.3
-17.2 -16.6 3.3
-13.6 -17.4 0.7
-12.6 -18 2.7
-17.4 -17.2 2.1
-17.4 -17.2 2.1
-17.4 -17.2 2.1
-16.8 -16 2.1
-13 -17.6 1.3
-17.2 -17.8 1.5
-13.2 -17.2 1.1
-17.4 -17 2.3
-16.2 -15.8 1.5
-16.4 -16.6 0.9
-17.4 -17.2 3.3
-17.4 -17.2 3.3
-17.2 -17.6 3.9
-16.8 -16.2 1.7
-17.4 -17 3.1
-17.2 -17.4 1.5
-17.2 -17.4 1.5
-13 -17.8 1.3
-16.6 -15.8 2.1
-12.6 -18 2.5
-12.6 -18 2.9
-12.8 -18 1.7
-12.6 -17.8 2.3
-12.6 -17.2 2.7
-13.4 -17.2 4.5
-16.6 -15.8 3.3
-13 -17.6 4.1
-13 -17.4 1.3
-12.6 -17.8 3.1
-16.2 -15.8 3.9
-13.2 -17.2 4.3
-12.6 -17.4 2.3
-12.6 -17.4 2.3
-13.6 -17.4 4.7
-17 -17 1.3
-17.2 -17.4 3.9
-17.2 -16.4 2.7
-13.6 -18 0.7
-16.6 -19.4 1.9
-16.4 -15.8 1.7
-12.6 -17.4 3.1
-12.6 -17.4 3.1
-12.6 -17.2 2.5
-17.4 -17.6 1.9
-12.6 -17.2 2.9
-12.8 -17.2 1.7
-16.2 -19.6 1.7
-13 -17.4 4.1
-16.6 -19.4 3.5
-17.2 -16.4 2.5
-17.2 -18 1.5
-17.4 -17.8 1.9
-17.4 -17.8 1.9
-17.4 -17.6 3.5
-16.8 -19.4 2.7
-17.2 -16.4 2.9
-13.6 -17.2 0.7
-17 -16.2 2.1
-17 -16.2 2.1
-13 -18 1.3
-17.4 -17.4 1.9
-17.4 -17.4 1.9
-17.4 -17.4 1.9
-17.4 -17.8 3.5
-12.6 -18 2.3
-16.8 -19.4 2.5
-17 -16.2 3.3
-17 -16.2 3.3
-16.8 -19.4 2.9
-17.2 -17.2 1.5
-17.2 -17.2 1.5
-12.6 -18 3.1
-17.4 -17.4 3.5
-17.4 -17.4 3.5
-13 -17.2 1.3
-17.4 -16.8 2.5
-16.8 -17.6 0.9
-12.6 -17.2 2.3
-13.4 -17 0.9
-16.6 -19.6 2.7
-17.2 -17.2 3.9
-17.4 -17 2.1
-16.8 -16.8 1.1
-12.6 -17.2 3.1
-17 -16.6 1.5
-13.2 -17 1.1
-17.4 -18 1.9
-16.6 -16.8 0.9
-16.8 -17.8 0.9
-17.2 -16.4 2.3
-17.4 -17 3.3
-17.2 -16.8 1.7
-17.2 -16.8 1.7
-17 -16.4 1.7
-17 -16.4 1.7
-12.6 -17.8 2.1
-16.6 -19.6 2.5
-13 -17.2 4.1
-17.2 -16.4 3.1
-16.4 -19.6 1.9
-16.6 -19.6 2.9
-17.2 -16.6 1.9
-17.2 -16.6 1.9
-16.8 -17.4 0.9
-12.6 -17 2.7
-12.6 -17 2.7
-12.6 -17.8 3.3
-12.6 -17.4 2.1
-12.6 -17.4 2.1
-16.8 -17.6 4.5
-17 -17.6 1.1
-16.2 -16.6 0.7
-17 -16.4 3.7
-16.8 -19.4 2.3
-16.8 -16.8 4.3
-17.4 -17.2 1.9
-17.4 -17.2 1.9
-17.4 -17.2 1.9
-17.2 -16.6 3.5
-17.2 -16.6 3.5
-16.8 -16 1.9
-12.6 -17.4 3.3
-12.6 -17.4 3.3
-16.8 -19.4 3.1
-16.4 -19.4 1.5
-16.6 -17.6 0.7
-17 -17.8 1.1
-12.6 -17 2.5
-12.6 -17 2.5
-17.4 -17.2 3.5
-17.4 -17.2 3.5
-16.2 -19.4 1.3
-12.6 -17 2.9
-12.6 -17 2.9
-12.8 -17 1.7
-17.4 -16.8 2.3
-16.6 -15.8 1.9
-16.6 -16.2 1.3
-17 -17.4 1.1
-17 -17.4 1.1
-16.6 -17.8 0.7
-16.4 -16.2 1.1
-16.8 -18 0.9
-16.6 -15.8 3.5
-13.6 -17 0.7
-16.4 -16 1.3
-12.8 -17 3.7
-12.8 -17.6 1.5
-16.6 -17.4 0.7
-12.6 -18 2.1
-16.8 -15.8 2.7
-16.6 -19.6 2.3
-17 -16.8 1.3
-17 -16.8 1.3
-12.6 -18 3.3
-16.6 -19.6 3.1
-12.8 -17.8 1.5
-17.2 -17 1.5
-16.6 -16.4 1.1
-16.8 -15.8 2.5
-16.8 -17.2 0.9
-16.8 -15.8 2.9
-12.8 -17.4 1.5
-12.6 -17.2 2.1
-16.4 -16.8 0.7
-13 -17 1.3
-17 -18 1.1
-16.6 -16 1.5
-17 -16.2 1.9
-17 -16.2 1.9
-12.6 -17 2.3
-12.6 -17 2.3
-12.8 -17.8 3.9
-12.6 -17.2 3.3
-17.2 -17 3.9
-17.2 -16.4 2.1
-12.6 -17 3.1
-12.6 -17 3.1
-16.6 -18 0.7
-16.2 -16 1.1
-16.6 -19.4 1.7
-17 -16.2 3.5
-17 -16.2 3.5
-16.8 -16.4 1.3
-17.4 -17.6 1.7
-17.6 -17.6 2.7
-17.2 -16.4 3.3
-16.4 -19.8 2.7
-17 -17.2 1.1
-17 -17.2 1.1
-16.8 -16.2 1.5
-17 -18 4.3
-16.8 -19.4 2.1
-16.4 -16.4 0.9
-17.4 -17.8 1.7
-17.4 -17.8 1.7
-17.6 -17.8 2.7
-16.6 -19.4 3.7
-16.6 -17.2 0.7
-12.8 -18 1.5
-17.4 -17.6 3.7
-17.6 -17.6 2.5
-16.4 -19.8 2.5
-17.4 -17 1.9
-12.6 -17.6 1.9
-17.6 -17.6 2.9
-16.8 -19.4 3.3
-16.4 -19.8 2.9
-16.2 -16 4.3
-17.2 -17.6 1.3
-16.8 -16.4 4.1
-17.4 -17.4 1.7
-17.4 -17.4 1.7
-17.4 -17.4 1.7
-16.2 -16.2 0.9
-17.6 -17.4 2.7
-17.6 -17.4 2.7
-16.8 -15.8 2.3
-13.2 -17.6 0.9
-17.4 -16.8 2.1
-17.4 -17.8 3.7
-17.6 -17.8 2.5
-16.8 -15.8 3.1
-17.4 -17 3.5
-12.6 -17.8 1.9
-17.6 -17.8 2.9
-16.4 -15.8 1.5
-17.2 -17.8 1.3
-13.2 -17.8 0.9
-12.8 -17.2 1.5
-16.2 -15.8 1.3
-17.4 -17.4 3.7
-17.4 -17.4 3.7
-16.2 -19.6 1.5
-17.6 -17.4 2.5
-17.6 -17.4 2.5
-12.6 -17.4 1.9
-12.6 -17.4 1.9
-17.6 -17.4 2.9
-17.6 -17.4 2.9
-12.6 -17.8 3.5
-17.2 -17.6 4.1
-17.2 -17.4 1.3
-17.2 -17.4 1.3
-17 -16 2.3
-16.6 -19.6 2.1
-13.2 -17.4 0.9
-12.6 -16.8 2.7
-13.4 -17.6 0.7
-16.2 -16.2 4.5
-12.6 -17.4 3.5
-16.6 -19.6 3.3
-17.4 -18 1.7
-16.2 -15.8 4.1
-13.4 -17.8 0.7
-16.8 -16.6 1.1
-12.6 -16.8 2.5
-12.6 -16.8 2.9
-17.2 -17.4 4.1
-17.6 -17.6 2.3
-16.4 -19.8 2.3
-16.6 -16.6 0.9
-13 -17.6 1.1
-16.4 -19.6 1.7
-17.2 -16.6 1.7
-17.2 -16.6 1.7
-17.2 -16.2 2.7
-17.2 -16.2 2.7
-12.6 -17 2.1
-12.6 -17 2.1
-13.4 -17.4 0.7
-17.6 -17.6 3.1
-16.4 -19.8 3.1
-12.6 -18 1.9
-17.6 -17.8 2.3
-13 -17.8 1.1
-17.2 -18 1.3
-17.4 -17.2 1.7
-17.4 -17.2 1.7
-17.4 -17.2 1.7
-12.6 -17 3.3
-12.6 -17 3.3
-17.6 -17.2 2.7
-17.6 -17.2 2.7
-13.2 -18 0.9
-16.8 -16 1.7
-17.6 -17.8 3.1
-17.2 -16.6 3.7
-17.2 -16.6 3.7
-17.2 -16.2 2.5
-17.2 -16.2 2.5
-17.6 -17.4 2.3
-17.6 -17.4 2.3
-17.2 -16.2 2.9
-17.2 -16.2 2.9
-12.6 -18 3.5
-13 -17.4 1.1
-17 -17 1.1
-16.6 -15.8 1.7
-16.6 -16.6 4.5
-17.6 -17.4 3.1
-17.6 -17.4 3.1
-17.4 -17.2 3.7
-17.4 -17.2 3.7
-17.6 -17.2 2.5
-17.6 -17.2 2.5
-17.2 -16.8 1.5
-17.2 -16.8 1.5
-17 -16.4 1.5
-17 -16.4 1.5
-12.6 -17.2 1.9
-12.6 -17.2 1.9
-17.6 -17.2 2.9
-17.2 -17.2 1.3
-17.2 -17.2 1.3
-13.2 -17.2 0.9
-13.4 -18 0.7
-16.8 -15.8 2.1
-17.2 -16.4 1.9
-16.6 -15.8 3.7
-12.6 -17.2 3.5
-12.6 -16.8 2.3
-17 -16.4 3.9
-16.8 -15.8 3.3
-16.2 -16.4 0.7
-17.2 -16.4 3.5
-17.2 -17.2 4.1
-16.2 -16.8 0.5
-17 -16.6 1.3
-17 -16.6 1.3
-13 -18 1.1
-12.8 -17 1.5
-16.8 -19.4 1.9
-13.4 -17.2 0.7
-17 -16 2.1
-13.2 -17.2 4.5
-17.2 -16.2 2.3
-17.2 -16.2 2.3
-17 -16.2 1.7
-17 -16.2 1.7
-17.6 -18.2 2.7
-16.4 -16.6 0.7
-16.8 -19.4 3.5
-17.2 -16.2 3.1
-17.2 -16.2 3.1
-17.4 -16.8 1.9
-13.6 -17.6 0.5
-17.6 -17.2 2.3
-17.6 -17.2 2.3
-13 -17.2 1.1
-12.8 -17 3.9
-17.6 -17.6 2.1
-16.4 -19.8 2.1
-17.6 -17.2 3.1
-17 -16.2 3.7
-17 -16.2 3.7
-17.6 -18.2 2.5
-13.6 -17.8 0.5
-16.4 -19.4 1.3
-17.6 -18.2 2.9
-17.6 -17.6 3.3
-13.4 -17.2 4.7
-16.4 -19.8 3.3
-17.6 -17.8 2.1
-16.6 -19.6 1.9
-13.6 -17.4 0.5
-17.4 -17 1.7
-13 -17.2 4.3
-17.6 -17 2.7
-12.6 -17.6 1.7
-17.6 -17.8 3.3
-17.6 -17.4 2.1
-17.6 -17.4 2.1
-16.6 -19.6 3.5
-12.8 -17.6 1.3
-16.8 -19.6 2.7
-17.6 -17.4 3.3
-17.6 -17.4 3.3
-12.6 -17.8 1.7
-16.6 -19.4 1.5
-17.4 -17 3.7
-17.6 -17 2.5
-17.4 -17.6 1.5
-12.6 -17 1.9
-12.6 -17 1.9
-17.6 -17 2.9
-12.8 -17.8 1.3
-16.8 -16.8 0.9
-17.2 -17 1.3
-12.6 -17.4 1.7
-12.6 -17.4 1.7
-13.2 -17 0.9
-16.2 -19.4 1.1
-12.6 -16.8 2.1
-16.8 -19.6 2.5
-12.6 -17.8 3.7
-17.4 -17.8 1.5
-17.4 -17.8 1.5
-16.6 -16.2 1.1
-16.8 -19.6 2.9
-13.6 -17.4 4.9
-12.8 -17.4 1.3
-13.6 -18 0.5
-12.6 -17 3.5
-12.6 -17 3.5
-16.6 -19.4 3.9
-17.6 -18.2 2.3
-16.6 -16 1.3
-12.6 -16.6 2.7
-12.4 -17.4 2.7
-12.6 -17.4 3.7
-17.4 -17.4 1.5
-17.4 -17.4 1.5
-17.4 -17.4 1.5
-17.6 -18.2 3.1
-16.4 -16 1.1
-12.8 -17.8 4.1
-17.2 -17 4.1
-17 -17.6 0.9
-17.4 -17.8 3.9
-16.8 -16.8 4.5
-16.8 -17.6 0.7
-17.2 -16.2 2.1
-17.2 -16.2 2.1
-13.4 -17 0.7
-17 -16.8 1.1
-17 -16.8 1.1
-12.6 -16.6 2.5
-13.6 -17.2 0.5
-12.4 -17.4 2.5
-12.6 -16.6 2.9
-17 -17.8 0.9
-16.8 -15.8 1.9
-12.4 -17.4 2.9
-16.8 -16.2 1.3
-17.4 -17.4 3.9
-17.4 -17.4 3.9
-17.4 -16.4 2.7
-17.2 -16.2 3.3
-17.2 -16.2 3.3
-12.6 -18 1.7
-17.6 -17.2 2.1
-17.6 -17.2 2.1
-16.6 -16.8 0.7
-16.8 -17.8 0.7
-12.8 -18 1.3
-17 -17.4 0.9
-17 -17.4 0.9
-17.6 -17 2.3
-13 -17 1.1
-16.8 -15.8 3.5
-16.4 -16.2 0.9
-17.6 -17.2 3.3
-16.8 -17.4 0.7
-17.6 -17 3.1
-12.4 -18 2.7
-17.4 -16.4 2.5
-12.6 -18 3.7
-17.4 -18 1.5
-16.8 -19.6 2.3
-17.4 -16.4 2.9
-17 -16 1.9
-12.6 -17.2 1.7
-12.6 -17.2 1.7
-16.6 -19.8 2.7
-16.8 -19.6 3.1
-16.4 -15.8 1.3
-17.6 -18.4 2.7
-16.4 -19.6 1.5
-16.8 -16.4 1.1
-17.2 -16.6 1.5
-17.2 -16.6 1.5
-12.8 -17.2 1.3
-12.4 -18 2.5
-16.2 -19.6 1.3
-16.6 -16.4 0.9
-17.2 -16.4 1.7
-12.4 -18 2.9
-12.6 -17.2 3.7
-17.4 -17.2 1.5
-17.4 -17.2 1.5
-17.4 -17.2 1.5
-16.6 -19.8 2.5
-17.6 -17.6 1.9
-17.6 -18.4 2.5
-16.8 -16 1.5
-16.4 -19.8 1.9
-16.6 -19.8 2.9
-17 -18 0.9
-12.6 -16.6 2.3
-17.6 -18.4 2.9
-17.2 -16.6 3.9
-17.2 -16.6 3.9
-12.4 -17.4 2.3
-17.2 -17.6 1.1
-16.8 -18 0.7
-12.6 -16.6 3.1
-17.2 -16.4 3.7
-16.8 -16.4 4.3
-17.6 -17.8 1.9
-12.4 -17.4 3.1
-16.8 -19.4 1.7
-16.4 -19.8 3.5
-16.6 -15.8 1.5
-16.2 -16.6 0.5
-17.4 -17.2 3.9
-17.4 -17.2 3.9
-16.2 -16 0.9
-17.6 -18.2 2.1
-17.2 -17.8 1.1
-17.6 -17.4 1.9
-17.6 -17.4 1.9
-17 -15.8 2.5
-16.2 -15.8 1.1
-17.6 -17.8 3.5
-17 -17.2 0.9
-17 -17.2 0.9
-16.6 -17.6 0.5
-17.4 -16.4 2.3
-17.4 -16.8 1.7
-16.8 -19.4 3.7
-17.6 -18.2 3.3
-16.8 -17.2 0.7
-17.2 -17.4 1.1
-17.2 -17.4 1.1
-17 -18 4.5
-16.6 -15.8 3.9
-17.4 -16.4 3.1
-17.2 -17.6 4.3
-17.6 -17.4 3.5
-17.6 -17.4 3.5
-16.6 -17.8 0.5
-12.4 -18 2.3
-16.2 -16 4.5
-13.6 -17 0.5
-12.6 -16.8 1.9
-12.4 -18 3.1
-16.6 -17.4 0.5
-16.6 -19.8 2.3
-17.2 -16.8 1.3
-17.2 -16.8 1.3
-16.6 -19.6 1.7
-16.2 -15.8 4.3
-17 -16.4 1.3
-17 -16.4 1.3
-17.6 -18.4 2.3
-17.6 -17 2.1
-16.6 -19.8 3.1
-16.2 -20 2.1
-17.2 -17.4 4.3
-12.4 -18.2 2.7
-17.6 -18.4 3.1
-17 -16.2 1.5
-17 -16.2 1.5
-17.6 -17 3.3
-16.8 -19.6 2.1
-16.6 -19.6 3.7
-17.2 -18 1.1
-16.4 -16.4 0.7
-17.2 -16.2 1.9
-17.2 -16.2 1.9
-16.4 -16.8 0.5
-16.8 -19.6 3.3
-17 -16.4 4.1
-12.4 -18.2 2.5
-12.6 -17 1.7
-12.6 -17 1.7
-17 -15.8 2.3
-12.4 -18.2 2.9
-17 -16.2 3.9
-17 -16.2 3.9
-16.2 -16.2 0.7
-13.2 -17.6 0.7
-17.6 -17.2 1.9
-17.6 -17.2 1.9
-12.8 -17 1.3
-17.2 -16.2 3.5
-17.2 -16.2 3.5
-16.8 -16.6 0.9
-16.6 -18 0.5
-12.6 -16.6 2.1
-17.2 -17.2 1.1
-17.2 -17.2 1.1
-13 -17.6 0.9
-12.4 -17 2.7
-12.6 -17 3.7
-12.6 -17 3.7
-17.4 -17 1.5
-17.4 -17 1.5
-12.6 -17.6 1.5
-12.4 -17.4 2.1
-13.2 -17.8 0.7
-17.6 -17.2 3.5
-12.6 -16.6 3.3
-12.4 -17.4 3.3
-13 -17.8 0.9
-12.6 -17.8 1.5
-13.2 -17.4 0.7
-12.8 -17 4.1
-12.4 -17 2.5
-16.6 -17.2 0.5
-12.4 -17 2.9
-17.4 -17 3.9
-17.4 -16.4 2.1
-16.8 -15.8 1.7
-13 -17.4 0.9
-17 -16.6 1.1
-17 -16.6 1.1
-12.6 -17.4 1.5
-12.6 -17.4 1.5
-17.2 -17.2 4.3
-17 -17 0.9
-17.4 -16.4 3.3
-12.6 -17.8 3.9
-12.4 -18.2 2.3
-16.4 -20 2.7
-16.6 -16.6 0.7
-12.4 -18 2.1
-16.8 -15.8 3.7
-12.4 -18.2 3.1
-12.6 -17.4 3.9
-12.6 -16.4 2.7
-17 -16 1.7
-16.6 -19.8 2.1
-17.6 -18.4 2.1
-12.4 -18 3.3
-16.6 -19.4 1.3
-16.4 -20 2.5
-13.2 -18 0.7
-17.6 -18.2 1.9
-13.4 -17.6 0.5
-17.4 -17.6 1.3
-17.4 -17.6 1.3
-16.4 -20 2.9
-16.6 -19.8 3.3
-16.4 -19.4 1.1
-17.6 -18.4 3.3
-13 -18 0.9
-12.6 -16.4 2.5
-12.6 -18 1.5
-12.6 -16.4 2.9
-17.6 -18.2 3.5
-13.4 -17.8 0.5
-17.4 -17.8 1.3
-17.4 -17.8 1.3
-17.6 -17.6 1.7
-16.4 -19.8 1.7
-16.6 -16.6 4.7
-12.4 -17 2.3
-17 -15.8 2.1
-16.6 -19.4 4.1
-13.2 -17.2 0.7
-12.4 -17 3.1
-13.4 -17.4 0.5
-17.4 -17.4 1.3
-17.4 -17.4 1.3
-17.4 -17.4 1.3
-17.6 -17.8 1.7
-12.8 -17.6 1.1
-12.6 -18 3.9
-13 -17.2 0.9
-16.4 -19.8 3.7
-12.6 -17.2 1.5
-12.6 -17.2 1.5
-12.4 -18.4 2.7
-17.6 -17 1.9
-17.4 -17.8 4.1
-16.2 -20 1.9
-17.6 -17.4 1.7
-17.6 -17.4 1.7
-12.8 -17.8 1.1
-17.2 -17 1.1
-17.6 -17.8 3.7
-16.8 -19.6 1.9
-17.2 -16.4 1.5
-17.6 -17 3.5
-17.4 -17.4 4.1
-17.4 -17.4 4.1
-12.4 -18.4 2.5
-16.4 -20 2.3
-17.6 -16.6 2.7
-12.8 -17.4 1.1
-12.6 -17.2 3.9
-17.4 -16.2 2.7
-12.4 -18.4 2.9
-13.2 -17.2 4.7
-17.6 -17.4 3.7
-17.6 -17.4 3.7
-16.8 -19.6 3.5
-16.4 -20 3.1
-16.6 -16 1.1
-13 -17.2 4.5
-13.4 -18 0.5
-12.6 -16.4 2.3
-17.4 -18 1.3
-12.6 -16.8 1.7
-17.8 -17.8 2.7
-17.2 -16.4 3.9
-16.8 -19.4 1.5
-12.8 -17.8 4.3
-12.6 -16.4 3.1
-17.6 -16.6 2.5
-17.2 -17 4.3
-17.4 -16.2 2.5
-12.4 -18.2 2.1
-12.6 -16.6 1.9
-17.6 -16.6 2.9
-16.4 -19.6 1.3
-17.4 -16.2 2.9
-12.4 -17.4 1.9
-17.2 -16.6 1.3
-17.2 -16.6 1.3
-16.2 -16.4 0.5
-17.8 -17.4 2.7
-17.8 -17.4 2.7
-12.4 -16.8 2.7
-17.4 -16.8 1.5
-12.4 -18.2 3.3
-16.8 -16.2 1.1
-17.8 -17.8 2.5
-16.2 -19.4 0.9
-12.6 -16.6 3.5
-17.8 -17.8 2.9
-16.8 -19.4 3.9
-13.4 -17.2 0.5
-17.4 -17.2 1.3
-17.4 -17.2 1.3
-17.4 -17.2 1.3
-16.6 -16.2 0.9
-12.4 -17.4 3.5
-16.8 -16 1.3
-17.2 -16.2 1.7
-17.2 -16.2 1.7
-12.8 -18 1.1
-17.8 -17.4 2.5
-17.8 -17.4 2.5
-17.4 -16.4 1.9
-17.8 -17.4 2.9
-17.8 -17.4 2.9
-12.4 -16.8 2.5
-17.2 -16.6 4.1
-17.2 -16.6 4.1
-16.4 -16.6 0.5
-17.6 -17.2 1.7
-17.6 -17.2 1.7
-12.4 -16.8 2.9
-16.4 -16 0.9
-16.6 -15.8 1.3
-16.6 -19.6 1.5
-12.4 -18.4 2.3
-17.2 -16.2 3.7
-17.2 -16.2 3.7
-12.4 -17 2.1
-16.4 -15.8 1.1
-17.4 -17.2 4.1
-17.4 -17.2 4.1
-17 -16.8 0.9
-17 -16.8 0.9
-12.4 -18.4 3.1
-12.4 -18 1.9
-12.8 -17.2 1.1
-16.8 -16.8 0.7
-16.2 -19.6 1.1
-12.4 -17 3.3
-17.6 -17.2 3.7
-16.2 -16.8 0.3
-13.2 -17 0.7
-16.6 -19.8 1.9
-17.6 -18.4 1.9
-13.4 -17.2 4.9
-17.6 -16.6 2.3
-17.4 -16.2 2.3
-16.6 -19.6 3.9
-12.4 -18 3.5
-16.6 -15.8 4.1
-13 -17 0.9
-17.4 -16.2 3.1
-12.6 -17 1.5
-12.6 -17 1.5
-16.6 -19.8 3.5
-17.8 -17.8 2.3
-17.6 -18.4 3.5
-16.8 -19.8 2.7
-17.8 -17.2 2.7
-17.8 -17.2 2.7
-13.6 -17.6 0.3
-17 -17.6 0.7
-16.4 -20 2.1
-17.8 -17.8 3.1
-17.8 -17.4 2.3
-17.8 -17.4 2.3
-17 -15.8 1.9
-16.8 -16.4 0.9
-17 -16.2 1.3
-17 -16.2 1.3
-12.6 -17 3.9
-12.6 -17 3.9
-12.4 -16.8 2.3
-13.6 -17.8 0.3
-16.4 -20 3.3
-17 -17.8 0.7
-12.6 -16.4 2.1
-17.8 -17.4 3.1
-16.8 -19.8 2.5
-17.8 -17.2 2.5
-17.8 -17.2 2.5
-12.4 -16.8 3.1
-16.8 -19.8 2.9
-17.8 -17.2 2.9
-17.8 -17.2 2.9
-13.6 -17.4 0.3
-12.6 -16.4 3.3
-17.6 -18.2 1.7
-17 -17.4 0.7
-17 -17.4 0.7
-16.4 -16.2 0.7
-16.8 -15.8 1.5
-17.2 -17.6 0.9
-17 -16.2 4.1
-17 -16.2 4.1
-17.2 -16.8 1.1
-17.2 -16.8 1.1
-16.8 -16.4 4.5
-17 -16.4 1.1
-17 -16.4 1.1
-16.8 -17.6 0.5
-13.4 -17 0.5
-17.2 -17.8 0.9
-17.4 -17 1.3
-17.4 -17 1.3
-12.6 -17.6 1.3
-16.2 -15.8 0.9
-16.8 -15.8 3.9
-16.6 -16.4 0.7
-17 -16 1.5
-12.4 -18.6 2.7
-12.4 -18.4 2.1
-17.2 -17.4 0.9
-17.2 -17.4 0.9
-16.6 -16.8 0.5
-16.8 -17.8 0.5
-12.6 -17.8 1.3
-17.6 -17 1.7
-12.4 -18.2 1.9
-13.6 -18 0.3
-17.8 -18.2 2.7
-17.2 -17.6 4.5
-16.2 -20 1.7
-17 -18 0.7
-13.6 -17.4 5.1
-12.4 -18.4 3.3
-17 -16.4 4.3
-16.8 -17.4 0.5
-17.4 -17 4.1
-16.8 -19.8 2.3
-17.8 -17.2 2.3
-17.8 -17.2 2.3
-16.8 -19.6 1.7
-12.6 -17.4 1.3
-12.6 -17.4 1.3
-12.4 -18.6 2.5
-12.8 -17 1.1
-12.4 -18.2 3.5
-17.6 -16.6 2.1
-17.8 -17.6 2.1
-12.4 -18.6 2.9
-17.4 -16.2 2.1
-16.8 -19.8 3.1
-17.8 -17.2 3.1
-17.8 -17.2 3.1
-17.6 -17 3.7
-17.6 -17.6 1.5
-16.4 -19.8 1.5
-16.2 -16 0.7
-17.8 -18.2 2.5
-16.2 -15.8 4.5
-17.8 -18.2 2.9
-12.6 -17.8 4.1
-16.2 -19.8 1.3
-13.6 -17.2 0.3
-17.4 -16.2 3.3
-16.8 -19.6 3.7
-17.2 -17.4 4.5
-17 -17.2 0.7
-17 -17.2 0.7
-17.8 -17.8 2.1
-17.6 -17.8 1.5
-12.6 -17.4 4.1
-17.2 -18 0.9
-12.4 -17 1.9
-17 -18 4.7
-17.8 -17 2.7
-17.8 -17 2.7
-12.6 -16.6 1.7
-17.8 -17.8 3.3
-17.8 -17.4 2.1
-17.8 -17.4 2.1
-17.2 -15.8 2.7
-12.4 -17.4 1.7
-17.6 -17.4 1.5
-17.6 -17.4 1.5
-12.4 -16.8 2.1
-16.8 -18 0.5
-12.4 -17 3.5
-12.6 -18 1.3
-17.8 -17.4 3.3
-17.6 -17.8 3.9
-16.6 -20 2.7
-16.2 -16 4.7
-12.4 -16.8 3.3
-12.4 -16.6 2.7
-17.8 -17 2.5
-17.8 -17 2.5
-17.2 -15.8 2.5
-12.4 -17.4 3.7
-17.8 -17 2.9
-17.8 -17 2.9
-17.2 -17.2 0.9
-17.2 -17.2 0.9
-17.2 -15.8 2.9
-17.4 -16.4 1.7
-17.6 -17.4 3.9
-17.6 -17.4 3.9
-17.6 -16.4 2.7
-12.4 -18.6 2.3
-12.6 -16.8 1.5
-16.6 -20 2.5
-16.8 -17.2 0.5
-12.4 -16.6 2.5
-16.4 -20 1.9
-16.6 -20 2.9
-12.6 -17.2 1.3
-12.6 -17.2 1.3
-12.6 -18 4.1
-12.4 -18.6 3.1
-17.8 -18.2 2.3
-12.4 -16.6 2.9
-16.6 -19.4 1.1
-17.4 -17.6 1.1
-17.4 -17.6 1.1
-12.4 -18 1.7
-17.6 -16.4 2.5
-17.8 -18.2 3.1
-12.6 -16.4 1.9
-17 -16.6 0.9
-17 -16.6 0.9
-16.4 -20 3.5
-17.2 -16.4 1.3
-17.2 -16.4 1.3
-16.6 -19.8 1.7
-17.6 -18.4 1.7
-17.2 -17.2 4.5
-16.8 -16.6 0.7
-17.4 -17.8 1.1
-17.4 -17.8 1.1
-16.2 -16.6 0.3
-17.2 -16.2 1.5
-17.2 -16.2 1.5
-12.4 -18 3.7
-13 -17.6 0.7
-12.6 -16.4 3.5
-12.6 -17.2 4.1
-16.8 -19.8 2.1
-17.8 -17.2 2.1
-17.8 -17.2 2.1
-16.6 -19.4 4.3
-16.6 -17.6 0.3
-17.4 -17.4 1.1
-17.4 -17.4 1.1
-17.4 -17.4 1.1
-16.6 -19.8 3.7
-17.6 -17.2 1.5
-17.6 -17.2 1.5
-16.8 -19.4 1.3
-17.6 -18.4 3.7
-17.8 -17 2.3
-17.8 -17 2.3
-13 -17.8 0.7
-17.2 -16.4 4.1
-16.4 -16.4 0.5
-17.8 -17.2 3.3
-17.2 -15.8 2.3
-17.2 -16.2 3.9
-17.2 -16.2 3.9
-17 -15.8 1.7
-16.6 -17.8 0.3
-17.8 -17 3.1
-17.4 -17.8 4.3
-16.4 -19.4 0.9
-17.2 -15.8 3.1
-13 -17.4 0.7
-17.4 -16.8 1.3
-16.6 -20 2.3
-16.2 -16.2 0.5
-13.2 -17.6 0.5
-17.6 -17.2 3.9
-13.6 -17 0.3
-12.4 -18.4 1.9
-12.4 -16.6 2.3
-17 -17 0.7
-16.6 -17.4 0.3
-17.8 -18.4 2.7
-16.8 -19.4 4.1
-17.4 -17.4 4.3
-17.4 -17.4 4.3
-16.6 -20 3.1
-12.2 -18 2.7
-17.6 -16.4 2.3
-13.2 -17.8 0.5
-12.4 -18.4 3.5
-17.4 -18 1.1
-12.8 -17.6 0.9
-17.6 -16.6 1.9
-17.8 -17.6 1.9
-17.8 -18.4 2.5
-17.4 -16.2 1.9
-16.6 -19.6 1.3
-17.8 -18.4 2.9
-13.2 -17.4 0.5
-12.2 -18 2.5
-16.4 -19.6 1.1
-16.4 -16.8 0.3
-17.2 -16.6 1.1
-17.2 -16.6 1.1
-12.2 -18 2.9
-12.8 -17.8 0.9
-12.2 -17.2 2.7
-17.8 -17.8 1.9
-17.2 -17 0.9
-12.4 -18.6 2.1
-17.4 -16.2 3.5
-13 -18 0.7
-17.4 -17.2 1.1
-17.4 -17.2 1.1
-17.4 -17.2 1.1
-16.6 -18 0.3
-17.8 -18.2 2.1
-12.4 -18.2 1.7
-16.8 -16 1.1
-12.8 -17.4 0.9
-17.6 -18.2 1.5
-12.4 -18.6 3.3
-17.8 -17.4 1.9
-17.8 -17.4 1.9
-17.8 -17.8 3.5
-16.6 -16.6 0.5
-12.6 -17 1.3
-12.6 -17 1.3
-12.4 -16.8 1.9
-12.2 -17.2 2.5
-16.6 -16 0.9
-17.8 -18.2 3.3
-12.2 -17.2 2.9
-17.2 -16.6 4.3
-16.6 -15.8 1.1
-17.8 -17.4 3.5
-13 -17.2 0.7
-12.4 -18.2 3.7
-12.4 -16.8 3.5
-12.8 -17.8 4.5
-13.2 -18 0.5
-16.6 -17.2 0.3
-17.4 -17.2 4.3
-17.4 -17.2 4.3
-12.6 -17 4.1
-12.6 -17 4.1
-16.8 -16.2 0.9
-17.8 -18.4 2.3
-17.8 -17 2.1
-17.8 -17 2.1
-12.4 -17 1.7
-17.6 -17 1.5
-17.2 -15.8 2.1
-12.2 -18 2.3
-17.8 -18.4 3.1
-12.8 -18 0.9
-16.2 -20 1.5
-16.6 -15.8 4.3
-16.6 -16.6 4.9
-12.2 -18 3.1
-13.2 -17.2 0.5
-17.8 -17 3.3
-16.8 -15.8 1.3
-17.2 -15.8 3.3
-16.8 -19.6 1.5
-16.6 -20 2.1
-13 -17.2 4.7
-12.4 -16.6 2.1
-12.4 -17 3.7
-12.2 -18.2 2.7
-17.6 -17 3.9
-16.4 -15.8 0.9
-16.6 -20 3.3
-17.6 -16.4 2.1
-13.4 -17.6 0.3
-12.2 -17.2 2.3
-17 -16.2 1.1
-17 -16.2 1.1
-12.8 -17.2 0.9
-16.8 -19.8 1.9
-17.8 -17.2 1.9
-17.8 -17.2 1.9
-16.2 -19.6 0.9
-16.8 -19.6 3.9
-12.2 -17.2 3.1
-17 -16 1.3
-16.8 -15.8 4.1
-16.2 -19.4 0.7
-12.2 -18.2 2.5
-16.4 -20 1.7
-13.4 -17.8 0.3
-12.2 -18.2 2.9
-16.6 -16.2 0.7
-12.6 -16.6 1.5
-17.8 -17.2 3.5
-12.4 -17.4 1.5
-13.2 -17.2 4.9
-12.6 -16.4 1.7
-13.4 -17.4 0.3
-16.4 -16 0.7
-16.4 -20 3.7
-17 -16.2 4.3
-17 -16.2 4.3
-12.2 -17 2.7
-17.6 -17.6 1.3
-16.4 -19.8 1.3
-17 -16.8 0.7
-17 -16.8 0.7
-17.4 -17 1.1
-17.4 -17 1.1
-12.6 -17.6 1.1
-12.4 -17.4 3.9
-12.6 -16.4 3.7
-17.4 -16.4 1.5
-17.6 -17.8 1.3
-12.2 -17 2.5
-12.2 -17 2.9
-12.6 -17.8 1.1
-13 -17 0.7
-12.4 -18 1.5
-17.6 -17.4 1.3
-17.6 -17.4 1.3
-12.4 -18.6 1.9
-12.6 -17.4 1.1
-12.6 -17.4 1.1
-13.4 -18 0.3
-17.8 -18.4 2.1
-16.6 -19.8 1.5
-17.4 -17 4.3
-12.4 -18.4 1.7
-12.2 -18.2 2.3
-17.6 -18.4 1.5
-17.8 -18.2 1.9
-17.2 -16.8 0.9
-17.2 -16.8 0.9
-17.6 -17.8 4.1
-17 -16.4 0.9
-17 -16.4 0.9
-12.2 -18 2.1
-12.2 -18.2 3.1
-17.8 -18.4 3.3
-12.4 -18.6 3.5
-16.8 -16.4 0.7
-16.2 -19.8 1.1
-16.2 -16.4 0.3
-12.4 -18 3.9
-12.6 -17.8 4.3
-12.2 -18 3.3
-16.8 -16.8 0.5
-17.6 -17.4 4.1
-17.8 -18.2 3.5
-12.4 -18.4 3.7
-12.6 -16.8 1.3
-13.2 -17 0.5
-17.6 -16.6 1.7
-17.8 -17.6 1.7
-17.4 -16.2 1.7
-17.6 -16.2 2.7
-17.6 -18.4 3.9
-13.4 -17.2 0.3
-12.6 -17.4 4.3
-17 -15.8 1.5
-12.2 -17.2 2.1
-17.8 -17.8 1.7
-17.2 -17.6 0.7
-17 -16.4 4.5
-16.4 -16.6 0.3
-12.2 -17 2.3
-12.6 -18 1.1
-17.4 -16.2 3.7
-17.6 -16.2 2.5
-12.8 -17 0.9
-12.2 -17.2 3.3
-17.8 -17 1.9
-17.8 -17 1.9
-17 -17.6 0.5
-17.6 -16.2 2.9
-17.2 -15.8 1.9
-12.2 -17 3.1
-17.2 -16.2 1.3
-17.2 -16.2 1.3
-17.8 -17.4 1.7
-17.8 -17.4 1.7
-16.8 -16.4 4.7
-17.2 -17.8 0.7
-12.4 -16.8 1.7
-17.8 -17.8 3.7
-16.2 -15.8 0.7
-17.8 -17 3.5
-16.6 -20 1.9
-17 -17.8 0.5
-17.6 -17.2 1.3
-17.6 -17.2 1.3
-17.2 -15.8 3.5
-12.4 -16.6 1.9
-17.2 -17.4 0.7
-17.2 -17.4 0.7
-12.6 -17.2 1.1
-12.6 -17.2 1.1
-17.8 -17.4 3.7
-13.4 -17.2 5.1
-12.6 -18 4.3
-17.6 -16.4 1.9
-12.4 -16.8 3.7
-17 -17.4 0.5
-17 -17.4 0.5
-16.6 -20 3.5
-17.2 -16.2 4.1
-17.2 -16.2 4.1
-16.4 -16.2 0.5
-17.2 -17.6 4.7
-17.2 -16.4 1.1
-17.2 -16.4 1.1
-17.6 -17.2 4.1
-12.4 -18.2 1.5
-16.2 -15.8 4.7
-12.6 -17.2 4.3
-16.6 -16.4 0.5
-16.2 -16.8 0.1
-12.2 -18.2 2.1
-17.6 -16.2 2.3
-17.2 -17.4 4.7
-16.8 -19.4 1.1
-12.2 -17.4 1.9
-17.2 -18 0.7
-17.6 -16.2 3.1
-16.6 -19.4 0.9
-17.2 -16.4 4.3
-12.2 -16.8 2.7
-12.2 -18.2 3.3
-17.4 -17.6 0.9
-17.4 -17.6 0.9
-17 -18 0.5
-16.8 -19.8 1.7
-17.8 -17.2 1.7
-17.8 -17.2 1.7
-18 -17.8 2.7
-17.4 -16.8 1.1
-13.6 -17.6 0.1
-12.4 -17 1.5
-17.4 -17.8 0.9
-17.4 -17.8 0.9
-12.2 -16.8 2.5
-17.6 -18.2 1.3
-16.2 -16 0.5
-18 -17.4 2.7
-16.8 -19.4 4.3
-17.2 -17.2 0.7
-17.2 -17.2 0.7
-16.8 -17.6 0.3
-12.2 -16.8 2.9
-13.4 -17 0.3
-17.8 -17.2 3.7
-18 -17.8 2.5
-13.6 -17.8 0.1
-17 -17.2 0.5
-17 -17.2 0.5
-17.4 -17.4 0.9
-17.4 -17.4 0.9
-17.4 -17.4 0.9
-12.2 -17 2.1
-18 -17.8 2.9
-17.8 -18.4 1.9
-16.6 -19.6 1.1
-12.2 -18 1.9
-16.6 -16.8 0.3
-16.8 -17.8 0.3
-12.4 -17 3.9
-18 -17.4 2.5
-12.2 -17 3.3
-13.6 -17.4 0.1
-18 -17.4 2.9
-17 -18 4.9
-16.8 -17.4 0.3
-17.4 -17.8 4.5
-17 -16.6 0.7
-17 -16.6 0.7
-12.2 -18 3.5
-16.4 -20 1.5
-17.6 -17 1.3
-17.2 -17.2 4.7
-16.2 -16 4.9
-16.2 -20 1.3
-12.2 -17.2 1.9
-17.4 -17.4 4.5
-17.4 -17.4 4.5
-12.6 -17 1.1
-12.6 -17 1.1
-17.8 -18.6 2.1
-12.6 -16.4 1.5
-12.4 -18.6 1.7
-16.8 -19.6 1.3
-17.4 -18 0.9
-17.8 -18.2 1.7
-12.2 -17.2 3.5
-16.4 -20 3.9
-12.2 -16.8 2.3
-13.6 -18 0.1
-16.4 -19.6 0.9
-17.6 -17 4.1
-17.2 -16.6 0.9
-17.2 -16.6 0.9
-18 -17.8 2.3
-12.2 -16.8 3.1
-12.4 -18.6 3.7
-16.4 -19.4 0.7
-18 -17.2 2.7
-12.6 -16.4 3.9
-17.6 -16.2 2.1
-16.8 -18 0.3
-18 -17.8 3.1
-12.6 -17 4.3
-12.6 -17 4.3
-17.8 -18.2 3.7
-16.8 -19.6 4.1
-17.4 -17.2 0.9
-17.4 -17.2 0.9
-17.4 -17.2 0.9
-16.8 -16.6 0.5
-18 -17.4 2.3
-12.6 -16.6 1.3
-16.8 -16 0.9
-12.4 -17.4 1.3
-13 -17.6 0.5
-18 -17.4 3.1
-18 -17.2 2.5
-13.6 -17.2 0.1
-16.8 -15.8 1.1
-18 -17.2 2.9
-12.4 -18.4 1.5
-17.8 -17 1.7
-17.8 -17 1.7
-12.8 -17.6 0.7
-16.6 -15.8 0.9
-16.8 -17.2 0.3
-17.2 -15.8 1.7
-17.2 -16.6 4.5
-13 -17.8 0.5
-17.4 -16.4 1.3
-12.8 -17.8 0.7
-12.4 -17.4 4.1
-16.6 -20 1.7
-17.4 -17.2 4.5
-17.2 -17 0.7
-17.8 -16.6 2.1
-13 -17.4 0.5
-12.2 -18.2 1.9
-12.4 -16.6 1.7
-17.8 -17 3.7
-17.6 -16.6 1.5
-17.8 -17.6 1.5
-17 -16 1.1
-17.4 -16.2 1.5
-12.4 -18.4 3.9
-17 -17 0.5
-16.8 -15.8 4.3
-12.8 -17.4 0.7
-17.6 -16.4 1.7
-12.4 -18 1.3
-12.2 -18.2 3.5
-16.6 -16 0.7
-17.8 -17.8 1.5
-16.6 -20 3.7
-16.6 -15.8 4.5
-16.6 -19.8 1.3
-17.6 -18.4 1.3
-17.4 -16.2 3.9
-18 -18.2 2.7
-17.6 -17.6 1.1
-16.4 -19.8 1.1
-16.4 -16.4 0.3
-17.8 -17.4 1.5
-17.8 -17.4 1.5
-12.4 -16.8 1.5
-12.8 -17.8 4.7
-18 -17.2 2.3
-17 -16.2 0.9
-17 -16.2 0.9
-17.8 -17.8 3.9
-12.4 -17.2 1.3
-12.2 -17 1.9
-12.4 -18 4.1
-13 -18 0.5
-17.6 -17.8 1.1
-16.8 -16.2 0.7
-18 -17.2 3.1
-16.2 -16.2 0.3
-13.2 -17.6 0.3
-12.2 -17.4 1.7
-18 -18.2 2.5
-12.2 -16.8 2.1
-18 -18.2 2.9
-16.2 -16.6 0.1
-17.6 -18.4 4.1
-17.8 -17.4 3.9
-12.8 -18 0.7
-17 -15.8 1.3
-12.2 -17 3.5
-18 -17.8 2.1
-17.6 -17.4 1.1
-17.6 -17.4 1.1
-13.2 -17.8 0.3
-12.2 -16.8 3.3
-12.2 -16.6 2.7
-16.6 -17.6 0.1
-18 -17 2.7
-13 -17.2 0.5
-18 -17.4 2.1
-17.4 -16.6 1.1
-17 -16.2 4.5
-17 -16.2 4.5
-13.2 -17.4 0.3
-17.8 -16.4 2.5
-17.6 -17.8 4.3
-16.4 -15.8 0.7
-17.4 -17 0.9
-17.4 -17 0.9
-16.6 -17.8 0.1
-12.6 -17.6 0.9
-17.6 -16.8 1.3
-17.8 -18.6 1.9
-12.8 -17.2 0.7
-12.2 -16.6 2.5
-18 -17.4 3.3
-16.2 -19.6 0.7
-17.8 -18.4 1.7
-12.2 -16.6 2.9
-12.6 -16.8 1.1
-18 -17 2.5
-17.6 -17.4 4.3
-13.6 -17 0.1
-12.2 -18 1.7
-18 -17 2.9
-16.6 -17.4 0.1
-12.6 -17.8 0.9
-16.6 -16.6 0.3
-16.8 -19.8 1.5
-17.8 -17.2 1.5
-17.8 -17.2 1.5
-17.6 -16.2 1.9
-12.6 -17.4 0.9
-12.6 -17.4 0.9
-18 -18.2 2.3
-12.2 -18 3.7
-17.4 -17 4.5
-13 -17.2 4.9
-12.4 -18.2 1.3
-17.2 -16.2 1.1
-17.2 -16.2 1.1
-18 -18.2 3.1
-12.2 -17.2 1.7
-13.2 -18 0.3
-16.4 -16.8 0.1
-16.2 -19.8 0.9
-17.8 -17.2 3.9
-17.6 -17.2 1.1
-17.6 -17.2 1.1
-12.6 -17.8 4.5
-16.2 -19.4 0.5
-16.6 -18 0.1
-16.6 -16.2 0.5
-17.8 -16.4 2.3
-12.2 -17.2 3.7
-18 -17.2 2.1
-12.2 -16.6 2.3
-13.2 -17.2 0.3
-16.6 -16.6 5.1
-17.2 -16.2 4.3
-17.2 -16.2 4.3
-17.8 -16.6 1.9
-18 -17 2.3
-12.6 -18 0.9
-12 -17.4 2.7
-12.2 -16.6 3.1
-16.4 -16 0.5
-18 -17.2 3.3
-12.4 -17 1.3
-17.2 -16.8 0.7
-17.2 -16.8 0.7
-17 -16.4 0.7
-17 -16.4 0.7
-18 -17 3.1
-17.6 -17.2 4.3
-17 -16.8 0.5
-17 -16.8 0.5
-16.6 -17.2 0.1
-12.4 -18.6 1.5
-12 -17.4 2.5
-12 -17.4 2.9
-17.8 -18.2 1.5
-12.6 -17.2 0.9
-12.6 -17.2 0.9
-12.4 -17 4.1
-13 -17 0.5
-12.6 -18 4.5
-12.4 -18.6 3.9
-12.2 -18.2 1.7
-13.2 -17.2 5.1
-17.2 -16.4 0.9
-17.2 -16.4 0.9
-12 -18 2.7
-12.8 -17 0.7
-17 -16.4 4.7
-16.4 -20 1.3
-12.2 -16.8 1.9
-17.6 -18.2 1.1
-18 -17.8 1.9
-13.4 -17.6 0.1
-16.8 -16.4 0.5
-12.6 -16.4 1.3
-12.2 -18.2 3.7
-12.6 -17.2 4.5
-12.2 -16.8 3.5
-12 -18 2.5
-18 -18.2 2.1
-17.8 -17 1.5
-17.8 -17 1.5
-16.8 -19.4 0.9
-12 -18 2.9
-18 -17.4 1.9
-17.2 -15.8 1.5
-13.4 -17.8 0.1
-12 -17.2 2.7
-16.4 -20 4.1
-18 -16.8 2.7
-18 -18.2 3.3
-17.2 -16.4 4.5
-12.2 -17 1.7
-16.6 -20 1.5
-12 -17.4 2.3
-17.2 -17.6 0.5
-18 -17.4 3.5
-12.4 -16.6 1.5
-17.4 -16.8 0.9
-13.4 -17.4 0.1
-12.6 -16.4 4.1
-17.8 -17 3.9
-12 -17.4 3.1
-12 -17.2 2.5
-17.8 -16.4 2.1
-17.6 -17 1.1
-17.6 -17 1.1
-18 -16.8 2.5
-17.6 -16.4 1.5
-12 -17.2 2.9
-16.2 -20 1.1
-17.2 -17.8 0.5
-18 -16.8 2.9
-12.2 -16.6 2.1
-16.8 -16.4 4.9
-16.8 -19.4 4.5
-12.2 -17 3.7
-16.2 -15.8 0.5
-16.8 -19.6 1.1
-16.6 -20 3.9
-16.8 -16.8 0.3
-18 -17 2.1
-12.4 -18.4 1.3
-13.2 -17 0.3
-12.2 -16.6 3.3
-16.6 -19.6 0.9
-17.2 -17.4 0.5
-17.2 -17.4 0.5
-16.6 -19.4 0.7
-18 -17 3.3
-17.4 -17.6 0.7
-17.4 -17.6 0.7
-17.8 -18.6 1.7
-17.6 -17 4.3
-17.2 -17.6 4.9
-12 -18 2.3
-13.4 -18 0.1
-17.6 -16.6 1.3
-17.8 -17.6 1.3
-17.4 -16.2 1.3
-12.2 -17.4 1.5
-17 -17.6 0.3
-17.4 -17.8 0.7
-17.4 -17.8 0.7
-12.4 -18.4 4.1
-12 -18 3.1
-16.8 -19.6 4.3
-12.6 -16.6 1.1
-13.8 -14.8 2.7
-12.4 -17.4 1.1
-18 -17.2 1.9
-12.6 -17 0.9
-12.6 -17 0.9
-16.2 -16.4 0.1
-17.8 -17.8 1.3
-16.2 -15.8 4.9
-17.6 -16.2 1.7
-17.4 -17.4 0.7
-17.4 -17.4 0.7
-17.4 -17.4 0.7
-17 -17.8 0.3
-12 -17.2 2.3
-17.2 -17.4 4.9
-18 -17.2 3.5
-13.4 -17.2 0.1
-17.2 -18 0.5
-13.8 -14.8 2.5
-18 -16.8 2.3
-17.8 -17.4 1.3
-17.8 -17.4 1.3
-13.8 -14.8 2.9
-12.4 -16.8 1.3
-12 -17.2 3.1
-17 -17.4 0.3
-17 -17.4 0.3
-17.4 -16.4 1.1
-18 -16.8 3.1
-16.4 -16.2 0.3
-17.8 -18.4 1.5
-12.4 -17.4 4.3
-16.4 -16.6 0.1
-17.8 -17.8 4.1
-17.4 -17.8 4.7
-12.2 -18 1.5
-12.6 -17 4.5
-12.6 -17 4.5
-12.4 -18 1.1
-17.2 -17.2 0.5
-17.2 -17.2 0.5
-17.8 -17.4 4.1
-17.4 -17.4 4.7
-17.4 -17.4 4.7
-16.8 -15.8 0.9
-12 -17.4 2.1
-17.8 -16.6 1.7
-17.8 -16.2 2.7
-17.4 -18 0.7
-16.6 -19.8 1.1
-16.6 -16.4 0.3
-17.6 -18.4 1.1
-12 -17.4 3.3
-12.2 -17.2 1.5
-16.4 -19.6 0.7
-17.2 -16.6 0.7
-17.2 -16.6 0.7
-17 -18 0.3
-13.4 -17.2 5.3
-18 -18.6 2.7
-17.8 -16.2 2.5
-12.4 -17.2 1.1
-17 -16.6 0.5
-17 -16.6 0.5
-18 -18.2 1.9
-17.8 -16.2 2.9
-12.4 -18 4.3
-17 -16 0.9
-17.4 -17.2 0.7
-17.4 -17.2 0.7
-17.4 -17.2 0.7
-13.8 -14.8 2.3
-16.8 -16 0.7
-17.8 -16.8 1.5
-16.8 -15.8 4.5
-16.2 -16 0.3
-17 -15.8 1.1
-12.2 -17.2 3.9
-17.6 -18.4 4.3
-17.2 -17.2 4.9
-18 -18.6 2.5
-13.8 -14.8 3.1
-16.8 -19.8 1.3
-17.8 -17.2 1.3
-17.8 -17.2 1.3
-18 -18.2 3.5
-12 -18 2.1
-17 -17.2 0.3
-17 -17.2 0.3
-16.6 -15.8 0.7
-12.2 -16.8 1.7
-17.8 -16.4 1.9
-17.6 -17.6 0.9
-16.4 -19.8 0.9
-12 -18 3.3
-17.2 -16.6 4.7
-18 -17.8 1.7
-12.2 -16.6 1.9
-17.6 -16.8 1.1
-16.4 -19.4 0.5
-17 -18 5.1
-18 -17 1.9
-17.8 -17.2 4.1
-17.6 -17.8 0.9
-12.2 -16.8 3.7
-12 -17.2 2.1
-18 -17.4 1.7
-18 -16.8 2.1
-12.2 -16.6 3.5
-12 -17 2.3
-18 -17 3.5
-16.8 -17.6 0.1
-17.6 -17.4 0.9
-17.6 -17.4 0.9
-13.4 -17 0.1
-12 -17.2 3.3
-17.8 -16.2 2.3
-18 -16.8 3.3
-12.2 -18.2 1.5
-18 -16.6 2.7
-16.6 -15.8 4.7
-18 -17.4 3.7
-17.8 -16.2 3.1
-12.8 -17.6 0.5
-12.4 -18.2 1.1
-16.6 -16.8 0.1
-16.8 -17.8 0.1
-17.4 -16.6 0.9
-12 -18.4 2.7
-18 -18.6 2.3
-17.6 -17.8 4.5
-17 -16.2 0.7
-17 -16.2 0.7
-12.4 -18.6 1.3
-17.2 -16 1.1
-18 -16.6 2.5
-12.8 -17.8 0.5
-17.2 -17 0.5
-16.8 -17.4 0.1
-12.2 -18.2 3.9
-18 -16.6 2.9
-12.6 -16.8 0.9
-17.8 -18.2 1.3
-17.6 -17.4 4.5
-16.8 -16.6 0.3
-12 -18.4 2.5
-12.8 -17.4 0.5
-12 -18.4 2.9
-13 -17.6 0.3
-16.6 -16 0.5
-12.2 -17 1.5
-12.4 -18.6 4.1
-12.4 -17 1.1
-13.8 -14.8 2.1
-13 -17.8 0.3
-17.2 -16.2 0.9
-17.2 -16.2 0.9
-18 -17.2 1.7
-18 -17.2 1.7
-17 -16.2 4.7
-17 -16.2 4.7
-17.4 -17 0.7
-17.4 -17 0.7
-12.6 -17.6 0.7
-13.8 -14.8 3.3
-12 -17.4 1.9
-12.8 -17.8 4.9
-12.2 -17 3.9
-13 -17.4 0.3
-17.6 -17.2 0.9
-17.6 -17.2 0.9
-16.8 -18 0.1
-16.8 -16.2 0.5
-17.8 -17 1.3
-17.8 -17 1.3
-12 -16.8 2.7
-17.2 -15.8 1.3
-17 -17 0.3
-12.6 -17.8 0.7
-18 -17.2 3.7
-12.8 -18 0.5
-17.8 -18.6 1.5
-18 -16.6 2.3
-16.6 -20 1.3
-18.2 -17.6 2.7
-12.4 -16.6 1.3
-12.6 -17.4 0.7
-12.6 -17.4 0.7
-12 -16.8 2.5
-17.2 -16.2 4.5
-17.2 -16.2 4.5
-18 -16.6 3.1
-16.4 -20 1.1
-12 -16.8 2.9
-16.8 -17.2 0.1
-17.8 -17 4.1
-12 -18.4 2.3
-17.6 -16.4 1.3
-17.4 -17 4.7
-12 -17 2.1
-16.4 -15.8 0.5
-18.2 -17.8 2.7
-17.8 -16.2 2.1
-16.2 -19.8 0.7
-12 -18.4 3.1
-12.6 -16.4 1.1
-12.8 -17.2 0.5
-18.2 -17.6 2.5
-12 -18 1.9
-17.6 -16.2 1.5
-17.6 -18.6 1.1
-16.2 -19.6 0.5
-18.2 -17.6 2.9
-13 -18 0.3
-12.6 -17.8 4.7
-18.2 -17.4 2.7
-17.8 -16.2 3.3
-18 -18.6 2.1
-18.2 -17.8 2.5
-12 -18 3.5
-16.4 -20 4.3
-18.2 -17.8 2.9
-18 -18.2 1.7
-12.6 -18 0.7
-12.2 -17.4 1.3
-12 -17.2 1.9
-18.2 -17.4 2.5
-12.6 -16.4 4.3
-18 -16.8 1.9
-13 -17.2 0.3
-18.2 -17.4 2.9
-16.4 -16.4 0.1
-17.6 -18.2 0.9
-12.2 -18.4 1.5
-17.8 -16.6 1.5
-12 -17.2 3.5
-12 -16.8 2.3
-13.6 -14.8 2.7
-18 -16.8 3.5
-12.4 -18.4 1.1
-16.2 -16.2 0.1
-13.2 -17.6 0.1
-17.8 -16.4 1.7
-12 -16.8 3.1
-12.6 -17.2 0.7
-12.6 -17.2 0.7
-12.2 -16.6 1.7
-18.2 -17.6 2.3
-13.6 -14.8 2.5
-18 -17 1.7
-13.2 -17.8 0.1
-12.6 -18 4.7
-17.8 -18.4 1.3
-17.2 -16.4 0.7
-17.2 -16.4 0.7
-13.6 -14.8 2.9
-17.6 -16.6 1.1
-17.8 -17.6 1.1
-17.4 -16.2 1.1
-18.2 -17.6 3.1
-12.2 -18 1.3
-17.2 -16.8 0.5
-17.2 -16.8 0.5
-17.6 -17 0.9
-17.6 -17 0.9
-17 -16.4 0.5
-17 -16.4 0.5
-18.2 -17.8 2.3
-12.2 -16.6 3.7
-12.4 -18.4 4.3
-13.2 -17.4 0.1
-13 -17.2 5.1
-16.2 -20 0.9
-18.2 -17.2 2.7
-18.2 -17.2 2.7
-18 -16.6 2.1
-17.8 -17.8 1.1
-18.2 -17.8 3.1
-16.8 -19.6 0.9
-18.2 -17.4 2.3
-16.8 -19.4 0.7
-12.6 -17.2 4.7
-12.2 -16.8 1.5
-13.8 -14.8 1.9
-16.2 -19.4 0.3
-18 -16.6 3.3
-12 -18.4 2.1
-17.8 -17.4 1.1
-17.8 -17.4 1.1
-16.6 -16.2 0.3
-12.2 -17.2 1.3
-18.2 -17.4 3.1
-18.2 -17.2 2.5
-18.2 -17.2 2.5
-18 -17.8 1.5
-12.4 -16.8 1.1
-18.2 -17.2 2.9
-18.2 -17.2 2.9
-16.6 -16.6 0.1
-17.2 -16.4 4.7
-12 -18.4 3.3
-13.8 -14.8 3.5
-17.4 -16.8 0.7
-16.4 -16 0.3
-18 -17.4 1.5
-18 -17.4 1.5
-12.8 -17 0.5
-17.8 -17.8 4.3
-12.2 -16.8 3.9
-17 -16.4 4.9
-12.6 -16.6 0.9
-17.8 -16.8 1.3
-16.8 -19.6 4.5
-12.4 -17.4 0.9
-13.2 -18 0.1
-17 -16.8 0.3
-17 -16.8 0.3
-12.2 -17.2 4.1
-13.6 -14.8 2.3
-17.8 -17.4 4.3
-16.8 -19.4 4.7
-13.6 -14.8 3.1
-16.6 -19.6 0.7
-18 -17.4 3.9
-12 -17 1.9
-17.8 -16.2 1.9
-13 -17 0.3
-17.4 -16.4 0.9
-12 -17.4 1.7
-13.2 -17.2 0.1
-12 -16.8 2.1
-16.6 -16.6 5.3
-12.4 -17.4 4.5
-17.8 -16.2 3.5
-12 -16.8 3.3
-18.2 -17.2 2.3
-18.2 -17.2 2.3
-18 -18.6 1.9
-12 -16.6 2.7
-12.4 -18 0.9
-12.6 -17 0.7
-12.6 -17 0.7
-18 -18.4 1.7
-16.8 -19.8 1.1
-16.8 -16.4 0.3
-18.2 -17.6 2.1
-17.8 -17.2 1.1
-17.8 -17.2 1.1
-18.2 -17.2 3.1
-18.2 -17.2 3.1
-12.2 -18.2 1.3
-16.6 -19.8 0.9
-17.6 -18.4 0.9
-18.2 -17.6 3.3
-12 -16.6 2.5
-18.2 -17.8 2.1
-16.6 -19.4 0.5
-18 -17.2 1.5
-18 -17.2 1.5
-12 -16.6 2.9
-17.4 -17.6 0.5
-17.4 -17.6 0.5
-12 -18 1.7
-12.4 -17.2 0.9
-18.2 -17 2.7
-18.2 -17 2.7
-18.2 -17.8 3.3
-17.2 -17.6 0.3
-18.2 -17.4 2.1
-12.2 -18.2 4.1
-17.8 -17.2 4.3
-13.2 -17.2 5.3
-12.4 -18 4.5
-17.4 -17.8 0.5
-17.4 -17.8 0.5
-12.6 -17 4.7
-12.6 -17 4.7
-17 -15.8 0.9
-18.2 -17.4 3.3
-18 -17.2 3.9
-17.2 -17.8 0.3
-12 -18 3.7
-12.2 -17 1.3
-16.8 -15.8 0.7
-18.2 -17 2.5
-18.2 -17 2.5
-16.8 -16.4 5.1
-16.2 -15.8 0.3
-17.4 -17.4 0.5
-17.4 -17.4 0.5
-17.4 -17.4 0.5
-18.2 -17 2.9
-18.2 -17 2.9
-12 -17.2 1.7
-18 -16.8 1.7
-17.2 -17.4 0.3
-17.2 -17.4 0.3
-18 -16.6 1.9
-17.6 -16.8 0.9
-13.6 -14.8 2.1
-12.4 -18.6 1.1
-12 -17.2 3.7
-12.2 -17 4.1
-17 -16 0.7
-18 -16.8 3.7
-17.8 -18.2 1.1
-17.2 -17.6 5.1
-13.6 -14.8 3.3
-12 -18.4 1.9
-12 -16.6 2.3
-17.4 -17.8 4.9
-18 -16.6 3.5
-17.8 -18.6 1.3
-16.8 -15.8 4.7
-12 -16.6 3.1
-18 -18.2 1.5
-17.4 -17.4 4.9
-17.4 -17.4 4.9
-16.8 -16.8 0.1
-12 -18.4 3.5
-17.4 -18 0.5
-16.2 -15.8 5.1
-13.2 -17 0.1
-12.4 -18.6 4.3
-12.4 -18.2 0.9
-17.6 -17.6 0.7
-17.2 -18 0.3
-18.2 -17.2 2.1
-18.2 -17.2 2.1
-16.4 -19.8 0.7
-17.2 -17.4 5.1
-16.4 -19.6 0.5
-17.2 -16.6 0.5
-17.2 -16.6 0.5
-18.2 -17 2.3
-18.2 -17 2.3
-17.2 -16 0.9
-17.6 -16.2 1.3
-18.2 -17.2 3.3
-18.2 -17.2 3.3
-17.6 -17.8 0.7
-17.8 -17 1.1
-17.8 -17 1.1
-18.2 -17 3.1
-18.2 -17 3.1
-13.8 -14.8 1.7
-17.8 -16.4 1.5
-17.2 -15.8 1.1
-17.4 -17.2 0.5
-17.4 -17.2 0.5
-17.4 -17.2 0.5
-17 -17.6 0.1
-16.8 -16 0.5
-12.2 -16.6 1.5
-17.2 -17.2 0.3
-17.2 -17.2 0.3
-11.8 -17.4 2.7
-17.6 -17.4 0.7
-17.6 -17.4 0.7
-12 -16.8 1.9
-16.6 -20 1.1
-18 -17 1.5
-12.4 -16.6 1.1
-17 -17.8 0.1
-13.8 -14.8 3.7
-16.6 -15.8 0.5
-12.4 -17 0.9
-17.4 -16.6 0.7
-17.6 -16.4 1.1
-17.8 -17 4.3
-12 -16.8 3.5
-11.8 -17.4 2.5
-12.2 -18.4 1.3
-12.2 -16.6 3.9
-17 -17.4 0.1
-17 -17.4 0.1
-18.2 -17.6 1.9
-17.2 -16.6 4.9
-11.8 -17.4 2.9
-17.8 -16.6 1.3
-16.4 -16.2 0.1
-17.6 -17.8 4.7
-17 -16.6 0.3
-17 -16.6 0.3
-12 -18.8 2.7
-12.6 -16.8 0.7
-18.2 -17.8 1.9
-12 -17 1.7
-17.6 -17.4 4.7
-16.8 -20 1.3
-17.8 -16.2 1.7
-11.8 -18 2.7
-12 -18.8 2.5
-18.2 -17.4 1.9
-18.2 -17.8 3.5
-16.6 -16.4 0.1
-12.2 -17.4 1.1
-12 -18.8 2.9
-16.4 -20 0.9
-16.6 -15.8 4.9
-12 -16.6 2.1
-18.2 -16.8 2.7
-18 -18.6 1.7
-17.2 -16.2 0.7
-17.2 -16.2 0.7
-17.8 -16.2 3.7
-11.8 -18 2.5
-18.2 -17.4 3.5
-17 -18 0.1
-17 -16.2 0.5
-17 -16.2 0.5
-12.6 -16.4 0.9
-12 -16.6 3.3
-11.8 -18 2.9
-18 -17.6 1.3
-16.4 -19.4 0.3
-17.6 -18.6 0.9
-11.8 -17.2 2.7
-17.6 -17.2 0.7
-17.6 -17.2 0.7
-12.2 -16.8 1.3
-18.2 -16.8 2.5
-18.2 -16.8 2.9
-13.4 -14.8 2.7
-11.8 -17.4 2.3
-18 -17.8 1.3
-16.2 -16 0.1
-13.6 -14.8 1.9
-18.2 -17 2.1
-18.2 -17 2.1
-12 -17.4 1.5
-16.4 -20 4.5
-17.8 -18.4 1.1
-11.8 -17.2 2.5
-17 -17.2 0.1
-17 -17.2 0.1
-11.8 -17.2 2.9
-18 -17.4 1.3
-18 -17.4 1.3
-12.2 -18 1.1
-12.8 -17.6 0.3
-17.2 -16.2 4.7
-17.2 -16.2 4.7
-18.2 -17 3.3
-18.2 -17 3.3
-13.4 -14.8 2.5
-13.6 -14.8 3.5
-12.6 -16.4 4.5
-12.2 -16.8 4.1
-13.4 -14.8 2.9
-18 -18.4 1.5
-17.4 -17 0.5
-17.4 -17 0.5
-12.6 -17.6 0.5
-17 -16.2 4.9
-17 -16.2 4.9
-12 -16.4 2.7
-12 -18.8 2.3
-12.8 -17.8 0.3
-13.4 -17.2 5.5
-17.2 -17 0.3
-12.4 -18.4 0.9
-17 -18 5.3
-12 -18.8 3.1
-18.2 -17.2 1.9
-18.2 -17.2 1.9
-12.6 -17.8 0.5
-18 -17.4 4.1
-12.2 -17.2 1.1
-12.8 -17.4 0.3
-11.8 -18 2.3
-18 -16.6 1.7
-12 -16.4 2.5
-12 -18 1.5
-16.6 -16 0.3
-11.8 -18 3.1
-12 -16.4 2.9
-12.6 -17.4 0.5
-12.6 -17.4 0.5
-18.2 -17.2 3.5
-18.2 -17.2 3.5
-17.6 -16.6 0.9
-17.8 -17.6 0.9
-17.4 -16.2 0.9
-18.2 -16.8 2.3
-12 -18.4 1.7
-17.8 -16.8 1.1
-11.8 -18.2 2.7
-17.6 -18.2 0.7
-18 -16.6 3.7
-17.4 -17 4.9
-12.4 -18.4 4.5
-16.2 -19.8 0.5
-17.8 -17.8 0.9
-11.8 -17.2 2.3
-12 -18 3.9
-12.2 -17.2 4.3
-12 -17.2 1.5
-12.8 -17.8 5.1
-16.8 -16.2 0.3
-11.8 -17.2 3.1
-18 -16.8 1.5
-13.4 -14.8 2.3
-11.8 -18.2 2.5
-16.8 -16.6 0.1
-17.8 -17.4 0.9
-17.8 -17.4 0.9
-12.6 -17.8 4.9
-18 -17.2 1.3
-18 -17.2 1.3
-12.4 -18.8 1.1
-11.8 -18.2 2.9
-12.8 -18 0.3
-12.4 -16.8 0.9
-13.4 -14.8 3.1
-13 -17.6 0.1
-12.6 -18 0.5
-12 -17.2 3.9
-18 -16.8 3.9
-11.8 -17 2.7
-17.6 -17 0.7
-17.6 -17 0.7
-13 -17.8 0.1
-17.8 -17.8 4.5
-11.8 -17.4 2.1
-16.2 -20 0.7
-16.4 -15.8 0.3
-12 -16.4 2.3
-18 -17.2 4.1
-12 -16.8 1.7
-12.8 -17.2 0.3
-12.2 -18.2 1.1
-16.8 -19.6 0.7
-16.2 -19.6 0.3
-13 -17.4 0.1
-17.8 -17.4 4.5
-12 -16.4 3.1
-12 -16.6 1.9
-11.8 -17 2.5
-17 -17 0.1
-12.2 -18.6 1.3
-12.6 -17.2 0.5
-12.6 -17.2 0.5
-18.2 -17.6 1.7
-12 -16.8 3.7
-12 -18.8 2.1
-12 -16.6 3.5
-17.2 -16.4 0.5
-17.2 -16.4 0.5
-12.6 -18 4.9
-13.8 -14.8 1.5
-11.8 -18.2 2.3
-18.2 -17.8 1.7
-12.2 -18.2 4.3
-12 -18.8 3.3
-12.6 -16.6 0.7
-12 -18.2 1.5
-11.8 -18 2.1
-12.4 -17.4 0.7
-18.2 -17 1.9
-18.2 -17 1.9
-16.8 -19.8 0.9
-17.8 -17.2 0.9
-17.8 -17.2 0.9
-16.8 -19.6 4.7
-12.2 -17 1.1
-18 -18.2 1.3
-18.2 -17.4 1.7
-11.8 -18 3.3
-18.2 -16.8 2.1
-13 -18 0.1
-16.8 -19.4 0.5
-13.8 -14.8 3.9
-18.2 -17.8 3.7
-12.4 -16.4 1.1
-12.6 -17.2 4.9
-18.2 -17 3.5
-18.2 -17 3.5
-17.4 -16.4 0.7
-11.8 -17.2 2.1
-18.2 -17.4 3.7
-17.4 -16.8 0.5
-17.2 -16.4 4.9
-11.8 -17 2.3
-17.8 -16.4 1.3
-13.4 -14.8 2.1
-12.2 -17 4.3
-11.8 -17.2 3.3
-17.2 -16.8 0.3
-17.2 -16.8 0.3
-13 -17.2 0.1
-17.8 -17.2 4.5
-12.4 -17.4 4.7
-17 -16.4 0.3
-17 -16.4 0.3
-12 -17 1.5
-12.2 -16.6 1.3
-17.8 -16.2 1.5
-17.8 -18.6 1.1
-12.4 -18 0.7
-13.6 -14.8 1.7
-13.4 -14.8 3.3
-18 -17 1.3
-18 -17 1.3
-16.6 -19.8 0.7
-11.8 -18.4 2.7
-16.8 -19.4 4.9
-17.6 -18.4 0.7
-16.6 -19.6 0.5
-18 -18.6 1.5
-13.6 -14.8 3.7
-12 -16.4 2.1
-17.8 -16.2 3.9
-12.4 -18.6 0.9
-12.2 -16.6 4.1
-17.6 -16.2 1.1
-12.4 -17.2 0.7
-11.8 -18.4 2.5
-17.8 -18.2 0.9
-12 -16.4 3.3
-12.8 -17 0.3
-11.8 -18.4 2.9
-18.2 -17.2 1.7
-18.2 -17.2 1.7
-12.4 -18 4.7
-17 -15.8 0.7
-17 -16.4 5.1
-12.6 -17 0.5
-12.6 -17 0.5
-13 -17.2 5.3
-12 -18.6 1.7
-18.2 -17.2 3.7
-18.2 -17.2 3.7
-11.8 -18.2 2.1
-16.2 -19.4 0.1
-11.8 -17.4 1.9
-12.4 -18.6 4.5
-16.6 -16.2 0.1
-12.2 -18.4 1.1
-11.8 -16.8 2.7
-17.6 -16.8 0.7
-17.8 -16.6 1.1
-17.8 -17 0.9
-17.8 -17 0.9
-16.4 -16 0.1
-17.2 -15.8 0.9
-16.8 -20 1.1
-18 -16.6 1.5
-11.8 -16.8 2.5
-17 -16.8 0.1
-17 -16.8 0.1
-12 -17.4 1.3
-12.6 -17 4.9
-12.6 -17 4.9
-12 -18.8 1.9
-11.8 -16.8 2.9
-16.6 -20 0.9
-16.8 -15.8 0.5
-12.4 -16.6 0.9
-11.8 -18.4 2.3
-11.8 -17 2.1
-12 -18.4 1.5
-12.4 -18.2 0.7
-11.8 -18.4 3.1
-13.6 -14.6 2.7
-11.8 -18 1.9
-17.6 -16.4 0.9
-16.6 -19.4 0.3
-18 -18.4 1.3
-17.4 -17.6 0.3
-17.4 -17.6 0.3
-13 -17 0.1
-17.8 -17 4.5
-18 -17.6 1.1
-17.2 -16 0.7
-18.2 -16.8 1.9
-12.2 -16.8 1.1
-17 -16 0.5
-12 -16.6 1.7
-11.8 -18 3.5
-13.6 -14.6 2.5
-17.4 -17.8 0.3
-17.4 -17.8 0.3
-18 -17.8 1.1
-11.8 -17.2 1.9
-16.8 -16.4 0.1
-12 -18 1.3
-16.8 -15.8 4.9
-17.4 -17.4 0.3
-17.4 -17.4 0.3
-17.4 -17.4 0.3
-12 -16.6 3.7
-12.2 -17.4 0.9
-18 -17.4 1.1
-18 -17.4 1.1
-13.4 -14.8 1.9
-12.4 -17 0.7
-17.6 -17.6 0.5
-16.4 -19.8 0.5
-11.8 -17.2 3.5
-11.8 -16.8 2.3
-12.2 -16.8 4.3
-18.2 -17 1.7
-18.2 -17 1.7
-12 -16.8 1.5
-11.8 -16.8 3.1
-13.4 -14.8 3.5
-17.2 -17.6 0.1
-12 -17.2 1.3
-12 -18 4.1
-17.6 -17.8 0.5
-12.2 -18.8 1.3
-18 -16.8 1.3
-16.6 -16.6 5.5
-18.2 -17 3.7
-18.2 -17 3.7
-17.4 -17.8 5.1
-12 -16.4 1.9
-18.2 -17.6 1.5
-18 -17.4 4.3
-17.6 -17.4 0.5
-17.6 -17.4 0.5
-17.2 -17.8 0.1
-17.8 -18.4 0.9
-16.2 -15.8 0.1
-13.2 -14.8 2.7
-17.4 -18 0.3
-16.8 -16.4 5.3
-12.2 -18 0.9
-16.4 -20 0.7
-17.4 -17.4 5.1
-13.6 -14.6 2.3
-18.2 -17.8 1.5
-12 -16.4 3.5
-12 -17.2 4.1
-17.2 -17.4 0.1
-17.2 -17.4 0.1
-17.4 -16.6 0.5
-18 -16.8 4.1
-16.4 -19.6 0.3
-17.2 -16.6 0.3
-17.2 -16.6 0.3
-12.6 -16.4 0.7
-13.2 -14.8 2.5
-17.6 -18.6 0.7
-18.2 -17.4 1.5
-11.8 -18.4 2.1
-12.6 -16.8 0.5
-13.2 -14.8 2.9
-17.6 -17.8 4.9
-11.8 -18.2 1.9
-17.4 -17.2 0.3
-17.4 -17.2 0.3
-17.4 -17.2 0.3
-18.2 -17.8 3.9
-17.2 -17.6 5.3
-12.2 -17.2 0.9
-13.2 -17.2 5.5
-18 -17.2 1.1
-18 -17.2 1.1
-11.8 -18.4 3.3
-16.8 -16 0.3
-17.6 -17.4 4.9
-16.4 -20 4.7
-18.2 -17.4 3.9
-13.8 -14.8 1.3
-16.6 -15.8 0.3
-17.2 -18 0.1
-17.8 -16.8 0.9
-17.2 -16.2 0.5
-17.2 -16.2 0.5
-12 -18.2 1.3
-13.6 -14.8 1.5
-12.6 -16.4 4.7
-17.2 -17.4 5.3
-12.2 -16.4 1.3
-17.2 -16.6 5.1
-18 -17.2 4.3
-18.2 -16.4 2.5
-17.6 -17.2 0.5
-17.6 -17.2 0.5
-12.4 -18.4 0.7
-11.8 -17 1.9
-12.2 -18.6 1.1
-11.8 -17.4 1.7
-13.8 -14.8 4.1
-11.8 -16.8 2.1
-12.4 -18.8 0.9
-17.2 -17.2 0.1
-17.2 -17.2 0.1
-13.6 -14.8 3.9
-13.2 -14.8 2.3
-11.8 -16.8 3.3
-17.6 -16.6 0.7
-17.8 -17.6 0.7
-17.4 -16.2 0.7
-13.2 -14.8 3.1
-18.2 -17.2 1.5
-18.2 -17.2 1.5
-12 -17 1.3
-16.6 -15.8 5.1
-17.2 -16.2 4.9
-17.2 -16.2 4.9
-17.8 -16.2 1.3
-12 -18.8 1.7
-17.8 -17.8 0.7
-17 -16.2 0.3
-17 -16.2 0.3
-12.2 -18.2 0.9
-18 -18.2 1.1
-12 -18.6 1.5
-17 -16.6 0.1
-17 -16.6 0.1
-13.6 -14.6 2.1
-18.2 -17.2 3.9
-18.2 -17.2 3.9
-18 -18.6 1.3
-11.8 -18 1.7
-17.8 -17.4 0.7
-17.8 -17.4 0.7
-12.4 -16.8 0.7
-17.8 -16.2 4.1
-18.2 -16.4 2.3
-18.2 -16.8 1.7
-17.8 -16.4 1.1
-11.8 -18 3.7
-17.6 -18.2 0.5
-12.2 -16.6 1.1
-12.2 -18.2 4.5
-11.8 -17.2 1.7
-17.4 -17 0.3
-17.4 -17 0.3
-12.6 -17.6 0.3
-12.2 -17 0.9
-18 -17 1.1
-18 -17 1.1
-16.4 -19.4 0.1
-17 -16.2 5.1
-13.4 -14.8 1.7
-17.8 -17.4 4.7
-12.4 -16.4 0.9
-12.6 -17.8 0.3
-11.8 -17.2 3.7
-11.8 -18.4 1.9
-12.2 -16.6 4.3
-13.4 -14.8 3.7
-12.6 -17.4 0.3
-12.6 -17.4 0.3
-12 -16.6 1.5
-12.8 -17.6 0.1
-17.6 -17 0.5
-17.6 -17 0.5
-12.2 -17 4.5
-12 -16.4 1.7
-18 -16.6 1.3
-16.2 -20 0.5
-11.8 -18.4 3.5
-17.8 -18.6 0.9
-16.8 -19.8 0.7
-17.8 -17.2 0.7
-17.8 -17.2 0.7
-13.2 -14.8 2.1
-16.2 -19.8 0.3
-12.8 -17.8 0.1
-16.8 -19.6 0.5
-17.2 -17 0.1
-12 -18.4 1.3
-12 -16.6 3.9
-13.2 -14.8 3.3
-12.8 -17.4 0.1
-18.2 -17 1.5
-18.2 -17 1.5
-12.6 -17.8 5.1
-17.6 -16.2 0.9
-16.6 -16 0.1
-11.8 -18.2 1.7
-12.6 -18 0.3
-11.8 -16.8 1.9
-12.6 -16.6 0.5
-17.8 -17.2 4.7
-12.4 -17.4 0.5
-18.2 -17 3.9
-18.2 -17 3.9
-12 -17.4 1.1
-18.2 -16.4 2.1
-16.8 -19.6 4.9
-16.8 -16.2 0.1
-11.8 -16.8 3.5
-12.8 -17.8 5.3
-17 -18 5.5
-12.6 -17.2 0.3
-12.6 -17.2 0.3
-12.2 -18.4 0.9
-11.8 -18.8 2.7
-18 -18.4 1.1
-12.8 -18 0.1
-12 -16.8 1.3
-17.4 -16.4 0.5
-12.4 -18.6 0.7
-17.8 -16.6 0.9
-11.8 -17 1.7
-17.2 -16.4 0.3
-17.2 -16.4 0.3
-13.6 -14.6 1.9
-17.8 -18.2 0.7
-12.6 -18 5.1
-16.8 -20 0.9
-11.8 -18.8 2.5
-18.2 -17.6 1.3
-12.4 -17.4 4.9
-16.4 -15.8 0.1
-12.4 -18 0.5
-12 -18 1.1
-11.8 -16.6 2.1
-12.8 -17.2 0.1
-16.2 -19.6 0.1
-16.6 -19.8 0.5
-16.8 -19.4 0.3
-13.4 -17.2 5.7
-17.6 -18.4 0.5
-18.2 -17.8 1.3
-12.6 -17.2 5.1
-18 -17.6 0.9
-18.2 -17.4 1.3
-12.4 -17.2 0.5
-12 -17.2 1.1
-17.4 -16.8 0.3
-12.2 -18.8 1.1
-17.8 -17 0.7
-17.8 -17 0.7
-12.2 -16.8 0.9
-18 -16.8 1.1
-12 -18 4.3
-17.2 -15.8 0.7
-17.2 -16.4 5.1
-11.8 -17.4 1.5
-11.6 -18 2.7
-18 -17.8 0.9
-18.2 -17.8 4.1
-17 -15.8 0.5
-12.4 -18 4.9
-16.6 -20 0.7
-12.4 -16.6 0.7
-18 -17.4 0.9
-18 -17.4 0.9
-18.2 -17.4 4.1
-11.6 -18 2.5
-16.6 -19.6 0.3
-18.2 -16.2 2.7
-11.8 -16.4 2.7
-17.6 -16.4 0.7
-11.8 -18.8 2.3
-12 -17.2 4.3
-13.6 -14.8 1.3
-11.6 -17.2 2.7
-18 -16.8 4.3
-12 -18.8 1.5
-13.2 -14.8 1.9
-17.6 -16.8 0.5
-13.4 -14.6 2.3
-12.2 -16.8 4.5
-17.8 -17 4.7
-18.2 -16.2 2.5
-11.8 -16.4 2.5
-11.8 -18 1.5
-17.2 -16.8 0.1
-17.2 -16.8 0.1
-13.2 -14.8 3.5
-17 -16.4 0.1
-17 -16.4 0.1
-11.6 -17.2 2.5
-18.2 -16.2 2.9
-11.8 -16.4 2.9
-11.6 -17.2 2.9
-12.6 -17 0.3
-12.6 -17 0.3
-18 -17.4 4.5
-11.8 -18.4 1.7
-13.6 -14.8 4.1
-18.2 -16.8 1.5
-13.8 -14.8 1.1
-12.2 -17.4 0.7
-18.2 -17.2 1.3
-18.2 -17.2 1.3
-12.4 -18.2 0.5
-12 -18.2 1.1
-11.8 -18 3.9
-11.8 -17.2 1.5
-11.8 -18.4 3.7
-18.2 -16.4 1.9
-17.2 -16 0.5
-12.2 -16.4 1.1
-12 -18.6 1.3
-13.4 -14.8 1.5
-11.6 -18 2.3
-12.8 -17 0.1
-18 -17.2 0.9
-18 -17.2 0.9
-18.2 -17.2 4.1
-18.2 -17.2 4.1
-13.8 -14.8 4.3
-11.8 -17.2 3.9
-17.8 -18.4 0.7
-16.8 -15.8 0.3
-12.6 -17 5.1
-12.6 -17 5.1
-12.2 -18 0.7
-13.4 -14.8 3.9
-12.4 -17 0.5
-18.2 -16.2 2.3
-11.8 -16.4 2.3
-12 -17 1.1
-11.8 -16.8 1.7
-11.6 -17.2 2.3
-12 -16.4 1.5
-17.8 -16.2 1.1
-18.2 -16.2 3.1
-11.8 -16.4 3.1
-11.8 -16.6 1.9
-11.6 -17.2 3.1
-18 -16.4 1.3
-18 -17.2 4.5
-17 -16 0.3
-11.8 -16.8 3.7
-12.2 -18.6 0.9
-18 -18.6 1.1
-11.8 -18.8 2.1
-12.2 -17.2 0.7
-13.4 -14.6 2.1
-11.6 -17 2.7
-13 -17.2 5.5
-17.8 -16.2 4.3
-11.8 -18.2 1.5
-16.8 -15.8 5.1
-12 -16.6 1.3
-13.6 -14.6 1.7
-16.4 -20 0.5
-17.6 -17.6 0.3
-16.4 -19.8 0.3
-17.8 -16.8 0.7
-16.6 -19.4 0.1
-17.4 -17.6 0.1
-17.4 -17.6 0.1
-12.6 -16.4 0.5
-11.6 -17 2.5
-18 -18.2 0.9
-17.6 -18.6 0.5
-11.6 -17 2.9
-17.6 -17.8 0.3
-17.4 -17.8 0.1
-17.4 -17.8 0.1
-12.4 -18.8 0.7
-18.2 -17 1.3
-18.2 -17 1.3
-17.6 -17.4 0.3
-17.6 -17.4 0.3
-11.8 -17 1.5
-17.4 -17.4 0.1
-17.4 -17.4 0.1
-17.4 -17.4 0.1
-11.6 -18 2.1
-17.8 -16.4 0.9
-16.4 -20 4.9
-17.4 -16.6 0.3
-12.2 -16.6 0.9
-18 -16.6 1.1
-18 -17 0.9
-18 -17 0.9
-12.6 -16.4 4.9
-18.2 -17 4.1
-18.2 -17 4.1
-12.2 -18.2 0.7
-12.4 -18.4 0.5
-12.6 -16.8 0.3
-12 -18.4 1.1
-18.2 -16.2 2.1
-11.8 -16.4 2.1
-17.6 -17.8 5.1
-11.6 -17.2 2.1
-13.2 -14.8 1.7
-18.2 -16.2 3.3
-11.8 -16.4 3.3
-11.6 -17 2.3
-17.4 -17.8 5.3
-11.6 -17.2 3.3
-17.6 -17.4 5.1
-17.6 -16.6 0.5
-17.8 -17.6 0.5
-17.4 -18 0.1
-11.6 -17 3.1
-17.4 -16.2 0.5
-12.2 -16.6 4.5
-17.4 -17.4 5.3
-17.2 -16.2 0.3
-17.2 -16.2 0.3
-13.2 -14.8 3.7
-16.4 -19.6 0.1
-12.2 -18.2 4.7
-11.6 -18.4 2.7
-17.2 -16.6 0.1
-17.2 -16.6 0.1
-17.8 -17.8 0.5
-12.2 -17 0.7
-17.6 -17.2 0.3
-17.6 -17.2 0.3
-18.2 -16.6 1.5
-12.4 -16.4 0.7
-17.4 -17.2 0.1
-17.4 -17.2 0.1
-17.4 -17.2 0.1
-17.8 -17.4 0.5
-17.8 -17.4 0.5
-16.8 -16 0.1
-12.4 -16.8 0.5
-11.6 -18.4 2.5
-18.2 -16.4 1.7
-12 -16.8 1.1
-11.6 -18.4 2.9
-16.6 -15.8 0.1
-11.8 -17.4 1.3
-11.8 -18.8 1.9
-16.8 -16.4 5.5
-18.2 -17.6 1.1
-17.8 -18.6 0.7
-12.2 -17 4.7
-13.4 -14.6 1.9
-12 -17.4 0.9
-11.8 -18.4 1.5
-13.6 -14.4 2.7
-17.2 -16.6 5.3
-18.2 -17.8 1.1
-11.6 -16.8 2.7
-17.8 -17.4 4.9
-18 -18.4 0.9
-12 -18.8 1.3
-11.8 -16.6 1.7
-13.6 -14.4 2.5
-17.6 -16.2 0.7
-18.2 -17.4 1.1
-18.2 -17.4 1.1
-11.8 -18.4 3.9
-13.6 -14.4 2.9
-11.6 -16.8 2.5
-11.8 -18 1.3
-11.6 -16.8 2.9
-17.6 -18.2 0.3
-11.6 -18.4 2.3
-16.6 -15.8 5.3
-18.2 -17.8 4.3
-11.6 -17 2.1
-16.8 -19.8 0.5
-12 -18 0.9
-17.8 -17.2 0.5
-17.8 -17.2 0.5
-17 -16.2 0.1
-17 -16.2 0.1
-18.2 -16.8 1.3
-11.6 -18.4 3.1
-17.2 -17.4 5.5
-11.6 -18 1.9
-11.8 -16.8 1.5
-18.2 -17.4 4.3
-13.6 -14.8 1.1
-12.2 -18.4 0.7
-11.8 -17.2 1.3
-11.8 -18 4.1
-17.8 -16.6 0.7
-12 -17.2 0.9
-12.2 -18.8 0.9
-13.4 -14.8 1.3
-18.2 -16.2 1.9
-11.8 -16.4 1.9
-18 -16.8 0.9
-11.6 -17.2 1.9
-12 -18 4.5
-17.6 -17 0.3
-17.6 -17 0.3
-11.8 -16.8 3.9
-16.8 -20 0.7
-16.2 -20 0.3
-17.4 -17 0.1
-17.4 -17 0.1
-13.6 -14.4 2.3
-12.6 -17.6 0.1
-18.2 -16.2 3.5
-11.8 -16.4 3.5
-16.8 -19.6 0.3
-13.6 -14.8 4.3
-11.6 -17.2 3.5
-13.6 -14.6 1.5
-13.6 -14.4 3.1
-11.6 -16.8 2.3
-17 -16.2 5.3
-18.2 -17.2 1.1
-18.2 -17.2 1.1
-13.4 -14.8 4.1
-12.6 -17.8 0.1
-12 -16.4 1.3
-11.6 -16.8 3.1
-12.4 -18.6 0.5
-18 -16.8 4.5
-18 -17.6 0.7
-12 -18.6 1.1
-12.6 -17.4 0.1
-12.6 -17.4 0.1
-12.2 -16.8 0.7
-17.8 -18.2 0.5
-12.6 -16.6 0.3
-18 -17.8 0.7
-12.4 -17.4 0.3
-18.2 -17.2 4.3
-18.2 -17.2 4.3
-16.2 -19.8 0.1
-11.8 -18.2 1.3
-13.8 -14.8 0.9
-18 -17.4 0.7
-18 -17.4 0.7
-12 -18.2 0.9
-11.6 -18.6 2.7
-11.6 -18.4 2.1
-17.4 -16.4 0.3
-12.2 -16.4 0.9
-18 -16.4 1.1
-12.2 -16.8 4.7
-11.6 -18.4 3.3
-17.8 -17 0.5
-17.8 -17 0.5
-12.6 -18 0.1
-17.2 -15.8 0.5
-11.6 -18.6 2.5
-11.6 -18.6 2.9
-13.2 -14.8 1.5
-12.4 -18 0.3
-13.8 -14.8 4.5
-12.4 -17.4 5.1
-16.6 -20 0.5
-11.8 -17 1.3
-18 -17.4 4.7
-12.4 -16.6 0.5
-12 -16.6 1.1
-16.6 -19.8 0.3
-17.6 -18.4 0.3
-11.8 -18.8 1.7
-12 -17 0.9
-12.6 -17.2 0.1
-12.6 -17.2 0.1
-17.6 -16.4 0.5
-11.8 -18.6 1.5
-17.8 -16.2 0.9
-13.4 -14.6 1.7
-11.6 -17 1.9
-13.6 -14.4 2.1
-13.2 -14.8 3.9
-12.4 -17.2 0.3
-11.6 -16.8 2.1
-17.8 -17 4.9
-17.2 -16.4 0.1
-17.2 -16.4 0.1
-13.6 -14.4 3.3
-18 -18.6 0.9
-18 -17.2 0.7
-18 -17.2 0.7
-12.6 -18 5.3
-18.2 -17 1.1
-18.2 -17 1.1
-17 -15.8 0.3
-11.6 -16.8 3.3
-11.6 -16.6 2.7
-18.2 -16.4 1.5
-12.2 -17.4 0.5
-17.8 -16.2 4.5
-16.8 -19.4 0.1
-11.6 -18.6 2.3
-12.8 -17.8 5.5
-11.6 -16.6 2.5
-11.6 -18.6 3.1
-11.6 -16.6 2.9
-17.6 -16.8 0.3
-12.6 -17.2 5.3
-11.6 -18 1.7
-18.2 -17 4.3
-18.2 -17 4.3
-17.4 -16.8 0.1
-13.8 -14.4 1.7
-18.2 -16.6 1.3
-18 -17.2 4.7
-12.2 -18.6 0.7
-17.2 -16.4 5.3
-11.8 -16.6 1.5
-17.8 -18.4 0.5
-18.2 -16.2 1.7
-11.8 -16.4 1.7
-12.2 -18 0.5
-11.6 -17.2 1.7
-16.6 -19.6 0.1
-12.4 -18.2 0.3
-18 -16.6 0.9
-17 -18 5.7
-11.8 -18.4 1.3
-17.2 -16 0.3
-18 -18.2 0.7
-18.2 -16.2 3.7
-11.8 -16.4 3.7
-12 -18.4 0.9
-11.6 -17.2 3.7
-11.6 -18.4 1.9
-12.2 -17.2 0.5
-11.6 -16.6 2.3
-12.6 -17 0.1
-12.6 -17 0.1
-11.6 -16.6 3.1
-11.8 -18.4 4.1
-17.8 -16.4 0.7
-11.6 -18.4 3.5
-11.8 -17.4 1.1
-12.4 -17 0.3
-17.8 -16.8 0.5
-12.2 -16.6 0.7
-18 -17 0.7
-18 -17 0.7
-11.6 -18.6 2.1
-11.8 -16.8 1.3
-12.4 -18.8 0.5
-13.6 -14.4 1.9
-12 -18.8 1.1
-11.6 -18.2 1.7
-12 -16.8 0.9
-11.6 -18.6 3.3
-16.8 -15.8 0.1
-11.6 -16.8 1.9
-12.6 -17 5.3
-16.4 -20 0.3
-11.8 -18 1.1
-12.2 -16.6 4.7
-13.4 -17.2 5.9
-18.2 -17.6 0.9
-11.8 -16.8 4.1
-11.6 -16.8 3.5
-12.6 -16.4 0.3
-18.2 -16.8 1.1
-12.2 -18.2 0.5
-17.6 -18.6 0.3
-13.6 -14.6 1.3
-13.2 -14.6 1.9
-11.6 -18.8 2.7
-17 -16 0.1
-18.2 -17.8 0.9
-11.8 -17.2 1.1
-11.6 -17 1.7
-11.8 -18 4.3
-18.2 -17.4 0.9
-18.2 -17.4 0.9
-13.4 -14.8 1.1
-11.6 -18.8 2.5
-11.6 -18.8 2.9
-16.8 -15.8 5.3
-16.4 -20 5.1
-11.6 -16.6 2.1
-17.6 -17.6 0.1
-16.4 -19.8 0.1
-13.8 -14.6 1.1
-12 -17.4 0.7
-12.2 -17 0.5
-12.6 -16.4 5.1
-12.4 -18.4 0.3
-17.6 -17.8 0.1
-13.4 -14.4 2.3
-11.8 -18.8 1.5
-12.4 -16.4 0.5
-12 -16.4 1.1
-18.2 -17.4 4.5
-13.6 -14.8 0.9
-13.4 -14.6 1.5
-18 -18.4 0.7
-17.6 -17.4 0.1
-17.6 -17.4 0.1
-17.6 -16.6 0.3
-17.8 -17.6 0.3
-17.4 -16.2 0.3
-18 -16.2 1.1
-17.4 -16.6 0.1
-13.2 -14.8 1.3
-17.8 -18.6 0.5
-12 -18 0.7
-17.8 -17.8 0.3
-11.6 -16.4 2.7
-11.8 -18.2 1.1
-11.6 -18.8 2.3
-12.6 -16.8 0.1
-18.2 -17.2 0.9
-18.2 -17.2 0.9
-13.6 -14.8 4.5
-11.6 -18.8 3.1
-17.8 -17.4 0.3
-17.8 -17.4 0.3
-11.8 -18.6 1.3
-17.6 -17.8 5.3
-14.6 -14 2.7
-12.4 -16.8 0.3
-17.6 -16.2 0.5
-13.2 -14.8 4.1
-12 -18.6 0.9
-11.6 -16.4 2.5
-11.6 -18 1.5
-12 -17.2 0.7
-13.8 -14.4 1.5
-12.2 -18.8 0.7
-11.6 -16.4 2.9
-17.6 -17.4 5.3
-18 -16.8 0.7
-11.6 -18.6 1.9
-13 -17.2 5.7
-11.6 -18.4 1.7
-14.6 -14 2.5
-17.2 -16.2 0.1
-17.2 -16.2 0.1
-12 -18 4.7
-18.2 -16.4 1.3
-14.6 -14 2.9
-18.2 -17.2 4.5
-11.6 -18.6 3.5
-11.8 -17 1.1
-18.2 -16.2 1.5
-11.8 -16.4 1.5
-17.6 -17.2 0.1
-17.6 -17.2 0.1
-11.6 -17.2 1.5
-11.6 -18.4 3.7
-12.2 -18.4 0.5
-17.8 -16.6 0.5
-18 -16.4 0.9
-18 -16.8 4.7
-17.4 -17.8 5.5
-18.2 -16.2 3.9
-11.8 -16.4 3.9
-13.4 -14.4 2.1
-11.6 -17.2 3.9
-15.6 -14 2.7
-16.8 -20 0.5
-13.6 -14.4 1.7
-17.4 -17.4 5.5
-11.8 -16.6 1.3
-16.8 -19.8 0.3
-17.8 -17.2 0.3
-17.8 -17.2 0.3
-11.6 -16.4 2.3
-11.6 -16.8 1.7
-12 -16.6 0.9
-13.8 -14.8 0.7
-11.6 -16.4 3.1
-11.6 -16.6 1.9
-14.6 -14 2.3
-15.6 -14 2.5
-12 -18.2 0.7
-15.6 -14 2.9
-14.6 -14 3.1
-18 -17.6 0.5
-11.6 -16.8 3.7
-12.2 -16.4 0.7
-11.6 -18.8 2.1
-13.2 -14.6 1.7
-12.2 -16.8 0.5
-18.2 -16.6 1.1
-18 -17.8 0.5
-11.6 -18.8 3.3
-17.6 -18.2 0.1
-18.2 -17 0.9
-18.2 -17 0.9
-11.6 -18.2 1.5
-13.8 -14.8 4.7
-14.4 -14 2.7
-18 -17.4 0.5
-18 -17.4 0.5
-12 -17 0.7
-17.8 -16.2 0.7
-11.8 -18.4 1.1
-12.4 -18.6 0.3
-14.4 -14 2.5
-14.4 -14 2.9
-18.2 -17 4.5
-18.2 -17 4.5
-17.8 -18.2 0.3
-15.6 -14 2.3
-18 -18.6 0.7
-17.6 -17 0.1
-17.6 -17 0.1
-11.6 -17 1.5
-16.8 -16.4 5.7
-16.2 -20 0.1
-15.6 -14 3.1
-16.6 -15.8 5.5
-16.8 -19.6 0.1
-18 -17.4 4.9
-11.8 -18.4 4.3
-11.6 -16.4 2.1
-17.8 -17 0.3
-17.8 -17 0.3
-17.2 -15.8 0.3
-11.8 -16.8 1.1
-11.6 -16.4 3.3
-14.6 -14 2.1
-18 -17.2 0.5
-18 -17.2 0.5
-12.6 -16.6 0.1
-12.4 -17.4 0.1
-14.4 -14 2.3
-16.6 -20 0.3
-14.6 -14 3.3
-12.4 -16.6 0.3
-15.8 -14 2.7
-13.4 -14.4 1.9
-11.6 -18.6 1.7
-14.4 -14 3.1
-11.8 -17.4 0.9
-17.6 -16.4 0.3
-18 -16.6 0.7
-11.8 -16.8 4.3
-17.4 -16.4 0.1
-13.6 -14.6 1.1
-15.8 -14 2.5
-11.6 -18.6 3.7
-12 -18.4 0.7
-15.8 -14 2.9
-11.8 -18.8 1.3
-17.8 -17 5.1
-12.2 -18.6 0.5
-18 -17.2 4.9
-13.4 -14.6 1.3
-12 -18.8 0.9
-12.4 -18 0.1
-11.6 -18.8 1.9
-12.4 -17.4 5.3
-16.6 -19.8 0.1
-12.2 -17.4 0.3
-17.6 -18.4 0.1
-15.6 -14 2.1
-11.8 -18 0.9
-11.6 -18.4 1.5
-13.6 -14.2 2.7
-11.6 -18.8 3.5
-15.6 -14 3.3
-13.2 -14.4 2.5
-18.2 -16.8 0.9
-18 -18.2 0.5
-12.4 -17.2 0.1
-13.6 -14.2 2.5
-11.6 -16.6 1.7
-11.6 -18.4 3.9
-13.6 -14.2 2.9
-11.8 -17.2 0.9
-17 -15.8 0.1
-12 -16.8 0.7
-11.6 -18 1.3
-17.8 -18.4 0.3
-15.8 -14 2.3
-11.8 -18 4.5
-13.8 -14.4 1.3
-13.4 -14.8 0.9
-17.8 -16.4 0.5
-12.2 -18 0.3
-15.8 -14 3.1
-12.2 -16.6 0.5
-13.8 -14.6 0.9
-13.6 -14.4 1.5
-18.2 -17.6 0.7
-13.2 -14.8 1.1
-13.8 -14.2 1.9
-14.4 -14 2.1
-17.6 -16.8 0.1
-18 -17 0.5
-18 -17 0.5
-11.6 -16.8 1.5
-18.2 -16.2 1.3
-11.8 -16.4 1.3
-11.6 -17.2 1.3
-18.2 -17.8 0.7
-14.4 -14 3.3
-12 -16.4 0.9
-11.8 -18.6 1.1
-12.2 -17.2 0.3
-11.6 -16.4 1.9
-13.2 -14.4 2.3
-12.6 -18 5.5
-18.2 -17.4 0.7
-18.2 -17.4 0.7
-11.6 -16.8 3.9
-13.2 -14.8 4.3
-13.2 -14.6 1.5
-13.6 -14.2 2.3
-18 -16.2 0.9
-14.6 -14 1.9
-11.8 -16.4 4.1
-12.4 -18.2 0.1
-11.6 -16.4 3.5
-11.6 -17.2 4.1
-17.8 -16.8 0.3
-12.2 -16.6 4.9
-13.6 -14.2 3.1
-18.2 -16.4 1.1
-17.2 -16 0.1
-14.6 -14 3.5
-11.8 -18.2 0.9
-12.6 -17.2 5.5
-12.4 -18.8 0.3
-13.6 -14.8 0.7
-17.2 -16.4 5.5
-12.4 -17 0.1
-11.6 -18.2 1.3
-11.8 -16.6 1.1
-12 -17.4 0.5
-16 -14 2.7
-15.8 -14 2.1
-12.2 -18.2 0.3
-11.8 -17 0.9
-13.4 -14.4 1.7
-18.2 -17.2 0.7
-18.2 -17.2 0.7
-15.6 -14 1.9
-18.8 -17.6 2.7
-13.6 -14.8 4.7
-15.8 -14 3.3
-18 -18.4 0.5
-16 -14 2.5
-16 -14 2.9
-12 -18.6 0.7
-18.8 -17.8 2.7
-18.8 -17.6 2.5
-16.4 -20 0.1
-11.6 -17 1.3
-13.2 -14.4 2.1
-12 -18 0.5
-18.8 -17.8 2.5
-12.2 -17 0.3
-12.6 -16.4 0.1
-11.6 -18.8 1.7
-17.6 -18.6 0.1
-18.8 -17.8 2.9
-18.2 -17.2 4.7
-11.6 -18.6 1.5
-13.6 -14.2 2.1
-12.4 -16.4 0.3
-13.6 -14.2 3.3
-14.4 -14 1.9
-11.6 -18.8 3.7
-18 -16.4 0.7
-12 -17.2 0.5
-12.2 -18.8 0.5
-18 -16.8 0.5
-11.6 -18.6 3.9
-18.2 -16.6 0.9
-14.4 -14 3.5
-16 -14 2.3
-18.8 -18 2.7
-16.4 -20 5.3
-17.8 -18.6 0.3
-12 -18 4.9
-17 -18 5.9
-16 -14 3.1
-18.8 -17.6 2.3
-12 -16.6 0.7
-12.4 -18.4 0.1
-12.6 -16.4 5.3
-18.8 -18 2.5
-13.8 -14.2 1.7
-18.8 -18 2.9
-11.8 -18.4 0.9
-18.8 -17.8 2.3
-17.6 -16.2 0.3
-18.8 -17.8 3.1
-17.6 -16.6 0.1
-17.8 -17.6 0.1
-17.4 -16.2 0.1
-11.6 -16.6 1.5
-16.8 -15.8 5.5
-18.2 -17 0.7
-18.2 -17 0.7
-11.6 -16.4 1.7
-17.8 -17.8 0.1
-13.8 -14.8 0.5
-14.6 -14 1.7
-11.6 -18.4 1.3
-11.8 -18.4 4.5
-12 -18.2 0.5
-17.8 -17.4 0.1
-17.8 -17.4 0.1
-11.6 -16.4 3.7
-12.2 -18.4 0.3
-12.4 -16.8 0.1
-15.8 -14 1.9
-17.8 -16.6 0.3
-12.2 -16.4 0.5
-14.6 -14 3.7
-11.8 -18.8 1.1
-11.8 -16.8 0.9
-18.2 -17 4.7
-18.2 -17 4.7
-18.8 -18 2.3
-13.4 -14.6 1.1
-16.8 -20 0.3
-15.8 -14 3.5
-11.6 -18.4 4.1
-18.8 -18 3.1
-11.6 -17.4 1.1
-13.8 -14.8 4.9
-18.8 -18.2 2.7
-12 -17 0.5
-16 -14 2.1
-13.6 -14.4 1.3
-17.8 -16.2 0.5
-13.2 -14.4 1.9
-17.6 -17.8 5.5
-18 -17.6 0.3
-13.4 -14.2 2.7
-11.6 -16.8 1.3
-11.8 -16.8 4.5
-18.8 -17.6 2.1
-13.6 -14.6 0.9
-16 -14 3.3
-13.6 -14.2 1.9
-15.6 -14 1.7
-12.2 -16.8 0.3
-18.8 -18.2 2.5
-17.6 -17.4 5.5
-18 -18.6 0.5
-18.8 -18.2 2.9
-18 -17.8 0.3
-18.8 -17.8 2.1
-16.8 -19.8 0.1
-13.4 -14.2 2.5
-17.8 -17.2 0.1
-17.8 -17.2 0.1
-13.6 -14.2 3.5
-11.6 -18 1.1
-13.4 -14.2 2.9
-13.8 -14.4 1.1
-13.2 -14.6 1.3
-11.6 -16.8 4.1
-18 -17.4 0.3
-18 -17.4 0.3
-18.8 -17.8 3.3
-11.8 -17.4 0.7
-18.2 -16.2 1.1
-11.8 -16.4 1.1
-13.4 -14.4 1.5
-11.6 -17.2 1.1
-12 -18.8 0.7
-14.4 -14 1.7
-18.8 -18.2 2.3
-11.8 -18 0.7
-18.8 -18 2.1
-11.8 -16.4 4.3
-18.8 -18.2 3.1
-18 -16.6 0.5
-13.2 -14.8 0.9
-14.4 -14 3.7
-11.6 -17.2 4.3
-13.4 -14.2 2.3
-11.6 -18.8 1.5
-12.4 -18.6 0.1
-18.2 -16.8 0.7
-13.4 -14.2 3.1
-12 -18.4 0.5
-17.8 -18.2 0.1
-17.4 -17.8 5.7
-11.8 -18.6 0.9
-18 -17.2 0.3
-18 -17.2 0.3
-11.8 -17.2 0.7
-14.8 -14 1.5
-11.6 -18.8 3.9
-13.4 -14.8 0.7
-11.8 -18 4.7
-13.2 -14.8 4.5
-13.8 -14.6 0.7
-11.6 -18.2 1.1
-18.2 -16.4 0.9
-18.8 -18.4 2.7
-11.6 -18.6 1.3
-17.8 -17 0.1
-17.8 -17 0.1
-17.2 -15.8 0.1
-12.2 -18.6 0.3
-12 -16.4 0.7
-16 -14 1.9
-15.4 -14 1.5
-13.8 -14.2 1.5
-14.8 -13.8 2.7
-18 -17.2 5.1
-12 -16.8 0.5
-15.8 -14 1.7
-16.6 -20 0.1
-18.8 -17.6 1.9
-18.8 -18.4 2.5
-12.4 -16.6 0.1
-18.8 -18.4 2.9
-16 -14 3.5
-18 -16.2 0.7
-11.6 -18.6 4.1
-11.6 -17 1.1
-17.6 -16.4 0.1
-14.8 -13.8 2.5
-18.2 -17.6 0.5
-18.8 -17.8 1.9
-11.8 -16.6 0.9
-11.6 -16.4 1.5
-15.8 -14 3.7
-14.8 -13.8 2.9
-18 -18.2 0.3
-11.8 -18.2 0.7
-18.8 -18.2 2.1
-14.6 -14 1.5
-18.2 -17.8 0.5
-18.8 -17.8 3.5
-17.8 -17 5.3
-13.2 -14.4 1.7
-18.8 -18.2 3.3
-13.4 -14.2 2.1
-11.6 -16.4 3.9
-18.2 -17.4 0.5
-18.2 -17.4 0.5
-13.6 -14.2 1.7
-16.6 -15.8 5.7
-12.2 -17.4 0.1
-13.4 -14.2 3.3
-17.8 -16.4 0.3
-11.6 -16.6 1.3
-14.6 -14 3.9
-12.2 -16.6 0.3
-18 -17 0.3
-18 -17 0.3
-18.8 -18.4 2.3
-11.8 -17 0.7
-18.8 -18.4 3.1
-18.8 -18 1.9
-14.8 -13.8 2.3
-13.6 -14.8 0.5
-16.8 -16.4 5.9
-14.8 -13.8 3.1
-17.8 -18.4 0.1
-15.6 -14 1.5
-12.4 -17.4 5.5
-12.2 -18 0.1
-12.2 -16.6 5.1
-18.2 -17.2 0.5
-18.2 -17.2 0.5
-11.6 -18.4 1.1
-12.2 -17.2 0.1
-13.6 -14.8 4.9
-12 -18.6 0.5
-15.6 -13.8 2.7
-18.2 -16.6 0.7
-17.8 -16.8 0.1
-14.4 -14 1.5
-12 -17.4 0.3
-11.6 -18.4 4.3
-15.6 -13.8 2.5
-16.4 -14 2.7
-15.6 -13.8 2.9
-18.2 -17.2 4.9
-13.6 -14.4 1.1
-12.4 -18.8 0.1
-18 -18.4 0.3
-14.4 -14 3.9
-11.8 -18.4 0.7
-18.8 -18.4 2.1
-11.6 -16.8 1.1
-18 -16.4 0.5
-16.4 -14 2.5
-13.4 -14.4 1.3
-18.8 -18.2 1.9
-16.4 -14 2.9
-11.8 -18.8 0.9
-18.8 -18.4 3.3
-14.8 -13.8 2.1
-16 -14 1.7
-13.4 -14.6 0.9
-14.4 -13.8 2.7
-13.4 -14.2 1.9
-18.8 -18.2 3.5
-12 -18 0.3
-11.6 -17.4 0.9
-18.8 -17.6 1.7
-14.8 -13.8 3.3
-12.2 -18.2 0.1
-13.2 -14.6 1.1
-12 -16.6 0.5
-16 -14 3.7
-13.4 -14.2 3.5
-14.4 -13.8 2.5
-11.8 -18.4 4.7
-18.8 -17.8 1.7
-14.4 -13.8 2.9
-11.6 -18.8 1.3
-15.6 -13.8 2.3
-12.6 -18 5.7
-12 -17.2 0.3
-12.2 -18.8 0.3
-15.4 -13.8 2.1
-18 -16.8 0.3
-15.6 -13.8 3.1
-11.8 -16.8 0.7
-18.8 -17.8 3.7
-18.2 -17 0.5
-18.2 -17 0.5
-14.8 -14 1.3
-15.8 -14 1.5
-16.4 -14 2.3
-12.2 -17 0.1
-11.6 -18 0.9
-13.8 -14.4 0.9
-11.6 -18.8 4.1
-16.4 -14 3.1
-12.6 -17.2 5.7
-13.2 -14.2 2.5
-12.4 -16.4 0.1
-14.6 -13.8 2.1
-15.8 -14 3.9
-18.2 -16.2 0.9
-11.8 -16.4 0.9
-13.6 -14.6 0.7
-11.8 -16.8 4.7
-11.6 -17.2 0.9
-18.8 -18 1.7
-14.4 -13.8 2.3
-15.4 -14 1.3
-13.8 -14.2 1.3
-13.2 -14.4 1.5
-18.2 -17 4.9
-18.2 -17 4.9
-17.8 -18.6 0.1
-14.4 -13.8 3.1
-13.6 -14.2 1.5
-13.8 -14.8 0.3
-12 -18.2 0.3
-11.6 -16.4 1.3
-11.8 -16.4 4.5
-11.6 -17.2 4.5
-17.6 -16.2 0.1
-12.2 -16.4 0.3
-11.6 -18.6 1.1
-14.6 -14 1.3
-13.2 -14.2 2.3
-18.8 -18.4 1.9
-15.6 -13.8 2.1
-11.6 -16.4 4.1
-11.8 -17.4 0.5
-13.8 -14.8 5.1
-15.6 -13.8 3.3
-14.8 -13.8 1.9
-12 -17 0.3
-14.6 -14 4.1
-12.6 -16.4 5.5
-18.8 -18.4 3.5
-11.6 -18.6 4.3
-13.2 -14.8 0.7
-17.8 -16.2 0.3
-11.6 -18.2 0.9
-12.2 -18.4 0.1
-16.4 -14 2.1
-17.8 -16.6 0.1
-14.8 -13.8 3.5
-16.4 -14 3.3
-18 -18.6 0.3
-11.8 -18.6 0.7
-16.8 -20 0.1
-12 -18.8 0.5
-18.8 -18.2 1.7
-15.6 -14 1.3
-15.4 -13.8 1.9
-11.6 -16.6 1.1
-14.4 -13.8 2.1
-11.8 -18 0.5
-13.2 -14.8 4.7
-11.6 -17 0.9
-13.4 -14.2 1.7
-18.2 -16.4 0.7
-14.4 -13.8 3.3
-18 -17.6 0.1
-18.8 -18.2 3.7
-18.2 -16.8 0.5
-12.2 -16.8 0.1
-13.4 -14.2 3.7
-18 -17.8 0.1
-11.8 -17.2 0.5
-16.8 -15.8 5.7
-14.6 -13.8 1.9
-13.4 -14.8 0.5
-13.2 -14.2 2.1
-18 -17.4 0.1
-18 -17.4 0.1
-11.8 -18 4.9
-16 -14 1.5
-13.8 -14.6 0.5
-18 -16.6 0.3
-14.4 -14 1.3
-11.8 -16.6 0.7
-18.8 -17.6 1.5
-12 -18.4 0.3
-12 -16.4 0.5
-16 -14 3.9
-18.8 -17.8 1.5
-14.4 -14 4.1
-16 -13.8 2.7
-18 -16.2 0.5
-18.8 -17.8 3.9
-15.6 -13.8 1.9
-17.6 -17.8 5.7
-11.8 -18.2 0.5
-16 -13.8 2.5
-11.6 -18.4 0.9
-16 -13.8 2.9
-15.6 -13.8 3.5
-18 -17.2 0.1
-18 -17.2 0.1
-17.6 -17.4 5.7
-16.4 -14 1.9
-12 -16.8 0.3
-13.4 -14.4 1.1
-19 -17.6 2.7
-18.8 -18 1.5
-16.4 -14 3.5
-18.2 -17.6 0.3
-19 -17.8 2.7
-18.8 -18.4 1.7
-15.8 -14 1.3
-19 -17.6 2.5
-11.8 -17 0.5
-11.6 -18.4 4.5
-19 -17.6 2.9
-14.4 -13.8 1.9
-18.2 -17.8 0.3
-14.8 -13.8 1.7
-12.2 -18.6 0.1
-13.6 -14.4 0.9
-19 -17.8 2.5
-18.8 -18.4 3.7
-19 -17.8 2.9
-11.6 -18.8 1.1
-11.6 -16.8 0.9
-18.2 -17.4 0.3
-18.2 -17.4 0.3
-18 -17.2 5.3
-14.4 -13.8 3.5
-15.8 -14 4.1
-16 -13.8 2.3
-14.8 -13.8 3.7
-16 -13.8 3.1
-13.2 -14.4 1.3
-14.8 -14 1.1
-18 -18.2 0.1
-13.6 -14.2 1.3
-13.2 -14.6 0.9
-15.4 -13.8 1.7
-13.2 -14.2 1.9
-11.6 -18.8 4.3
-19 -18 2.7
-13.6 -14.8 0.3
-19 -17.6 2.3
-19 -17.6 3.1
-11.8 -18.8 0.7
-17.8 -16.4 0.1
-18.2 -16.6 0.5
-19 -18 2.5
-19 -18 2.9
-15.4 -14 1.1
-13.8 -14.2 1.1
-13.4 -14.6 0.7
-19 -17.8 2.3
-12.2 -16.6 0.1
-14.6 -13.8 1.7
-11.6 -17.4 0.7
-18 -17 0.1
-18 -17 0.1
-19 -17.8 3.1
-18.8 -18.2 1.5
-18.2 -17.2 0.3
-18.2 -17.2 0.3
-17.4 -17.8 5.9
-13.4 -14.2 1.5
-11.6 -16.4 1.1
-17.8 -17 5.5
-11.8 -18.4 0.5
-12 -18.6 0.3
-18.8 -18.2 3.9
-14.6 -14 1.1
-13.4 -14.2 3.9
-11.6 -18 0.7
-12.2 -16.6 5.3
-13.8 -14.4 0.7
-16 -13.8 2.1
-11.6 -16.4 4.3
-19 -18 2.3
-17 -14.2 2.1
-18.2 -17.2 5.1
-16 -13.8 3.3
-19 -18 3.1
-14.6 -14 4.3
-15.6 -13.8 1.7
-18 -16.4 0.3
-18.2 -16.2 0.7
-11.8 -16.4 0.7
-11.6 -18.6 0.9
-19 -18.2 2.7
-11.6 -17.2 0.7
-11.8 -16.8 0.5
-15.6 -13.8 3.7
-16.4 -14 1.7
-12 -17.4 0.1
-19 -17.6 2.1
-19 -18.2 2.5
-15.6 -14 1.1
-12 -16.6 0.3
-19 -18.2 2.9
-19 -17.6 3.3
-16 -14 1.3
-19 -17.8 2.1
-16.4 -14 3.7
-18 -18.4 0.1
-11.6 -18.6 4.5
-18.8 -17.6 1.3
-11.8 -16.4 4.7
-11.6 -17.2 4.7
-19 -17.8 3.3
-13.6 -14.6 0.5
-14.4 -13.8 1.7
-18.8 -17.8 1.3
-18.2 -17 0.3
-18.2 -17 0.3
-16 -14 4.1
-12 -18 0.1
-14.4 -13.8 3.7
-11.6 -16.6 0.9
-14.4 -14 1.1
-11.6 -18.2 0.7
-18.8 -18.4 1.5
-18.8 -17.8 4.1
-19 -18.2 2.3
-13.2 -14.2 1.7
-12 -17.2 0.1
-12.2 -18.8 0.1
-19 -18 2.1
-18 -16.8 0.1
-14.8 -13.8 1.5
-19 -18.2 3.1
-19 -18 3.3
-18.8 -18.4 3.9
-18.2 -17 5.1
-18.2 -17 5.1
-14.4 -14 4.3
-18.8 -18 1.3
-14.8 -13.8 3.9
-11.6 -17 0.7
-13.2 -14.8 0.5
-16 -13.8 1.9
-15.4 -13.8 1.5
-17 -14.2 1.9
-11.8 -18.6 0.5
-16 -13.8 3.5
-13.8 -14.8 0.1
-11.8 -17.4 0.3
-12 -18.2 0.1
-13.2 -14.8 4.9
-18.2 -16.4 0.5
-14.6 -13.8 1.5
-15.8 -14 1.1
-19 -17.6 1.9
-12.2 -16.4 0.1
-14.8 -13.6 2.7
-19 -17.8 1.9
-12 -18.8 0.3
-19 -18.2 2.1
-13.4 -14.4 0.9
-14.8 -13.6 2.5
-19 -17.8 3.5
-14.8 -13.6 2.9
-11.8 -18 0.3
-19 -18.2 3.3
-12 -17 0.1
-13.2 -14.4 1.1
-13.8 -14.8 5.3
-17.8 -16.2 0.1
-11.8 -16.6 0.5
-15.4 -13.6 2.7
-18.8 -18.2 1.3
-18.2 -16.8 0.3
-13.6 -14.2 1.1
-12.6 -18 5.9
-11.6 -18.4 0.7
-18 -18.6 0.1
-13.4 -14.2 1.3
-11.8 -17.2 0.3
-15.6 -13.8 1.5
-11.6 -18.8 0.9
-15.4 -13.6 2.5
-15.4 -13.6 2.9
-13.4 -14.8 0.3
-19 -18 1.9
-18.8 -18.2 4.1
-11.8 -18 5.1
-13.8 -14.6 0.3
-14.6 -13.6 2.7
-16.4 -14 1.5
-14.8 -14 0.9
-13.4 -14.2 4.1
-19 -18 3.5
-16.2 -14 1.3
-14.8 -13.6 2.3
-11.6 -18.4 4.7
-14.8 -13.6 3.1
-11.6 -18.8 4.5
-12 -16.4 0.3
-14.6 -13.6 2.5
-13.6 -14.4 0.7
-14.6 -13.6 2.9
-16.4 -14 3.9
-11.6 -16.8 0.7
-14.4 -13.8 1.5
-18 -16.2 0.3
-15.4 -14 0.9
-13.8 -14.2 0.9
-18 -16.6 0.1
-12.6 -16.4 5.7
-15.4 -13.6 2.3
-13.2 -14.6 0.7
-11.8 -18.2 0.3
-15.4 -13.6 3.1
-12 -18.4 0.1
-14.4 -13.8 3.9
-16.4 -13.8 2.5
-15.6 -13.6 2.7
-11.6 -16.4 0.9
-16 -13.8 1.7
-13.2 -14.2 1.5
-17.2 -14.2 2.3
-14.6 -14 0.9
-17 -14.2 1.7
-14.6 -13.6 2.3
-15.6 -13.6 2.5
-15.6 -13.6 2.9
-14.6 -13.6 3.1
-19 -18.2 1.9
-16 -13.8 3.7
-11.8 -17 0.3
-11.6 -16.4 4.5
-16 -14 1.1
-19 -18.2 3.5
-16.2 -13.8 1.9
-18.8 -18.4 1.3
-19 -17.6 1.7
-12 -16.8 0.1
-14.6 -14 4.5
-18.8 -17.6 1.1
-14.8 -13.6 2.1
-14.4 -13.6 2.7
-11.8 -18.8 0.5
-14.8 -13.8 1.3
-15.8 -13.8 1.5
-19 -17.8 1.7
-16.4 -13.8 2.3
-14.8 -13.6 3.3
-18.8 -17.8 1.1
-13.4 -14.6 0.5
-18.2 -17.6 0.1
-16 -14 4.3
-11.6 -17.4 0.5
-18.8 -18.4 4.1
-14.4 -13.6 2.5
-15.6 -14 0.9
-14.4 -13.6 2.9
-19 -17.8 3.7
-18.2 -17.8 0.1
-15.6 -13.6 2.3
-14.8 -13.8 4.1
-15.4 -13.6 2.1
-15.6 -13.6 3.1
-18.2 -17.4 0.1
-18.2 -17.4 0.1
-18.8 -17.8 4.3
-15.4 -13.8 1.3
-16.8 -15.8 5.9
-11.6 -18.6 0.7
-15.4 -13.6 3.3
-18.2 -16.6 0.3
-11.6 -18 0.5
-17.2 -14.2 2.1
-13.8 -14.4 0.5
-19 -18 1.7
-18.8 -18 1.1
-14.6 -13.6 2.1
-14.4 -14 0.9
-13.6 -14.8 0.1
-14.6 -13.8 1.3
-11.8 -18.4 0.3
-14.4 -13.6 2.3
-14.6 -13.6 3.3
-19 -18 3.7
-18.2 -16.2 0.5
-11.8 -16.4 0.5
-18 -17.2 5.5
-15.8 -13.6 2.7
-11.6 -17.2 0.5
-14.4 -13.6 3.1
-15.8 -13.6 2.5
-15.8 -13.6 2.9
-11.6 -16.6 0.7
-18.2 -17.2 0.1
-18.2 -17.2 0.1
-16.4 -13.8 2.1
-12 -18.6 0.1
-11.8 -16.4 4.9
-11.6 -17.2 4.9
-15.6 -13.6 2.1
-11.8 -16.8 0.3
-15.6 -13.8 1.3
-15.6 -13.6 3.3
-14.8 -13.6 1.9
-14.8 -13.6 3.5
-11.6 -18.2 0.5
-16.4 -14 1.3
-15.8 -14 0.9
-19 -18.2 1.7
-18.8 -18.2 1.1
-18 -16.4 0.1
-15.8 -13.6 2.3
-13.6 -14.6 0.3
-15.8 -13.6 3.1
-13.4 -14.2 1.1
-16.2 -13.8 1.7
-15.4 -13.6 1.9
-19 -18.2 3.7
-14.4 -13.6 2.1
-16 -13.8 1.5
-16.4 -14 4.1
-17 -14 2.7
-14.4 -13.8 1.3
-12 -16.6 0.1
-17 -14.2 1.5
-14.4 -13.6 3.3
-15.4 -13.6 3.5
-18.8 -18.2 4.3
-13.2 -14.4 0.9
-11.6 -17 0.5
-13.4 -14.2 4.3
-17.2 -14.2 1.9
-17 -14 2.5
-16.2 -14 1.1
-16 -13.8 3.9
-13.6 -14.2 0.9
-17 -14 2.9
-14.6 -13.6 1.9
-14.4 -13.8 4.1
-18.2 -17 0.1
-18.2 -17 0.1
-19 -17.6 1.5
-13.4 -14.4 0.7
-13.2 -14.2 1.3
-14.6 -13.6 3.5
-19 -17.8 1.5
-13.2 -14.8 0.3
-16.4 -13.8 1.9
-19 -17.8 3.9
-11.8 -18.6 0.3
-16 -13.6 2.7
-11.6 -18.8 0.7
-17 -14 2.3
-15.8 -13.6 2.1
-18.2 -17 5.3
-18.2 -17 5.3
-15.8 -13.8 1.3
-17 -14 3.1
-15.6 -13.6 1.9
-15.8 -13.6 3.3
-18.2 -16.4 0.3
-16 -13.6 2.5
-14.8 -14 0.7
-13.2 -14.8 5.1
-16 -13.6 2.9
-15.6 -13.6 3.5
-19 -18 1.5
-11.6 -18.4 0.5
-11.6 -18.8 4.7
-18.8 -18.4 1.1
-19 -18 3.9
-14.8 -13.8 1.1
-11.8 -17.4 0.1
-15.4 -14 0.7
-13.8 -14.2 0.7
-11.8 -16.6 0.3
-14.4 -13.6 1.9
-14.8 -13.6 1.7
-18.8 -18.4 4.3
-16 -14 0.9
-11.6 -18.4 4.9
-14.4 -13.6 3.5
-19.2 -17.8 2.7
-13.6 -14.4 0.5
-16 -13.6 2.3
-11.6 -16.4 0.7
-14.8 -13.8 4.3
-12 -18.8 0.1
-18.8 -17.6 0.9
-11.6 -16.8 0.5
-16 -13.6 3.1
-15.4 -13.8 1.1
-14.6 -14 0.7
-11.8 -18 0.1
-19.2 -17.8 2.5
-18.8 -17.8 0.9
-19.2 -17.8 2.9
-15.4 -13.6 1.7
-17 -14 2.1
-17.4 -14.2 2.5
-18.2 -16.8 0.1
-16 -14 4.5
-13.2 -14.6 0.5
-17 -14 3.3
-11.6 -16.4 4.7
-15.4 -13.6 3.7
-11.8 -17.2 0.1
-14.6 -13.8 1.1
-19 -18.2 1.5
-17.2 -14.2 1.7
-14.6 -14 4.7
-13.4 -14.8 0.1
-14.6 -13.6 1.7
-16.2 -13.8 1.5
-13.8 -14.6 0.1
-13.8 -14.8 5.5
-11.8 -18 5.3
-19 -18.2 3.9
-15.8 -13.6 1.9
-15.6 -14 0.7
-14.6 -13.6 3.7
-18.8 -18 0.9
-19.2 -17.8 2.3
-12 -16.4 0.1
-15.8 -13.6 3.5
-19.2 -17.8 3.1
-17.4 -14.2 2.3
-15.4 -21.8 2.7
-16.4 -13.8 1.7
-18 -16.2 0.1
-16 -13.6 2.1
-15.6 -13.8 1.1
-16 -13.8 1.3
-15.4 -21.8 2.5
-16 -13.6 3.3
-11.8 -18.2 0.1
-17 -14.2 1.3
-15.4 -21.8 2.9
-15.6 -13.6 1.7
-15.2 -21.8 2.3
-14.4 -14 0.7
-16.4 -14 1.1
-11.6 -18.6 0.5
-15.6 -13.6 3.7
-16 -13.8 4.1
-11.8 -18.8 0.3
-13.4 -14.6 0.3
-19 -17.6 1.3
-11.6 -17.4 0.3
-19.2 -18.2 2.7
-11.8 -17 0.1
-16.4 -14 4.3
-14.4 -13.8 1.1
-19 -17.8 1.3
-14.4 -13.6 1.7
-17 -14 1.9
-19.2 -18.2 2.5
-18.8 -18.2 0.9
-15.4 -21.8 2.3
-19.2 -18.2 2.9
-19.2 -17.8 2.1
-15.4 -21.8 3.1
-13.4 -14.2 0.9
-17 -14 3.5
-14.4 -13.8 4.3
-19 -17.8 4.1
-14.4 -13.6 3.7
-17.4 -14.2 2.1
-15.6 -21.8 2.7
-19.2 -17.8 3.3
-11.6 -18 0.3
-13.2 -14.2 1.1
-13.8 -14.4 0.3
-11.6 -16.6 0.5
-18.8 -18.2 4.5
-15.6 -21.8 2.5
-15.8 -14 0.7
-14.8 -13.6 1.5
-15.6 -21.8 2.9
-16.2 -14 0.9
-19 -18 1.3
-18.2 -16.2 0.3
-11.8 -16.4 0.3
-13.4 -14.2 4.5
-11.6 -17.2 0.3
-16.2 -13.6 2.3
-15.2 -21.8 2.1
-18.2 -16.6 0.1
-19.2 -18.2 2.3
-19.2 -18 2.1
-19.2 -18.2 3.1
-15.8 -13.8 1.1
-19 -18 4.1
-16 -13.6 1.9
-13.2 -14.4 0.7
-15.4 -13.6 1.5
-15.8 -13.6 1.7
-11.8 -18.4 0.1
-13.6 -14.2 0.7
-16 -13.6 3.5
-11.8 -16.4 5.1
-15.6 -21.8 2.3
-15.4 -13.6 3.9
-17.2 -14 2.7
-15.8 -13.6 3.7
-17.2 -14.2 1.5
-15.4 -21.8 2.1
-15.6 -21.8 3.1
-14.6 -13.6 1.5
-15.4 -21.8 3.3
-19.2 -18.4 2.7
-17.2 -14 2.5
-11.6 -18.2 0.3
-17.2 -14 2.9
-14.6 -13.6 3.9
-11.8 -16.8 0.1
-19.2 -18.4 2.5
-18.8 -18.4 0.9
-19 -18.2 1.3
-13.4 -14.4 0.5
-16.4 -13.8 1.5
-16.2 -13.6 2.1
-19.2 -17.8 1.9
-14.8 -13.8 0.9
-15.8 -21.8 2.7
-16.2 -13.8 1.3
-11.6 -17 0.3
-17.4 -14.2 1.9
-19.2 -18.2 2.1
-19.2 -17.8 3.5
-19 -18.2 4.1
-13.6 -14.6 0.1
-15.6 -13.6 1.5
-19.2 -18.2 3.3
-15.8 -21.8 2.5
-18 -17.2 5.7
-15.8 -21.8 2.9
-17.2 -14 2.3
-17 -14 1.7
-11.6 -18.8 0.5
-14.8 -13.8 4.5
-17.2 -14 3.1
-15.4 -13.8 0.9
-15.2 -21.8 1.9
-15.6 -13.6 3.9
-15.4 -13.4 2.7
-19.2 -18.4 2.3
-17 -21.4 2.7
-15.6 -21.8 2.1
-17 -14 3.7
-14.8 -14 0.5
-19.2 -18 1.9
-15.6 -21.8 3.3
-16 -14 0.7
-15.4 -13.4 2.5
-17 -21.4 2.5
-15.4 -13.4 2.9
-17 -21.4 2.9
-14.6 -13.8 0.9
-14.4 -13.6 1.5
-11.6 -18.8 4.9
-18.8 -17.6 0.7
-15.8 -21.8 2.3
-15.4 -14 0.5
-18.8 -17.8 0.7
-13.8 -14.2 0.5
-15.8 -21.8 3.1
-13.2 -14.8 0.1
-14.4 -13.6 3.9
-15.4 -21.8 1.9
-16 -13.8 1.1
-17 -14.2 1.1
-16 -14 4.7
-11.6 -18.4 0.3
-16 -13.6 1.7
-15.4 -21.8 3.5
-11.8 -18.6 0.1
-11.6 -16.4 0.5
-14.6 -14 0.5
-15.4 -13.4 2.3
-17 -21.4 2.3
-16 -13.8 4.3
-16 -13.6 3.7
-19 -18.4 1.3
-17.2 -14 2.1
-15.6 -13.8 0.9
-19 -17.6 1.1
-15.4 -13.4 3.1
-17 -21.4 3.1
-18.2 -16.4 0.1
-13.2 -14.8 5.3
-17.2 -14 3.3
-15.6 -13.4 2.7
-15.6 -13.4 2.7
-16.2 -13.6 1.9
-18.8 -18 0.7
-19 -17.8 1.1
-19.2 -18.4 2.1
-13.6 -14.4 0.3
-11.6 -18.4 5.1
-19.2 -18.2 1.9
-16.4 -14 0.9
-14.8 -13.6 1.3
-15.8 -13.6 1.5
-11.6 -16.8 0.3
-15.6 -13.4 2.5
-15.6 -13.4 2.5
-15.6 -13.4 2.9
-14.6 -14 4.9
-18.2 -17 5.5
-19.2 -18.2 3.5
-11.8 -16.6 0.1
-19 -17.8 4.3
-15.8 -13.6 3.9
-16 -21.8 2.7
-13.2 -14.6 0.3
-15.8 -21.8 2.1
-14.4 -13.8 0.9
-15.6 -14 0.5
-19.2 -17.8 1.7
-16.4 -14 4.5
-15.6 -21.8 1.9
-15.4 -13.6 1.3
-17.4 -14.2 1.7
-15.8 -21.8 3.3
-16 -21.8 2.5
-19 -18 1.1
-16 -21.8 2.9
-19.2 -17.8 3.7
-15.6 -21.8 3.5
-14.4 -13.8 4.5
-15.4 -13.6 4.1
-17.2 -14.2 1.3
-15.6 -13.4 2.3
-15.6 -13.4 2.3
-13.2 -14.2 0.9
-15.2 -21.8 1.7
-14.6 -13.6 1.3
-15.4 -13.4 2.1
-17 -21.4 2.1
-15.6 -13.4 3.1
-19 -18 4.3
-14.4 -14 0.5
-15.4 -13.4 3.3
-17 -21.4 3.3
-19.2 -18 1.7
-18.8 -18.2 0.7
-14.6 -13.6 4.1
-13.4 -14.2 0.7
-17 -14 1.5
-12 -14.6 2.7
-16 -21.8 2.3
-16.4 -13.8 1.3
-16 -21.8 3.1
-15.8 -13.8 0.9
-17.2 -14 1.9
-12 -14.6 2.5
-15.8 -13.4 2.7
-15.8 -13.4 2.7
-18.8 -18.2 4.7
-15.4 -21.8 1.7
-12 -14.6 2.9
-16.2 -14 0.7
-11.6 -18.6 0.3
-15.6 -13.6 1.3
-17.2 -14 3.5
-13.4 -14.2 4.7
-19.2 -18.4 1.9
-17 -13.8 2.7
-15.8 -13.4 2.5
-15.8 -13.4 2.5
-19 -18.2 1.1
-15.8 -13.4 2.9
-15.8 -13.4 2.9
-11.8 -18 5.5
-15.6 -13.6 4.1
-17 -13.8 2.5
-16.2 -13.8 1.1
-17 -13.8 2.9
-15.8 -14 0.5
-15.6 -13.4 2.1
-15.6 -13.4 2.1
-15.8 -21.8 1.9
-16.2 -13.6 1.7
-19 -18.2 4.3
-11.8 -18.8 0.1
-15.6 -13.4 3.3
-16 -13.6 1.5
-12 -14.6 2.3
-19.2 -18.2 1.7
-13.4 -14.6 0.1
-14.4 -13.6 1.3
-15.8 -21.8 3.5
-12 -14.6 3.1
-11.6 -17.4 0.1
-11.6 -16.6 0.3
-19.2 -18.2 3.7
-16 -13.6 3.9
-15.8 -13.4 2.3
-15.8 -13.4 2.3
-13.2 -14.4 0.5
-16 -21.8 2.1
-15.8 -13.4 3.1
-15.8 -13.4 3.1
-14.4 -13.6 4.1
-13.6 -14.2 0.5
-15.4 -13.4 1.9
-17 -21.4 1.9
-16 -21.8 3.3
-15.6 -21.8 1.7
-17 -13.8 2.3
-18.8 -18.4 0.7
-16.6 -13.6 2.7
-17 -13.8 3.1
-15.4 -13.4 3.5
-17 -21.4 3.5
-11.6 -18 0.1
-13.8 -14.4 0.1
-14.8 -13.8 0.7
-15.6 -21.8 3.7
-19.2 -17.6 1.5
-16.2 -21.8 2.7
-16.6 -13.6 2.5
-16.6 -13.6 2.9
-18.2 -16.2 0.1
-11.8 -16.4 0.1
-19.2 -17.8 1.5
-11.6 -17.2 0.1
-17.4 -14 2.7
-16.2 -21.8 2.5
-17.4 -14.2 1.5
-16.2 -21.8 2.9
-15.8 -13.6 1.3
-15.4 -13.8 0.7
-14.8 -13.8 4.7
-19.2 -17.8 3.9
-17.4 -14 2.5
-19 -18.4 1.1
-12 -14.6 2.1
-17.4 -14 2.9
-16 -13.8 0.9
-12 -14.6 3.3
-15.8 -13.6 4.1
-17 -14.2 0.9
-15.2 -21.8 1.5
-16 -13.4 2.7
-16 -13.4 2.7
-17.2 -14 1.7
-15.8 -13.4 2.1
-15.8 -13.4 2.1
-11.8 -16.4 5.3
-16.6 -13.6 2.3
-14.6 -13.8 0.7
-14.8 -13.6 1.1
-15.6 -13.4 1.9
-15.6 -13.4 1.9
-19.2 -18 1.5
-16.6 -13.6 3.1
-15.8 -13.4 3.3
-15.8 -13.4 3.3
-13.4 -14.4 0.3
-16 -13.4 2.5
-16 -13.4 2.5
-19.2 -18.4 1.7
-17.2 -14 3.7
-17 -13.8 2.1
-16 -13.4 2.9
-16 -13.4 2.9
-16.2 -21.8 2.3
-16 -13.8 4.5
-15.6 -13.4 3.5
-19 -17.6 0.9
-11.6 -18.2 0.1
-16.2 -21.8 3.1
-17 -13.8 3.3
-17.4 -14 2.3
-19 -17.8 0.9
-16 -14 0.5
-15.4 -13.6 1.1
-17.4 -14 3.1
-16 -21.8 1.9
-15.4 -21.8 1.5
-11.6 -18.8 0.3
-18.8 -17.6 0.5
-15.8 -21.8 1.7
-16 -21.8 3.5
-18.8 -17.8 0.5
-17.8 -21 2.7
-11.6 -17 0.1
-15.6 -13.8 0.7
-17 -14 1.3
-14.8 -14 0.3
-17.2 -14.2 1.1
-15.8 -21.8 3.7
-19 -17.8 4.5
-16 -13.4 2.3
-16 -13.4 2.3
-14.6 -13.6 1.1
-16 -14 4.9
-17.8 -21 2.5
-16 -13.4 3.1
-16 -13.4 3.1
-19.4 -17.6 2.7
-16.4 -14 0.7
-17.8 -21 2.9
-19 -18 0.9
-11.6 -18.8 5.1
-16.2 -13.6 1.5
-15.4 -13.4 1.7
-17 -21.4 1.7
-19.4 -17.8 2.7
-16.6 -13.6 2.1
-19.4 -17.6 2.5
-19.2 -18.2 1.5
-15.4 -14 0.3
-13.8 -14.2 0.3
-14.6 -13.6 4.3
-19.4 -17.6 2.9
-15.4 -13.4 3.7
-16.6 -13.6 3.3
-17 -21.4 3.7
-14.4 -13.8 0.7
-16.4 -13.8 1.1
-19.4 -17.8 2.5
-18.8 -18 0.5
-16.2 -21.8 2.1
-19.4 -17.8 2.9
-12 -14.6 1.9
-16.4 -14 4.7
-19.2 -18.2 3.9
-19 -18 4.5
-11.6 -16.4 0.3
-16.2 -21.8 3.3
-15.6 -13.6 1.1
-12 -14.6 3.5
-17.4 -14 2.1
-14.6 -14 0.3
-15.6 -21.8 1.5
-16 -13.6 1.3
-15.8 -13.4 1.9
-15.8 -13.4 1.9
-17.8 -21 2.3
-17.4 -14 3.3
-17.8 -21 3.1
-14.4 -13.8 4.7
-19.4 -18 2.7
-13.2 -14.2 0.7
-15.8 -13.4 3.5
-15.8 -13.4 3.5
-17 -13.8 1.9
-11.6 -18.4 0.1
-15.6 -21.8 3.9
-19.4 -17.6 2.3
-15.6 -13.6 4.3
-16 -13.6 4.1
-19.4 -17.6 3.1
-19.4 -18 2.5
-16 -13.4 2.1
-16 -13.4 2.1
-19.4 -18 2.9
-19.4 -17.8 2.3
-14.6 -14 5.1
-19.4 -17.8 3.1
-16 -13.4 3.3
-16 -13.4 3.3
-14.4 -13.6 1.1
-19 -18.2 0.9
-15.6 -13.4 1.7
-15.6 -13.4 1.7
-17.2 -21.4 2.1
-15.4 -22 2.7
-15.6 -14 0.3
-15.8 -13.8 0.7
-16.4 -21.8 2.7
-19.2 -17.6 1.3
-16.2 -13.8 0.9
-13.6 -14.4 0.1
-18 -17.2 5.9
-15.6 -13.4 3.7
-11.6 -18.4 5.3
-15.4 -22 2.5
-16.2 -13.4 2.7
-16.2 -13.4 2.7
-18.8 -18.2 0.5
-11.6 -16.8 0.1
-15.4 -22 2.9
-19.2 -17.8 1.3
-16.4 -21.8 2.5
-16.4 -21.8 2.9
-17.2 -14 1.5
-13.4 -14.2 0.5
-17.4 -14.2 1.3
-16 -21.8 1.7
-19.4 -18 2.3
-16.2 -13.4 2.5
-16.2 -13.4 2.5
-16.2 -13.4 2.9
-13.2 -14.6 0.1
-19.4 -18 3.1
-13.2 -14.8 5.5
-19.2 -18.4 1.5
-17.8 -21 2.1
-16.6 -13.6 1.9
-17.2 -14 3.9
-14.4 -14 0.3
-19.4 -18.2 2.7
-17.8 -21 3.3
-16.2 -14 0.5
-15.2 -21.8 1.3
-16.6 -13.6 3.5
-16.2 -21.8 1.9
-19.4 -17.6 2.1
-16.8 -13.6 2.7
-13.4 -14.2 4.9
-19.4 -18.2 2.5
-15.8 -13.6 1.1
-19.4 -18.2 2.9
-19.2 -18 1.3
-15.4 -22 2.3
-19.4 -17.6 3.3
-15.8 -21.8 1.5
-16.2 -21.8 3.5
-19.4 -17.8 2.1
-16.4 -21.8 2.3
-17.4 -14 1.9
-15.4 -22 3.1
-16.8 -13.6 2.5
-16.4 -21.8 3.1
-16.8 -13.6 2.9
-15.6 -22 2.7
-19.4 -17.8 3.3
-16.2 -13.4 2.3
-16.2 -13.4 2.3
-17.4 -14 3.5
-15.8 -21.8 3.9
-16.2 -13.4 3.1
-15.8 -13.6 4.3
-12 -14.6 1.7
-15.6 -22 2.5
-15.6 -22 2.9
-15.4 -21.8 1.3
-16 -13.4 1.9
-16 -13.4 1.9
-15.4 -13.4 1.5
-17 -21.4 1.5
-12 -14.6 3.7
-15.8 -13.4 1.7
-15.8 -13.4 1.7
-19 -18.4 0.9
-19.4 -18.2 2.3
-16 -13.4 3.5
-16 -13.4 3.5
-19.4 -18 2.1
-15.8 -14 0.3
-17.2 -21.4 1.9
-19.4 -18.2 3.1
-11.6 -18.6 0.1
-15.4 -13.4 3.9
-17 -21.4 3.9
-17 -13.8 1.7
-16.8 -13.6 2.3
-15.8 -13.4 3.7
-15.8 -13.4 3.7
-16.8 -13.6 3.1
-18.8 -18.4 0.5
-14.8 -13.6 0.9
-16.2 -13.6 1.3
-14.8 -13.8 0.5
-15.6 -22 2.3
-19.2 -18.2 1.3
-13.2 -14.4 0.3
-17 -14 1.1
-15.4 -22 2.1
-15.6 -22 3.1
-16 -13.8 0.7
-16.4 -21.8 2.1
-13.6 -14.2 0.3
-17 -14.2 0.7
-17.8 -21 1.9
-15.4 -22 3.3
-19.4 -18.4 2.7
-15.4 -13.6 0.9
-16.4 -21.8 3.3
-16.2 -13.4 2.1
-16.2 -13.4 2.1
-19.2 -18.2 4.1
-17.8 -21 3.5
-15.4 -13.8 0.5
-16.2 -13.4 3.3
-14.8 -13.8 4.9
-15.6 -21.8 1.3
-11.6 -16.6 0.1
-19.4 -17.6 1.9
-19.4 -18.4 2.5
-19.4 -18.4 2.9
-19 -17.6 0.7
-16 -13.8 4.7
-15.6 -13.4 1.5
-15.6 -13.4 1.5
-17.2 -14.2 0.9
-19.4 -17.8 1.9
-19.4 -17.6 3.5
-14.6 -13.6 0.9
-15.8 -22 2.7
-19 -17.8 0.7
-16.6 -13.6 1.7
-19.4 -18.2 2.1
-15.6 -21.8 4.1
-14.6 -13.8 0.5
-19.4 -17.8 3.5
-15.6 -13.4 3.9
-19.4 -18.2 3.3
-15.8 -22 2.5
-12 -14.4 2.7
-16.8 -13.6 2.1
-11.8 -18 5.7
-11.8 -14.6 2.7
-16.2 -21.8 1.7
-16.6 -13.6 3.7
-15.8 -22 2.9
-16 -13.6 1.1
-16 -21.8 1.5
-16.8 -13.6 3.3
-14.6 -13.6 4.5
-12 -14.4 2.5
-17.4 -14 1.7
-19 -17.8 4.7
-16.4 -13.8 0.9
-11.8 -14.6 2.5
-16.2 -21.8 3.7
-12 -14.4 2.9
-19.4 -18.4 2.3
-11.8 -14.6 2.9
-15.6 -22 2.1
-16.4 -13.4 2.7
-16.4 -13.4 2.7
-19.4 -18.4 3.1
-19.4 -18 1.9
-16 -13.6 4.3
-17.4 -21.4 2.7
-15.6 -22 3.3
-15.4 -13.2 2.7
-19 -18 0.7
-17.4 -14 3.7
-15.6 -13.6 0.9
-17.2 -14 1.3
-16.4 -13.4 2.5
-16.4 -13.4 2.5
-15.6 -13.8 0.5
-16.4 -13.4 2.9
-16.4 -13.4 2.9
-17.4 -21.4 2.5
-15.4 -13.2 2.5
-17.4 -21.4 2.9
-16 -13.4 1.7
-16 -13.4 1.7
-15.8 -22 2.3
-15.4 -13.2 2.9
-19.2 -18.4 1.3
-16 -14 0.3
-19.2 -17.6 1.1
-15.8 -22 3.1
-17.2 -14 4.1
-16.4 -14 0.5
-15.4 -22 1.9
-15.6 -13.6 4.5
-19 -18 4.7
-17.2 -21.4 1.7
-18.8 -17.6 0.3
-16 -13.4 3.7
-16 -13.4 3.7
-16.4 -21.8 1.9
-12 -14.4 2.3
-13.4 -14.4 0.1
-19.2 -17.8 1.1
-11.8 -14.6 2.3
-12 -14.6 1.5
-12 -14.4 3.1
-15.4 -22 3.5
-11.8 -14.6 3.1
-17.4 -14.2 1.1
-18.8 -17.8 0.3
-14.4 -13.6 0.9
-16.2 -13.4 1.9
-16.2 -13.4 1.9
-16.4 -21.8 3.5
-15.8 -21.8 1.3
-14.4 -13.8 0.5
-15.8 -13.4 1.5
-15.8 -13.4 1.5
-16.2 -13.4 3.5
-12 -14.6 3.9
-16.4 -13.4 2.3
-16.4 -13.4 2.3
-16 -14 5.1
-17.4 -21.4 2.3
-11.8 -16.4 5.5
-16.4 -13.4 3.1
-16.4 -13.4 3.1
-15.4 -13.2 2.3
-11.6 -18.8 0.1
-17.4 -21.4 3.1
-15.2 -21.8 1.1
-17 -21.6 2.1
-17 -13.8 1.5
-19.4 -18.4 2.1
-15.4 -13.2 3.1
-15.8 -21.8 4.1
-17.8 -21 1.7
-15.8 -13.4 3.9
-15.8 -13.4 3.9
-19.4 -18.2 1.9
-19 -18.2 0.7
-19.4 -18.4 3.3
-19.2 -18 1.1
-14.8 -14 0.1
-13.2 -14.2 0.5
-15.4 -13.4 1.3
-17 -21.4 1.3
-16.8 -13.6 1.9
-17.8 -21 3.7
-14.4 -13.8 4.9
-19.4 -18.2 3.5
-18.8 -18 0.3
-19.4 -17.6 1.7
-16.2 -13.8 0.7
-16.8 -13.6 3.5
-16 -22 2.7
-19.4 -17.8 1.7
-15.8 -22 2.1
-19.4 -17.6 3.7
-11.6 -18.8 5.3
-15.6 -22 1.9
-17 -21.4 4.1
-15.8 -22 3.3
-15.4 -14 0.1
-13.8 -14.2 0.1
-16.4 -13.6 1.3
-15.4 -21.8 1.1
-15.8 -13.6 0.9
-16 -22 2.5
-19.4 -17.8 3.7
-12 -14.4 2.1
-16 -22 2.9
-11.8 -14.6 2.1
-15.6 -22 3.5
-15.8 -13.8 0.5
-12 -14.4 3.3
-11.8 -14.6 3.3
-11.6 -16.4 0.1
-17 -13.6 2.7
-14.6 -14 0.1
-18 -21 2.7
-16.6 -13.6 1.5
-16.4 -13.4 2.1
-16.4 -13.4 2.1
-15.8 -13.6 4.5
-17.4 -21.4 2.1
-19.4 -18 1.7
-15.4 -13.2 2.1
-16.4 -13.4 3.3
-16.4 -13.4 3.3
-17 -13.6 2.5
-16.2 -13.6 1.1
-17 -13.6 2.9
-17.4 -21.4 3.3
-18 -21 2.5
-16.2 -21.8 1.5
-18 -21 2.9
-19.2 -18.2 1.1
-15.6 -13.4 1.3
-15.6 -13.4 1.3
-16 -22 2.3
-18.8 -18.2 0.3
-16 -22 3.1
-17.4 -14 1.5
-16.2 -21.8 3.9
-13.4 -14.2 0.3
-14.6 -14 5.3
-15.4 -22 1.7
-16.4 -21.8 1.7
-15.6 -13.4 4.1
-19.2 -18.2 4.3
-17 -21.6 1.9
-19.4 -18.4 1.9
-17.4 -14 3.9
-15.6 -14 0.1
-15.8 -13.2 2.7
-15.8 -13.2 2.7
-15.6 -21.8 1.1
-19 -18.4 0.7
-16 -21.8 1.3
-15.4 -22 3.7
-16.2 -13.4 1.7
-16.2 -13.4 1.7
-17 -14 0.9
-16.4 -21.8 3.7
-19.4 -18.4 3.5
-17 -13.6 2.3
-17.4 -13.8 2.7
-16 -13.4 1.5
-16 -13.4 1.5
-16.2 -14 0.3
-18 -21 2.3
-15.8 -13.2 2.5
-15.8 -13.2 2.5
-17 -13.6 3.1
-15.8 -13.2 2.9
-15.8 -13.2 2.9
-18 -21 3.1
-16.2 -13.4 3.7
-13.4 -14.2 5.1
-14.8 -13.6 0.7
-15.6 -21.8 4.3
-17.2 -21.4 1.5
-17.4 -13.8 2.5
-15.8 -22 1.9
-17.4 -13.8 2.9
-16 -13.4 3.9
-16 -13.4 3.9
-15.6 -13.2 2.1
-19.4 -18.2 1.7
-15.8 -22 3.5
-14.4 -14 0.1
-12 -14.4 1.9
-11.8 -14.6 1.9
-11.6 -18.4 5.5
-16.8 -13.6 1.7
-19.4 -18.2 3.7
-17.8 -21.2 2.7
-15.4 -13.6 0.7
-16 -22 2.1
-11.8 -14.6 3.5
-16.8 -13.6 3.7
-15.8 -13.2 2.3
-15.8 -13.2 2.3
-16.6 -13.4 2.5
-16 -22 3.3
-17.8 -21 1.5
-15.6 -22 1.7
-12 -14.6 1.3
-16.4 -13.4 1.9
-16.4 -13.4 1.9
-17.2 -14 1.1
-17.8 -21.2 2.5
-16 -13.6 0.9
-15.8 -13.2 3.1
-15.8 -13.2 3.1
-17.8 -21.2 2.9
-17.4 -21.4 1.9
-15.4 -13.2 1.9
-17.4 -13.8 2.3
-17.2 -14.2 0.7
-16 -13.8 0.5
-16.4 -13.4 3.5
-16.4 -13.4 3.5
-17.2 -21.6 2.7
-17.4 -13.8 3.1
-17 -14.2 0.5
-15.6 -22 3.7
-14.6 -13.6 0.7
-19.2 -18.4 1.1
-19.4 -17.6 1.5
-15.8 -13.4 1.3
-15.8 -13.4 1.3
-17.8 -21 3.9
-17.4 -21.4 3.5
-12 -14.6 4.1
-18.8 -18.4 0.3
-17.2 -14 4.3
-17 -13.6 2.1
-19.4 -17.8 1.5
-17.2 -21.6 2.5
-16 -13.6 4.5
-18 -21 2.1
-17.2 -21.6 2.9
-17 -13.8 1.3
-14.8 -13.8 0.3
-19.4 -17.6 3.9
-17 -13.6 3.3
-13.2 -14.8 5.7
-15.8 -13.4 4.1
-15.8 -13.4 4.1
-18 -21 3.3
-19 -17.6 0.5
-15.8 -14 0.1
-16 -13.8 4.9
-15.8 -21.8 1.1
-14.6 -13.6 4.7
-19.4 -17.8 3.9
-16.6 -13.4 2.3
-16.4 -13.8 0.7
-17.8 -21.2 2.3
-19 -17.8 0.5
-19.2 -17.6 0.9
-17.8 -21.2 3.1
-15.4 -13.8 0.3
-19.2 -17.8 0.9
-15.6 -13.6 0.7
-15.8 -21.8 4.3
-14.8 -13.8 5.1
-17.4 -14.2 0.9
-13.2 -14.4 0.1
-19.4 -18 1.5
-16 -13.2 2.7
-17.2 -21.6 2.3
-15.8 -13.2 2.1
-15.8 -13.2 2.1
-17 -21.6 1.7
-15.4 -13.4 1.1
-17 -21.4 1.1
-13.6 -14.2 0.1
-19.4 -18.4 1.7
-17.2 -21.6 3.1
-15.6 -13.2 1.9
-15.6 -13.2 1.9
-19 -17.8 4.9
-15.8 -13.2 3.3
-15.8 -13.2 3.3
-17.4 -13.8 2.1
-14.6 -13.8 0.3
-16 -13.2 2.5
-16 -13.2 2.9
-15.6 -13.6 4.7
-19.4 -18.4 3.7
-19 -18 0.5
-15.2 -21.8 0.9
-17.4 -13.8 3.3
-16.6 -13.6 1.3
-17 -21.4 4.3
-16 -22 1.9
-14.4 -13.6 0.7
-15.4 -22 1.5
-16.4 -13.6 1.1
-19.2 -18 0.9
-16.4 -21.8 1.5
-15.8 -22 1.7
-19 -15.4 2.7
-16.2 -21.8 1.3
-16 -22 3.5
-16.2 -13.4 1.5
-16.2 -13.4 1.5
-15.4 -22 3.9
-15.8 -22 3.7
-12 -14.4 1.7
-11.8 -14.6 1.7
-16.4 -21.8 3.9
-16.6 -13.4 2.1
-17.4 -14 1.3
-19 -15.4 2.5
-17.8 -21.2 2.1
-19 -15.4 2.9
-16.2 -21.8 4.1
-15.6 -13.8 0.3
-16.2 -13.4 3.9
-16 -13.2 2.3
-16 -13.2 2.3
-15.4 -21.8 0.9
-17.8 -21.2 3.3
-17 -13.6 1.9
-11.8 -14.6 3.7
-18 -21 1.9
-16 -13.2 3.1
-16.4 -13.4 1.7
-16.4 -13.4 1.7
-17.4 -14 4.1
-19.4 -18.2 1.5
-17 -13.6 3.5
-17.4 -21.4 1.7
-17.6 -21.4 2.7
-15.6 -13.4 1.1
-15.6 -13.4 1.1
-15.4 -13.2 1.7
-16.4 -14 0.3
-18 -21 3.5
-17.2 -21.6 2.1
-17.2 -13.8 1.5
-16 -13.4 1.3
-16 -13.4 1.3
-16.8 -13.6 1.5
-16.4 -13.4 3.7
-17.2 -21.6 3.3
-19.4 -18.2 3.9
-17.6 -21.4 2.5
-19 -18.2 0.5
-15.8 -13.6 0.7
-17.2 -21.4 1.3
-19 -15.4 2.3
-16.2 -13.6 0.9
-15.6 -13.4 4.3
-14.4 -13.8 0.3
-16 -13.4 4.1
-16 -13.4 4.1
-15.6 -22 1.5
-19 -15.4 3.1
-16 -14 0.1
-19.2 -18.2 0.9
-16.2 -13.8 0.5
-16 -21.8 1.1
-18.8 -17.6 0.1
-15.8 -13.2 1.9
-15.8 -13.2 1.9
-15.6 -22 3.9
-15.8 -13.6 4.7
-18.8 -17.8 0.1
-17.4 -13.8 1.9
-15.8 -13.2 3.5
-15.8 -13.2 3.5
-13.2 -14.2 0.3
-19.2 -18.2 4.5
-17.8 -21 1.3
-15.6 -21.8 0.9
-15.2 -22.2 2.7
-14.4 -13.8 5.1
-17.4 -13.8 3.5
-17.6 -21.4 2.3
-16 -13.2 2.1
-16 -13.2 2.1
-16 -14 5.3
-19.6 -18 2.7
-16 -13.2 3.3
-19.4 -17.6 1.3
-15.2 -22.2 2.5
-15.6 -13.2 1.7
-15.6 -13.2 1.7
-15.2 -22.2 2.9
-17.8 -21 4.1
-19.6 -18 2.5
-11.8 -14.4 2.7
-19.6 -18 2.9
-19.4 -17.8 1.3
-15.6 -21.8 4.5
-16.6 -13.4 1.9
-17.8 -21.2 1.9
-15.8 -13.8 0.3
-12 -14.6 1.1
-18.8 -18 0.1
-16.2 -13.2 2.7
-16.2 -13.2 2.7
-19.4 -17.6 4.1
-16 -22 1.7
-17 -14 0.7
-11.8 -14.4 2.5
-11.8 -14.4 2.9
-17.8 -21.2 3.5
-19 -15.4 2.1
-16.8 -13.4 2.7
-15.4 -22.2 2.7
-17 -21.6 1.5
-19.4 -18.4 1.5
-19.4 -17.8 4.1
-15.8 -13.4 1.1
-15.8 -13.4 1.1
-16.2 -13.2 2.5
-16.2 -13.2 2.5
-16 -22 3.7
-19 -15.4 3.3
-16.2 -13.2 2.9
-16.2 -13.2 2.9
-12 -14.6 4.3
-17.2 -21.6 1.9
-16.8 -13.4 2.5
-15.4 -22.2 2.5
-16.8 -13.4 2.9
-15.4 -22.2 2.9
-15.2 -22 1.3
-17 -13.8 1.1
-19.4 -18.4 3.9
-15.2 -22.2 2.3
-16.2 -22 1.9
-17.2 -14 0.9
-19 -18.4 0.5
-17.2 -21.6 3.5
-15.2 -22.2 3.1
-17.2 -13.6 2.3
-19.4 -18 1.3
-19.6 -18 2.3
-15.8 -13.4 4.3
-17 -13.6 1.7
-15.8 -22 1.5
-11.8 -16.4 5.7
-18 -21 1.7
-19.6 -18 3.1
-19.2 -18.4 0.9
-17.6 -21.4 2.1
-11.6 -18.8 5.5
-19.6 -18.2 2.7
-11.8 -14.4 2.3
-17 -13.6 3.7
-14.8 -13.6 0.5
-12 -14.4 1.5
-18 -21 3.7
-11.8 -14.6 1.5
-11.8 -14.4 3.1
-15.8 -22 3.9
-16.2 -13.2 2.3
-16.2 -13.2 2.3
-16 -13.6 0.7
-19.6 -18.2 2.5
-19.6 -18.2 2.9
-15.4 -22 1.3
-16.2 -13.2 3.1
-16.2 -13.2 3.1
-16.8 -13.4 2.3
-15.4 -22.2 2.3
-16.4 -21.8 1.3
-15.8 -21.8 0.9
-18.8 -18.2 0.1
-16.8 -13.4 3.1
-15.4 -22.2 3.1
-16.4 -13.4 1.5
-16.4 -13.4 1.5
-17.4 -21.4 1.5
-15.6 -22.2 2.7
-15.4 -13.6 0.5
-16.2 -13.4 1.3
-16.2 -13.4 1.3
-16 -13.2 1.9
-16 -13.2 1.9
-13.4 -14.2 0.1
-15.4 -13.2 1.5
-15.8 -13.2 1.7
-15.8 -13.2 1.7
-15.4 -22 4.1
-16.4 -21.8 4.1
-16 -13.6 4.7
-17 -21.8 2.7
-16 -13.2 3.5
-16.6 -13.6 1.1
-16.4 -13.4 3.9
-15.6 -22.2 2.5
-15.8 -21.8 4.5
-17.4 -13.8 1.7
-15.6 -22.2 2.9
-15.8 -13.2 3.7
-15.8 -13.2 3.7
-16.2 -13.4 4.1
-17.2 -14.2 0.5
-15.4 -13.4 0.9
-17 -21.4 0.9
-16.2 -14 0.1
-15.2 -22.2 2.1
-17 -21.8 2.5
-16.2 -21.8 1.1
-14.6 -13.6 0.5
-19.4 -18.2 1.3
-17 -21.8 2.9
-19.6 -18.2 2.3
-19.2 -17.6 0.7
-17.4 -13.8 3.7
-17.2 -13.6 2.1
-19.6 -18 2.1
-15.2 -22.2 3.3
-19.6 -18.2 3.1
-19 -15.4 1.9
-17.2 -13.8 1.3
-14.6 -14 5.5
-13.4 -14.2 5.3
-16.8 -13.6 1.3
-17.4 -14 1.1
-19.2 -17.8 0.7
-19.6 -18 3.3
-11.8 -14.4 2.1
-17.4 -14.2 0.7
-19 -15.4 3.5
-16.2 -21.8 4.3
-16.4 -13.6 0.9
-17 -21.4 4.5
-17.4 -21.6 2.7
-16 -13.8 0.3
-16.6 -13.4 1.7
-18.2 -21 2.7
-11.8 -14.4 3.3
-17.8 -21.2 1.7
-16.4 -13.8 0.5
-17 -14.2 0.3
-15.6 -22 1.3
-16.2 -13.2 2.1
-16.2 -13.2 2.1
-15.6 -22.2 2.3
-17.4 -14 4.3
-17.4 -21.6 2.5
-16.8 -13.4 2.1
-15.4 -22.2 2.1
-15.6 -22.2 3.1
-16.2 -13.2 3.3
-16.2 -13.2 3.3
-17.4 -21.6 2.9
-16 -13.4 1.1
-16 -13.4 1.1
-18.2 -21 2.5
-17.8 -21.2 3.7
-17 -21.8 2.3
-15.2 -21.8 0.7
-18.2 -21 2.9
-15.6 -13.6 0.5
-19.6 -18.4 2.7
-15.6 -13.2 1.5
-15.6 -13.2 1.5
-16.8 -13.4 3.3
-15.4 -22.2 3.3
-17.6 -21.4 1.9
-17 -21.8 3.1
-15.6 -22 4.1
-19 -17.6 0.3
-17.2 -21.6 1.7
-17.2 -21.4 1.1
-19.2 -18 0.7
-19.6 -18.4 2.5
-16.2 -22 1.7
-19.6 -18.4 2.9
-19 -17.8 0.3
-16 -13.4 4.3
-16 -22 1.5
-17.2 -21.6 3.7
-15.6 -13.4 0.9
-15.6 -13.4 0.9
-18.8 -18.4 0.1
-15.6 -13.6 4.9
-19.6 -18.2 2.1
-14.8 -13.8 0.1
-17.4 -21.6 2.3
-16 -22 3.9
-14.4 -13.6 0.5
-15.4 -21.8 0.7
-19.6 -18.2 3.3
-18.2 -21 2.3
-17.4 -21.6 3.1
-16.4 -13.2 2.7
-17.8 -21 1.1
-18.2 -21 3.1
-11.6 -18.4 5.7
-15.6 -13.4 4.5
-19 -17.8 5.1
-16 -21.8 0.9
-17 -13.6 1.5
-18 -21 1.5
-17 -21.6 1.3
-19.4 -18.4 1.3
-15.2 -22.2 1.9
-16.4 -13.2 2.5
-16.4 -13.2 2.5
-19 -18 0.3
-18 -21.2 2.5
-19.6 -18.4 2.3
-15.4 -13.8 0.1
-19.4 -17.6 1.1
-16.4 -13.2 2.9
-15.6 -22.2 2.1
-19.6 -18.4 3.1
-17.2 -13.6 1.9
-16 -13.2 1.7
-16 -13.2 1.7
-19.6 -18 1.9
-17.8 -21 4.3
-14.8 -13.8 5.3
-15.2 -22.2 3.5
-17 -13.6 3.9
-15.6 -22.2 3.3
-19.4 -17.8 1.1
-16.2 -13.6 0.7
-17 -21.8 2.1
-18 -21 3.9
-19.6 -18 3.5
-19.4 -18.4 4.1
-16 -13.2 3.7
-11.8 -14.4 1.9
-19.2 -18.2 0.7
-15.4 -13 2.7
-19 -15.2 2.7
-17 -21.8 3.3
-19.4 -17.6 4.3
-14.6 -13.8 0.1
-15.8 -22 1.3
-11.8 -14.4 3.5
-16.2 -13.2 1.9
-16.2 -13.2 1.9
-19.4 -17.8 4.3
-15.4 -13 2.5
-19 -15.2 2.5
-16.8 -13.4 1.9
-15.4 -13 2.9
-15.4 -22.2 1.9
-19 -15.2 2.9
-15.8 -13.6 0.5
-12 -14.4 1.3
-19 -15.4 1.7
-15.8 -13.2 1.5
-15.8 -13.2 1.5
-11.8 -14.6 1.3
-16.2 -13.2 3.5
-16.4 -13.2 2.3
-16.4 -13.2 2.3
-18 -21.2 2.3
-15.2 -22 1.1
-15.8 -22 4.1
-12 -14.6 0.9
-15.6 -21.8 0.7
-19.2 -18.2 4.7
-16.4 -13.2 3.1
-16.8 -13.4 3.5
-12 -14.2 1.9
-15.4 -22.2 3.5
-17.4 -21.6 2.1
-17.4 -13.8 1.5
-19.4 -18 1.1
-19 -15.4 3.7
-18.2 -21 2.1
-15.8 -13.2 3.9
-17.4 -21.6 3.3
-16.4 -13.4 1.3
-16.4 -13.4 1.3
-15.8 -13.4 0.9
-15.8 -13.4 0.9
-18.2 -21 3.3
-17.4 -21.4 1.3
-15.4 -13.2 1.3
-15.6 -13.8 0.1
-13.2 -14.8 5.9
-19 -18.2 0.3
-15.8 -13.6 4.9
-12 -14.6 4.5
-19.6 -18.4 2.1
-15.6 -21.8 4.7
-17 -13.8 0.9
-19.6 -18.2 1.9
-17.6 -21.4 1.7
-15.4 -13 2.3
-19 -15.2 2.3
-16.4 -13.4 4.1
-16.2 -13.8 0.3
-19.6 -18.4 3.3
-17 -13.4 2.7
-15.4 -22 1.1
-16.4 -14 0.1
-15.4 -13 3.1
-19 -15.2 3.1
-16.4 -21.8 1.1
-16.6 -13.4 1.5
-15.8 -13.4 4.5
-17.8 -21.2 1.5
-17 -13.4 2.5
-16.2 -13.4 1.1
-16.2 -13.4 1.1
-17 -13.4 2.9
-16 -22.2 2.7
-15.6 -13 2.5
-15.6 -13 2.5
-15.4 -22 4.3
-17.8 -21.2 3.9
-14.4 -13.8 0.1
-15.6 -22.2 1.9
-17.8 -21.4 2.7
-16.4 -21.8 4.3
-17.2 -14 0.7
-17.4 -13.6 2.7
-17 -14 0.5
-17.2 -21.6 1.5
-16 -22.2 2.5
-16 -22.2 2.9
-16.4 -13.2 2.1
-16.4 -13.2 2.1
-18 -21.2 2.1
-17 -21.8 1.9
-15.6 -22.2 3.5
-16.2 -13.4 4.3
-16.2 -22 1.5
-17.8 -21.4 2.5
-19.2 -18.4 0.7
-19.4 -18.2 1.1
-17.4 -13.6 2.5
-17.8 -21.4 2.9
-16.4 -13.2 3.3
-17.4 -13.6 2.9
-17 -21.8 3.5
-17.2 -21.6 3.9
-17.2 -13.8 1.1
-16.8 -13.6 1.1
-15.2 -22.2 1.7
-13.2 -14.2 0.1
-15.6 -13.2 1.3
-15.6 -13.2 1.3
-16.6 -13.6 0.9
-17.2 -13.6 1.7
-17 -13.4 2.3
-19.6 -18 1.7
-17 -13.4 3.1
-16.4 -22 1.7
-15.2 -22.2 3.7
-15.8 -21.8 0.7
-15.6 -13 2.3
-15.6 -13 2.3
-16.2 -21.8 0.9
-15.6 -22 1.1
-15.4 -13 2.1
-19 -15.2 2.1
-11.8 -14.4 1.7
-17.4 -21.6 1.9
-16 -22 1.3
-16 -22.2 2.3
-18.2 -21 1.9
-19 -15.2 3.3
-16 -22.2 3.1
-17.4 -14 0.9
-17.8 -21.4 2.3
-16.2 -13.2 1.7
-16.2 -13.2 1.7
-17.4 -21.6 3.5
-17.4 -13.6 2.3
-15.8 -13.8 0.1
-11.8 -14.4 3.7
-16 -13.6 0.5
-19 -18.4 0.3
-18.2 -21 3.5
-16 -13.2 1.5
-16 -13.2 1.5
-16.8 -13.4 1.7
-15.4 -22.2 1.7
-17.4 -13.6 3.1
-15.6 -22 4.3
-16 -22 4.1
-15.8 -21.8 4.7
-16.2 -21.8 4.5
-19.6 -18.4 1.9
-15.4 -13.4 0.7
-16.2 -13.2 3.7
-17 -21.4 0.7
-12 -14.2 1.7
-16.8 -13.4 3.7
-15.4 -22.2 3.7
-17.4 -14 4.5
-19.6 -18.4 3.5
-17 -13.6 1.3
-15.8 -13 2.7
-15.8 -13 2.7
-14.8 -13.6 0.3
-16 -13.4 0.9
-16 -13.4 0.9
-18 -21 1.3
-17.2 -21.8 2.7
-16 -13.6 4.9
-16.4 -13.6 0.7
-15.8 -13 2.5
-15.8 -13 2.5
-17.2 -21.4 0.9
-19 -15.4 1.5
-16.6 -13.2 2.7
-17.2 -21.8 2.5
-15.8 -13 2.9
-15.8 -13 2.9
-17 -21.4 4.7
-17.2 -21.8 2.9
-18 -21 4.1
-19.6 -18.2 1.7
-17 -13.4 2.1
-19.2 -17.6 0.5
-16 -13.4 4.5
-15.4 -13.6 0.3
-16.6 -13.2 2.5
-16.4 -13.2 1.9
-16.4 -13.2 1.9
-19 -15.4 3.9
-18 -21.2 1.9
-16.6 -13.2 2.9
-17 -13.4 3.3
-15.6 -13 2.1
-15.6 -13 2.1
-17 -21.6 1.1
-19.4 -18.4 1.1
-19.2 -17.8 0.5
-16 -22.2 2.1
-17.4 -14.2 0.5
-16.4 -13.2 3.5
-15.8 -13.2 1.3
-15.8 -13.2 1.3
-17.2 -14.2 0.3
-17.8 -21.4 2.1
-16 -22.2 3.3
-17.8 -21 0.9
-15.6 -22.2 1.7
-17.6 -21.4 1.5
-17.4 -13.6 2.1
-14.6 -13.6 0.3
-19.4 -18.4 4.3
-17.4 -13.8 1.3
-15.8 -13 2.3
-15.8 -13 2.3
-15.6 -13.4 0.7
-15.6 -13.4 0.7
-17.2 -21.8 2.3
-17.4 -13.6 3.3
-15.8 -22 1.1
-17 -21.8 1.7
-15.8 -13 3.1
-15.8 -13 3.1
-15.8 -13.2 4.1
-15.6 -22.2 3.7
-15.2 -21.8 0.5
-17.2 -21.8 3.1
-19.4 -17.6 0.9
-15.4 -13 1.9
-19 -15.2 1.9
-16.2 -22.2 2.7
-16.6 -13.2 2.3
-19.6 -17.8 1.5
-12 -14.4 1.1
-17.8 -21 4.5
-19.2 -18 0.5
-17 -21.8 3.7
-11.8 -14.6 1.1
-19.4 -17.8 0.9
-16.6 -13.2 3.1
-19 -15.2 3.5
-16.4 -13.8 0.3
-15.8 -22 4.3
-16.2 -22.2 2.5
-15.6 -13.4 4.7
-16.2 -22.2 2.9
-16 -21.8 0.7
-11.6 -18.8 5.7
-16.6 -13.4 1.3
-19.2 -15.4 2.7
-17.8 -21.2 1.3
-15.6 -13.6 0.3
-16.4 -13.4 1.1
-16.4 -13.4 1.1
-11.6 -14.4 2.7
-17.4 -21.6 1.7
-17.6 -21.6 2.7
-17.4 -21.4 1.1
-19.4 -17.8 4.5
-15.4 -13.2 1.1
-18.2 -21 1.7
-15.4 -21.8 0.5
-19.2 -15.4 2.5
-16 -13.8 0.1
-15.2 -22.2 1.5
-15.2 -22 0.9
-19.2 -15.4 2.9
-17 -14.2 0.1
-11.6 -14.4 2.5
-17.8 -21.2 4.1
-17.4 -21.6 3.7
-17.6 -21.6 2.5
-17.2 -13.6 1.5
-11.6 -14.4 2.9
-19.6 -18 1.5
-17.6 -21.6 2.9
-19.4 -18 0.9
-18.2 -21 3.7
-16.4 -13.4 4.3
-17.2 -21.6 1.3
-16.4 -22 1.5
-19.6 -18.4 1.7
-15.2 -22.2 3.9
-16.2 -22 1.3
-13.4 -14.2 5.5
-16.2 -22.2 2.3
-17 -13.4 1.9
-11.8 -14.4 1.5
-16 -13 2.7
-16 -13 2.7
-15.8 -13 2.1
-15.8 -13 2.1
-16.2 -22.2 3.1
-14.4 -13.6 0.3
-19 -17.6 0.1
-17.2 -21.8 2.1
-19.6 -18.4 3.7
-15.6 -13 1.9
-15.6 -13 1.9
-17.2 -21.6 4.1
-16.2 -13.6 0.5
-15.8 -13 3.3
-15.8 -13 3.3
-16.2 -13.2 1.5
-16.2 -13.2 1.5
-17.2 -21.8 3.3
-12 -14.6 0.7
-16 -13 2.5
-16 -13 2.5
-19 -17.8 0.1
-11.8 -14.4 3.9
-16 -13 2.9
-16 -13 2.9
-16 -22.2 1.9
-19.2 -18.2 0.5
-16.8 -13.4 1.5
-15.4 -22.2 1.5
-16.6 -13.2 2.1
-15.4 -22 0.9
-19.2 -15.4 2.3
-16.4 -21.8 0.9
-17.8 -21.4 1.9
-14.6 -14 5.7
-16.6 -13.2 3.3
-19.2 -15.4 3.1
-12 -14 2.7
-11.6 -14.4 2.3
-17.4 -13.6 1.9
-16 -22.2 3.5
-15.8 -13.4 0.7
-15.8 -13.4 0.7
-12 -14.2 1.5
-17.6 -21.6 2.3
-11.4 -14.6 2.7
-11.6 -14.6 1.5
-11.6 -14.4 3.1
-16.2 -13.4 0.9
-16.2 -13.4 0.9
-16.8 -13.4 3.9
-15.4 -22.2 3.9
-17.6 -21.6 3.1
-16.4 -13.2 1.7
-16.4 -13.2 1.7
-18 -21.2 1.7
-17.4 -13.6 3.5
-12 -14 2.5
-12 -14.6 4.7
-17 -13.8 0.7
-15.6 -13.2 1.1
-15.6 -13.2 1.1
-15.4 -22 4.5
-15.6 -21.8 0.5
-11.4 -14.6 2.5
-16 -13.2 1.3
-16 -13.2 1.3
-16.4 -21.8 4.5
-19.2 -18.2 4.9
-11.4 -14.6 2.9
-16.4 -13.2 3.7
-19 -17.8 5.3
-19 -18 0.1
-15.8 -13.4 4.7
-19.6 -18.2 1.5
-16.2 -13.4 4.5
-16 -13 2.3
-16 -13 2.3
-19.4 -18.2 0.9
-16 -22 1.1
-16 -13 3.1
-16 -13 3.1
-15.8 -13.6 0.3
-17.2 -13.8 0.9
-16.8 -13.6 0.9
-16.2 -22.2 2.1
-15.4 -13 1.7
-19 -15.2 1.7
-15.6 -21.8 4.9
-16.2 -22.2 3.3
-19 -15.4 1.3
-16 -22 4.3
-12 -14 2.3
-19 -15 2.7
-19 -15.2 3.7
-15.6 -22.2 1.5
-15.6 -22 0.9
-11.4 -14.6 2.3
-11.4 -14.6 3.1
-17 -13.6 1.1
-19.2 -15.4 2.1
-17 -21.8 1.5
-18 -21 1.1
-19 -15 2.5
-15.8 -13.6 5.1
-19 -15.4 4.1
-11.6 -14.4 2.1
-19 -15 2.9
-17.6 -21.6 2.1
-19.2 -15.4 3.3
-15.6 -22.2 3.9
-16.6 -13.6 0.7
-17.2 -14 0.5
-15.8 -13 1.9
-15.8 -13 1.9
-11.6 -14.4 3.3
-17.2 -21.8 1.9
-17.6 -21.6 3.3
-15.6 -22 4.5
-17 -21.8 3.9
-17.6 -21.4 1.3
-16.2 -21.8 0.7
-15.8 -13 3.5
-15.8 -13 3.5
-19.2 -18.4 0.5
-18 -21 4.3
-17.2 -21.8 3.5
-16.6 -13.2 1.9
-19.8 -17.4 2.7
-19 -18.2 0.1
-18.2 -21.2 2.7
-17.4 -14 0.7
-19.6 -17.6 1.3
-17.2 -13.4 2.3
-16 -13 2.1
-16 -13 2.1
-16.6 -13.2 3.5
-17 -13.4 1.7
-17.4 -21.6 1.5
-16.8 -13.2 2.7
-19.8 -17.4 2.5
-11.6 -18.4 5.9
-16.2 -13.8 0.1
-19.8 -17.4 2.9
-18.2 -21 1.5
-17 -14 0.3
-16 -13 3.3
-16 -13 3.3
-19.6 -17.8 1.3
-18.2 -21.2 2.5
-15.8 -13.2 1.1
-15.8 -13.2 1.1
-15.6 -13 1.7
-15.6 -13 1.7
-19 -15 2.3
-15.8 -21.8 0.5
-18.2 -21.2 2.9
-16.2 -21.8 4.7
-19 -15 3.1
-15.2 -22.4 2.7
-16.8 -13.2 2.5
-16 -22.2 1.7
-17.4 -21.6 3.9
-17.4 -13.8 1.1
-16.8 -13.2 2.9
-18.2 -21 3.9
-19.6 -18.4 1.5
-16 -13.4 0.7
-16 -13.4 0.7
-12 -14 2.1
-17 -21.6 0.9
-17.8 -21.4 1.7
-19.4 -18.4 0.9
-16.2 -13 2.7
-17.4 -13.6 1.7
-15.2 -22.4 2.5
-11.4 -14.6 2.1
-15.8 -13.2 4.3
-15.2 -22.4 2.9
-16 -22.2 3.7
-17.2 -21.4 0.7
-11.4 -14.6 3.3
-19.8 -17.2 2.7
-15.2 -22.2 1.3
-16.2 -13 2.5
-15.8 -21.8 4.9
-19.6 -18.4 3.9
-17.4 -13.6 3.7
-15.4 -13.4 0.5
-17 -21.4 0.5
-16.2 -13 2.9
-16.2 -22.2 1.9
-17.2 -13.6 1.3
-19.8 -17.4 2.3
-19.6 -18 1.3
-19.4 -18.4 4.5
-18.2 -21.2 2.3
-16 -13.4 4.7
-16.4 -22 1.3
-19.8 -17.4 3.1
-19.8 -17.2 2.5
-15.8 -22 0.9
-15.4 -22.4 2.7
-16.6 -13.4 1.1
-16.2 -22.2 3.5
-19.8 -17.2 2.9
-17.8 -21.2 1.1
-18.2 -21.2 3.1
-15.2 -22.2 4.1
-16.8 -13.2 2.3
-11.8 -14.4 1.3
-16 -13.6 0.3
-19.2 -15.4 1.9
-16.8 -13.2 3.1
-16.4 -13.6 0.5
-12 -14.4 0.9
-15.4 -22.4 2.5
-16.4 -13.2 1.5
-16.4 -13.2 1.5
-18 -21.2 1.5
-11.8 -14.6 0.9
-15.4 -22.4 2.9
-11.8 -14.2 1.9
-11.6 -14.4 1.9
-17.2 -13.4 2.1
-15.2 -22.4 2.3
-16.2 -13.2 1.3
-16.2 -13.2 1.3
-17 -21.4 4.9
-17 -22 2.7
-17.8 -21 0.7
-17.6 -21.6 1.9
-19.2 -15.4 3.5
-15.2 -22.4 3.1
-17.8 -21.2 4.3
-16.8 -13.4 1.3
-15.4 -22.2 1.3
-11.8 -14.4 4.1
-17.4 -21.8 2.7
-17.2 -21.6 1.1
-11.6 -14.4 3.5
-19 -15 2.1
-16.4 -13.2 3.9
-16.2 -13 2.3
-17.6 -21.6 3.5
-17 -22 2.5
-16.2 -22 1.1
-16.4 -13.4 0.9
-16.4 -13.4 0.9
-19.4 -17.6 0.7
-16.2 -13 3.1
-17 -22 2.9
-12 -14.2 1.3
-19 -15 3.3
-17.4 -21.4 0.9
-11.6 -14.6 1.3
-19 -18.4 0.1
-17.4 -21.8 2.5
-15.4 -13.2 0.9
-19.8 -17.2 2.3
-16.8 -13.4 4.1
-15.4 -22.2 4.1
-19.4 -17.8 0.7
-17.8 -21 4.7
-17.2 -21.6 4.3
-16 -13 1.9
-16 -13 1.9
-15.4 -13 1.5
-19 -15.2 1.5
-15.8 -13 1.7
-15.8 -13 1.7
-19.2 -17.6 0.3
-17.2 -21.8 1.7
-15.6 -13.4 0.5
-15.6 -13.4 0.5
-15.4 -22.4 2.3
-16.4 -13.4 4.5
-16 -13 3.5
-16 -13 3.5
-14.8 -13.6 0.1
-19.6 -18.2 1.3
-19.2 -17.8 0.3
-19 -15.2 3.9
-19.8 -17.4 2.1
-15.8 -13 3.7
-15.8 -13 3.7
-16.6 -13.2 1.7
-17.2 -21.8 3.7
-17.4 -14.2 0.3
-18.2 -21.2 2.1
-12 -14 1.9
-19.8 -17.4 3.3
-17 -22 2.3
-15.2 -22 0.7
-11.4 -14.6 1.9
-18.2 -21.2 3.3
-16.8 -13.2 2.1
-17 -22 3.1
-16.6 -13.2 3.7
-16 -13.2 1.1
-16 -13.2 1.1
-17.4 -21.8 2.3
-16 -21.8 0.5
-19.4 -18 0.7
-15.4 -13.6 0.1
-16.8 -13.2 3.3
-11.4 -14.6 3.5
-15.2 -22.4 2.1
-15.6 -22.2 1.3
-15.2 -21.8 0.3
-15.2 -22.4 3.3
-16.2 -13 2.1
-19.2 -18 0.3
-17 -21.8 1.3
-17.2 -14.2 0.1
-15.6 -13.2 0.9
-15.6 -13.2 0.9
-17 -13.4 1.5
-14.6 -13.6 0.1
-16.2 -13 3.3
-15.6 -22.2 4.1
-15.4 -22 0.7
-19.8 -17.2 2.1
-19 -15.4 1.1
-15.6 -13 1.5
-15.6 -13 1.5
-16.4 -21.8 0.7
-17.2 -13.4 1.9
-16.2 -22.2 1.7
-17 -21.8 4.1
-19.2 -15.2 2.7
-16 -22.2 1.5
-16 -22 0.9
-16.2 -13.4 0.7
-16.2 -13.4 0.7
-15.4 -22.4 2.1
-19 -15 1.9
-15.4 -21.8 0.3
-17.8 -21.4 1.5
-16.2 -22.2 3.7
-17.4 -13.6 1.5
-19 -15.4 4.3
-16.4 -13.8 0.1
-19.2 -15.2 2.5
-12 -14.6 0.5
-17.4 -21.6 1.3
-15.4 -22 4.7
-19.2 -15.2 2.9
-19 -15 3.5
-16 -22.2 3.9
-19.2 -15.4 1.7
-18.2 -21 1.3
-16.4 -21.8 4.7
-11.8 -14.2 1.7
-17 -22 2.1
-11.6 -14.4 1.7
-16 -22 4.5
-17.6 -21.6 1.7
-17.6 -21.4 1.1
-17.4 -13.6 3.9
-15.6 -13.6 0.1
-15.8 -13.4 0.5
-15.8 -13.4 0.5
-19.4 -18.2 0.7
-16.2 -13.4 4.7
-17.4 -21.8 2.1
-17 -22 3.3
-19.2 -15.4 3.7
-17.4 -21.6 4.1
-17 -13.6 0.9
-17.2 -13.8 0.7
-19.6 -18.4 1.3
-18 -21 0.9
-11.6 -14.4 3.7
-18.2 -21 4.1
-16.8 -13.6 0.7
-19.6 -17.6 1.1
-17.6 -21.6 3.7
-16.2 -13.6 0.3
-15.8 -22.4 2.7
-17 -13.8 0.5
-19.8 -17.4 1.9
-12 -14.6 4.9
-19.2 -18.2 0.3
-18.2 -21.2 1.9
-19.6 -17.8 1.1
-15.8 -22.4 2.5
-19.8 -17.4 3.5
-16 -13 1.7
-16 -13 1.7
-19.6 -18.4 4.1
-16.8 -13.2 1.9
-17.8 -21.6 2.7
-19.2 -15.2 2.3
-15.6 -22 0.7
-15.8 -13.4 4.9
-18.2 -21.2 3.5
-18 -21 4.5
-19.2 -15.2 3.1
-14.4 -13.6 0.1
-15.8 -22.2 1.3
-16.8 -13.2 3.5
-15.2 -22.4 1.9
-16 -13 3.7
-16 -13 3.7
-17.8 -21.6 2.5
-17.8 -21.6 2.9
-15.6 -21.8 0.3
-15.2 -22.4 3.5
-19.2 -18.2 5.1
-16.4 -13.2 1.3
-16.4 -13.2 1.3
-16.2 -13 1.9
-16.2 -13 1.9
-18 -21.2 1.3
-15.8 -13.2 0.9
-15.8 -13.2 0.9
-12 -14 1.7
-15.2 -22.2 1.1
-15.6 -22 4.7
-11.4 -14.6 1.7
-17.2 -13.6 1.1
-15.8 -13 1.5
-15.8 -13 1.5
-19.6 -18 1.1
-16.2 -13 3.5
-17.4 -13.8 0.9
-17.2 -21.8 1.5
-19.8 -17.2 1.9
-16.4 -22 1.1
-15.8 -22.4 2.3
-17.4 -13.4 2.7
-16.4 -13.2 4.1
-11.4 -14.6 3.7
-11.8 -14.4 1.1
-16.6 -13.6 0.5
-15.2 -22.2 4.3
-16.6 -13.2 1.5
-15.8 -13.2 4.5
-15.8 -13 3.9
-15.8 -13 3.9
-15.4 -22.4 1.9
-17.2 -21.8 3.9
-17.4 -13.4 2.5
-17.8 -21.6 2.3
-17 -13.2 2.5
-16.2 -13.2 1.1
-16.2 -13.2 1.1
-17.4 -13.4 2.9
-15.4 -13 1.3
-19 -15.2 1.3
-16.2 -21.8 0.5
-17.8 -21.6 3.1
-13.4 -14.2 5.7
-16.8 -13.4 1.1
-15.4 -22.2 1.1
-16.6 -13.2 3.9
-15.8 -13.6 0.1
-16.6 -13.4 0.9
-17 -22 1.9
-17 -21.6 0.7
-17.2 -13.4 1.7
-17.8 -21.2 0.9
-19.4 -18.4 0.7
-17.4 -14 0.5
-19.2 -15.2 2.1
-12 -14.2 1.1
-17.4 -21.8 1.9
-17.2 -14 0.3
-11.6 -14.6 1.1
-19 -15.2 4.1
-17 -22 3.5
-19.2 -15.2 3.3
-19 -15 1.7
-16.8 -13.4 4.3
-15.4 -22.2 4.3
-19 -17.8 5.5
-16.2 -21.8 4.9
-19.2 -18.4 0.3
-19 -15 3.7
-17.2 -21.6 0.9
-17.8 -21.2 4.5
-17.4 -13.4 2.3
-15.8 -22 0.7
-19.4 -18.4 4.7
-16 -13.4 0.5
-16 -13.4 0.5
-17 -13.2 2.3
-16.2 -22.2 1.5
-16.2 -22 0.9
-19.6 -18.2 1.1
-15.8 -13.6 5.3
-16 -22.4 2.7
-15.6 -12.8 2.7
-11.6 -14.2 2.5
-12 -14.4 0.7
-17.2 -21.4 0.5
-15.8 -22.4 2.1
-11.8 -14.6 0.7
-19.8 -17 1.9
-15.8 -21.8 0.3
-16.2 -22.2 3.9
-17 -13.4 1.3
-19.8 -17.4 1.7
-17.2 -21.6 4.5
-14.6 -14 5.9
-19.2 -15.4 1.5
-18.2 -21.2 1.7
-16 -22.4 2.5
-15.6 -12.8 2.5
-11.8 -14 2.7
-15.6 -13 1.3
-15.6 -13 1.3
-16 -22.4 2.9
-15.6 -12.8 2.9
-11.8 -14.2 1.5
-11.4 -14.4 2.7
-16 -13.4 4.9
-17.8 -21.6 2.1
-19.8 -16.6 2.7
-11.6 -14.4 1.5
-17.6 -21.6 1.5
-15.6 -22.2 1.1
-16.8 -13.2 1.7
-19.8 -17.4 3.7
-16.4 -13.4 0.7
-16.4 -13.4 0.7
-16 -22.2 1.3
-17.4 -21.4 0.7
-18.2 -21.2 3.7
-17.8 -21.6 3.3
-15.4 -13.2 0.7
-11.8 -14 2.5
-19.2 -15.4 3.9
-17 -14 0.1
-11.8 -14 2.9
-11.4 -14.4 2.5
-17 -21.8 1.1
-19.8 -16.6 2.5
-17.8 -21.4 1.3
-15.2 -22.4 1.7
-11.4 -14.4 2.9
-16.8 -13.2 3.7
-19.8 -16.6 2.9
-11.6 -14.4 3.9
-17.4 -13.6 1.3
-15.4 -13.4 0.3
-17 -21.4 0.3
-15.8 -21.8 5.1
-17.8 -21 0.5
-17.6 -21.6 3.9
-16 -13.2 0.9
-16 -13.2 0.9
-11.6 -14.2 2.3
-16.2 -13 1.7
-16.2 -13 1.7
-15.2 -22.4 3.7
-16.4 -13.4 4.7
-16 -13 1.5
-16 -13 1.5
-19.4 -17.6 0.5
-17 -21.8 4.3
-16 -22.4 2.3
-15.6 -12.8 2.3
-19.8 -17.2 1.7
-16.4 -13.6 0.3
-17.4 -13.4 2.1
-16 -22.4 3.1
-17 -13.2 2.1
-15.6 -12.8 3.1
-19.4 -17.8 0.5
-19.2 -15.2 1.9
-16 -13 3.9
-16 -13 3.9
-17.8 -21 4.9
-17 -21.4 5.1
-17.4 -21.6 1.1
-15.4 -22.4 1.7
-11.8 -14 2.3
-18.2 -21 1.1
-19 -15.4 0.9
-11.4 -14.4 2.3
-12 -14 1.5
-19.8 -16.6 2.3
-19.2 -15.2 3.5
-11.8 -14 3.1
-11.4 -14.6 1.5
-11.4 -14.4 3.1
-19.8 -16.6 3.1
-16 -13.6 0.1
-17.4 -21.6 4.3
-17 -22 1.7
-19.6 -18.4 1.1
-15.2 -22 0.5
-18.2 -21 4.3
-11.4 -14.6 3.9
-15.6 -13.2 0.7
-15.6 -13.2 0.7
-17.4 -21.8 1.7
-19 -15.4 4.5
-16.4 -13 1.9
-19.4 -18 0.5
-12 -13.8 2.7
-15.6 -13.4 0.3
-15.6 -13.4 0.3
-17 -22 3.7
-15.8 -22.4 1.9
-17.6 -21.4 0.9
-15.8 -13 1.3
-15.8 -13 1.3
-16 -22 0.7
-17.2 -21.8 1.3
-12 -13.8 2.5
-11.6 -14.2 2.1
-15.8 -22.2 1.1
-12 -13.8 2.9
-17.8 -21.6 1.9
-17.2 -13.4 1.5
-19.6 -17.6 0.9
-16.6 -13.2 1.3
-16 -22.4 2.1
-15.6 -12.8 2.1
-19.2 -17.6 0.1
-18.6 -21 2.7
-16 -21.8 0.3
-17.8 -21.6 3.5
-15.4 -22 0.5
-18.4 -21.2 2.7
-19 -15 1.5
-15.8 -13 4.1
-19.6 -17.8 0.9
-16.4 -13.2 1.1
-16.4 -13.2 1.1
-18 -21.2 1.1
-17.2 -21.8 4.1
-16.4 -21.8 0.5
-19.8 -17 1.7
-16 -22.4 3.3
-15.6 -12.8 3.3
-19.2 -17.8 0.1
-16 -22 4.7
-18.6 -21 2.5
-11.8 -14 2.1
-18.4 -21.2 2.5
-16.2 -13.4 0.5
-16.2 -13.4 0.5
-17.4 -14.2 0.1
-18.6 -21 2.9
-17 -13.6 0.7
-16.6 -13.2 4.1
-11.4 -14.4 2.1
-19.8 -16.6 2.1
-18.4 -21.2 2.9
-19 -15 3.9
-18 -21 0.7
-11.8 -14 3.3
-16.4 -13.2 4.3
-11.4 -14.4 3.3
-19.8 -16.6 3.3
-16.2 -22.4 2.7
-12 -13.8 2.3
-17.2 -22 2.1
-15.4 -22 4.9
-17.4 -13.4 1.9
-17 -13.2 1.9
-12 -13.8 3.1
-16.4 -21.8 4.9
-15.2 -22.2 0.9
-15.4 -13 1.1
-19 -15.2 1.1
-15.2 -21.8 0.1
-19.8 -17.4 1.5
-16.2 -22.4 2.5
-19.4 -18.2 0.5
-17.2 -13.6 0.9
-19.6 -18 0.9
-16.2 -22.4 2.9
-18.2 -21.2 1.5
-18 -21 4.7
-16.4 -22 0.9
-17.2 -13.8 0.5
-19.2 -18 0.1
-16.8 -13.6 0.5
-16.2 -22.2 1.3
-16.8 -13.2 1.5
-19.8 -17.4 3.9
-12 -14.6 0.3
-11.8 -14.4 0.9
-19.8 -16.4 2.7
-18.6 -21 2.3
-18.4 -21.2 2.3
-15.2 -22.2 4.5
-18.2 -21.2 3.9
-19 -15.2 4.3
-18.6 -21 3.1
-18.2 -21.4 2.7
-15.8 -13.2 0.7
-15.8 -13.2 0.7
-18.4 -21.2 3.1
-15.2 -22.4 1.5
-19.2 -15.2 1.7
-16.2 -13.2 0.9
-16.2 -13.2 0.9
-16.8 -13.2 3.9
-15.6 -22 0.5
-19.8 -16.4 2.5
-16.2 -22.2 4.1
-15.8 -13.4 0.3
-15.8 -13.4 0.3
-19.8 -16.4 2.9
-16.8 -13.4 0.9
-15.4 -22.2 0.9
-19.2 -15.4 1.3
-17.4 -13.8 0.7
-16.2 -13 1.5
-16.2 -13 1.5
-18.2 -21.4 2.5
-15.4 -21.8 0.1
-17.6 -13.6 1.5
-11.8 -14.2 1.3
-18.2 -21.4 2.9
-11.6 -14.4 1.3
-19.2 -15.2 3.7
-15.2 -22.4 3.9
-17.6 -21.6 1.3
-16.2 -22.4 2.3
-17 -13.8 0.3
-12 -14.2 0.9
-11.6 -14.6 0.9
-12 -14.6 5.1
-11.6 -14.2 1.9
-16.2 -22.4 3.1
-19.8 -17.2 1.5
-15.8 -13.2 4.7
-19.2 -15.4 4.1
-16.8 -13.4 4.5
-15.4 -22.2 4.5
-17 -13.4 1.1
-11.6 -14.4 4.1
-15.6 -22 4.9
-17.6 -21.6 4.1
-16.4 -13 1.7
-16 -22.4 1.9
-15.6 -12.8 1.9
-12 -13.8 2.1
-15.4 -22.4 1.5
-15.8 -22.4 1.7
-15.6 -13 1.1
-15.6 -13 1.1
-17.2 -13.2 2.7
-16.6 -13.4 0.7
-16 -12.8 2.5
-12 -13.8 3.3
-16 -13 1.3
-16 -13 1.3
-17.8 -21.2 0.7
-16.2 -13.6 0.1
-19.6 -18.2 0.9
-15.6 -12.8 3.5
-19.8 -16.4 2.3
-16 -22.2 1.1
-11.8 -14 1.9
-19.8 -16.4 3.1
-19.2 -18.2 0.1
-18.2 -21.4 2.3
-11.4 -14.4 1.9
-19.8 -16.6 1.9
-17.2 -13.2 2.5
-17 -22 1.5
-17.8 -21.6 1.7
-17.8 -21.4 1.1
-17.2 -13.2 2.9
-18.2 -21.4 3.1
-17.4 -13.6 1.1
-11.8 -14 3.5
-17.4 -21.8 1.5
-16 -13 4.1
-16 -13 4.1
-18.6 -21 2.1
-11.4 -14.4 3.5
-19.8 -16.6 3.5
-18.4 -21.2 2.1
-17.2 -22 1.9
-17.2 -21.6 0.7
-12 -14 1.3
-17.8 -21.6 3.7
-17.8 -21.2 4.7
-18.6 -21 3.3
-17 -22 3.9
-18.4 -21.2 3.3
-17 -21.6 0.5
-19.4 -18.4 0.5
-11.4 -14.6 1.3
-16.2 -22 0.7
-15.6 -22.2 0.9
-16.6 -13.6 0.3
-15.6 -21.8 0.1
-16 -12.8 2.3
-17 -21.8 0.9
-19.2 -18.2 5.3
-16.2 -22.4 2.1
-16.2 -21.8 0.3
-11.4 -14.6 4.1
-17.2 -21.6 4.7
-16.2 -22.4 3.3
-17.4 -13.4 1.7
-17.2 -13.2 2.3
-17 -13.2 1.7
-15.8 -22 0.5
-19.8 -17 1.5
-17.2 -13.2 3.1
-17.4 -14 0.3
-17 -21.8 4.5
-12 -14.4 0.5
-11.8 -14.6 0.5
-17.2 -13.4 1.3
-18 -21.6 2.7
-19.8 -16.4 2.1
-17.4 -21.6 0.9
-16.2 -21.8 5.1
-16 -13.2 0.7
-16 -13.2 0.7
-18.2 -21.4 2.1
-18.2 -21 0.9
-19 -15 1.3
-19.8 -16.4 3.3
-18 -21.6 2.5
-16 -13.4 0.3
-16 -13.4 0.3
-18 -21.6 2.9
-16.8 -13 2.7
-16.4 -13.4 0.5
-16.4 -13.4 0.5
-15.8 -13 1.1
-15.8 -13 1.1
-12 -13.8 1.9
-17.2 -14 0.1
-17.4 -21.4 0.5
-17.2 -21.8 1.1
-15.4 -13.2 0.5
-17.2 -21.4 0.3
-19.6 -18.4 0.9
-19 -15 4.1
-16.8 -13 2.5
-16.4 -22.4 2.7
-17.4 -21.6 4.5
-12 -13.8 3.5
-16.8 -13 2.9
-18.2 -21 4.5
-19.2 -18.4 0.1
-16.6 -13.2 1.1
-11.6 -14.2 1.7
-16 -12.8 2.1
-19 -15.4 0.7
-15.8 -13 4.3
-16.4 -22.4 2.5
-17.2 -21.8 4.3
-19.2 -15.2 1.5
-16.4 -22.4 2.9
-16 -13.4 5.1
-19.8 -17.4 1.3
-16.4 -13.4 4.9
-18.6 -21 1.9
-18.4 -21.2 1.9
-16 -22.4 1.7
-15.6 -12.8 1.7
-18.2 -21.2 1.3
-17.2 -13.2 2.1
-16.4 -22.2 1.3
-15.8 -22.2 0.9
-18 -21.6 2.3
-18.2 -13.8 2.7
-16.6 -13.2 4.3
-18.6 -21 3.5
-15.8 -21.8 0.1
-16.8 -13.2 1.3
-18.4 -21.2 3.5
-19.2 -15.2 3.9
-18 -21.6 3.1
-17.2 -13.2 3.3
-17.8 -21 0.3
-15.6 -12.8 3.7
-11.8 -14 1.7
-19.8 -17.4 4.1
-19 -15.4 4.7
-11.4 -14.4 1.7
-19.8 -16.6 1.7
-16.4 -13.2 0.9
-16.4 -13.2 0.9
-18 -21.2 0.9
-18.2 -13.8 2.5
-18.2 -21.2 4.1
-16.8 -13 2.3
-15.2 -22.4 1.3
-16.2 -22.4 1.9
-17.6 -21.4 0.7
-16.8 -13 3.1
-19.4 -17.6 0.3
-11.8 -14 3.7
-16.4 -13 1.5
-16.8 -13.2 4.1
-15.8 -13.6 5.5
-11.4 -14.4 3.7
-17.2 -22 1.7
-19.8 -16.6 3.7
-16.2 -13 1.3
-16.2 -13 1.3
-15.8 -22.4 1.5
-16.2 -22.4 3.5
-17.6 -13.6 1.3
-16.4 -22.4 2.3
-19.4 -17.8 0.3
-16.2 -22.2 1.1
-19.6 -17.6 0.7
-15.4 -13.4 0.1
-15.2 -22.4 4.1
-17 -21.4 0.1
-16.4 -22.4 3.1
-15.6 -13.2 0.5
-15.6 -13.2 0.5
-19 -17.8 5.7
-16.4 -13.2 4.5
-15.8 -21.8 5.3
-17.8 -21 5.1
-19.8 -17.2 1.3
-13.4 -14.2 5.9
-19.6 -17.8 0.7
-20 -17.2 2.7
-17.8 -21.6 1.5
-19.8 -16.4 1.9
-15.4 -13 0.9
-19 -15.2 0.9
-15.4 -22.4 1.3
-16.2 -22.2 4.3
-17.6 -13.4 2.1
-16 -22 0.5
-18.2 -21.4 1.9
-19.2 -15.4 1.1
-20 -17.2 2.5
-18.2 -13.8 2.3
-16.4 -13.6 0.1
-15.4 -22.6 2.7
-19.8 -16.4 3.5
-11.8 -14.2 1.1
-20 -17.2 2.9
-17.8 -21.6 3.9
-11.6 -14.4 1.1
-17.6 -21.6 1.1
-15.2 -22 0.3
-17 -21.4 5.3
-19.4 -18 0.3
-18 -21.6 2.1
-15.4 -22.6 2.5
-17 -22 1.3
-19 -15.2 4.5
-15.4 -22.6 2.9
-15.2 -22.2 0.7
-19.2 -15.4 4.3
-16.6 -13 1.7
-18 -21.6 3.3
-17.4 -21.8 1.3
-17.2 -13.6 0.7
-11.6 -14.4 4.3
-19.6 -18 0.7
-16 -22 4.9
-17.6 -21.6 4.3
-17.4 -13.4 1.5
-18 -21.4 1.3
-16 -12.8 1.9
-17 -13.6 0.5
-16.4 -22 0.7
-17 -13.2 1.5
-16.8 -13 2.1
-18 -21 0.5
-16 -13 1.1
-16 -13 1.1
-17 -22 4.1
-19.4 -15.2 2.7
-16.8 -13 3.3
-12 -13.8 1.7
-11.8 -14.4 0.7
-17.2 -13.2 1.9
-20 -17.2 2.3
-15.4 -22 0.3
-15.6 -13.4 0.1
-15.6 -13.4 0.1
-16.4 -22.4 2.1
-16.4 -21.8 0.3
-20 -17.2 3.1
-19.4 -15.2 2.5
-16.2 -13.2 0.7
-16.2 -13.2 0.7
-17 -13.4 0.9
-12 -13.8 3.7
-19.4 -15.2 2.9
-17.2 -13.2 3.5
-16.4 -22.4 3.3
-16 -13 4.3
-16 -13 4.3
-16.8 -13.4 0.7
-15.4 -22.2 0.7
-16.2 -13.4 0.3
-16.2 -13.4 0.3
-15.4 -22.6 2.3
-15.6 -13 0.9
-15.6 -13 0.9
-12 -14 1.1
-19.8 -17 1.3
-18 -21 4.9
-15.4 -22.6 3.1
-11.4 -14.6 1.1
-17.8 -21.8 2.7
-20 -17 2.7
-20 -17.4 2.1
-18.6 -21 1.7
-12 -14.2 0.7
-17.4 -22 2.1
-18.4 -21.2 1.7
-16 -22.2 0.9
-15.6 -22.6 2.7
-11.6 -14.6 0.7
-18.2 -13.8 2.1
-16 -21.8 0.1
-15.8 -13.2 0.5
-15.8 -13.2 0.5
-15.4 -22 5.1
-17.8 -21.4 0.9
-17.8 -21.8 2.5
-20 -17 2.5
-17.4 -13.6 0.9
-16.4 -21.8 5.1
-18.6 -21 3.7
-17.8 -21.8 2.9
-20 -17 2.9
-18.4 -21.2 3.7
-15.6 -22.6 2.5
-11.6 -14 2.7
-16.8 -13.4 4.7
-15.4 -22.2 4.7
-19.4 -18.2 0.3
-11.6 -14.2 1.5
-15.6 -22.6 2.9
-11.4 -14.6 4.3
-17.4 -13.8 0.5
-17.2 -13.8 0.3
-19.4 -15.2 2.3
-16.2 -22.4 1.7
-16.8 -13.6 0.3
-19.6 -18.2 0.7
-11.6 -14 2.5
-16 -22.4 1.5
-15.6 -12.8 1.5
-19.4 -15.2 3.1
-11.6 -14 2.9
-17.6 -13.4 1.9
-15.8 -13.2 4.9
-17.2 -13.4 1.1
-16.2 -22.4 3.7
-15.6 -22 0.3
-11.8 -14 1.5
-15.6 -12.8 3.9
-20 -17.2 2.1
-11.4 -14.4 1.5
-19.8 -16.6 1.5
-19 -15 1.1
-18 -21.6 1.9
-16.6 -13.4 0.5
-17.8 -21.8 2.3
-20 -17 2.3
-19.2 -15.2 1.3
-19.8 -16.4 1.7
-17.8 -21.2 0.5
-20 -17.2 3.3
-15.6 -22.2 0.7
-15.6 -22.6 2.3
-17.8 -21.8 3.1
-18 -21.6 3.5
-12 -14.6 0.1
-18.4 -21 1.1
-18.2 -21.4 1.7
-11.8 -14 3.9
-17.2 -22 1.5
-15.4 -22.6 2.1
-15.6 -22.6 3.1
-11.4 -14.4 3.9
-19.8 -16.6 3.9
-16.8 -13 1.9
-17 -21.8 0.7
-19.8 -16.4 3.7
-19 -15 4.3
-15.4 -22.6 3.3
-11.6 -14 2.3
-16.4 -12.8 2.7
-19.2 -15.2 4.1
-15.8 -13.4 0.1
-15.8 -13.4 0.1
-15.6 -22 5.1
-16.8 -13 3.5
-11.6 -14 3.1
-17.2 -21.6 0.5
-16.4 -22.4 1.9
-17.8 -21.2 4.9
-16.2 -22 0.5
-16.4 -12.8 2.5
-19.8 -17.4 1.1
-17 -13.8 0.1
-16.4 -13 1.3
-16.4 -12.8 2.9
-15.8 -13 0.9
-15.8 -13 0.9
-16.4 -22.4 3.5
-18.2 -21.2 1.1
-17.2 -21.8 0.9
-16 -12.8 1.7
-16.4 -22.2 1.1
-17 -21.8 4.7
-15.8 -22.4 1.3
-12 -14.6 5.3
-19.4 -15.2 2.1
-15.8 -22.6 2.7
-16.8 -13.2 1.1
-20 -17.4 1.9
-19.8 -16.8 1.3
-17.4 -22 1.9
-17.4 -21.6 0.7
-16.6 -13.2 0.9
-20 -16.8 2.7
-19.4 -15.2 3.3
-17.2 -13.2 1.7
-18.2 -13.8 1.9
-19.8 -17.4 4.3
-18.2 -21 0.7
-17.2 -21.6 4.9
-17.8 -21.6 1.3
-15.2 -22.4 1.1
-15.8 -22.6 2.5
-18.2 -21.2 4.3
-16.6 -13 1.5
-17 -21.6 0.3
-15.8 -13 4.5
-19.4 -18.4 0.3
-15.8 -22.6 2.9
-17.2 -21.8 4.5
-16.2 -12.8 1.9
-20 -16.8 2.5
-17.2 -13.2 3.7
-16.8 -13.2 4.3
-20 -16.8 2.9
-16.2 -13 1.1
-16.2 -13 1.1
-17.6 -13.6 1.1
-19.6 -18.4 0.7
-17.8 -21.8 2.1
-20 -17 2.1
-15.2 -22.6 1.9
-15.8 -12.8 1.5
-17.6 -21.8 1.5
-16.6 -13.2 4.5
-17.8 -21.6 4.1
-11.8 -13.8 2.3
-16.4 -12.8 2.3
-15.6 -22.6 2.1
-17.4 -21.6 4.7
-12 -13.8 1.5
-15.2 -22.4 4.3
-17.4 -13.2 2.3
-17.8 -21.8 3.3
-16.4 -12.8 3.1
-18.2 -21 4.7
-16 -13.2 0.5
-16 -13.2 0.5
-19.8 -17.2 1.1
-11.2 -14.6 1.5
-15.8 -22 0.3
-11.6 -14 2.1
-12 -13.8 3.9
-16.6 -13.6 0.1
-18.6 -21.2 2.7
-15.4 -22.4 1.1
-20 -17.2 1.9
-17.4 -13.4 1.3
-11.6 -14 3.3
-15.8 -22.2 0.7
-17 -13.2 1.3
-12 -14.4 0.3
-15.8 -22.6 2.3
-11.8 -14.6 0.3
-16.2 -22.2 0.9
-18.6 -21 1.5
-20 -17.2 3.5
-15.8 -22.6 3.1
-20 -16.8 2.3
-16.2 -21.8 0.1
-18.4 -21.2 1.5
-18.6 -21.2 2.5
-17.6 -13.4 1.7
-15.4 -22.6 1.9
-18.6 -21.2 2.9
-20 -16.8 3.1
-16.4 -13.2 0.7
-16.4 -13.2 0.7
-19 -15.4 0.5
-17 -22 1.1
-18 -21.2 0.7
-17.4 -14 0.1
-15.4 -22.6 3.5
-16.4 -13.4 0.3
-16.4 -13.4 0.3
-17.4 -21.8 1.1
-18.6 -21 3.9
-18.4 -21.2 3.9
-17.4 -21.4 0.3
-19.2 -15.4 0.9
-18 -21.6 1.7
-18 -21.4 1.1
-15.4 -13.2 0.3
-16.2 -22.2 4.5
-11.8 -14.2 0.9
-11.6 -14.4 0.9
-16.2 -22.4 1.5
-17.6 -21.6 0.9
-19.2 -18.2 5.5
-17 -22 4.3
-18.4 -21.4 2.5
-18 -21.6 3.7
-16.4 -13.2 4.7
-16.8 -13 1.7
-19 -15.4 4.9
-19.4 -15.2 1.9
-16 -13.4 0.1
-16 -13.4 0.1
-11.8 -13.8 2.1
-16.4 -12.8 2.1
-16.2 -22.4 3.9
-15.4 -13 0.7
-19.2 -15.4 4.5
-19 -15.2 0.7
-17.6 -21.4 0.5
-18.6 -21.2 2.3
-17.4 -13.2 2.1
-16.4 -13.4 5.1
-11.6 -14.2 1.3
-16.4 -12.8 3.3
-11.6 -14.4 4.5
-16.8 -13 3.7
-18.6 -21.2 3.1
-19.4 -15.2 3.5
-16.4 -22.4 1.7
-17.6 -21.6 4.5
-19.8 -17 1.1
-17.2 -21.4 0.1
-19.8 -16.4 1.5
-16 -13 0.9
-16 -13 0.9
-19.6 -17.6 0.5
-15.6 -22.4 1.1
-16 -22.4 1.3
-15.6 -12.8 1.3
-18.2 -21.4 1.5
-16.4 -22.4 3.7
-16 -22.6 2.7
-19.6 -17.8 0.5
-15.8 -22.6 2.1
-17.8 -21.8 1.9
-20 -17 1.9
-19 -15.2 4.7
-19.8 -16.4 3.9
-20 -17.4 1.7
-15.6 -22.6 1.9
-20 -16.8 2.1
-17.4 -22 1.7
-17.6 -22 2.7
-11.8 -14 1.3
-18.4 -21.4 2.3
-16 -13.4 5.3
-19.2 -15 1.5
-18.2 -13.8 1.7
-17.8 -21.8 3.5
-11.4 -14.4 1.3
-16 -22.6 2.5
-19.8 -16.6 1.3
-15.6 -12.8 4.1
-16 -13 4.5
-16 -22.6 2.9
-12 -14 0.9
-20 -16.8 3.3
-20 -16.6 2.7
-11.6 -14 1.9
-11.4 -14.6 0.9
-17.6 -22 2.5
-17.8 -21 0.1
-15.6 -13.2 0.3
-15.6 -13.2 0.3
-16.2 -12.8 1.7
-17.2 -22 1.3
-16 -12.8 1.5
-11.8 -14 4.1
-20 -16.6 2.5
-11.6 -14 3.5
-11.4 -14.4 4.1
-19.8 -16.6 4.1
-15.2 -22.6 1.7
-20 -16.6 2.9
-15.2 -22.2 0.5
-17 -13.4 0.7
-19.4 -17.6 0.1
-17.2 -13.6 0.5
-19.6 -18 0.5
-17.2 -13.2 1.5
-16 -22 0.3
-11.4 -14.6 4.5
-15.6 -13 0.7
-15.6 -13 0.7
-16.4 -22 0.5
-19.2 -15.2 1.1
-19.4 -17.8 0.1
-18.6 -21.2 2.1
-11.8 -14.4 0.5
-16 -22.2 0.7
-20 -17.2 1.7
-16 -22.6 2.3
-17.2 -13.2 3.9
-18.6 -21.2 3.3
-16 -22.6 3.1
-17.2 -13.4 0.9
-17.8 -21.4 0.7
-16.6 -12.8 2.7
-17.4 -13.6 0.7
-17.6 -22 2.3
-16.2 -13.2 0.5
-16.2 -13.2 0.5
-20 -17.2 3.7
-15.4 -22.6 1.7
-16.8 -13.4 0.5
-15.4 -22.2 0.5
-19 -15 0.9
-20 -16.6 2.3
-16 -22 5.1
-17 -13.6 0.3
-16.6 -12.8 2.5
-18 -21 0.3
-11.8 -13.8 1.9
-16.6 -13 1.3
-16.4 -12.8 1.9
-16.6 -12.8 2.9
-20 -16.6 3.1
-15.2 -22 0.1
-17.4 -13.2 1.9
-12 -14.2 0.5
-16.4 -13 1.1
-16.4 -13 1.1
-18.4 -21.4 2.1
-15.4 -22.6 3.7
-18.4 -21 0.9
-11.6 -14.6 0.5
-15.8 -21.8 5.5
-15.8 -22.4 1.1
-19.4 -18 0.1
-16.4 -12.8 3.5
-15.8 -12.8 1.3
-17.6 -21.8 1.3
-17.8 -13.4 2.1
-19.8 -16.8 1.1
-19 -15 4.5
-12 -13.8 1.3
-17.6 -13.4 1.5
-16.8 -13.4 4.9
-15.4 -22.2 4.9
-11.2 -14.6 1.3
-15.8 -13.6 5.7
-15.8 -22.6 1.9
-17.8 -21.6 1.1
-19.4 -15.2 1.7
-15.8 -12.6 2.7
-18 -21 5.1
-19.6 -18.2 0.5
-20 -16.8 1.9
-19.8 -17.4 0.9
-18.2 -21.2 0.9
-18 -21.6 1.5
-12 -13.8 4.1
-19.4 -15 2.7
-16.4 -22.2 0.9
-15.4 -22 0.1
-16.6 -12.8 2.3
-19.4 -15.2 3.7
-17 -21.4 5.5
-15.8 -12.6 2.5
-15.8 -13.2 0.3
-15.8 -13.2 0.3
-20 -16.8 3.5
-16.4 -21.8 0.1
-15.8 -12.6 2.9
-16.8 -13.2 0.9
-16.6 -12.8 3.1
-18.6 -21 1.3
-17.8 -21.6 4.3
-18.4 -21.2 1.3
-16 -22.6 2.1
-19.4 -15 2.5
-17.4 -13.8 0.3
-18.4 -13.8 2.7
-16.2 -13.4 0.1
-16.2 -13.4 0.1
-18 -21.6 3.9
-16.8 -13 1.5
-19.4 -15 2.9
-17.8 -21.8 1.7
-20 -17 1.7
-19.8 -17.4 4.5
-15.2 -22.4 0.9
-16 -22.6 3.3
-17.6 -22 2.1
-15.6 -12.6 2.1
-15.6 -22.6 1.7
-18.2 -21.2 4.5
-15.6 -22.2 0.5
-15.8 -13 0.7
-15.8 -13 0.7
-18.6 -21 4.1
-18.4 -13.8 2.5
-17.2 -21.8 0.7
-20 -16.6 2.1
-17.4 -13.4 1.1
-16.4 -22.4 1.5
-16.2 -13 0.9
-16.2 -13 0.9
-17.8 -21.8 3.7
-18.4 -13.8 2.9
-16.8 -13.2 4.5
-17 -13.2 1.1
-17.6 -13.6 0.9
-17 -21.8 0.5
-16.2 -22.4 1.3
-11.6 -14 1.7
-15.4 -22 5.3
-20 -16.6 3.3
-18.6 -21.2 1.9
-16.4 -21.8 5.3
-19.4 -18.2 0.1
-16.6 -13.2 0.7
-15.2 -22.4 4.5
-19.8 -17.2 0.9
-16.4 -22.4 3.9
-15.8 -12.6 2.3
-18.6 -21.2 3.5
-16.6 -13.4 0.3
-11.6 -14 3.7
-17.2 -13.8 0.1
-20 -17.4 1.5
-17.8 -21.2 0.3
-16.8 -13.6 0.1
-15.8 -12.6 3.1
-17.4 -22 1.5
-16.2 -22.6 2.5
-15.8 -13 4.7
-16.2 -22.4 4.1
-17.2 -21.8 4.7
-15.4 -22.4 0.9
-19.4 -15 2.3
-18.2 -13.8 1.5
-19.4 -15 3.1
-17 -21.8 4.9
-19.8 -16.4 1.3
-20 -16.4 2.7
-16.6 -13.2 4.7
-16.2 -12.8 1.5
-18.4 -21.4 1.9
-15.6 -22 0.1
-17.4 -21.6 0.5
-17.2 -13 2.7
-18.2 -21.4 1.3
-18.4 -13.8 2.3
-18.2 -21 0.5
-16.6 -12.8 2.1
-17.2 -21.6 0.3
-17 -22 0.9
-18.4 -13.8 3.1
-18 -21.8 2.7
-15.2 -22.6 1.5
-20 -16.4 2.5
-17.8 -13.4 1.9
-16.2 -22 0.3
-16.6 -12.8 3.3
-19.8 -16.4 4.1
-17.4 -21.8 0.9
-17.8 -21.2 5.1
-20 -16.4 2.9
-17.2 -13 2.5
-11.6 -14.2 1.1
-19.2 -15 1.3
-17.2 -13 2.9
-18 -21.4 0.9
-18 -21.8 2.5
-19.6 -18.4 0.5
-18 -21.8 2.9
-11.8 -13.8 1.7
-16.4 -12.8 1.7
-16.2 -22.2 0.7
-16.2 -22.6 2.3
-17.4 -13.2 1.7
-16 -22.4 1.1
-15.6 -12.8 1.1
-17.4 -21.6 4.9
-20 -17.2 1.5
-17 -22 4.5
-16 -12.8 1.3
-18.2 -21 4.9
-16.4 -12.8 3.7
-17.2 -21.6 5.1
-11.8 -14 1.1
-16 -22.6 1.9
-15.4 -22.6 1.5
-17.2 -13.2 1.3
-20 -17.2 3.9
-11.4 -14.4 1.1
-19.2 -15.4 0.7
-19.8 -16.6 1.1
-15.8 -12.6 2.1
-15.8 -22.6 1.7
-15.8 -22.2 0.5
-15.6 -12.8 4.3
-11.8 -14.2 0.7
-16.2 -22.2 4.7
-19.8 -17 0.9
-11.6 -14.4 0.7
-17.6 -22 1.9
-15.6 -12.6 1.9
-20 -16.4 2.3
-15.6 -22.4 0.9
-17.6 -21.6 0.7
-16 -22.6 3.5
-20 -16.8 1.7
-17.2 -13 2.3
-18.2 -13.6 2.5
-20 -16.4 3.1
-19.4 -15 2.1
-16 -12.6 2.5
-17.2 -22 1.1
-16 -13.2 0.3
-16 -13.2 0.3
-15.4 -22.6 3.9
-20 -16.6 1.9
-17.2 -13 3.1
-18 -21.8 2.3
-17.2 -13.2 4.1
-16.4 -13.2 0.5
-16.4 -13.2 0.5
-18 -21.2 0.5
-11.8 -14 4.3
-19.4 -15 3.3
-11.4 -14.4 4.3
-18 -21.8 3.1
-20 -16.8 3.7
-19.8 -16.6 4.3
-17 -21.6 0.1
-19.4 -18.4 0.1
-20 -16.6 3.5
-19.2 -15.4 4.7
-18.4 -13.8 2.1
-11.6 -14.4 4.7
-19.4 -15.2 1.5
-17.6 -21.6 4.7
-18.4 -13.8 3.3
-12 -14.6 5.5
-16 -13 0.7
-16 -13 0.7
-19 -15.4 0.3
-19.4 -15.2 3.9
-15.8 -22 0.1
-16.2 -22.6 2.1
-18.6 -21.2 1.7
-15.4 -13 0.5
-19 -15.2 0.5
-18.2 -13.6 2.3
-17.6 -13.4 1.3
-16 -12.6 2.3
-17.8 -13.6 1.1
-16.6 -12.8 1.9
-17.8 -21.8 1.5
-20 -17 1.5
-12 -14 0.7
-16 -13 4.7
-12 -14.4 0.1
-16.6 -13 1.1
-11.8 -14.6 0.1
-19.2 -15.2 0.9
-18.6 -21.2 3.7
-15.6 -22.6 1.5
-11.4 -14.6 0.7
-16.6 -12.8 3.5
-18 -21.6 1.3
-17.8 -21.8 3.9
-11.4 -14 2.7
-15.8 -12.8 1.1
-20 -16.4 2.1
-17.6 -21.8 1.1
-11.6 -14 1.5
-19 -15.4 5.1
-17.2 -13 2.1
-18.4 -21.4 1.7
-19 -15.2 4.9
-17.6 -21.4 0.3
-12 -13.8 1.1
-16.4 -13.4 0.1
-16.4 -13.4 0.1
-20 -16.4 3.3
-17.4 -21.4 0.1
-18 -21.8 2.1
-16.8 -13 1.3
-11.2 -14.6 1.1
-15.4 -13.2 0.1
-18 -21.6 4.1
-11.4 -14 2.5
-11.4 -14.6 4.7
-11.4 -14 2.9
-11.6 -14 3.9
-19.6 -17.6 0.3
-17.8 -13.4 1.7
-16.4 -13 0.9
-16.4 -13 0.9
-19.4 -15.4 1.1
-16.4 -22.4 1.3
-15.8 -12.6 1.9
-15.8 -22.4 0.9
-12 -13.8 4.3
-19.6 -17.8 0.3
-17.2 -13.4 0.7
-16.4 -22.6 2.7
-11.2 -14.2 2.7
-18.6 -21 1.1
-19.8 -16.8 0.9
-17 -13.4 0.5
-18.4 -21.2 1.1
-19.4 -15 1.9
-19 -15 0.7
-16.4 -13.4 5.3
-15.6 -13 0.5
-15.6 -13 0.5
-17.8 -21.6 0.9
-16.4 -22.6 2.5
-16.4 -22.4 4.1
-11.2 -14.2 2.5
-16.4 -22.6 2.9
-20 -17.4 1.3
-19.4 -15 3.5
-11.2 -14.2 2.9
-18.2 -13.6 2.1
-17.4 -22 1.3
-16 -12.6 2.1
-16 -22.6 1.7
-18.4 -13.8 1.9
-18.4 -21 0.7
-16 -22.2 0.5
-18.2 -13.8 1.3
-18.6 -21 4.3
-11.4 -14 2.3
-11.8 -13.8 1.5
-16.4 -12.8 1.5
-17.8 -21.4 0.5
-17.6 -22 1.7
-16.2 -22.4 1.1
-15.6 -12.6 1.7
-15.2 -22.2 0.3
-18.4 -13.8 3.5
-17.4 -13.6 0.5
-11.4 -14 3.1
-17.4 -13.2 1.5
-11.2 -14.4 1.5
-16.2 -12.8 1.3
-16 -22.6 3.7
-17.2 -13.6 0.3
-17.8 -21.6 4.5
-19 -15 4.7
-19.6 -18 0.3
-20 -16.6 1.7
-16.4 -22 0.3
-15.2 -22.6 1.3
-16.4 -12.8 3.9
-16.2 -22.6 1.9
-16.2 -12.6 2.7
-19.8 -17.4 0.7
-20.2 -17.4 2.7
-15.6 -13.2 0.1
-15.6 -13.2 0.1
-20 -16.6 3.7
-11.8 -14.4 0.3
-19.2 -18.2 5.7
-18.2 -21.2 0.7
-17.4 -13.4 0.9
-15.8 -22.6 1.5
-16.4 -22.2 0.7
-17 -13.2 0.9
-16.4 -22.6 2.3
-11.2 -14.2 2.3
-19.8 -16.4 1.1
-16.8 -13.2 0.7
-20 -16.8 1.5
-16.2 -12.6 2.5
-16.4 -22.6 3.1
-16.2 -13.2 0.3
-16.2 -13.2 0.3
-20.2 -17.4 2.5
-16.2 -12.6 2.9
-20.2 -17.4 2.9
-20 -17.2 1.3
-18.2 -21.4 1.1
-16 -22 0.1
-16.8 -13.4 0.3
-15.4 -22.2 0.3
-16 -13.4 5.5
-15.2 -22.4 0.7
-20 -16.4 1.9
-19.8 -17.4 4.7
-17.2 -13 1.9
-15.2 -22.8 2.7
-20 -16.8 3.9
-12 -14.2 0.3
-18.2 -21.2 4.7
-15.4 -22.6 1.3
-19.8 -16.4 4.3
-19.2 -15 1.1
-11.6 -14.6 0.3
-18 -21.8 1.9
-16.6 -12.8 1.7
-20 -16.4 3.5
-20 -17.2 4.1
-16.2 -13 0.7
-16.2 -13 0.7
-17.6 -13.6 0.7
-16.8 -13.2 4.7
-15.2 -22.8 2.5
-15.2 -22.8 2.9
-16.6 -12.8 3.7
-19.8 -17.2 0.7
-16 -12.8 1.1
-20.2 -17.2 2.7
-15.4 -22.6 4.1
-15.2 -22.4 4.7
-11.4 -14 2.1
-17 -13.6 0.1
-16.8 -13.4 5.1
-15.4 -22.2 5.1
-16 -22 5.3
-18 -21 0.1
-16.2 -12.6 2.3
-18.6 -21.2 1.5
-20.2 -17.4 2.3
-19.6 -18.2 0.3
-11.4 -14 3.3
-15.8 -13 0.5
-15.8 -13 0.5
-11.6 -14.2 0.9
-17.2 -13.2 1.1
-15.4 -22.4 0.7
-20.2 -17.4 3.1
-20.2 -17.2 2.5
-17.2 -21.8 0.5
-20.2 -17.2 2.9
-19.4 -15.2 1.3
-18.2 -13.6 1.9
-18.6 -21.2 3.9
-16 -12.6 1.9
-16 -22.4 0.9
-15.6 -12.8 0.9
-16.6 -13.2 0.5
-15.8 -12.6 1.7
-16.4 -22.6 2.1
-17 -22 0.7
-11.2 -14.2 2.1
-17.2 -13.2 4.3
-15.2 -22.8 2.3
-19.4 -15.2 4.1
-18.4 -21.4 1.5
-15.6 -22.2 0.3
-16.4 -22.6 3.3
-17.4 -21.8 0.7
-19.4 -15 1.7
-11.8 -14 0.9
-18 -21 5.3
-15.8 -13 4.9
-11.4 -14.4 0.9
-19.8 -16.6 0.9
-17.2 -21.8 4.9
-18 -21.4 0.7
-17.8 -21.8 1.3
-20 -17 1.3
-17 -21.8 0.3
-15.8 -13.2 0.1
-15.8 -13.2 0.1
-15.6 -22.6 1.3
-17.8 -13.4 1.5
-19.4 -15 3.7
-18.4 -13.8 1.7
-20.2 -17.2 2.3
-17.2 -22 0.9
-17 -22 4.7
-17.4 -13.8 0.1
-20.2 -17.2 3.1
-11.6 -14 1.3
-17.8 -21.8 4.1
-11.8 -14 4.5
-11.4 -14.2 1.3
-11.4 -14.4 4.5
-18.4 -13.8 3.7
-19.8 -16.6 4.5
-17.6 -13.4 1.1
-15.4 -22.8 2.3
-19.8 -17 0.7
-15.8 -21.8 5.7
-20.2 -17 2.7
-16.2 -12.6 2.1
-16.2 -22.6 1.7
-20.2 -17.4 2.1
-16.2 -22.2 0.5
-15.6 -22.4 0.7
-17.4 -13 2.7
-17 -21.8 5.1
-11.6 -14 4.1
-16 -22.6 1.5
-15.6 -22.8 2.7
-17.4 -21.6 0.3
-18 -21.6 1.1
-20.2 -17.4 3.3
-18.2 -21 0.3
-20.2 -17 2.5
-17.6 -22 1.5
-15.6 -12.6 1.5
-16.6 -13.4 0.1
-17.4 -13 2.5
-20.2 -17 2.9
-17.8 -21.2 0.1
-17.4 -13 2.9
-15.6 -22.8 2.5
-16.8 -12.8 1.9
-16 -22.6 3.9
-15.6 -22.8 2.9
-20 -16.6 1.5
-17.8 -13.6 0.9
-19.2 -15.4 0.5
-16.8 -13 1.1
-11.4 -14 1.9
-20 -16.4 1.7
-11.8 -14.2 0.5
-19.6 -18.4 0.3
-15.2 -22.8 2.1
-16.6 -13 0.9
-11.6 -14.4 0.5
-18 -21.6 4.3
-17 -21.4 5.7
-16.2 -22.2 4.9
-17.2 -13 1.7
-17.6 -21.6 0.5
-15.4 -22 5.5
-11.4 -14 3.5
-18 -21.8 1.7
-16.4 -21.8 5.5
-20 -16.6 3.9
-17.4 -21.6 5.1
-16.4 -22.4 1.1
-17.2 -21.6 0.1
-20 -16.4 3.7
-11.8 -13.8 1.3
-16.4 -12.8 1.3
-18.2 -21 5.1
-15.8 -12.8 0.9
-17.6 -21.8 0.9
-17.4 -13.2 1.3
-11.2 -14.4 1.3
-16.2 -22 0.1
-12 -13.8 0.9
-20.2 -17.2 2.1
-17.8 -21.2 5.3
-19.2 -15.4 4.9
-16.4 -22.6 1.9
-11.2 -14.6 0.9
-11.2 -14.2 1.9
-20.2 -17 2.3
-15.8 -22.2 0.3
-16.4 -12.6 2.7
-20.2 -17.2 3.3
-17.4 -13 2.3
-11.6 -14.4 4.9
-19.2 -15.2 0.7
-20 -17.4 1.1
-16 -13 0.5
-16 -13 0.5
-16.4 -22.4 4.3
-17.6 -21.6 4.9
-20.2 -17 3.1
-16.4 -12.8 4.1
-17.4 -22 1.1
-15.6 -22.8 2.3
-17 -12.8 2.7
-17.4 -13 3.1
-19.4 -15.4 0.9
-16.4 -22.6 3.5
-18.2 -13.8 1.1
-15.4 -22.8 2.1
-15.6 -22.8 3.1
-16.6 -12.8 1.5
-15.8 -22.6 1.3
-16.4 -12.6 2.5
-16.4 -13.2 0.3
-16.4 -13.2 0.3
-18 -21.2 0.3
-12 -13.8 4.5
-16.4 -12.6 2.9
-18.2 -13.6 1.7
-20 -16.8 1.3
-17.2 -21.6 5.3
-18.6 -21 0.9
-17 -12.8 2.5
-16.2 -12.8 1.1
-16 -12.6 1.7
-18.4 -21.2 0.9
-17 -13 1.3
-17 -12.8 2.9
-16.6 -12.8 3.9
-12 -14 0.5
-15.2 -22.6 1.1
-16 -13 4.9
-11.4 -14.6 0.5
-16.4 -13 0.7
-16.4 -13 0.7
-16 -13.2 0.1
-16 -13.2 0.1
-15.8 -22.4 0.7
-18.6 -21 4.5
-16.2 -12.6 1.9
-16.2 -22.4 0.9
-15.8 -22.8 2.7
-20.2 -17.4 1.9
-15.4 -13 0.3
-19.8 -16.8 0.7
-19 -15.2 0.3
-20.2 -16.8 2.7
-20 -17.2 1.1
-15.8 -12.6 1.5
-16.4 -12.6 2.3
-20.2 -17.4 3.5
-17.8 -21.6 0.7
-15.8 -22.8 2.5
-16.4 -12.6 3.1
-18.6 -21.2 1.3
-15.8 -22.8 2.9
-11.4 -14.6 4.9
-17 -12.8 2.3
-20.2 -16.8 2.5
-19.4 -15 1.5
-18.6 -13.8 2.7
-15.4 -22.6 1.1
-17 -12.8 3.1
-18.2 -21.8 2.7
-20.2 -17 2.1
-20 -17.2 4.3
-19 -15.4 0.1
-15.2 -22.8 1.9
-17.4 -13 2.1
-17.2 -13.4 0.5
-19.8 -16.4 0.9
-15.6 -22.8 2.1
-18.4 -13.8 1.5
-20.2 -17 3.3
-18.6 -13.8 2.5
-18.6 -21.2 4.1
-19.4 -15 3.9
-18.2 -21.4 0.9
-17.4 -13 3.3
-18.6 -13.8 2.9
-18.2 -21.8 2.5
-17.8 -21.6 4.7
-19 -15 0.5
-18.2 -21.8 2.9
-15.4 -22.6 4.3
-18.4 -21.4 1.3
-16.8 -12.8 1.7
-20.2 -17.2 1.9
-18.4 -13.8 3.9
-18.4 -21 0.5
-19.2 -15 0.9
-19.8 -16.4 4.5
-11.4 -14 1.7
-17.4 -13.4 0.7
-17 -13.2 0.7
-19.4 -15.2 1.1
-15.8 -22.8 2.3
-16.2 -22.6 1.5
-20.2 -17.2 3.5
-17.8 -13.4 1.3
-20.2 -16.8 2.3
-15.8 -22.8 3.1
-19 -15.4 5.3
-17 -13.4 0.3
-17.6 -21.4 0.1
-15.4 -22.8 1.9
-16 -12.8 0.9
-15.6 -13 0.3
-15.6 -13 0.3
-19.6 -17.6 0.1
-19.8 -17.4 0.5
-18.6 -13.8 2.3
-12 -14.6 5.7
-19.4 -15.2 4.3
-18.2 -21.8 2.3
-16 -22.2 0.3
-17.2 -13.2 0.9
-18.2 -21.2 0.5
-18.6 -13.8 3.1
-16.4 -12.6 2.1
-16.4 -22.6 1.7
-17.8 -21.8 1.1
-16.4 -22.2 0.5
-20 -17 1.1
-11.2 -14.2 1.7
-18.2 -21.8 3.1
-19.6 -17.8 0.1
-20 -16.4 1.5
-17.8 -21.4 0.3
-15.6 -22.6 1.1
-17.2 -13 1.5
-17 -12.8 2.1
-16.8 -13.2 0.5
-17.4 -13.6 0.3
-16.4 -12.6 3.3
-16 -22.6 1.3
-18 -21.8 1.5
-16.4 -22.6 3.7
-17 -12.8 3.3
-17.6 -22 1.3
-15.2 -22.4 0.5
-15.6 -12.6 1.3
-20 -16.4 3.9
-11.6 -14 1.1
-11.4 -14.2 1.1
-10.2 -15.6 2.7
-17.2 -13.2 4.5
-17.8 -21.8 4.3
-19.8 -17.4 4.9
-20 -16.6 1.3
-11.6 -14.2 0.7
-18.2 -21.2 4.9
-16 -22.6 4.1
-16.2 -13 0.5
-16.2 -13 0.5
-17.6 -13.6 0.5
-10.2 -15.6 2.5
-15.2 -22.2 0.1
-16.8 -13.2 4.9
-10.2 -15.6 2.9
-16 -22.4 0.7
-15.6 -12.8 0.7
-11.6 -14 4.3
-17.2 -13.6 0.1
-19.6 -18 0.1
-19.8 -17.2 0.5
-20.2 -17 1.9
-20 -16.6 4.1
-15.8 -22.8 2.1
-17.4 -13 1.9
-16.4 -22 0.1
-16.2 -12.6 1.7
-16.4 -13.4 5.5
-20.2 -17.4 1.7
-18.2 -13.6 1.5
-15.6 -22.8 1.9
-20.2 -16.8 2.1
-16 -12.6 1.5
-18.2 -21.6 1.3
-15.8 -22.8 3.3
-17.6 -13.4 0.9
-11.8 -14 0.7
-20.2 -17 3.5
-11.8 -14.4 0.1
-15.4 -22.4 0.5
-16 -22.8 2.5
-17.4 -13 3.5
-11.4 -14.4 0.7
-19.8 -16.6 0.7
-20.2 -16.6 2.7
-20.2 -17.4 3.7
-18.6 -13.8 2.1
-16.2 -13.2 0.1
-16.2 -13.2 0.1
-18.2 -21.8 2.1
-17.2 -22 0.7
-18 -21.6 0.9
-16.6 -12.8 1.3
-20.2 -16.6 2.5
-16.8 -13.4 0.1
-15.4 -22.2 0.1
-20.2 -16.6 2.9
-17 -22 0.5
-15.2 -22.8 1.7
-11.8 -13.8 1.1
-16.4 -12.8 1.1
-18.2 -21.8 3.3
-10.2 -15.6 2.3
-17.4 -13.2 1.1
-11.2 -14.4 1.1
-11.8 -14 4.7
-10.2 -15.6 3.1
-17.4 -21.8 0.5
-12 -14.2 0.1
-11.4 -14.4 4.7
-19.8 -16.6 4.7
-15.8 -13 0.3
-15.8 -13 0.3
-16.6 -12.6 2.7
-11.6 -14.6 0.1
-17.2 -21.8 0.3
-16.8 -13 0.9
-18 -21.4 0.5
-16.6 -12.8 4.1
-18 -21.6 4.5
-20.2 -17.2 1.7
-10.2 -15.8 1.7
-16.4 -12.8 4.3
-16.6 -12.6 2.5
-16 -22.8 2.3
-16.6 -13.2 0.3
-16.4 -12.6 1.9
-16.6 -12.6 2.9
-16.4 -22.4 0.9
-15.8 -22.6 1.1
-17 -22 4.9
-17 -12.8 1.9
-16.8 -13.4 5.3
-15.4 -22.2 5.3
-20 -16.8 1.1
-20.2 -17.2 3.7
-19.6 -18.2 0.1
-17 -13 1.1
-15.4 -22.8 1.7
-20.2 -16.6 2.3
-17.8 -13.6 0.7
-15.8 -12.6 1.3
-15.8 -13 5.1
-17 -12.8 3.5
-17.2 -21.8 5.1
-19.8 -17 0.5
-16.6 -13 0.7
-20 -17.4 0.9
-15.6 -22.4 0.5
-17.4 -22 0.9
-16.8 -12.8 1.5
-16.4 -22.4 4.5
-19.4 -15 1.3
-18.2 -13.8 0.9
-11.4 -14 1.5
-18.2 -13.4 2.7
-15.8 -12.8 0.7
-17.6 -21.8 0.7
-16 -22 5.5
-16.2 -12.8 0.9
-18.4 -13.8 1.3
-15.6 -22.2 0.1
-12 -13.8 0.7
-16.6 -12.6 2.3
-19.4 -15 4.1
-11.2 -14.6 0.7
-15.8 -22.8 1.9
-19.2 -18.2 5.9
-15.2 -22.6 0.9
-10.2 -15.6 2.1
-18.2 -13.4 2.5
-17 -21.8 0.1
-18.2 -13.4 2.9
-20.2 -16.8 1.9
-18.6 -21.2 1.1
-16.2 -22.2 0.3
-19.4 -15.4 0.7
-15.8 -22.8 3.5
-11.4 -13.8 2.7
-11.4 -13.8 2.7
-18.4 -13.8 4.1
-11.2 -14 2.7
-16.4 -22.6 1.5
-11.2 -14.2 1.5
-16.2 -22.6 1.3
-18.6 -13.8 1.9
-12 -13.8 4.7
-18.6 -21 0.7
-18.4 -21.2 0.7
-18.2 -21.8 1.9
-20 -17.2 0.9
-11.4 -13.8 2.5
-11.4 -13.8 2.5
-16 -22.8 2.1
-11.2 -14 2.5
-18.6 -21.2 4.3
-11.4 -13.8 2.9
-11.4 -13.8 2.9
-19.2 -15.4 0.3
-18 -21 5.5
-20.2 -17 1.7
-11.2 -14 2.9
-16.4 -22.6 3.9
-17.4 -13 1.7
-11.8 -14.2 0.3
-17.2 -12.8 2.7
-11.6 -14.4 0.3
-19.2 -15.2 0.5
-18.2 -21.8 3.5
-15.6 -22.8 1.7
-17.6 -21.6 0.3
-18.4 -21.4 1.1
-16.2 -22.2 5.1
-17 -21.8 5.3
-15.4 -22.6 0.9
-20.2 -16.6 2.1
-17.4 -21.6 0.1
-20.2 -17 3.7
-17.4 -13 3.7
-18.2 -21 0.1
-18.2 -13.4 2.3
-20 -16.4 1.3
-17.2 -12.8 2.5
-16.2 -22.4 0.7
-18.6 -21 4.7
-20 -17.2 4.5
-17.2 -13 1.3
-17.8 -13.4 1.1
-17.2 -12.8 2.9
-18.2 -13.4 3.1
-18 -21.8 1.3
-19.2 -15.4 5.1
-16.2 -12.6 1.5
-20.2 -17.4 1.5
-19.6 -18.4 0.1
-15.4 -22.6 4.5
-16 -13 0.3
-16 -13 0.3
-20 -16.4 4.1
-11.6 -14.4 5.1
-16.6 -12.6 2.1
-11.4 -13.8 2.3
-11.4 -13.8 2.3
-16.4 -13 0.5
-16.4 -13 0.5
-11.2 -14 2.3
-11.4 -13.8 3.1
-15.8 -22.4 0.5
-11.2 -14 3.1
-19.4 -15.2 0.9
-17.4 -21.6 5.3
-17.6 -13.2 1.3
-19.8 -16.4 0.7
-20.2 -17.4 3.9
-20.2 -16.4 2.7
-18.2 -21 5.3
-19.8 -16.8 0.5
-16 -22.6 1.1
-18.2 -21.4 0.7
-16.4 -12.6 1.7
-15.2 -22.8 1.5
-17.2 -12.8 2.3
-12 -14 0.3
-17.8 -21.6 0.5
-15.8 -22.2 0.1
-17.6 -22 1.1
-15.6 -12.6 1.1
-17 -12.8 1.7
-20.2 -16.4 2.5
-18.2 -13.6 1.3
-11.4 -14.6 0.3
-20.2 -16.4 2.9
-16 -12.6 1.3
-17.2 -12.8 3.1
-20 -16.6 1.1
-19.4 -15.2 4.5
-19.2 -15 0.7
-17.8 -21.8 0.9
-20 -17 0.9
-16 -22.6 4.3
-10.2 -15.6 1.9
-19.8 -16.4 4.7
-16.4 -13.2 0.1
-16.4 -13.2 0.1
-17 -12.8 3.7
-18 -21.2 0.1
-15.6 -22.6 0.9
-16.2 -22.8 2.3
-20.2 -17.2 1.5
-10.2 -15.8 1.5
-16 -12.8 0.7
-17.8 -13.2 1.7
-18.2 -13.4 2.1
-17.8 -21.6 4.9
-20 -16.6 4.3
-11.6 -14 0.9
-11.4 -14.2 0.9
-15.8 -21.8 5.9
-18.2 -13.4 3.3
-18.2 -21.6 1.1
-11.4 -14.6 5.1
-16 -22.8 1.9
-17.8 -21.8 4.5
-20.2 -17.2 3.9
-15.4 -22.8 1.5
-17.2 -13.2 0.7
-15.4 -22 5.7
-17.4 -13.4 0.5
-15.8 -22.8 1.7
-17 -13.2 0.5
-20.2 -16.4 2.3
-17.2 -13.4 0.3
-20.2 -16.8 1.7
-11.4 -13.8 2.1
-11.4 -13.8 2.1
-20.2 -16.4 3.1
-15.4 -13 0.1
-19 -15.2 0.1
-11.2 -14 2.1
-17.2 -21.6 5.5
-20.2 -16.6 1.9
-16.6 -12.8 1.1
-15.8 -22.8 3.7
-11.6 -14 4.5
-19 -15 0.3
-11.4 -13.8 3.3
-11.2 -14 3.3
-18.6 -13.8 1.7
-18.2 -21.8 1.7
-17.2 -13.2 4.7
-18.4 -21 0.3
-17.2 -12.8 2.1
-16.6 -12.8 4.3
-18.2 -21.8 3.7
-16.8 -12.8 1.3
-16.6 -12.6 1.9
-17.2 -12.8 3.3
-11.4 -14 1.3
-11.8 -13.8 0.9
-16.4 -12.8 0.9
-16.2 -22.8 2.1
-17.4 -13.2 0.9
-11.2 -14.4 0.9
-18.6 -21.6 2.7
-19.8 -17.4 0.3
-17.6 -13.4 0.7
-11.6 -14.2 0.5
-15.8 -12.6 1.1
-18.2 -21.2 0.3
-20.2 -17 1.5
-16.4 -22.2 0.3
-17.4 -13 1.5
-15.6 -22.8 1.5
-16.8 -12.6 2.5
-18.6 -21.6 2.5
-16.8 -13.2 0.3
-19.4 -15 1.1
-18.6 -21.6 2.9
-17 -13.4 0.1
-16 -22.4 0.5
-15.6 -12.8 0.5
-10.2 -15.4 2.5
-16.4 -12.8 4.5
-18 -21.6 0.7
-16.4 -22.6 1.3
-15.8 -22.6 0.9
-11.2 -14.2 1.3
-20.2 -17 3.9
-20.2 -16.4 2.1
-17.4 -13 3.9
-15.6 -13 0.1
-15.6 -13 0.1
-15.2 -22.4 0.3
-20 -16.8 0.9
-18.4 -13.8 1.1
-17 -13 0.9
-20.2 -16.4 3.3
-11.8 -14 0.5
-19.8 -17.4 5.1
-16 -22.2 0.1
-11.4 -14.4 0.5
-19.8 -16.6 0.5
-18.2 -13.4 1.9
-16.8 -13 0.7
-19.4 -15 4.3
-16.2 -13 0.3
-16.2 -13 0.3
-18.2 -21.2 5.1
-18.4 -13.6 1.7
-16.4 -22.6 4.1
-17.6 -13.6 0.3
-17.8 -21.4 0.1
-17.4 -13.6 0.1
-16.8 -13.2 5.1
-18 -21.6 4.7
-18.2 -13.4 3.5
-19 -15.4 5.5
-17.2 -22 0.5
-19.8 -17.2 0.3
-16.4 -22.4 0.7
-18.4 -13.8 4.3
-10.2 -15.6 1.7
-16.4 -22.8 2.7
-16.2 -22.6 1.1
-16.8 -12.6 2.3
-18.6 -21.6 2.3
-11.4 -13.8 1.9
-11.4 -13.8 1.9
-11.2 -14 1.9
-10.2 -15.4 2.3
-11.8 -14 4.9
-18.6 -21.6 3.1
-16.4 -12.6 1.5
-15.4 -22.4 0.3
-11.4 -14.4 4.9
-19.8 -16.6 4.9
-16.2 -12.6 1.3
-16.4 -22.8 2.5
-20.2 -17.4 1.3
-11.4 -13.8 3.5
-17 -12.8 1.5
-16.4 -22.8 2.9
-11.2 -14 3.5
-18.6 -21.2 0.9
-20 -17.4 0.7
-17.4 -22 0.7
-16 -22.8 1.7
-16.4 -22.4 4.7
-18.2 -13.8 0.7
-17.2 -12.8 1.9
-20 -16.4 1.1
-17 -22 0.3
-17.2 -13 1.1
-17 -12.8 3.9
-20.2 -17.4 4.1
-16.2 -12.8 0.7
-17.4 -21.8 0.3
-20.2 -16.6 1.7
-17.2 -12.8 3.5
-18 -21.8 1.1
-17.8 -13.6 0.5
-17.8 -13.2 1.5
-18.6 -21.2 4.5
-18 -21.4 0.3
-15.2 -22.8 1.3
-15.2 -22.6 0.7
-16.2 -22.8 1.9
-16.6 -13 0.5
-18.4 -21.4 0.9
-20 -16.4 4.3
-15.8 -22.8 1.5
-16.4 -22.8 2.3
-17.6 -13.2 1.1
-20.2 -16.8 1.5
-15.8 -12.8 0.5
-17.6 -21.8 0.5
-17 -22 5.1
-17.8 -13.4 0.9
-16.4 -22.8 3.1
-16.6 -12.6 1.7
-20.2 -17.2 1.3
-10.2 -15.8 1.3
-12 -13.8 0.5
-20 -17.2 0.7
-15.8 -13 0.1
-15.8 -13 0.1
-17.2 -21.8 0.1
-11.2 -14.6 0.5
-15.8 -22.8 3.9
-20.2 -16.4 1.9
-19.8 -17 0.3
-16.8 -12.6 2.1
-18.6 -21.6 2.1
-18.2 -13.6 1.1
-18.6 -13.8 1.5
-15.6 -22.4 0.3
-16 -12.6 1.1
-18.2 -21.8 1.5
-10.2 -15.4 2.1
-10 -15.8 2.7
-15.4 -22.8 1.3
-19.4 -15.4 0.5
-15.4 -22.6 0.7
-20.2 -16.4 3.5
-20.2 -17.2 4.1
-16.6 -13.2 0.1
-18.6 -21.6 3.3
-18.8 -13.8 2.7
-20 -17.2 4.7
-18.6 -21 0.5
-10 -15.8 2.5
-16 -22.6 0.9
-18.4 -21.2 0.5
-18.2 -21.8 3.9
-12 -13.8 4.9
-10 -15.8 2.9
-15.8 -13 5.3
-17.6 -22 0.9
-15.6 -12.6 0.9
-17.2 -21.8 5.3
-18.8 -13.8 2.5
-15.2 -23 2.7
-15.4 -22.6 4.7
-18.8 -13.8 2.9
-20 -16.6 0.9
-18.2 -13.4 1.7
-19.4 -15.2 0.7
-16 -22.6 4.5
-16.2 -22.4 0.5
-15.2 -23 2.5
-18.6 -21 4.9
-16.8 -13.4 5.5
-15.4 -22.2 5.5
-18.2 -13.4 3.7
-16.4 -22.8 2.1
-17.4 -12.8 2.7
-18.6 -13.6 2.7
-19.2 -15.2 0.3
-20 -16.6 4.5
-11.4 -13.8 1.7
-11.4 -13.8 1.7
-16.2 -22.2 0.1
-10 -15.8 2.3
-16.4 -22.8 3.3
-11.2 -14 1.7
-18.2 -21.6 0.9
-20.4 -17.2 2.5
-10 -15.8 3.1
-20.2 -17 1.3
-17.4 -12.8 2.5
-19.4 -15.2 4.7
-17.8 -21.8 0.7
-15.4 -23 2.7
-20 -17 0.7
-17.4 -13 1.3
-17.4 -12.8 2.9
-18.4 -13.6 1.5
-18.6 -13.6 2.5
-15.6 -22.8 1.3
-19.8 -16.4 0.5
-18.8 -13.8 2.3
-18.6 -13.6 2.9
-15.6 -22.6 0.7
-11.4 -13.8 3.7
-11.2 -14 3.7
-16.8 -12.8 1.1
-18.8 -13.8 3.1
-18.2 -21.4 0.5
-17.6 -13 1.7
-16.6 -12.8 0.9
-11.4 -14 1.1
-15.4 -23 2.5
-17.2 -12.8 1.7
-19.2 -15.4 0.1
-10.2 -15.6 1.5
-15.4 -23 2.9
-20.2 -17 4.1
-11.8 -14.2 0.1
-11.6 -14 0.7
-15.2 -23 2.3
-17.4 -13 4.1
-11.6 -14.4 0.1
-11.4 -14.2 0.7
-17.6 -21.6 0.1
-16.4 -13 0.3
-16.4 -13 0.3
-19.2 -15 0.5
-16.2 -22.2 5.3
-17.8 -21.8 4.7
-17.2 -12.8 3.7
-15.8 -22.4 0.3
-16.8 -12.6 1.9
-18.6 -21.6 1.9
-16.2 -22.8 1.7
-19.8 -16.4 4.9
-10.2 -15.4 1.9
-16 -22.8 1.5
-19.8 -16.8 0.3
-20.4 -17.2 2.3
-16 -22 5.7
-11.6 -13.8 1.1
-17.4 -12.8 2.3
-17.8 -13 2.7
-16.4 -22.6 1.1
-16 -12.8 0.5
-18.6 -21.6 3.5
-11.2 -14.2 1.1
-18.6 -13.6 2.3
-11.6 -14 4.7
-17.8 -21.6 0.3
-17.4 -12.8 3.1
-19.2 -15.4 5.3
-16 -13 0.1
-16 -13 0.1
-18.6 -13.6 3.1
-20.2 -16.6 1.5
-11.6 -14.4 5.3
-17.8 -13 2.5
-16.4 -12.6 1.3
-17.2 -13.2 0.5
-15.8 -12.6 0.9
-15.4 -23 2.3
-17 -21.8 5.5
-17.8 -13 2.9
-20.2 -16.4 1.7
-20.4 -17 2.7
-17 -12.8 1.3
-15.4 -23 3.1
-16.4 -22.6 4.3
-10 -15.8 2.1
-19.4 -15 0.9
-15.6 -23 2.7
-10 -15.8 3.3
-20.2 -16.4 3.7
-20.4 -17 2.5
-18 -21 5.7
-17 -12.6 2.7
-12 -14 0.1
-11.8 -13.8 0.7
-16.4 -12.8 0.7
-18.8 -13.8 2.1
-16.6 -12.6 1.5
-17.4 -13.2 0.7
-11.4 -14.6 0.1
-17 -12.8 4.1
-11.2 -14.4 0.7
-18.4 -13.8 0.9
-15.6 -23 2.5
-15.6 -23 2.9
-18.8 -13.8 3.3
-17.8 -13.2 1.3
-16.4 -22.8 1.9
-17.4 -13.4 0.3
-18.4 -13.4 2.7
-17 -12.6 2.5
-16.2 -12.6 1.1
-17 -13.2 0.3
-20.2 -17.4 1.1
-19.4 -15 4.5
-15.2 -23 2.1
-17 -12.6 2.9
-17.4 -21.6 5.5
-16.4 -22.8 3.5
-18.2 -21 5.5
-17.8 -13 2.3
-18.4 -13.4 2.5
-15.8 -22.8 1.3
-15.8 -22.6 0.7
-16.4 -12.8 4.7
-17.8 -13 3.1
-18.4 -13.4 2.9
-18.4 -13.8 4.5
-16.2 -22.6 0.9
-20.2 -16.8 1.3
-20 -16.8 0.7
-20.4 -17.2 2.1
-17 -13 0.7
-20.2 -17.4 4.3
-17.6 -13.4 0.5
-17.4 -12.8 2.1
-20.4 -17 2.3
-18.6 -13.6 2.1
-15.2 -22.8 1.1
-17.4 -12.8 3.3
-18.6 -13.8 1.3
-17.2 -13.4 0.1
-15.6 -23 2.3
-18.2 -21.8 1.3
-18.6 -13.6 3.3
-15.4 -23 2.1
-15.6 -23 3.1
-18 -21.6 0.5
-18.2 -13.4 1.5
-17 -12.6 2.3
-19 -15 0.1
-20 -16.4 0.9
-17.2 -13 0.9
-15.4 -23 3.3
-17 -12.6 3.1
-20.2 -17.2 1.1
-10.2 -15.8 1.1
-18 -21.8 0.9
-18.2 -21.8 4.1
-11.6 -14.2 0.3
-18.4 -21 0.1
-18.4 -13.4 2.3
-18.2 -13.4 3.9
-16.8 -13 0.5
-18.4 -13.4 3.1
-10.2 -15.2 2.7
-18.6 -21.2 0.7
-11.4 -13.8 1.5
-11.4 -13.8 1.5
-11.2 -14 1.5
-15.4 -22.8 1.1
-16 -22.4 0.3
-15.6 -12.8 0.3
-18 -21.6 4.9
-16.4 -22.4 0.5
-20.2 -17.2 4.3
-10.2 -15.2 2.5
-16.8 -12.6 1.7
-17.6 -13.2 0.9
-18.6 -21.6 1.7
-18.6 -21.4 1.1
-15.8 -23 2.7
-10.2 -15.2 2.9
-10 -15.8 1.9
-10.2 -15.4 1.7
-20.4 -16.8 2.7
-11.4 -13.8 3.9
-19.8 -17.4 0.1
-11.2 -14 3.9
-17.8 -13 2.1
-11.8 -14 0.3
-17.6 -13 1.5
-11.4 -14.4 0.3
-17.2 -12.8 1.5
-18.2 -21.2 0.1
-19.8 -16.6 0.3
-10 -15.8 3.5
-16.4 -22.2 0.1
-18.6 -21.6 3.7
-15.8 -23 2.5
-17.8 -13 3.3
-18.6 -21.2 4.7
-18.8 -13.8 1.9
-18.2 -13.6 0.9
-15.8 -23 2.9
-20 -17.4 0.5
-11.2 -13.8 2.7
-11.2 -13.8 2.7
-20.4 -16.8 2.5
-16 -12.6 0.9
-18.4 -21.4 0.7
-16.8 -13.2 0.1
-17.4 -22 0.5
-20.4 -16.8 2.9
-18.2 -13.8 0.5
-17.2 -22 0.3
-20.4 -17 2.1
-17.2 -21.6 5.7
-16.4 -22.4 4.9
-17.2 -12.8 3.9
-18.4 -13.6 1.3
-15.2 -23 1.9
-16.2 -22.8 1.5
-15.2 -22.4 0.1
-11.2 -13.8 2.5
-11.2 -13.8 2.5
-17.8 -13.4 0.7
-15.6 -23 2.1
-11.2 -13.8 2.9
-11.2 -13.8 2.9
-16.2 -12.8 0.5
-11.8 -14 5.1
-17 -12.6 2.1
-15.6 -23 3.3
-10.2 -15.6 1.3
-16.2 -13 0.1
-16.2 -13 0.1
-10.2 -15.2 2.3
-11.4 -14.4 5.1
-15.4 -22 5.9
-19.8 -16.6 5.1
-15.2 -22.6 0.5
-17.6 -13.6 0.1
-11.4 -13.6 2.7
-18.2 -21.2 5.3
-10.2 -15.2 3.1
-17 -12.6 3.3
-20.4 -17.2 1.9
-17.4 -12.8 1.9
-18.4 -13.4 2.1
-20.2 -17 1.1
-16.4 -22.8 1.7
-19.8 -17.2 0.1
-18.6 -13.6 1.9
-20.2 -16.4 1.5
-17.4 -13 1.1
-10 -15.6 2.7
-15.8 -23 2.3
-11.4 -13.6 2.5
-15.6 -22.8 1.1
-20.4 -16.8 2.3
-18.4 -21.6 1.1
-11.4 -13.6 2.9
-17.4 -12.8 3.5
-15.8 -23 3.1
-16 -22.8 1.3
-16 -22.6 0.7
-18.6 -13.6 3.5
-20.4 -16.8 3.1
-20 -17.2 0.5
-15.4 -23 1.9
-16.4 -22.8 3.7
-15.4 -22.4 0.1
-17.8 -13.6 0.3
-10 -15.6 2.5
-20.2 -16.4 3.9
-10 -15.6 2.9
-17.6 -22 0.7
-11.2 -13.8 2.3
-11.2 -13.8 2.3
-15.6 -12.6 0.7
-20.2 -17 4.3
-16.6 -13 0.3
-15.4 -23 3.5
-17.4 -13 4.3
-11.2 -13.8 3.1
-11.2 -13.8 3.1
-20.2 -16.6 1.3
-15.4 -22.6 0.5
-20 -16.6 0.7
-18.2 -13.2 2.7
-17 -22 0.1
-18.4 -21.8 1.7
-15.8 -12.8 0.3
-17.6 -21.8 0.3
-16.8 -12.8 0.9
-12 -13.8 0.3
-17.4 -21.8 0.1
-18.2 -13.2 2.5
-11.4 -14 0.9
-18.2 -13.2 2.9
-11.2 -14.6 0.3
-18 -21.4 0.1
-11.4 -13.6 2.3
-16.6 -12.6 1.3
-11.4 -13.6 3.1
-17.8 -13 1.9
-18.2 -21.6 0.7
-19.4 -15.4 0.3
-15.4 -22.6 4.9
-16.4 -12.6 1.1
-10 -15.6 2.3
-10.2 -15.2 2.1
-19 -15.4 5.7
-19.4 -15.2 0.5
-17 -12.8 1.1
-10 -15.6 3.1
-17.8 -13 3.5
-18.6 -21 0.3
-10.2 -15.2 3.3
-17 -22 5.3
-18.4 -21.2 0.3
-11.6 -13.8 0.9
-12 -13.8 5.1
-20.4 -17 1.9
-16.6 -12.8 0.7
-16.4 -22.6 0.9
-11.2 -14.2 0.9
-15.8 -23 2.1
-20.4 -16.8 2.1
-19.8 -17 0.1
-10 -15.8 1.7
-15.6 -23 1.9
-15.6 -22.4 0.1
-15.8 -23 3.3
-18.2 -13.2 2.3
-17 -12.8 4.3
-20.4 -16.8 3.3
-20.4 -16.6 2.7
-17 -12.6 1.9
-17.8 -13.2 1.1
-18.2 -13.2 3.1
-17.8 -21.8 0.5
-20 -17 0.5
-15.6 -23 3.5
-18.8 -13.8 1.7
-11.2 -13.8 2.1
-11.2 -13.8 2.1
-10 -15.8 3.7
-16.2 -22.4 0.3
-15.6 -22.6 0.5
-16.6 -12.4 2.7
-16.4 -22.6 4.5
-11.2 -13.8 3.3
-11.2 -13.8 3.3
-18.4 -13.4 1.9
-18.6 -21 5.1
-20.4 -16.6 2.5
-18.2 -13.4 1.3
-15.8 -22.8 1.1
-15.2 -23 1.7
-16.8 -12.6 1.5
-18.6 -21.6 1.5
-20.2 -16.8 1.1
-11.6 -14 0.5
-16.6 -12.4 2.5
-11.4 -14.2 0.5
-10.2 -15.4 1.5
-16.6 -12.4 2.9
-15.8 -12.6 0.7
-17.8 -21.8 4.9
-11.4 -13.6 2.1
-16.2 -12.6 0.9
-18.2 -13.4 4.1
-20.2 -17.4 0.9
-18.6 -21.6 3.9
-18.6 -13.8 1.1
-19.8 -16.4 0.3
-11.4 -13.8 1.3
-11.4 -13.8 1.3
-20.4 -17.2 1.7
-11.2 -14 1.3
-18.2 -21.8 1.1
-19.4 -15 0.7
-17.4 -12.8 1.7
-18.2 -21.4 0.3
-10 -15.6 2.1
-18.6 -13.6 1.7
-11.6 -14 4.9
-10 -15.6 3.3
-19.2 -15.2 0.1
-15.8 -13 5.5
-18.4 -13.8 0.7
-17.4 -12.8 3.7
-17.2 -21.8 5.5
-11.4 -13.8 4.1
-20.4 -16.6 2.3
-15.4 -23 1.7
-17.6 -13 1.3
-11.2 -14 4.1
-19.2 -15 0.3
-18.6 -13.6 3.7
-20.2 -17.4 4.5
-17.2 -12.8 1.3
-18.2 -21.8 4.3
-15.2 -22.8 0.9
-16.6 -12.4 2.3
-19.4 -15 4.7
-19.8 -16.4 5.1
-18.2 -13.2 2.1
-16.6 -12.4 3.1
-15.4 -23 3.7
-16.4 -22.8 1.5
-17.2 -12.6 2.7
-16 -12.8 0.3
-10.2 -15.2 1.9
-18.2 -13.2 3.3
-17.2 -12.8 4.1
-16.2 -22.8 1.3
-11.8 -13.8 0.5
-16.4 -12.8 0.5
-16.2 -22.6 0.7
-18.4 -13.8 4.7
-17.4 -13.2 0.5
-11.2 -14.4 0.5
-20.2 -17.2 0.9
-10.2 -15.8 0.9
-10.2 -15.2 3.5
-16.4 -13 0.1
-16.4 -13 0.1
-17.2 -12.6 2.5
-17.2 -13.2 0.3
-16.4 -22.8 3.9
-17.2 -12.6 2.9
-15.8 -23 1.9
-15.8 -22.4 0.1
-20.4 -16.8 1.9
-18.6 -21.8 2.7
-17.8 -13 1.7
-19.8 -16.8 0.1
-15.4 -22.8 0.9
-15.8 -23 3.5
-16.8 -13.4 5.7
-15.4 -22.2 5.7
-20.4 -16.8 3.5
-15.8 -22.6 0.5
-20.2 -16.4 1.3
-18.4 -13.6 1.1
-11.2 -13.8 1.9
-11.2 -13.8 1.9
-20 -16.4 0.7
-20.2 -17.2 4.5
-17.8 -21.6 0.1
-16.4 -12.8 4.9
-18.6 -21.4 0.9
-18.4 -21.8 1.5
-18.6 -21.8 2.5
-17.2 -13 0.7
-20 -16.8 0.5
-17.8 -13 3.7
-17 -13 0.5
-18 -21.8 0.7
-20.4 -17 1.7
-11.2 -13.8 3.5
-11.2 -13.8 3.5
-10.2 -15.6 1.1
-16.2 -22.2 5.5
-20.2 -16.4 4.1
-15.6 -23 1.7
-20.4 -16.6 2.1
-17.2 -12.6 2.3
-17 -12.6 1.7
-11.4 -13.6 1.9
-17.2 -12.6 3.1
-16.6 -12.4 2.1
-17.6 -13.2 0.7
-15.6 -23 3.7
-16.2 -23 2.7
-16 -22.8 1.1
-19.2 -15.4 5.5
-18.4 -13.4 1.7
-17.6 -13.4 0.3
-16.6 -12.4 3.3
-10 -15.6 1.9
-11.6 -14.4 5.5
-17.4 -13.4 0.1
-20.4 -17.4 1.5
-17 -13.2 0.1
-18.6 -21.8 2.3
-10 -15.8 1.5
-18.2 -13.6 0.7
-18.6 -21.2 0.5
-16.2 -23 2.5
-16 -12.6 0.7
-10 -15.6 3.5
-20.2 -16.6 1.1
-16.2 -23 2.9
-20.2 -17 0.9
-18 -21.6 0.3
-17.4 -13 0.9
-18.8 -13.8 1.5
-20.4 -16.4 2.7
-15.6 -22.8 0.9
-18.4 -21.6 0.9
-10 -15.8 3.9
-18.2 -13.2 1.9
-16.8 -13 0.3
-15.2 -23 1.5
-17 -21.8 5.7
-20.4 -16.4 2.5
-18.2 -13.2 3.5
-20.4 -16.4 2.9
-18.6 -21.2 4.9
-16.6 -12.6 1.1
-18.4 -21.4 0.5
-20.2 -17 4.5
-17.4 -13 4.5
-16.4 -22.4 0.3
-18 -21.6 5.1
-16.2 -23 2.3
-17.8 -13.4 0.5
-20.4 -17.2 1.5
-17.4 -12.8 1.5
-17.2 -12.6 2.1
-16.2 -23 3.1
-11.6 -14.2 0.1
-18.6 -13.6 1.5
-10.2 -15.2 1.7
-16.8 -12.6 1.3
-18.6 -21.6 1.3
-17.2 -12.6 3.3
-20 -17.4 0.3
-10.2 -15.4 1.3
-17.4 -22 0.3
-16 -23 1.9
-17.4 -21.6 5.7
-15.4 -23 1.5
-10.2 -15 2.7
-17.4 -12.8 3.9
-16 -22.4 0.1
-15.6 -12.8 0.1
-16.4 -12.6 0.9
-10.2 -15.2 3.7
-18.2 -13.8 0.3
-18.2 -21 5.7
-15.8 -23 1.7
-18.6 -13.6 3.9
-18.8 -13.6 2.7
-20.4 -16.4 2.3
-20.4 -16.8 1.7
-16.4 -22.4 5.1
-18.6 -21.8 2.1
-17 -12.8 0.9
-18.6 -21.6 4.1
-18 -21 5.9
-20.4 -16.4 3.1
-10 -15.4 2.7
-16.8 -12.8 0.7
-20.4 -16.6 1.9
-16.2 -12.8 0.3
-10.2 -15 2.5
-16 -22.6 0.5
-11.8 -14 0.1
-15.4 -23 3.9
-10.2 -15 2.9
-15.8 -23 3.7
-18.2 -13.4 1.1
-11.4 -14 0.7
-18.8 -13.6 2.5
-11.4 -14.4 0.1
-19.8 -16.6 0.1
-11.2 -13.8 1.7
-11.2 -13.8 1.7
-20.4 -16.8 3.7
-18.8 -13.6 2.9
-16.6 -12.4 1.9
-15.2 -22.6 0.3
-17.6 -22 0.5
-15.6 -12.6 0.5
-10 -15.4 2.5
-10 -15.4 2.9
-20 -16.6 0.5
-17 -12.8 4.5
-16.6 -12.4 3.5
-17.2 -22 0.1
-17.8 -13.2 0.9
-11.2 -13.8 3.7
-11.2 -13.8 3.7
-16.8 -12.4 2.7
-18.2 -13.4 4.3
-11.4 -13.8 1.1
-11.4 -13.8 1.1
-11.2 -14 1.1
-17.8 -13 1.5
-20 -17.2 0.3
-11.6 -13.8 0.7
-16.4 -22.8 1.3
-16.4 -22.6 0.7
-15.8 -22.8 0.9
-11.4 -13.6 1.7
-11.2 -14.2 0.7
-16.8 -12.4 2.5
-20 -15.2 2.7
-11.8 -14 5.3
-16.8 -12.4 2.9
-20.2 -16.8 0.9
-16.2 -23 2.1
-11.4 -14.4 5.3
-19.8 -16.6 5.3
-10.2 -15 2.3
-18.2 -21.6 0.5
-10 -15.6 1.7
-17.6 -13 1.1
-20.4 -17 1.5
-15.4 -22.6 0.3
-11.4 -13.8 4.3
-18.8 -13.6 2.3
-16.2 -23 3.3
-10.2 -15 3.1
-17.2 -12.8 1.1
-20 -15.2 2.5
-11.2 -14 4.3
-20 -15.2 2.9
-16.4 -22.8 4.1
-18.8 -13.6 3.1
-15.6 -23 1.5
-18.6 -13.8 0.9
-10 -15.4 2.3
-18.2 -21.8 0.9
-10 -15.6 3.7
-10 -15.4 3.1
-16.4 -22.6 4.7
-18.6 -13.4 2.7
-17 -12.6 1.5
-16.6 -12.8 0.5
-17.8 -13.6 0.1
-20.4 -16.4 2.1
-16.2 -22.8 1.1
-18.4 -21.8 1.3
-17.2 -12.8 4.3
-15.6 -23 3.9
-16.6 -13 0.1
-18.2 -13.2 1.7
-20.4 -16.4 3.3
-17.2 -12.6 1.9
-18.4 -13.4 1.5
-18.6 -13.4 2.5
-18.6 -13.4 2.9
-16.8 -12.4 2.3
-16.2 -12.6 0.7
-18.2 -21.8 4.5
-19.4 -15.2 0.3
-20.2 -17.4 0.7
-16.8 -12.4 3.1
-17.2 -12.6 3.5
-15.8 -12.8 0.1
-18.2 -13.2 3.7
-17.6 -21.8 0.1
-12 -13.8 0.1
-20 -15.2 2.3
-20.2 -16.4 1.1
-11.2 -14.6 0.1
-18.6 -21.8 1.9
-16.4 -23 2.7
-20 -15.2 3.1
-19.4 -15.4 0.1
-15.8 -12.6 0.5
-20.2 -17.4 4.7
-20.4 -17.4 1.3
-17.8 -21.8 0.3
-20 -17 0.3
-15.2 -22.8 0.7
-16.4 -23 2.5
-10 -15.8 1.3
-16.4 -23 2.9
-15.6 -22.6 0.3
-20.2 -16.4 4.3
-10.2 -15 2.1
-16 -23 1.7
-18.6 -21 0.1
-19.4 -15 0.5
-18.6 -13.4 2.3
-18.4 -21.2 0.1
-18.8 -13.6 2.1
-10.2 -15 3.3
-18.4 -13.6 0.9
-12 -13.8 5.3
-18.8 -13.8 1.3
-10 -15.4 2.1
-11.6 -14 0.3
-18.8 -13.6 3.3
-11.4 -14.2 0.3
-20.4 -16.6 1.7
-10 -15.8 4.1
-20.2 -17.2 0.7
-10.2 -15.8 0.7
-18.4 -13.8 0.5
-10 -15.4 3.3
-19.4 -14.2 2.7
-10.2 -15.2 1.5
-10.2 -15.6 0.9
-15.2 -23 1.3
-16.6 -12.4 1.7
-16.2 -23 1.9
-17.8 -21.8 5.1
-16.2 -22.4 0.1
-19.4 -15 4.9
-15.4 -22.8 0.7
-19.4 -14.2 2.5
-17 -22 5.5
-16.8 -12.4 2.1
-15.8 -23 1.5
-19.4 -14.2 2.9
-18.6 -21 5.3
-16.2 -23 3.5
-10.2 -15.2 3.9
-16.6 -12.4 3.7
-16.4 -23 2.3
-20.4 -16.8 1.5
-18.6 -21.4 0.7
-16.2 -22.6 0.5
-9.8 -15.8 2.7
-20.2 -17.2 4.7
-16.4 -23 3.1
-16.8 -12.4 3.3
-20.4 -17.2 1.3
-11.6 -14 5.1
-16 -22.8 0.9
-18.4 -13.8 4.9
-17.4 -12.8 1.3
-20 -15.2 2.1
-18.6 -13.6 1.3
-20.4 -16.4 1.9
-15.8 -23 3.9
-11.2 -13.8 1.5
-11.2 -13.8 1.5
-20.4 -16.8 3.9
-9.8 -15.8 2.5
-20 -15.2 3.3
-19.8 -16.4 0.1
-9.8 -15.8 2.9
-17.4 -12.6 2.7
-20.2 -16.6 0.9
-15.4 -23 1.3
-20.4 -16.4 3.5
-18.2 -21.4 0.1
-17.4 -12.8 4.1
-11.2 -13.8 3.9
-11.2 -13.8 3.9
-18.6 -13.6 4.1
-20 -16.4 0.5
-11.8 -13.8 0.3
-16.4 -12.8 0.3
-17.2 -13 0.5
-17.4 -12.6 2.5
-17.4 -13.2 0.3
-18.6 -13.4 2.1
-11.2 -14.4 0.3
-17.4 -12.6 2.9
-19.4 -14.2 2.3
-18 -21.8 0.5
-19.2 -15 0.1
-15.4 -23 4.1
-11.4 -13.6 1.5
-19.4 -14.2 3.1
-16.8 -12.6 1.1
-18.6 -21.6 1.1
-19 -15.4 5.9
-20.6 -17.4 2.7
-10.2 -15.4 1.1
-16.6 -12.6 0.9
-17.2 -12.6 1.7
-10 -15.6 1.5
-19.8 -16.4 5.3
-20.2 -17 0.7
-16 -12.8 0.1
-15.8 -22.6 0.3
-17.4 -13 0.7
-9.8 -15.8 2.3
-17.6 -13.2 0.5
-20.6 -17.4 2.5
-15.6 -22.8 0.7
-18.4 -21.6 0.7
-10.2 -15 1.9
-16.4 -12.8 5.1
-20 -16.8 0.3
-17.2 -12.6 3.7
-17.8 -13 1.3
-9.8 -15.8 3.1
-18.6 -21.6 4.3
-17 -13 0.3
-18.8 -13.6 1.9
-10 -15.6 3.9
-17.2 -13.2 0.1
-11.2 -13.6 2.7
-16.4 -23 2.1
-11 -13.8 2.7
-18.6 -21.8 1.7
-10.2 -15 3.5
-10 -15.4 1.9
-18.2 -13.6 0.5
-17.4 -12.6 2.3
-18.2 -13.2 1.5
-18.8 -13.6 3.5
-16.4 -23 3.3
-16 -12.6 0.5
-20.2 -17 4.7
-20.4 -17 1.3
-17.4 -12.6 3.1
-11.2 -13.6 2.5
-17.4 -13 4.7
-11 -13.8 2.5
-10 -15.4 3.5
-11.2 -13.6 2.9
-11 -13.8 2.9
-15.6 -23 1.3
-18.4 -13.2 2.3
-18.2 -13.2 3.9
-15.8 -13 5.7
-17 -12.6 1.3
-16.8 -12.4 1.9
-16.4 -22.8 1.1
-18.2 -13.4 0.9
-20.6 -17.4 2.3
-18.6 -21.2 0.3
-16.8 -12.4 3.5
-15.6 -23 4.1
-20.6 -17.2 2.5
-18.4 -13.4 1.3
-19.4 -14.2 2.1
-20 -15.2 1.9
-16.4 -12.6 0.7
-19.4 -14.2 3.3
-16.2 -23 1.7
-17 -12.8 0.7
-16.4 -22.8 4.3
-11.4 -13.8 0.9
-11.4 -13.8 0.9
-20 -15.2 3.5
-11.2 -14 0.9
-18.2 -13.4 4.5
-16 -23 1.5
-17.6 -13.4 0.1
-11.2 -13.6 2.3
-11.4 -13.4 2.7
-11 -13.8 2.3
-9.8 -15.8 2.1
-11.2 -13.6 3.1
-16.2 -23 3.7
-11 -13.8 3.1
-18.4 -21.8 1.1
-18.6 -13.4 1.9
-20.4 -16.6 1.5
-18.4 -21.4 0.3
-9.8 -15.8 3.3
-11.4 -13.4 2.5
-17.6 -13 0.9
-17.2 -12.8 0.9
-20.4 -16.4 1.7
-17.8 -13.2 0.7
-11.4 -13.4 2.9
-18 -21.6 0.1
-11.4 -13.8 4.5
-17 -12.8 4.7
-16.6 -12.4 1.5
-17.4 -12.6 2.1
-17.8 -13.4 0.3
-20.6 -17.2 2.3
-16.8 -12.8 0.5
-20.4 -16.4 3.7
-17.4 -12.6 3.3
-11.4 -14 0.5
-15.8 -22.8 0.7
-16.8 -13 0.1
-16.6 -12.4 3.9
-16.2 -22.8 0.9
-20.2 -16.8 0.7
-18.4 -13.2 2.1
-17.2 -12.8 4.5
-10.2 -15.2 1.3
-16.4 -23 1.9
-20.6 -17 2.7
-16.4 -22.4 0.1
-16.8 -13.4 5.9
-20.4 -17.4 1.1
-20.6 -17.4 2.1
-10 -15.8 1.1
-18.6 -13.8 0.7
-18 -21.6 5.3
-18.2 -21.8 0.7
-16.4 -23 3.5
-16 -22.6 0.3
-11.4 -13.4 2.3
-11.6 -13.8 0.5
-19.2 -15.4 5.7
-15.8 -23 1.3
-16.4 -22.6 0.5
-20.6 -17 2.5
-10 -15.2 2.7
-20.2 -16.4 0.9
-11.2 -14.2 0.5
-11.4 -13.4 3.1
-18.8 -13.8 1.1
-20.6 -17 2.9
-20.4 -16.8 1.3
-10.2 -15.2 4.1
-11.6 -14.4 5.7
-17.6 -22 0.3
-15.6 -12.6 0.3
-10.2 -15 1.7
-20 -17.4 0.1
-17.4 -22 0.1
-18.8 -13.6 1.7
-11.2 -13.6 2.1
-10 -15.8 4.3
-11 -13.8 2.1
-20 -16.6 0.3
-10 -15.2 2.5
-18.2 -13.8 0.1
-11.2 -13.8 1.3
-11.2 -13.8 1.3
-10 -15.2 2.9
-15.2 -23 1.1
-10 -15.4 1.7
-15.8 -23 4.1
-11.2 -13.6 3.3
-10.2 -15 3.7
-11 -13.8 3.3
-18.2 -21.8 4.7
-20.4 -16.8 4.1
-16.4 -22.4 5.3
-17.2 -12.6 1.5
-19.4 -14.2 1.9
-18.8 -13.6 3.7
-20.2 -16.4 4.5
-16.2 -12.8 0.1
-16.4 -22.6 4.9
-10 -15.4 3.7
-15.2 -22.6 0.1
-11.2 -13.8 4.1
-11.2 -13.8 4.1
-19.4 -14.2 3.5
-20.4 -17.2 1.1
-20.6 -17.2 2.1
-17.4 -12.8 1.1
-18.2 -21.6 0.3
-16.8 -12.4 1.7
-18.6 -13.6 1.1
-20.6 -17 2.3
-11.4 -13.6 1.3
-9.8 -15.8 1.9
-18.6 -21.8 1.5
-16.2 -12.6 0.5
-20.6 -17 3.1
-20.2 -17.4 0.5
-15.4 -23 1.1
-16.8 -12.4 3.7
-20 -15.2 1.7
-10 -15.6 1.3
-10 -15.2 2.3
-9.8 -15.8 3.5
-20 -17.2 0.1
-16.6 -12.8 0.3
-17.4 -12.8 4.3
-18.4 -13.6 0.7
-10 -15.2 3.1
-17.4 -12.6 1.9
-18.6 -13.6 4.3
-17 -21.8 5.9
-20 -15 2.7
-20 -15.2 3.7
-11.4 -13.4 2.1
-15.4 -22.6 0.1
-10 -15.6 4.1
-10.2 -15.6 0.7
-17.4 -12.6 3.5
-15.4 -23 4.3
-15.2 -22.8 0.5
-11.4 -13.4 3.3
-20.2 -17.4 4.9
-18.4 -13.2 1.9
-20 -15 2.5
-18.2 -13.2 1.3
-18.6 -13.4 1.7
-20 -15 2.9
-20.6 -17.4 1.9
-16.2 -23 1.5
-20.6 -16.8 2.7
-11.8 -14 5.5
-17.8 -13 1.1
-16 -22.8 0.7
-20.2 -17.2 0.5
-11.4 -14.4 5.5
-10.2 -15.8 0.5
-19.8 -16.6 5.5
-18.2 -13.2 4.1
-9.8 -15.6 2.7
-17.4 -21.6 5.9
-15.8 -12.6 0.3
-16.8 -12.6 0.9
-18.6 -21.6 0.9
-19.4 -15.2 0.1
-20.6 -16.8 2.5
-10.2 -15.4 0.9
-20.2 -16.6 0.7
-19.4 -15 0.3
-11.2 -13.6 1.9
-9.8 -15.6 2.5
-15.4 -22.8 0.5
-11 -13.8 1.9
-20.4 -17 1.1
-20.6 -17 2.1
-9.8 -15.6 2.9
-16.4 -23 1.7
-20.4 -16.4 1.5
-15.6 -23 1.1
-18.6 -21.4 0.5
-20 -15 2.3
-20.6 -17 3.3
-11.2 -13.6 3.5
-11 -13.8 3.5
-16 -23 1.3
-20.2 -17.2 4.9
-18.4 -13.8 0.3
-10 -15.2 2.1
-16.4 -23 3.7
-17 -12.6 1.1
-17.8 -21.8 0.1
-20 -17 0.1
-10 -15.2 3.3
-20.6 -17.2 1.9
-15.6 -22.6 0.1
-16.6 -12.6 0.7
-20.4 -16.6 1.3
-18.4 -13.4 1.1
-15.6 -23 4.3
-19.4 -15 5.1
-16.6 -12.4 1.3
-20.6 -16.8 2.3
-16.2 -22.6 0.3
-11.6 -14 0.1
-11.4 -14.2 0.1
-19.4 -14.2 1.7
-9.8 -15.6 2.3
-18.4 -13.8 5.1
-16.4 -22.8 0.9
-9.8 -15.6 3.1
-10.2 -15 1.5
-19.4 -14.2 3.7
-17.8 -21.8 5.3
-11.4 -13.4 1.9
-18.8 -13.6 1.5
-20.2 -17 0.5
-9.8 -15.8 1.7
-17.4 -13 0.5
-10 -15.4 1.5
-20 -16.4 0.3
-11.4 -13.4 3.5
-12 -13.8 5.5
-15.6 -22.8 0.5
-17.6 -12.8 1.3
-18.4 -21.6 0.5
-17.2 -13 0.3
-10.2 -15 3.9
-16.4 -22.8 4.5
-17 -12.4 1.9
-11.6 -14 5.3
-18.8 -13.6 3.9
-18 -21.8 0.3
-18.2 -13.4 0.7
-9.8 -15.8 3.7
-10 -15.4 3.9
-20 -15 2.1
-17.4 -12.6 1.7
-18.4 -21.8 0.9
-17.6 -12.6 2.7
-16.8 -12.4 1.5
-10.2 -15.2 1.1
-20.2 -17 4.9
-17.4 -12.6 3.7
-17.6 -12.6 2.5
-18.4 -13.2 1.7
-17.6 -13.2 0.3
-11.8 -13.8 0.1
-16.4 -12.8 0.1
-17.6 -12.6 2.9
-11.4 -13.8 0.7
-11.4 -13.8 0.7
-17.2 -12.6 1.3
-11.2 -14 0.7
-17.4 -13.2 0.1
-11.2 -14.4 0.1
-20 -15.2 1.5
-18.2 -13.4 4.7
-20.6 -17 1.9
-15.8 -23 1.1
-20.6 -17.4 1.7
-20.4 -16.8 1.1
-20.6 -16.8 2.1
-10.2 -15.2 4.3
-18.2 -13.6 0.3
-20.6 -17 3.5
-9.8 -15.6 2.1
-16 -12.6 0.3
-10 -15.2 1.9
-20 -15.2 3.9
-17.6 -13 0.7
-16.4 -12.6 0.5
-17.2 -12.8 0.7
-11.2 -13.8 1.1
-11.2 -13.8 1.1
-18.6 -21.8 1.3
-17 -22 5.7
-15.8 -22.6 0.1
-9.8 -15.6 3.3
-20.4 -17.4 0.9
-11.4 -13.8 4.7
-17 -12.8 0.5
-10 -15.8 0.9
-15.8 -23 4.3
-18.6 -13.4 1.5
-20 -16.8 0.1
-20.4 -16.8 4.3
-11.2 -13.6 1.7
-11 -13.8 1.7
-17 -13 0.1
-18.8 -13.8 0.9
-17.6 -12.6 2.3
-16.2 -22.8 0.7
-17.2 -12.4 2.7
-11.2 -13.8 4.3
-11.2 -13.8 4.3
-17.6 -12.6 3.1
-11.2 -13.6 3.7
-11 -13.8 3.7
-17.2 -12.8 4.7
-10 -15.8 4.5
-11.4 -13.6 1.1
-17.8 -13.2 0.5
-19.8 -16.4 5.5
-15.2 -23 0.9
-20.6 -17.2 1.7
-17.2 -12.4 2.5
-17.2 -12.4 2.9
-10 -15.6 1.1
-16.4 -23 1.5
-15.8 -22.8 0.5
-20.2 -16.4 0.7
-16.2 -23 1.3
-20.2 -16.8 0.5
-20.4 -17.2 0.9
-18.6 -21.2 0.1
-17.4 -12.8 0.9
-18.6 -13.6 0.9
-16.4 -23 3.9
-10 -15.6 4.3
-20 -15 1.9
-18.6 -13.8 0.5
-18.2 -13.2 1.1
-11.4 -13.4 1.7
-18.2 -21.8 0.5
-16.8 -12.8 0.3
-15.4 -23 0.9
-20.4 -16.4 1.3
-11.4 -14 0.3
-17.4 -12.8 4.5
-17.2 -12.4 2.3
-18.8 -13.4 2.3
-11.4 -13.4 3.7
-17 -12.4 1.7
-18.6 -13.6 4.5
-19.4 -14.2 1.5
-18.4 -21.4 0.1
-17.2 -12.4 3.1
-18.2 -13.2 4.3
-17.6 -12.6 2.1
-20.6 -16.8 1.9
-15.4 -23 4.5
-9.8 -15.6 1.9
-17.8 -13.4 0.1
-19.4 -14.2 3.9
-17.6 -12.6 3.3
-11.6 -13.8 0.3
-16.4 -22.6 0.3
-9.8 -15.8 1.5
-11.2 -14.2 0.3
-9.8 -15.6 3.5
-17.8 -13 0.9
-16 -23 1.1
-20.6 -17 1.7
-17.4 -12.6 1.5
-18.6 -13.2 2.7
-10.2 -15 1.3
-20.4 -16.6 1.1
-20.6 -17 3.7
-10 -15.2 1.7
-18.8 -13.6 1.3
-16 -22.6 0.1
-20.4 -17 0.9
-16.6 -12.4 1.1
-18.4 -13.6 0.5
-10 -15.4 1.3
-16.4 -22.6 5.1
-18.4 -13.2 1.5
-19.4 -14 2.3
-18.6 -13.2 2.5
-15.6 -23 0.9
-17.6 -22 0.1
-17.4 -12.6 3.9
-15.6 -12.6 0.1
-10 -15 2.7
-18.6 -13.2 2.9
-10.2 -15 4.1
-17 -12.6 0.9
-20 -16.6 0.1
-18.8 -13.6 4.1
-20.6 -17.4 1.5
-10.2 -15.6 0.5
-17.8 -12.8 1.5
-16.8 -12.6 0.7
-18.6 -21.6 0.7
-16.2 -12.6 0.3
-17.2 -12.4 2.1
-20.2 -17.4 0.3
-10 -15 2.5
-18.8 -13.4 2.1
-10 -15.4 4.1
-10.2 -15.4 0.7
-10 -15 2.9
-18 -21.6 5.5
-18.4 -13.4 0.9
-16.8 -12.4 1.3
-17.2 -12.4 3.3
-15.6 -23 4.5
-17.6 -12.8 1.1
-11.2 -13.6 1.5
-16 -22.8 0.5
-20 -15.2 1.3
-11 -13.8 1.5
-18.2 -21.6 0.1
-15.2 -22.8 0.3
-18.6 -13.2 2.3
-9.8 -15.4 2.7
-20.2 -17.4 5.1
-18.6 -13.2 3.1
-20.2 -16.6 0.5
-16.4 -22.4 5.5
-11.2 -13.6 3.9
-11 -13.8 3.9
-20 -15.2 4.1
-16.6 -12.8 0.1
-17.6 -12.6 1.9
-9.8 -15.4 2.5
-20 -15 1.7
-10 -15 2.3
-9.8 -15.4 2.9
-20.6 -17.2 1.5
-18.6 -13.4 1.3
-17.2 -12.6 1.1
-10 -15 3.1
-20.2 -17.2 0.3
-10.2 -15.8 0.3
-17.6 -12.6 3.5
-16.4 -22.8 0.7
-20.2 -15.2 2.7
-19.4 -14 2.1
-16.6 -12.6 0.5
-15.4 -22.8 0.3
-20.2 -15.2 2.5
-10.2 -15.2 0.9
-20.2 -15.2 2.9
-18.6 -21.8 1.1
-20.6 -16.8 1.7
-18.6 -21.4 0.3
-9.8 -15.6 1.7
-11.4 -13.4 1.5
-11 -13.6 2.7
-19.6 -14.2 2.5
-16.4 -22.8 4.7
-20.2 -17.2 5.1
-16.4 -23 1.3
-15.8 -23 0.9
-20 -14.8 2.7
-15.8 -12.6 0.1
-9.8 -15.4 2.3
-20.4 -16.8 0.9
-18.4 -21.8 0.7
-9.8 -15.6 3.7
-9.8 -15.4 3.1
-17 -12.4 1.5
-11 -13.6 2.5
-10.2 -15.2 4.5
-11.4 -13.4 3.9
-11 -13.6 2.9
-19.4 -15 0.1
-20 -14.8 2.5
-11.2 -13.8 0.9
-11.2 -13.8 0.9
-20 -14.8 2.9
-16.4 -23 4.1
-18.6 -13.2 2.1
-17.2 -12.4 1.9
-18.8 -13.4 1.9
-11.2 -13.4 2.7
-18.6 -13.2 3.3
-18.4 -13.8 0.1
-20.2 -15.2 2.3
-20.4 -16.8 4.5
-18.2 -13.4 0.5
-17.2 -12.4 3.5
-20.2 -15.2 3.1
-16.2 -23 1.1
-10 -15 2.1
-11.2 -13.4 2.5
-19.4 -14.2 1.3
-19.6 -14.2 2.3
-11.2 -13.4 2.9
-10.8 -13.8 2.5
-11.2 -13.8 4.5
-11.2 -13.8 4.5
-20.6 -17 1.5
-10 -15 3.3
-11.4 -13.6 0.9
-20.2 -17 0.3
-20.4 -17.4 0.7
-17.4 -13 0.3
-10 -15.8 0.7
-16.2 -22.6 0.1
-15.6 -22.8 0.3
-11 -13.6 2.3
-11.4 -13.8 0.5
-11.4 -13.8 0.5
-18.4 -21.6 0.3
-11.2 -14 0.5
-10 -15.2 1.5
-11.8 -14 5.7
-10 -15.6 0.9
-11 -13.6 3.1
-20 -14.8 2.3
-19.4 -14.2 4.1
-11.4 -14.4 5.7
-20.4 -16.4 1.1
-18.2 -13.4 4.9
-9.8 -15.8 1.3
-18.4 -13.8 5.3
-18.8 -13.8 0.7
-20 -14.8 3.1
-17.6 -13 0.5
-17.2 -12.8 0.5
-9.8 -15.4 2.1
-15.2 -23 0.7
-10 -15.8 4.7
-19.4 -14 1.9
-20.2 -17 5.1
-17.4 -12.6 1.3
-20 -16.4 0.1
-11.2 -13.4 2.3
-10 -15.6 4.5
-18.2 -13.2 0.9
-11.4 -13.8 4.9
-17.2 -13 0.1
-10.8 -13.8 2.3
-11.2 -13.4 3.1
-18 -21.8 0.1
-17.6 -12.6 1.7
-18.4 -13.2 1.3
-16.2 -22.8 0.5
-20.4 -17.2 0.7
-17.4 -12.6 4.1
-17.4 -12.8 0.7
-20.2 -15.2 2.1
-17.8 -21.8 5.5
-16.4 -12.6 0.3
-18.6 -13.6 0.7
-17.6 -12.6 3.7
-17.2 -12.8 4.9
-20.6 -17.4 1.3
-18.2 -13.2 4.5
-17.8 -12.8 1.3
-20.2 -15.2 3.3
-17 -12.8 0.3
-17.6 -13.2 0.1
-10.2 -15 1.1
-11.4 -13.2 2.7
-19.6 -14.2 2.1
-18.8 -13.6 1.1
-15.4 -23 0.7
-11.6 -14 5.5
-20.2 -16.4 0.5
-18.6 -13.2 1.9
-20 -15 1.5
-10 -15.4 1.1
-17.4 -12.4 2.7
-11.4 -13.2 2.5
-11 -13.6 2.1
-18.2 -13.6 0.1
-17.4 -12.8 4.7
-11.4 -13.2 2.9
-16 -23 0.9
-11.2 -13.6 1.3
-16 -12.6 0.1
-11 -13.8 1.3
-18.6 -13.6 4.7
-20 -14.8 2.1
-10.2 -15 4.3
-11 -13.6 3.3
-17.8 -12.6 2.5
-17.8 -13.2 0.3
-9.6 -15.8 2.7
-17.4 -12.4 2.5
-18.8 -13.6 4.3
-10 -15 1.9
-20 -14.8 3.3
-17.4 -12.4 2.9
-20.4 -16.6 0.9
-15.4 -23 4.7
-10 -15.4 4.3
-12 -13.8 5.7
-16.8 -12.4 1.1
-11.2 -13.6 4.1
-10 -15 3.5
-11 -13.8 4.1
-9.6 -15.8 2.5
-15.8 -22.8 0.3
-20.6 -16.8 1.5
-16.6 -12.4 0.9
-9.6 -15.8 2.9
-17.2 -12.4 1.7
-18.8 -13.4 1.7
-11.2 -13.4 2.1
-20.6 -17.2 1.3
-20.2 -16.8 0.3
-9.8 -15.6 1.5
-10.8 -13.8 2.1
-17.8 -13 0.7
-20 -15.2 1.1
-11.2 -13.4 3.3
-11.4 -13.2 2.3
-18.6 -13.8 0.3
-9.8 -15.6 3.9
-18.2 -21.8 0.3
-11.4 -13.2 3.1
-20.4 -17 0.7
-17.8 -12.6 2.3
-9.8 -15.4 1.9
-17.4 -12.4 2.3
-20 -15.2 4.3
-15.6 -23 0.7
-17.6 -12.8 0.9
-17.4 -12.4 3.1
-18.6 -13.4 1.1
-11.4 -13.4 1.3
-17 -12.6 0.7
-9.6 -15.8 2.3
-9.6 -15.8 3.1
-17 -12.4 1.3
-20.2 -15.2 1.9
-18.4 -13.4 0.7
-16.8 -12.8 0.1
-11.4 -13.4 4.1
-11.4 -14 0.1
-19.4 -14 1.7
-15.6 -23 4.7
-20.2 -15.2 3.5
-19.6 -14.2 1.9
-17.2 -12.6 0.9
-16.4 -23 1.1
-16.8 -12.6 0.5
-18.6 -21.6 0.5
-19.8 -16.4 5.7
-11 -13.6 1.9
-17 -22 5.9
-10.2 -15.4 0.5
-20 -14.8 1.9
-20.6 -17 1.3
-11.6 -13.8 0.1
-16.4 -22.6 0.1
-11 -13.6 3.5
-18.6 -21.8 0.9
-11.2 -14.2 0.1
-18.4 -13.6 0.3
-11.4 -13.2 2.1
-16.4 -23 4.3
-20 -14.8 3.5
-10 -15.2 1.3
-11.4 -13.2 3.3
-17.8 -12.6 2.1
-17.6 -12.6 1.5
-17.4 -12.4 2.1
-18.6 -13.2 1.7
-10.2 -15.6 0.3
-11.2 -13.4 1.9
-10.8 -13.8 1.9
-19.4 -14.2 1.1
-17.4 -12.4 3.3
-9.6 -15.8 2.1
-10.2 -15.2 0.7
-11.2 -13.4 3.5
-17.6 -12.6 3.9
-10 -15 1.7
-9.6 -15.8 3.3
-16.4 -22.6 5.3
-20.8 -17.2 2.7
-16 -22.8 0.3
-16.4 -22.8 0.5
-15.8 -23 0.7
-19.4 -14.2 4.3
-9.8 -15.8 1.1
-10 -15 3.7
-20.4 -16.8 0.7
-16.2 -23 0.9
-16.2 -12.6 0.1
-20.2 -17.4 0.1
-20.8 -17.2 2.5
-9.8 -15.2 2.7
-20.8 -17.2 2.9
-20.2 -16.6 0.3
-10.2 -15.2 4.7
-11.2 -13.8 0.7
-11.2 -13.8 0.7
-17.4 -12.6 1.1
-9.8 -15.2 2.5
-9.8 -15.2 2.9
-20.4 -16.4 0.9
-9.8 -15.4 1.7
-16.4 -22.8 4.9
-20 -15 1.3
-17.2 -12.4 1.5
-18.4 -13.2 1.1
-15.2 -22.8 0.1
-18.8 -13.4 1.5
-18.4 -21.8 0.5
-16.6 -12.6 0.3
-17.4 -12.6 4.3
-20.2 -17.4 5.3
-11.2 -13.8 4.7
-11.2 -13.8 4.7
-11.4 -13.6 0.7
-20.6 -17.4 1.1
-17.8 -12.8 1.1
-20.8 -17.2 2.3
-20.2 -15.2 1.7
-20.2 -17.2 0.1
-10.2 -15.8 0.1
-10 -15.6 0.7
-20.8 -17.2 3.1
-20.6 -16.8 1.3
-11.4 -13.2 1.9
-19.6 -14.2 1.7
-9.8 -15.6 1.3
-20.2 -15.2 3.7
-9.8 -15.2 2.3
-11.2 -13.6 1.1
-11 -13.8 1.1
-17.8 -12.6 1.9
-15.4 -22.8 0.1
-18 -21.6 5.7
-9.8 -15.2 3.1
-11.4 -13.2 3.5
-17.4 -12.4 1.9
-20.8 -17 2.7
-20.4 -17.4 0.5
-11 -13.6 1.7
-10 -15.8 0.5
-10.2 -15 0.9
-18.6 -21.4 0.1
-18.2 -13.2 0.7
-20 -14.8 1.7
-17.4 -12.4 3.5
-18.8 -13.6 0.9
-9.8 -15.6 4.1
-9.6 -15.8 1.9
-20.8 -17 2.5
-18.2 -13.4 0.3
-11.2 -13.6 4.3
-20.8 -17 2.9
-19.4 -14 1.5
-20.2 -17.2 5.3
-11 -13.8 4.3
-10 -15.4 0.9
-18.8 -13.8 0.5
-20.6 -17.2 1.1
-9.6 -15.8 3.5
-20 -14.8 3.7
-16.4 -22.4 5.7
-10.2 -15 4.5
-15.2 -23 0.5
-11.2 -13.4 1.7
-18.8 -13.6 4.5
-10 -15.8 4.9
-10.8 -13.8 1.7
-11.4 -13.8 0.3
-11.4 -13.8 0.3
-11.2 -14 0.3
-16.8 -12.4 0.9
-10 -15.4 4.5
-19.4 -13.8 2.7
-11.2 -13.4 3.7
-18.2 -13.4 5.1
-20.8 -17.2 2.1
-20.4 -17.2 0.5
-11.4 -13.4 1.1
-16 -23 0.7
-20 -15.2 0.9
-17.4 -12.8 0.5
-20.8 -17 2.3
-19.4 -13.8 2.5
-17.6 -13 0.3
-20.8 -17.2 3.3
-18.6 -13.6 0.5
-18.6 -13.2 1.5
-17.2 -12.8 0.3
-20.2 -17 0.1
-20.8 -17 3.1
-17.4 -13 0.1
-17 -12.4 1.1
-9.8 -15.2 2.1
-15.6 -22.8 0.1
-9.6 -15.6 2.7
-18.4 -21.6 0.1
-20.4 -16.6 0.7
-11.4 -13.8 5.1
-15.4 -23 0.5
-11.4 -13.4 4.3
-9.8 -15.2 3.3
-10 -15 1.5
-16.6 -12.4 0.7
-18.8 -13.2 2.7
-16.2 -22.8 0.3
-20 -15.2 4.5
-9.6 -15.6 2.5
-18.6 -13.4 0.9
-20 -14.6 2.7
-9.6 -15.6 2.9
-17.4 -12.8 4.9
-18.6 -13.6 4.9
-17.6 -12.6 1.3
-18.8 -13.2 2.5
-10 -15 3.9
-17.2 -12.8 5.1
-18.8 -13.2 2.9
-20 -14.6 2.5
-20 -14.6 2.9
-20.6 -17 1.1
-15.4 -23 4.9
-19.4 -13.8 2.3
-20.2 -16.4 0.3
-17.6 -12.6 4.1
-20.8 -16.8 2.7
-18.4 -13.8 5.5
-17.6 -12.8 0.7
-17.8 -13 0.5
-10 -15.2 1.1
-16.4 -23 0.9
-9.8 -15.4 1.5
-16.4 -12.6 0.1
-11.4 -13.2 1.7
-20.2 -15 2.1
-20.8 -16.8 2.5
-9.6 -15.6 2.3
-17 -12.8 0.1
-20.8 -16.8 2.9
-20.6 -16.6 1.3
-9.6 -15.6 3.1
-20.8 -17 2.1
-17.8 -12.6 1.7
-20.4 -17 0.5
-17.4 -12.4 1.7
-17.6 -12.4 2.7
-18.8 -13.2 2.3
-11.4 -13.2 3.7
-20.8 -17 3.3
-20 -14.6 2.3
-15.6 -23 0.5
-18.8 -13.2 3.1
-16.4 -23 4.5
-17.2 -12.6 0.7
-20.2 -15.2 1.5
-20 -14.6 3.1
-9.6 -15.8 1.7
-17.6 -12.4 2.5
-17 -12.6 0.5
-17.6 -12.4 2.9
-17.8 -13.2 0.1
-17.2 -12.4 1.3
-18.8 -13.4 1.3
-20.8 -17.2 1.9
-19.6 -14.2 1.5
-19.4 -14.2 0.9
-20.2 -15.2 3.9
-9.6 -15.8 3.7
-18.4 -13.4 0.5
-20.8 -17.2 3.5
-15.8 -22.8 0.1
-18.6 -21.8 0.7
-20.8 -16.8 2.3
-11 -13.6 1.5
-15 -11.8 2.7
-15.6 -23 4.9
-9.8 -15.2 1.9
-20.2 -16.8 0.1
-20.8 -16.8 3.1
-20 -14.8 1.5
-19.4 -13.8 2.1
-9.8 -15.8 0.9
-20 -15 1.1
-9.8 -15.2 3.5
-19.4 -14.2 4.5
-15 -11.8 2.5
-15 -11.8 2.9
-18.6 -13.8 0.1
-18.2 -21.8 0.1
-20 -14.8 3.9
-14.8 -11.8 2.7
-17.6 -12.4 2.3
-17.6 -12.4 3.1
-11.2 -13.4 1.5
-17.4 -12.6 0.9
-9.6 -15.6 2.1
-11.6 -14 5.7
-10.8 -13.8 1.5
-14.8 -11.8 2.5
-9.6 -15.6 3.3
-14.8 -11.8 2.9
-18.8 -13.2 2.1
-20.6 -16.8 1.1
-19.4 -14 1.3
-19.6 -14 2.3
-16.2 -23 0.7
-18.4 -13.2 0.9
-20 -14.6 2.1
-16.8 -12.6 0.3
-18.6 -21.6 0.3
-11.2 -13.4 3.9
-9.8 -15.6 1.1
-15.4 -11.8 2.7
-10.2 -15.4 0.3
-20 -14.6 3.3
-17.4 -12.6 4.5
-10.2 -15.2 0.5
-20.6 -17.4 0.9
-20.2 -15 1.9
-17.8 -12.8 0.9
-15 -11.8 2.3
-15.4 -11.8 2.5
-15 -11.8 3.1
-20.8 -17 1.9
-9.8 -15.6 4.3
-20.4 -16.4 0.7
-15.8 -23 0.5
-20.8 -16.8 2.1
-14.6 -11.8 2.7
-20.4 -16.8 0.5
-20.8 -17 3.5
-14.8 -11.8 2.3
-11.2 -13.6 0.9
-20.8 -16.6 2.7
-11 -13.8 0.9
-12 -13.8 5.9
-10.2 -15.2 4.9
-18.6 -13.2 1.3
-14.6 -11.8 2.5
-11.2 -13.8 0.5
-11.2 -13.8 0.5
-11 -13.4 2.7
-18.4 -13.6 0.1
-14.6 -11.8 2.9
-20.8 -16.6 2.5
-17.6 -12.4 2.1
-20.8 -16.6 2.9
-16.4 -22.8 0.3
-11 -13.4 2.5
-10 -15 1.3
-10.2 -15.6 0.1
-11.2 -13.6 4.5
-11 -13.4 2.9
-11 -13.8 4.5
-15.4 -11.8 2.3
-20.6 -17.2 0.9
-19.4 -13.8 1.9
-11.4 -13.6 0.5
-19.6 -14 2.1
-11.4 -13.2 1.5
-11.2 -13.8 4.9
-11.2 -13.8 4.9
-20.8 -17.2 1.7
-10 -15 4.1
-10.2 -15 0.7
-18.8 -13.6 0.7
-16 -22.8 0.1
-17.8 -12.6 1.5
-10 -15.6 0.5
-20.6 -16.4 1.3
-17.4 -12.4 1.5
-14.6 -11.8 2.3
-15 -11.8 2.1
-16.4 -22.8 5.1
-10 -15.4 0.7
-11.4 -13.2 3.9
-20.8 -17.2 3.7
-9.6 -15.6 1.9
-9.8 -15.2 1.7
-14.6 -11.8 3.1
-18.4 -21.8 0.3
-11.4 -13.4 0.9
-20.8 -16.6 2.3
-15 -11.8 3.3
-9.6 -15.8 1.5
-20.2 -16.6 0.1
-9.8 -15.4 1.3
-18.8 -13.2 1.9
-20.8 -16.6 3.1
-9.6 -15.6 3.5
-17.6 -12.6 1.1
-11 -13.4 2.3
-11.2 -13.2 2.7
-9.8 -15 2.7
-20 -14.6 1.9
-10.2 -15 4.7
-9.8 -15.2 3.7
-11 -13.4 3.1
-17 -12.4 0.9
-18.2 -13.2 0.5
-14.8 -11.8 2.1
-18.8 -13.6 4.7
-19.8 -14.2 2.7
-16.4 -22.6 5.5
-16.8 -12.4 0.7
-9.6 -15.8 3.9
-20 -14.6 3.5
-11.2 -13.2 2.5
-10 -15.4 4.7
-9.8 -15 2.5
-11.4 -13.4 4.5
-11.2 -13.2 2.9
-9.8 -15 2.9
-17.6 -12.6 4.3
-19.8 -14.2 2.5
-20.2 -15.2 1.3
-19.8 -16.4 5.9
-16.6 -12.6 0.1
-19.8 -14.2 2.9
-20 -15.2 0.7
-20.8 -16.8 1.9
-20.4 -17.4 0.3
-15.4 -11.8 2.1
-10 -15.8 0.3
-19.6 -14.2 1.3
-20.6 -16.6 1.1
-20.6 -17 0.9
-20.2 -15.2 4.1
-20.2 -15 1.7
-18.8 -13.8 0.3
-11 -13.6 1.3
-18.6 -13.4 0.7
-20 -15.2 4.7
-16 -23 0.5
-20 -14.8 1.3
-10 -15.2 0.9
-20.8 -17 1.7
-17.6 -12.4 1.9
-11.2 -13.2 2.3
-14.6 -11.8 2.1
-9.8 -15 2.3
-20.2 -17.4 5.5
-17.2 -12.4 1.1
-15.2 -23 0.3
-18.8 -13.4 1.1
-11.2 -13.2 3.1
-9.8 -15 3.1
-19.8 -14.2 2.3
-20.8 -16.6 2.1
-14.6 -11.8 3.3
-20.8 -17 3.7
-20.4 -16.6 0.5
-20 -14.8 4.1
-11 -13.4 2.1
-19.6 -14 1.9
-20.8 -16.6 3.3
-18.2 -13.4 0.1
-16.6 -12.4 0.5
-11.2 -13.4 1.3
-10.8 -13.8 1.3
-11 -13.4 3.3
-20.4 -17.2 0.3
-17.4 -12.8 0.3
-20.4 -15.2 2.7
-20.2 -14.8 2.7
-16.4 -23 0.7
-18.6 -13.6 0.3
-15 -11.8 1.9
-11.2 -13.4 4.1
-11.4 -13.8 0.1
-11.4 -13.8 0.1
-19.4 -13.8 1.7
-11.2 -14 0.1
-20.4 -15.2 2.5
-20.2 -14.8 2.5
-15 -11.8 3.5
-15.4 -23 0.3
-20.4 -15.2 2.9
-20.2 -14.8 2.9
-20.8 -16.4 2.7
-20.2 -17.2 5.5
-18.2 -13.4 5.3
-17.6 -12.8 0.5
-14.8 -11.8 1.9
-16.4 -23 4.7
-17.6 -13 0.1
-20.8 -16.4 2.5
-11.4 -13 2.7
-19.4 -14 1.1
-17.2 -12.8 0.1
-20 -15 0.9
-20.8 -16.4 2.9
-18.6 -13.6 5.1
-9.6 -15.6 1.7
-19.4 -14.2 0.7
-18.8 -13.2 1.7
-11.2 -13.2 2.1
-9.8 -15 2.1
-11.4 -13 2.5
-11.4 -13.8 5.3
-15.4 -23 5.1
-9.6 -15.6 3.7
-11.4 -13 2.9
-20 -14.6 1.7
-15.4 -11.8 1.9
-20.8 -17.2 1.5
-16.2 -22.8 0.1
-19.8 -14.2 2.1
-11.2 -13.2 3.3
-9.8 -15 3.3
-17.2 -12.6 0.5
-17.8 -13 0.3
-20.4 -15.2 2.3
-20.2 -14.8 2.3
-20.4 -15.2 3.1
-9.8 -15.8 0.7
-20.2 -14.8 3.1
-20 -14.6 3.7
-20.6 -16.8 0.9
-9.8 -15.2 1.5
-20.8 -17.2 3.9
-19.4 -14.2 4.7
-9.8 -15.6 0.9
-17.2 -12.8 5.3
-20.4 -17 0.3
-14.6 -11.8 1.9
-20.8 -16.4 2.3
-18.6 -13.2 1.1
-20.8 -16.8 1.7
-11.4 -13.2 1.3
-18.6 -21.8 0.5
-20.2 -16.4 0.1
-17.4 -12.6 0.7
-20.8 -16.4 3.1
-15.6 -23 0.3
-20.8 -16.6 1.9
-9.8 -15.2 3.9
-14.6 -11.8 3.5
-17.8 -12.6 1.3
-11.4 -13 2.3
-17.4 -12.4 1.3
-11 -13.4 1.9
-17 -12.6 0.3
-10 -15 1.1
-9.8 -15.6 4.5
-20.8 -16.6 3.5
-11.4 -13 3.1
-16.4 -22.4 5.9
-18.4 -13.2 0.7
-11.4 -13.2 4.1
-11 -13.4 3.5
-17.6 -12.4 1.7
-9.6 -15.8 1.3
-18.4 -13.4 0.3
-20.6 -17.4 0.7
-17.8 -12.8 0.7
-10 -15 4.3
-15.6 -23 5.1
-20.6 -16.4 1.1
-19.6 -14 1.7
-9.6 -15.8 4.1
-20.2 -15 1.5
-16.2 -23 0.5
-20.4 -15.2 2.1
-11.2 -13.6 0.7
-20.2 -14.8 2.1
-20.8 -17 1.5
-11 -13.8 0.7
-9.8 -15.4 1.1
-15 -11.8 1.7
-20.4 -15.2 3.3
-20.8 -17 3.9
-11.2 -13.2 1.9
-20.8 -16.4 2.1
-9.8 -15 1.9
-15 -11.8 3.7
-20.4 -16.4 0.5
-19.8 -14.2 1.9
-20.6 -17.2 0.7
-20.8 -16.4 3.3
-14.8 -11.8 1.7
-11.2 -13.6 4.7
-11 -13.8 4.7
-20.2 -15.2 1.1
-9.8 -15 3.5
-11.4 -13 2.1
-17.6 -12.6 0.9
-10.2 -15.2 0.3
-11.4 -13 3.3
-19.6 -14.2 1.1
-19.4 -13.8 1.5
-20.2 -15.2 4.3
-15.8 -23 0.3
-15.4 -11.8 1.7
-11 -13.6 1.1
-20.4 -16.8 0.3
-16.8 -12.6 0.1
-18.6 -21.6 0.1
-11.4 -13.4 0.7
-10.2 -15.4 0.1
-20 -14.8 1.1
-17.6 -12.6 4.5
-20.8 -17.4 1.3
-11.2 -13.8 0.3
-11.2 -13.8 0.3
-9.6 -15.6 1.5
-10.2 -15 0.5
-20.6 -16.6 0.9
-17 -12.4 0.7
-18.8 -13.6 0.5
-18.8 -13.2 1.5
-14.6 -11.8 1.7
-20 -14.8 4.3
-20 -14.6 1.5
-11.2 -13.4 1.1
-10 -15.4 0.5
-9.6 -15.6 3.9
-10.8 -13.8 1.1
-11.4 -13.4 4.7
-20.8 -16.6 1.7
-14.6 -11.8 3.7
-11 -13.4 1.7
-10.8 -13.6 1.7
-11.4 -13.6 0.3
-17.2 -12.4 0.9
-20 -14.6 3.9
-18.8 -13.4 0.9
-20.8 -16.6 3.7
-11.2 -13.8 5.1
-11.2 -13.8 5.1
-10.2 -15 4.9
-19.4 -13.6 2.7
-20.4 -15.2 1.9
-20.2 -14.8 1.9
-11.2 -13.4 4.3
-20.6 -17 0.7
-18.8 -13.6 4.9
-16.8 -12.4 0.5
-10 -15.6 0.3
-20.8 -16.8 1.5
-16.4 -22.8 0.1
-10 -15.4 4.9
-20.4 -15.2 3.5
-20.8 -17.2 1.3
-19.4 -13.6 2.5
-19.4 -13.6 2.9
-10 -15.2 0.7
-20 -15.2 0.5
-20.8 -16.4 1.9
-9.8 -15.2 1.3
-20.8 -16.4 3.5
-20.8 -17.2 4.1
-18.2 -13.2 0.3
-17.6 -12.4 1.5
-11.4 -13 1.9
-16.4 -22.8 5.3
-18.4 -21.8 0.1
-11.4 -13 3.5
-18.6 -13.4 0.5
-9.8 -15.2 4.1
-20 -15.2 4.9
-11.2 -13.2 1.7
-11.2 -13.2 1.7
-9.8 -15 1.7
-19.6 -14 1.5
-19.4 -14 0.9
-19.8 -14.2 1.7
-19.4 -13.6 2.3
-19.4 -13.6 3.1
-9.8 -15 3.7
-15 -11.8 1.5
-11.4 -13.2 1.1
-16 -23 0.3
-17.8 -12.6 1.1
-17.4 -12.4 1.1
-16.4 -23 0.5
-20.2 -15 1.3
-15 -11.8 3.9
-20 -15 0.7
-20.4 -17.4 0.1
-14.8 -11.8 1.5
-10 -15.8 0.1
-9.2 -18.8 2.7
-11.4 -13.2 4.3
-20.8 -17 1.3
-20.4 -16.6 0.3
-9.6 -15.8 1.1
-18.6 -13.2 0.9
-16.6 -12.4 0.3
-18.8 -13.8 0.1
-9.6 -15.2 2.7
-9.2 -18.8 2.5
-9.2 -18.8 2.9
-20.8 -17 4.1
-16.4 -23 4.9
-20.6 -16.8 0.7
-10 -15 0.9
-15.4 -11.8 1.5
-9.6 -15.8 4.3
-15.2 -23 0.1
-9.6 -15.2 2.5
-9.8 -15.6 0.7
-9.6 -15.2 2.9
-19.4 -14.2 0.5
-19.4 -13.6 2.1
-17.6 -12.8 0.3
-20.4 -15.2 1.7
-20.2 -14.8 1.7
-20.4 -17.2 0.1
-19.4 -13.8 1.3
-17.4 -12.8 0.1
-20.6 -16.4 0.9
-19.4 -13.6 3.3
-14.6 -11.8 1.5
-18.6 -13.6 0.1
-9.8 -15.8 0.5
-20.4 -15 2.7
-9.8 -15.6 4.7
-20.8 -16.6 1.5
-9.2 -18.8 2.3
-20.4 -15.2 3.7
-19.4 -14.2 4.9
-9.2 -18.8 3.1
-20.8 -16.4 1.7
-11 -13.4 1.5
-15.4 -23 0.1
-9.8 -15.4 0.9
-10.8 -13.6 1.5
-14.6 -11.8 3.9
-9.6 -15.6 1.3
-20.4 -15 2.5
-9.6 -15.2 2.3
-17.4 -12.6 0.5
-20.4 -15 2.9
-20.8 -16.6 3.9
-17.2 -12.6 0.3
-20.8 -16.4 3.7
-11.4 -13 1.7
-18.8 -13.2 1.3
-20 -14.6 1.3
-18.4 -13.2 0.5
-18.6 -13.6 5.3
-9.6 -15.6 4.1
-20.2 -15.2 0.9
-11.4 -13 3.7
-20.8 -17.4 1.1
-20.6 -17.4 0.5
-17.8 -12.8 0.5
-18.6 -21.8 0.3
-15.4 -23 5.3
-20 -14.6 4.1
-19.6 -14.2 0.9
-18.2 -13.4 5.5
-17.8 -13 0.1
-20.8 -16.8 1.3
-20.4 -15 2.3
-20.2 -15.2 4.5
-11 -13.6 0.9
-20.2 -14.6 2.7
-20.4 -15 3.1
-20 -14.8 0.9
-11.2 -13.6 0.5
-11.2 -13.2 1.5
-11.2 -13.2 1.5
-11 -13.8 0.5
-9.8 -15 1.5
-20.4 -17 0.1
-17.6 -12.6 0.7
-10.6 -13.8 1.5
-19.8 -14 2.7
-11.4 -13.8 5.5
-20.2 -14.6 2.5
-19.8 -14.2 1.5
-9.2 -18.8 2.1
-20.2 -14.6 2.9
-15.6 -23 0.1
-20.2 -17.2 5.7
-17.6 -12.4 1.3
-9.2 -18.8 3.3
-9.8 -15 3.9
-17 -12.6 0.1
-19.8 -14 2.5
-11.2 -13.4 0.9
-9.6 -15.2 2.1
-19.8 -14 2.9
-19.4 -13.6 1.9
-20.8 -17.2 1.1
-20 -14.8 4.5
-16.2 -23 0.3
-10.8 -13.8 0.9
-20.6 -17.2 0.5
-11.2 -13.6 4.9
-17.2 -12.8 5.5
-11 -13.8 4.9
-10.8 -13.4 2.7
-18.4 -13.4 0.1
-17.6 -12.6 4.7
-19.6 -14 1.3
-19.4 -13.6 3.5
-9.8 -15.2 1.1
-20.6 -16.6 0.7
-20.8 -17.2 4.3
-10.8 -13.4 2.5
-15.6 -23 5.3
-10.8 -13.4 2.9
-15 -11.8 1.3
-20.4 -16.4 0.3
-20.2 -14.6 2.3
-9.4 -15.6 2.7
-11.4 -13.4 0.5
-11 -13.2 2.7
-9.8 -15.2 4.3
-10.6 -13.6 2.7
-19.8 -14 2.3
-20.4 -15 2.1
-9.4 -15.6 2.5
-9.4 -15.6 2.5
-17.2 -12.4 0.7
-15 -11.8 4.1
-18.8 -13.4 0.7
-19.8 -14 3.1
-9.4 -15.6 2.9
-14.8 -11.8 1.3
-17 -12.4 0.5
-20.4 -15 3.3
-9.6 -15.4 1.5
-11 -13.2 2.5
-11 -13.2 2.9
-10.6 -13.6 2.5
-10.6 -13.6 2.9
-20.4 -15.2 1.5
-20.2 -14.8 1.5
-10.8 -13.4 2.3
-20.2 -15 1.1
-10.8 -13.4 3.1
-10.2 -15.2 0.1
-15.4 -11.8 1.3
-10.2 -15 0.3
-20.4 -15.2 3.9
-20.8 -17 1.1
-20.8 -16.4 1.5
-20.6 -17 0.5
-18.8 -13.6 0.3
-15.8 -23 0.1
-11.4 -13.2 0.9
-9.4 -15.6 2.3
-9.4 -15.6 2.3
-10 -15.4 0.3
-9.2 -18.8 1.9
-20.4 -16.8 0.1
-9.4 -15.6 3.1
-11 -13.2 2.3
-10 -15.2 0.5
-11.4 -13 1.5
-17.8 -12.6 0.9
-10.6 -13.6 2.3
-14.6 -11.8 1.3
-20.8 -16.4 3.9
-17.4 -12.4 0.9
-11 -13.2 3.1
-9.2 -18.8 3.5
-20.8 -17 4.3
-19.4 -14 0.7
-20.2 -14.6 2.1
-10.6 -13.6 3.1
-9.6 -15.2 1.9
-11.2 -13.8 0.1
-11.2 -13.8 0.1
-20.8 -16.6 1.3
-10.2 -15 5.1
-11.4 -13.2 4.5
-9.6 -15.8 0.9
-11 -13.4 1.3
-16.8 -12.4 0.3
-19.8 -14 2.1
-10.8 -13.6 1.3
-18.8 -13.6 5.1
-19.8 -14 3.3
-10 -15.4 5.1
-19.4 -13.8 1.1
-20.8 -16.6 4.1
-11.2 -13 2.7
-20 -15.2 0.3
-11.4 -13.6 0.1
-19.4 -13.6 1.7
-11.2 -13 2.5
-11.2 -13.8 5.3
-10.8 -13.4 2.1
-11.2 -13 2.9
-10 -15.6 0.1
-20.4 -15 1.9
-18.6 -13.2 0.7
-19.4 -13.6 3.7
-10.8 -13.4 3.3
-9.6 -15.6 1.1
-18.6 -13.4 0.3
-20.4 -15 3.5
-18.8 -13.2 1.1
-9.4 -15.6 2.1
-9.4 -15.6 2.1
-20 -14.6 1.1
-10 -15 0.7
-20 -15 0.5
-11 -13.2 2.1
-9.4 -15.6 3.3
-18.2 -13.2 0.1
-9.6 -15.6 4.3
-10.6 -13.6 2.1
-11.2 -13.2 1.3
-11.2 -13.2 1.3
-9.8 -15 1.3
-10.6 -13.8 1.3
-11 -13.2 3.3
-19.8 -14.2 1.3
-10.6 -13.6 3.3
-20 -14.2 2.7
-11.2 -13 2.3
-20 -14.6 4.3
-20.6 -16.4 0.7
-11.2 -13 3.1
-16.4 -23 0.3
-20.8 -16.8 1.1
-9.8 -15 4.1
-20.6 -16.8 0.5
-20 -14.2 2.5
-9.8 -15.6 0.5
-20 -14.2 2.9
-15.2 -11.6 2.7
-9.8 -15.4 0.7
-20.8 -17.4 0.9
-20.2 -14.6 1.9
-14.8 -11.6 2.7
-15.2 -11.6 2.5
-17.6 -12.4 1.1
-16.4 -22.8 5.5
-15.2 -11.6 2.9
-16 -23 0.1
-19.8 -14 1.9
-16.4 -23 5.1
-9.2 -18.8 1.7
-14.8 -11.6 2.5
-9.8 -15.6 4.9
-14.8 -11.6 2.9
-19.8 -14 3.5
-20.2 -15.2 0.7
-19.4 -14.2 0.3
-20.4 -16.6 0.1
-19.6 -14 1.1
-9.6 -15.2 1.7
-9.2 -18.8 3.7
-15.4 -11.6 2.7
-16.6 -12.4 0.1
-20 -14.2 2.3
-19.6 -14.2 0.7
-10.8 -13.4 1.9
-9.6 -15.4 1.3
-20 -14.2 3.1
-9.6 -15 2.7
-19 -22.2 2.7
-15 -11.8 1.1
-15.4 -11.6 2.5
-9.8 -15.8 0.3
-11 -13.6 0.7
-20.8 -17.2 0.9
-15.4 -11.6 2.9
-10.8 -13.4 3.5
-20.2 -15.2 4.7
-15.2 -11.6 2.3
-11.2 -13 2.1
-20.4 -15.2 1.3
-20.2 -14.8 1.3
-15.2 -11.8 1.1
-20 -14.8 0.7
-15.2 -11.6 3.1
-9.6 -15 2.5
-19.4 -14.2 5.1
-19 -22.2 2.5
-14.6 -11.6 2.7
-9.6 -15 2.9
-11.2 -13 3.3
-9.4 -15.6 1.9
-9.4 -15.6 1.9
-19 -22.2 2.9
-9.2 -19.2 2.7
-14.8 -11.6 2.3
-9.8 -15.2 0.9
-17.4 -12.6 0.3
-14.8 -11.8 1.1
-15 -11.8 4.3
-11 -13.2 1.9
-11 -13.2 1.9
-17.6 -12.8 0.1
-11.4 -12.8 2.7
-14.8 -11.6 3.1
-10.6 -13.6 1.9
-9.4 -15.6 3.5
-20.8 -16.4 1.3
-20.4 -15.2 4.1
-14.6 -11.6 2.5
-20.8 -17.2 4.5
-14.6 -11.6 2.9
-20.4 -15 1.7
-9.2 -19.2 2.5
-9.2 -19 1.9
-9.2 -19.2 2.9
-11.2 -13.4 0.7
-11 -13.2 3.5
-18.4 -13.2 0.3
-10.8 -13.8 0.7
-10.6 -13.6 3.5
-11.4 -12.8 2.5
-11.4 -13 1.3
-11.4 -12.8 2.9
-20.4 -15 3.7
-9.8 -15.2 4.5
-20.8 -16.4 4.1
-15.4 -11.6 2.3
-17.6 -12.6 0.5
-20.6 -17.4 0.3
-15.4 -11.8 1.1
-19.4 -13.6 1.5
-17.8 -12.8 0.3
-15.4 -11.6 3.1
-17.2 -12.6 0.1
-9.6 -15 2.3
-19 -22.2 2.3
-9.6 -15 3.1
-19 -22.2 3.1
-20 -14.2 2.1
-19.4 -13.6 3.9
-14.6 -11.6 2.3
-11.2 -13.6 0.3
-20.4 -14.8 2.7
-20 -14.2 3.3
-11 -13.8 0.3
-14.6 -11.8 1.1
-9.2 -19.2 2.3
-20.2 -15 0.9
-17.6 -12.6 4.9
-14.6 -11.6 3.1
-18.6 -21.8 0.1
-20.8 -16.6 1.1
-15.2 -11.6 2.1
-11.4 -12.8 2.3
-20.6 -16.6 0.5
-20.8 -17 0.9
-20.4 -14.8 2.5
-11 -13.4 1.1
-11.4 -12.8 3.1
-20.4 -14.8 2.9
-10.8 -13.6 1.1
-15.2 -11.6 3.3
-20.2 -14.6 1.7
-14.8 -11.6 2.1
-20.6 -17.2 0.3
-18.6 -13.6 5.5
-9.4 -15.4 2.7
-20.6 -15.2 2.7
-14.8 -11.6 3.3
-20.8 -16.6 4.3
-19.8 -14 1.7
-11.2 -13.6 5.1
-11 -13.8 5.1
-17.2 -12.4 0.5
-20.8 -17 4.5
-18.8 -13.4 0.5
-11.2 -13 1.9
-11.2 -13 1.9
-9.4 -15.4 2.5
-20.6 -15.2 2.5
-19.8 -14 3.7
-10.4 -13.8 1.9
-9.4 -15.4 2.9
-20.6 -15.2 2.9
-15.4 -11.6 2.1
-11.4 -13.2 0.7
-11.2 -13 3.5
-16.2 -23 0.1
-15.4 -11.6 3.3
-10.8 -13.4 1.7
-20.4 -14.8 2.3
-19.4 -13.8 0.9
-11.4 -13.4 0.3
-9.6 -15 2.1
-19 -22.2 2.1
-17.8 -12.6 0.7
-17.4 -12.4 0.7
-20.4 -14.8 3.1
-19.4 -13.4 2.7
-9.6 -15 3.3
-9.2 -18.8 1.5
-19 -22.2 3.3
-10.8 -13.4 3.7
-17 -12.4 0.3
-14.6 -11.6 2.1
-11.2 -13.2 1.1
-11.2 -13.2 1.1
-9.6 -15.8 0.7
-9.8 -15 1.1
-9.2 -19.2 2.1
-18.2 -13.4 5.7
-11.4 -13.2 4.7
-9.4 -15.6 1.7
-9.4 -15.6 1.7
-19.4 -13.4 2.5
-10.6 -13.8 1.1
-20.4 -16.4 0.1
-9.6 -15.2 1.5
-19.4 -13.4 2.9
-9.6 -15.6 0.9
-19.8 -14.2 1.1
-9.2 -18.8 3.9
-11.4 -12.8 2.1
-11 -13.2 1.7
-11 -13.2 1.7
-9.4 -15.4 2.3
-20.6 -15.2 2.3
-10.6 -13.6 1.7
-18.8 -13.2 0.9
-9.4 -15.6 3.7
-9.4 -15.4 3.1
-20.6 -15.2 3.1
-11.4 -12.8 3.3
-9.2 -19 1.7
-20 -14.6 0.9
-19.4 -14 0.5
-20 -14.2 1.9
-9.8 -15 4.3
-11 -13.2 3.7
-10.6 -13.6 3.7
-20.6 -17 0.3
-9.6 -15.6 4.5
-20 -14.2 3.5
-15.6 -23 5.5
-15.2 -11.6 1.9
-19.6 -13.6 2.7
-10 -15.2 0.3
-20 -14.6 4.5
-19.4 -13.4 2.3
-20.4 -15 1.5
-20.8 -16.8 0.9
-15.2 -11.6 3.5
-14.8 -11.6 1.9
-19.6 -13.6 2.5
-19.4 -13.4 3.1
-19.6 -13.6 2.9
-20.4 -14.8 2.1
-10.2 -15 0.1
-18.8 -13.6 0.1
-20.2 -17.2 5.9
-14.8 -11.6 3.5
-20.4 -15 3.9
-20.4 -14.8 3.3
-18.6 -13.2 0.5
-10 -15.4 0.1
-9.4 -15.8 1.3
-9.6 -15.4 1.1
-17.6 -12.4 0.9
-15.4 -11.6 1.9
-10 -15 0.5
-20.4 -15.2 1.1
-9.4 -15.4 2.1
-9.4 -15.4 2.1
-20.6 -15.2 2.1
-20.2 -14.8 1.1
-9.6 -15 1.9
-15.4 -11.6 3.5
-19 -22.2 1.9
-10.2 -15 5.3
-16.8 -12.4 0.1
-19.6 -14 0.9
-20.8 -17.4 0.7
-9.4 -15.4 3.3
-20.6 -15.2 3.3
-19.4 -13.6 1.3
-19.6 -13.6 2.3
-18.8 -13.6 5.3
-9.6 -15 3.5
-11.2 -13 1.7
-11.2 -13 1.7
-19 -22.2 3.5
-14.6 -11.6 1.9
-10 -15.4 5.3
-20.8 -16.4 1.1
-10.4 -13.8 1.7
-9.2 -19.2 1.9
-20 -15.2 0.1
-20.6 -16.4 0.5
-15 -11.8 0.9
-20.2 -14.6 1.5
-20 -15 0.3
-11.2 -13 3.7
-11.4 -12.8 1.9
-19.4 -13.6 4.1
-15.2 -11.8 0.9
-11.4 -13 1.1
-19.8 -14 1.5
-19.4 -13.4 2.1
-9.2 -19.4 2.7
-9.8 -15.4 0.5
-11.4 -12.8 3.5
-20.8 -16.4 4.3
-19.4 -13.4 3.3
-14.8 -11.8 0.9
-18.6 -13.4 0.1
-15 -11.8 4.5
-9.2 -19.4 2.5
-19.8 -14 3.9
-9.2 -19.4 2.9
-20.6 -16.8 0.3
-20.8 -17.2 0.7
-10.8 -13.4 1.5
-9.8 -15.6 0.3
-20.2 -15.2 0.5
-11.2 -13.8 5.5
-20 -14.2 1.7
-15.4 -11.8 0.9
-9.8 -15.2 0.7
-19.6 -14.2 0.5
-20.4 -14.8 1.9
-10.8 -13.4 3.9
-9.4 -15.6 1.5
-9.4 -15.6 1.5
-16.4 -23 0.1
-20 -14.2 3.7
-20.8 -17.2 4.7
-19.6 -13.6 2.1
-20.4 -14.8 3.5
-15.2 -11.6 1.7
-11 -13.6 0.5
-11 -13.2 1.5
-11 -13.2 1.5
-19.6 -13.8 1.3
-10.6 -13.6 1.5
-20.2 -15.2 4.9
-20 -14.8 0.5
-9.2 -19.4 2.3
-9.8 -15.6 5.1
-14.6 -11.8 0.9
-9.2 -19 1.5
-9.4 -15.6 3.9
-9.2 -19.4 3.1
-14.8 -11.6 1.7
-15.2 -11.6 3.7
-9.2 -18.8 1.3
-20.8 -16.6 0.9
-9.4 -15.4 1.9
-9.4 -15.4 1.9
-20.6 -15.2 1.9
-11 -13.2 3.9
-10.6 -13.6 3.9
-11 -13.4 0.9
-10.8 -13.6 0.9
-14.8 -11.6 3.7
-9.6 -15.2 1.3
-9.4 -15.4 3.5
-20.6 -15.2 3.5
-11.2 -13.4 0.5
-16.4 -23 5.3
-10.8 -13.8 0.5
-9.2 -18.8 4.1
-19.4 -14.2 0.1
-15.4 -11.6 1.7
-20.8 -16.6 4.5
-20.2 -15 0.7
-17.8 -12.4 1.1
-9.6 -15 1.7
-19 -22.2 1.7
-20.8 -17 0.7
-15.4 -11.6 3.7
-19.4 -13.4 1.9
-9.8 -15.8 0.1
-9.6 -15 3.7
-19.4 -13.4 3.5
-19 -22.2 3.7
-14.6 -11.6 1.7
-9.2 -19.2 1.7
-20.4 -15 1.3
-19.4 -14.2 5.3
-17.6 -12.6 0.3
-11.4 -12.8 1.7
-17.4 -12.6 0.1
-20.8 -17 4.7
-9.2 -19.4 2.1
-11.2 -13.2 0.9
-11.2 -13.2 0.9
-9.8 -15 0.9
-16.4 -22.8 5.7
-10.6 -13.8 0.9
-9.2 -19.4 3.3
-20.4 -15 4.1
-11.4 -12.8 3.7
-19.8 -14.2 0.9
-11.2 -13 1.5
-11.2 -13 1.5
-18.4 -13.2 0.1
-19.4 -13.8 0.7
-10.4 -13.8 1.5
-19.6 -13.6 1.9
-20.6 -17.4 0.1
-17.8 -12.8 0.1
-17.6 -12.6 5.1
-10.8 -13.2 2.5
-11.2 -13 3.9
-9.8 -15 4.5
-20.6 -16.6 0.3
-11.4 -13.2 0.5
-9.6 -15.6 0.7
-20.4 -14.8 1.7
-9.4 -15.8 1.1
-11.2 -13.6 0.1
-17.8 -12.6 0.5
-18.8 -13.2 0.7
-11 -13.8 0.1
-17.4 -12.4 0.5
-20.2 -14.6 1.3
-20 -14.6 0.7
-17.2 -12.4 0.3
-20.4 -14.8 3.7
-18.8 -13.4 0.3
-19.8 -14 1.3
-9.6 -15.8 0.5
-20 -14 2.7
-9.6 -15.6 4.7
-20 -14.2 1.5
-19.4 -13.6 1.1
-10.8 -13.2 2.3
-11 -13 2.7
-9.4 -15.4 1.7
-9.4 -15.4 1.7
-20.6 -15.2 1.7
-20.6 -17.2 0.1
-9.6 -15.4 0.9
-20 -14 2.5
-20 -14.6 4.7
-20.8 -16.8 0.7
-19.8 -14 4.1
-20 -14 2.9
-11.2 -13.6 5.3
-20.6 -15 2.7
-11 -13 2.5
-20 -14.2 3.9
-11 -13.8 5.3
-15.2 -11.6 1.5
-9.4 -15.4 3.7
-20.6 -15.2 3.7
-11 -13 2.9
-20.4 -15.2 0.9
-10.8 -13.4 1.3
-20.2 -14.8 0.9
-14.8 -11.6 1.5
-20.6 -15 2.5
-15.2 -11.6 3.9
-9.2 -19.4 1.9
-17.6 -12.4 0.7
-11.4 -13.4 0.1
-20.8 -16.4 0.9
-10.8 -13.4 4.1
-19.4 -13.4 1.7
-9.4 -15.6 1.3
-9.4 -15.6 1.3
-19.4 -14 0.3
-14.8 -11.6 3.9
-9 -18.8 2.5
-20.4 -14.6 2.7
-9.2 -19.4 3.5
-11 -13.2 1.3
-11 -13.2 1.3
-10.6 -13.6 1.3
-17 -12.4 0.1
-19.4 -13.4 3.7
-11.4 -13 0.9
-20 -14 2.3
-15.4 -11.6 1.5
-19.6 -14 0.7
-9.2 -19 1.3
-20.4 -14.6 2.5
-11 -13 2.3
-9.4 -15.6 4.1
-20 -14 3.1
-20.4 -14.6 2.9
-20.8 -16.4 4.5
-10.4 -13.6 2.3
-11 -13 3.1
-9.6 -15 1.5
-19 -22.2 1.5
-11 -13.2 4.1
-10.6 -13.6 4.1
-18.6 -13.6 5.7
-15.4 -11.6 3.9
-15 -11.8 0.7
-20.6 -15 2.3
-10.8 -13.2 2.1
-19.6 -13.8 1.1
-14.6 -11.6 1.5
-15.2 -11.8 0.7
-9.6 -15 3.9
-19 -22.2 3.9
-9.2 -19.2 1.5
-20.6 -17 0.1
-20.8 -17.4 0.5
-19.6 -13.6 1.7
-18.6 -13.2 0.3
-9 -18.8 2.3
-9.2 -18.8 1.1
-11.4 -12.8 1.5
-14.8 -11.8 0.7
-10 -15.2 0.1
-15 -11.8 4.7
-9.6 -15.2 1.1
-20.4 -14.6 2.3
-10 -15 0.3
-11.4 -12.8 3.9
-20.4 -14.6 3.1
-9.2 -18.8 4.3
-15.4 -11.8 0.7
-11.2 -12.8 2.7
-11.2 -12.8 2.7
-20 -14 2.1
-20.6 -16.4 0.3
-11 -13 2.1
-11 -13 2.1
-11.2 -12.8 2.5
-11.2 -12.8 2.5
-11.2 -13 1.3
-11.2 -13 1.3
-20 -14 3.3
-20.8 -17.2 0.5
-11.2 -12.8 2.9
-11.2 -12.8 2.9
-10.4 -13.6 2.1
-20.4 -14.8 1.5
-9.2 -19.6 2.3
-11 -13 3.3
-10.4 -13.8 1.3
-19.2 -22.2 2.7
-14.6 -11.8 0.7
-20.4 -15 1.1
-20.6 -15 2.1
-9.8 -15.4 0.3
-15.6 -23 5.7
-17.8 -12.4 0.9
-20.8 -16.6 0.7
-9.8 -15.2 0.5
-20.4 -14.8 3.9
-11.2 -13 4.1
-19.2 -22.2 2.5
-11 -13.4 0.7
-19.2 -22.2 2.9
-10.8 -13.6 0.7
-9 -18.8 2.1
-20 -15 0.1
-20.8 -17.2 4.9
-9.4 -15.4 1.5
-9.4 -15.4 1.5
-20.6 -15.2 1.5
-20.4 -15 4.3
-9.2 -19.4 1.7
-20.2 -15.2 0.3
-20.4 -14.6 2.1
-11.2 -12.8 2.3
-11.2 -12.8 2.3
-10.8 -13.2 1.9
-20.8 -16.6 4.7
-10.6 -13.4 1.9
-9.4 -15.4 3.9
-11.2 -12.8 3.1
-11.2 -12.8 3.1
-9.2 -19.4 3.7
-20.6 -15.2 3.9
-18.8 -13.6 5.5
-19.6 -14.2 0.3
-20.4 -14.6 3.3
-10 -15.4 5.5
-20 -14.2 1.3
-20.6 -16.8 0.1
-11 -13.6 0.3
-19.2 -22.2 2.3
-9.8 -15.6 0.1
-15 -11.6 1.3
-20 -14.8 0.3
-19.4 -13.4 1.5
-20.2 -15.2 5.1
-19.2 -22.2 3.1
-20.2 -14.6 1.1
-20.2 -15 0.5
-15.2 -11.6 1.3
-20 -14.2 4.1
-9.2 -19.6 2.1
-20.8 -17 0.5
-11.2 -13.2 0.7
-11.2 -13.2 0.7
-19.8 -14 1.1
-19.4 -13.4 3.9
-9.8 -15 0.7
-10.6 -13.8 0.7
-14.8 -11.6 1.3
-9 -19 2.7
-11.2 -13.4 0.3
-19.8 -14.2 0.7
-20.2 -14.2 2.7
-10.8 -13.8 0.3
-9.4 -15.8 0.9
-15.2 -11.6 4.1
-20 -14 1.9
-9 -19 2.5
-11 -13 1.9
-11 -13 1.9
-9 -19 2.9
-19.8 -14 4.3
-20.2 -14.2 2.5
-10.4 -13.6 1.9
-14.8 -11.6 4.1
-20.2 -14.2 2.9
-20 -14 3.5
-10.8 -13.4 1.1
-9.8 -15 4.7
-20.8 -17 4.9
-11 -13 3.5
-15.4 -11.6 1.3
-20.6 -15 1.9
-19.6 -13.6 1.5
-11.2 -12.8 2.1
-11.2 -12.8 2.1
-19.4 -13.6 0.9
-9.6 -15 1.3
-19 -22.2 1.3
-11.2 -12.8 3.3
-11.2 -12.8 3.3
-19.4 -13.8 0.5
-9.4 -15.6 1.1
-9.4 -15.6 1.1
-10.8 -13.4 4.3
-9 -18.8 1.9
-15.4 -11.6 4.1
-11 -13.2 1.1
-11 -13.2 1.1
-14.6 -11.6 1.3
-19.2 -22.2 2.1
-10.6 -13.6 1.1
-9.2 -19.2 1.3
-9.6 -15 4.1
-19 -22.2 4.1
-9 -19 2.3
-9.2 -19 1.1
-20.4 -14.6 1.9
-19.2 -22.2 3.3
-20.2 -14.2 2.3
-9.6 -15.6 0.5
-11.4 -12.8 1.3
-9 -19 3.1
-9.4 -15.6 4.3
-20.2 -14.2 3.1
-9.6 -15.4 0.7
-16.4 -23 5.5
-11 -13.2 4.3
-18.8 -13.2 0.5
-10.6 -13.6 4.3
-17.6 -12.6 0.1
-20 -14.6 0.5
-20.4 -15.2 0.7
-20.2 -14.8 0.7
-11.4 -12.8 4.1
-10.8 -13.2 1.7
-10.6 -13.4 1.7
-11.4 -13.2 0.3
-9.6 -15.6 4.9
-9.2 -19.6 1.9
-19.4 -13.2 2.7
-20.8 -16.4 0.7
-17.8 -12.6 0.3
-17.4 -12.4 0.3
-20.8 -16.8 0.5
-20 -14.6 4.9
-19.4 -14.2 5.5
-20.4 -14.8 1.3
-19.6 -13.8 0.9
-17.6 -12.6 5.3
-9.2 -19.4 1.5
-19.4 -13.2 2.5
-20.6 -16.6 0.1
-11.4 -13 0.7
-19.4 -13.2 2.9
-9.6 -15.8 0.3
-9.2 -18.8 0.9
-20.8 -16.4 4.7
-9.2 -19.4 3.9
-17.6 -12.4 0.5
-20.4 -14.8 4.1
-9 -19 2.1
-11.2 -12.8 1.9
-11.2 -12.8 1.9
-9.6 -15.2 0.9
-20.2 -14.2 2.1
-11.2 -13 1.1
-11.2 -13 1.1
-17.2 -12.4 0.1
-9.4 -15.4 1.3
-9.4 -15.4 1.3
-20.6 -15.2 1.3
-9 -19 3.3
-18.8 -13.4 0.1
-9.4 -15 2.7
-9.4 -15 2.7
-19 -22.4 2.1
-20.2 -14.2 3.3
-20 -14 1.7
-10.4 -13.8 1.1
-11.2 -12.8 3.5
-11.2 -12.8 3.5
-9.2 -18.8 4.5
-19.6 -14 0.5
-11 -13 1.7
-11 -13 1.7
-10.4 -13.6 1.7
-19.4 -13.2 2.3
-19.2 -22.2 1.9
-9.4 -15 2.5
-9.4 -15 2.5
-20 -14 3.7
-9.4 -15.4 4.1
-20.6 -15.2 4.1
-9.4 -15 2.9
-9.4 -15 2.9
-11.2 -13 4.3
-19.4 -13.2 3.1
-20.6 -15 1.7
-11 -13 3.7
-15 -11.8 0.5
-19.2 -22.2 3.5
-9.2 -19.8 2.7
-15.2 -11.8 0.5
-15 -11.4 2.7
-19.4 -13.4 1.3
-20.4 -15 0.9
-9 -18.8 1.7
-16.4 -22.8 5.9
-15.2 -11.4 2.7
-9.2 -19.8 2.5
-14.8 -11.8 0.5
-9.2 -19.8 2.9
-15 -11.4 2.5
-15 -11.4 2.9
-20.4 -14.6 1.7
-19.4 -13.4 4.1
-14.8 -11.4 2.7
-20 -14.2 1.1
-15.2 -11.4 2.5
-19.8 -13.6 2.7
-19.4 -14 0.1
-15.2 -11.4 2.9
-9.4 -15 2.3
-9.4 -15 2.3
-11 -13.8 5.5
-20.4 -15 4.5
-15 -11.6 1.1
-20.6 -14.8 2.7
-9.4 -15 3.1
-9.4 -15 3.1
-14.8 -11.4 2.5
-20.8 -17.4 0.3
-19.8 -13.6 2.5
-14.8 -11.4 2.9
-15.4 -11.8 0.5
-15.2 -11.6 1.1
-19.8 -13.6 2.9
-17.8 -12.4 0.7
-20.6 -14.8 2.5
-20 -14.2 4.3
-20.6 -14.8 2.9
-9 -19.2 2.7
-15.4 -11.4 2.7
-19.6 -13.6 1.3
-14.8 -11.6 1.1
-9.2 -19.8 2.3
-9.2 -19.6 1.7
-19.4 -13.2 2.1
-15 -11.4 2.3
-9.2 -19.8 3.1
-15.2 -11.6 4.3
-9 -19.2 2.5
-15.4 -11.4 2.5
-9 -19 1.9
-15 -11.4 3.1
-14.6 -11.8 0.5
-9 -19.2 2.9
-15.4 -11.4 2.9
-20.2 -14.6 0.9
-20.2 -14.2 1.9
-15.2 -11.4 2.3
-18.6 -13.2 0.1
-20.8 -16.6 0.5
-14.8 -11.6 4.3
-19 -22.4 1.9
-19.8 -14 0.9
-20.2 -14.2 3.5
-15.4 -11.6 1.1
-11 -13.4 0.5
-14.8 -11.4 2.3
-10.8 -13.6 0.5
-19.8 -13.6 2.3
-10.8 -13.2 1.5
-10.8 -13.2 1.5
-10.6 -13.4 1.5
-10 -15 0.1
-14.8 -11.4 3.1
-20.8 -17.2 0.3
-19.8 -13.6 3.1
-20.6 -14.8 2.3
-9.6 -15 1.1
-19 -22.2 1.1
-20.6 -14.8 3.1
-11.2 -12.8 1.7
-11.2 -12.8 1.7
-15.4 -11.6 4.3
-9.4 -15 2.1
-9.4 -15 2.1
-20.8 -16.6 4.9
-19.8 -14 4.5
-9.8 -15.2 0.3
-9.2 -15.4 2.7
-10.8 -13.4 0.9
-14.6 -11.6 1.1
-9 -19.2 2.3
-15.4 -11.4 2.3
-9.2 -19.2 1.1
-11.2 -12.8 3.7
-9.4 -15 3.3
-9.4 -15 3.3
-20.6 -16.4 0.1
-9.6 -15 4.3
-9 -19.2 3.1
-15.4 -11.4 3.1
-11.4 -12.8 1.1
-9.2 -15.4 2.5
-19.2 -22.2 1.7
-8.8 -17.2 2.7
-9.4 -15.8 0.7
-9.2 -15.4 2.9
-20.8 -17.2 5.1
-9.4 -15.2 1.5
-9.4 -15.6 0.9
-9.4 -15.6 0.9
-9.8 -15.4 0.1
-10.8 -13.4 4.5
-9.2 -19.8 2.1
-19.2 -22.2 3.7
-8.8 -17.2 2.5
-11 -13.2 0.9
-11 -13.2 0.9
-15 -11.4 2.1
-9.2 -19.4 1.3
-8.8 -17.2 2.9
-10.6 -13.6 0.9
-20 -14 1.5
-11.4 -12.8 4.3
-9.2 -19.8 3.3
-11.2 -13.2 0.5
-11.2 -13.2 0.5
-9.8 -15 0.5
-9.2 -19 0.9
-11 -13 1.5
-11 -13 1.5
-15.2 -11.4 2.1
-10.6 -13.8 0.5
-19.4 -13.6 0.7
-10.4 -13.6 1.5
-19.8 -14.2 0.5
-9.4 -15.6 4.5
-20.2 -15.2 0.1
-20 -14 3.9
-9.2 -19.4 4.1
-20.6 -15 1.5
-14.8 -11.4 2.1
-19.8 -13.6 2.1
-11 -13.2 4.5
-20.2 -15 0.3
-10.6 -13.6 4.5
-9.2 -15.4 2.3
-19.8 -13.8 1.3
-19.4 -13.2 1.9
-20.4 -14.8 1.1
-14.8 -11.4 3.3
-20.6 -14.8 2.1
-19.8 -13.6 3.3
-19.6 -14.2 0.1
-9.2 -15.4 3.1
-20.8 -17 0.3
-9.8 -15 4.9
-20.6 -14.8 3.3
-9 -18.8 1.5
-8.8 -17.2 2.3
-11 -13.6 0.1
-9 -19.2 2.1
-15.4 -11.4 2.1
-8.8 -17.2 3.1
-20 -14.8 0.1
-20.4 -14.8 4.3
-20.4 -14.6 1.5
-20.2 -15.2 5.3
-9 -19.2 3.3
-15.4 -11.4 3.3
-9.4 -15.4 1.1
-9.4 -15.4 1.1
-20.6 -15.2 1.1
-9 -19 1.7
-20.2 -14.2 1.7
-14.6 -11.4 2.1
-11.2 -13.4 0.1
-9.4 -15 1.9
-9.4 -15 1.9
-10.8 -13.8 0.1
-19 -22.4 1.7
-9.6 -15.4 0.5
-19.4 -13.8 0.3
-8.8 -17 2.5
-9.4 -15.4 4.3
-20.6 -15.2 4.3
-9.4 -15 3.5
-9.4 -15 3.5
-11.2 -13 0.9
-11.2 -13 0.9
-9.2 -19.6 1.5
-19.6 -13.8 0.7
-20.4 -15.2 0.5
-20.2 -14.8 0.5
-19.4 -13.4 1.1
-10.4 -13.8 0.9
-18.8 -13.6 5.7
-10.8 -13 2.7
-10.4 -13.4 2.7
-9.2 -19.8 1.9
-9.2 -18.8 0.7
-9.2 -15.4 2.1
-9.6 -15.6 0.3
-17 -23.6 2.7
-15 -11.4 1.9
-9.2 -15.4 3.3
-20.8 -16.4 0.5
-10.8 -13 2.5
-10.8 -13 2.5
-9.2 -19.8 3.5
-18.8 -13.2 0.3
-11.2 -13 4.5
-15.2 -11.4 1.9
-10.8 -13 2.9
-10.4 -13.4 2.5
-9.6 -15.2 0.7
-19.4 -13.4 4.3
-20 -14.6 0.3
-17 -23.6 2.5
-8.8 -17.2 2.1
-10.4 -13.4 2.9
-17 -23.6 2.9
-8.8 -17 2.3
-11.4 -13 0.5
-8.8 -17.2 3.3
-14.8 -11.4 1.9
-10.6 -13.2 2.3
-11.2 -12.8 1.5
-11.2 -12.8 1.5
-19.8 -13.6 1.9
-20.6 -14.8 1.9
-9.6 -15.6 5.1
-19.8 -13.6 3.5
-19.6 -13.6 1.1
-11.2 -12.8 3.9
-10.8 -13.2 1.3
-10.8 -13.2 1.3
-20.8 -16.8 0.3
-20.6 -14.8 3.5
-20 -14.2 0.9
-10.6 -13.4 1.3
-20 -14.6 5.1
-19.2 -22.2 1.5
-9 -19.2 1.9
-15.4 -11.4 1.9
-15 -11.6 0.9
-10.8 -13 2.3
-10.8 -13 2.3
-20.4 -15 0.7
-10.4 -13.4 2.3
-17 -23.6 2.3
-10.8 -13 3.1
-15.2 -11.6 0.9
-11.4 -13.2 0.1
-9 -19.2 3.5
-15.4 -11.4 3.5
-19.4 -13.2 1.7
-10.4 -13.4 3.1
-17 -23.6 3.1
-9 -19.4 2.7
-17.6 -12.4 0.3
-20 -14.2 4.5
-17.8 -12.6 0.1
-17.4 -12.4 0.1
-14.8 -11.6 0.9
-8.8 -16.8 2.7
-14.6 -11.4 1.9
-9 -19.4 2.5
-19.6 -13.4 1.7
-9 -19.4 2.9
-20.4 -15 4.7
-9.4 -15.2 1.3
-15.2 -11.6 4.5
-9.6 -15.8 0.1
-11 -12.8 2.7
-11 -12.8 2.7
-19.6 -14 0.3
-8.8 -16.8 2.5
-8.8 -17 2.1
-20 -14 1.3
-14.8 -11.6 4.5
-11 -12.8 2.5
-11 -12.8 2.5
-15.4 -11.6 0.9
-10.6 -13.2 2.1
-16.4 -23 5.7
-11 -13 1.3
-11 -13 1.3
-11 -12.8 2.9
-11 -12.8 2.9
-15 -11.8 0.3
-9.2 -15.4 1.9
-10.4 -13.6 1.3
-9.4 -15 1.7
-9.4 -15 1.7
-9.6 -15 0.9
-19 -22.2 0.9
-15.2 -11.8 0.3
-17.6 -12.6 5.5
-20.6 -15 1.3
-9.2 -15.4 3.5
-20 -14 4.1
-20.2 -14.6 0.7
-8.8 -17.2 1.9
-9.4 -15 3.7
-9.4 -15 3.7
-17.8 -12.4 0.5
-9 -19.4 2.3
-15.4 -11.6 4.5
-14.8 -11.8 0.3
-9.2 -19.4 1.1
-14.6 -11.6 0.9
-9.2 -19.2 0.9
-9 -19 1.5
-10.8 -13 2.1
-10.8 -13 2.1
-19.8 -14 0.7
-9 -19.4 3.1
-20.2 -14 2.7
-8.8 -17.2 3.5
-10.4 -13.4 2.1
-9 -18.8 1.3
-8.8 -16.8 2.3
-20.2 -14.2 1.5
-17 -23.6 2.1
-9.2 -19.8 1.7
-9.6 -15 4.5
-11.4 -12.8 0.9
-10.8 -13 3.3
-15 -11.4 1.7
-10.4 -13.4 3.3
-19 -22.4 1.5
-19.4 -14.2 5.7
-17 -23.6 3.3
-11 -12.8 2.3
-11 -12.8 2.3
-20.2 -14 2.5
-20.4 -14.6 1.3
-15.2 -11.4 1.7
-9.2 -19.4 4.3
-20.2 -14 2.9
-9.4 -14.8 2.7
-11 -12.8 3.1
-11 -12.8 3.1
-15.4 -11.8 0.3
-19.8 -13.8 1.1
-10.8 -13.4 0.7
-19.8 -14 4.7
-14.8 -11.4 1.7
-19.8 -13.6 1.7
-11.4 -12.8 4.5
-9.4 -14.8 2.5
-9.4 -14.8 2.9
-20.6 -14.8 1.7
-19.8 -13.6 3.7
-9.4 -15.6 0.7
-9.4 -15.6 0.7
-14.6 -11.8 0.3
-20.8 -17.4 0.1
-20.6 -14.8 3.7
-9.2 -19.6 1.3
-10.8 -13.4 4.7
-20.4 -14.8 0.9
-11 -13.2 0.7
-11 -13.2 0.7
-20.8 -16.6 0.3
-9 -19.2 1.7
-15.4 -11.4 1.7
-10.6 -13.6 0.7
-20.2 -14 2.3
-11 -13.4 0.3
-9.2 -19 0.7
-10.8 -13.6 0.3
-20.2 -14 3.1
-9 -19.4 2.1
-9 -19.2 3.7
-15.4 -11.4 3.7
-8.8 -17 1.9
-9.4 -15.8 0.5
-10.6 -13.2 1.9
-8.8 -16.8 2.1
-9.4 -14.8 2.3
-9 -19.4 3.3
-20.4 -14.8 4.5
-14.6 -11.4 1.7
-11 -13.2 4.7
-9.4 -14.8 3.1
-9.4 -15.4 0.9
-9.4 -15.4 0.9
-20.6 -15.2 0.9
-10.6 -13.6 4.7
-8.8 -16.6 2.7
-20.8 -16.6 5.1
-11 -12.8 2.1
-11 -12.8 2.1
-11.2 -12.8 1.3
-11.2 -12.8 1.3
-9.2 -15.2 2.7
-19.4 -13.6 0.5
-11 -12.8 3.3
-11 -12.8 3.3
-19.4 -13.2 1.5
-20.8 -17.2 0.1
-8.8 -16.6 2.5
-10.8 -13 1.9
-10.8 -13 1.9
-11 -13.8 5.7
-9.2 -15.2 2.5
-11.2 -12.6 2.7
-10.4 -13.4 1.9
-9.4 -15.4 4.5
-20.6 -15.2 4.5
-9.2 -15.2 2.9
-17 -23.6 1.9
-20.6 -14.6 2.7
-9.2 -15.4 1.7
-11.2 -12.8 4.1
-19.2 -22.2 1.3
-10.8 -13 3.5
-9.8 -15.2 0.1
-19.6 -13.4 1.5
-19.4 -13.4 0.9
-11.2 -12.6 2.5
-11.2 -13.2 0.3
-11.2 -13.2 0.3
-9.8 -15 0.3
-11.2 -12.6 2.9
-20.6 -14.6 2.5
-9.2 -15.4 3.7
-10.6 -13.8 0.3
-8.8 -17.2 1.7
-20.6 -14.6 2.9
-19.8 -14.2 0.3
-20.2 -14 2.1
-20.8 -17.2 5.3
-10.8 -13.2 1.1
-10.8 -13.2 1.1
-8.8 -17.2 3.7
-10.6 -13.4 1.1
-20.2 -14 3.3
-9.4 -15 1.5
-9.4 -15 1.5
-11.2 -13 0.7
-11.2 -13 0.7
-19.4 -13.4 4.5
-8.8 -16.6 2.3
-19.2 -22.4 2.3
-10.4 -13.8 0.7
-9.2 -15.2 2.3
-9.4 -14.8 2.1
-9.8 -15 5.1
-9.2 -15.2 3.1
-9.4 -15 3.9
-9.4 -15 3.9
-9.4 -14.8 3.3
-11.2 -12.6 2.3
-20.6 -14.6 2.3
-19.6 -13.6 0.9
-11.2 -12.6 3.1
-9.2 -19.8 1.5
-20.2 -15 0.1
-20 -13.8 1.7
-15 -11.4 1.5
-20.6 -14.6 3.1
-9 -19.4 1.9
-19.6 -13.8 0.5
-20.8 -17 0.1
-9.4 -15.2 1.1
-9.4 -15.2 1.1
-8.8 -16.8 1.9
-15.2 -11.4 1.5
-9 -19.4 3.5
-9.2 -18.8 0.5
-11 -12.8 1.9
-11 -12.8 1.9
-20 -14 1.1
-9.6 -15.4 0.3
-9 -19 1.3
-14.8 -11.4 1.5
-19.8 -13.6 1.5
-11 -13 1.1
-11 -13 1.1
-20.2 -14.2 1.3
-9.6 -15.2 0.5
-20 -14.2 0.7
-10.4 -13.6 1.1
-20.6 -14.8 1.5
-11 -12.8 3.5
-11 -12.8 3.5
-8.8 -17 1.7
-19 -22.4 1.3
-20.4 -15.2 0.3
-20.2 -14.8 0.3
-15 -11.6 0.7
-10.6 -13.2 1.7
-10.6 -13.2 1.7
-20.6 -15 1.1
-19.8 -13.6 3.9
-20 -14 4.3
-15.2 -11.6 0.7
-8.8 -16.6 2.1
-20.6 -14.8 3.9
-9 -19.6 2.7
-19.2 -22.4 2.1
-9 -19.2 1.5
-15.4 -11.4 1.5
-9.2 -15.2 2.1
-19.4 -13.8 0.1
-20.8 -16.4 0.3
-9 -18.8 1.1
-20 -14.2 4.7
-14.8 -11.6 0.7
-9.2 -15.2 3.3
-9 -19.6 2.5
-20.2 -15.2 5.5
-19.6 -13.2 2.7
-9 -19.6 2.9
-9 -19.2 3.9
-20.2 -14 1.9
-15.4 -11.4 3.9
-11.2 -12.6 2.1
-10.8 -13 1.7
-10.8 -13 1.7
-11.4 -13 0.3
-10.4 -13.4 1.7
-20.4 -14.6 1.1
-20.6 -14.6 2.1
-20.4 -15 0.5
-17 -23.6 1.7
-15.2 -11.6 4.7
-11.2 -12.6 3.3
-14.6 -11.4 1.5
-19.4 -13 2.7
-9.6 -15.6 0.1
-20.2 -14 3.5
-19.6 -13.2 2.5
-20.6 -14.6 3.3
-9.2 -19.4 0.9
-10.8 -13 3.7
-19.6 -13.2 2.9
-9.4 -14.8 1.9
-15.4 -11.6 0.7
-8.8 -16.4 2.7
-14.8 -11.6 4.7
-18.8 -13.2 0.1
-19.4 -13 2.5
-20 -14.6 0.1
-19.4 -13 2.9
-9.6 -15 0.7
-9.4 -14.8 3.5
-19 -22.2 0.7
-8.8 -16.4 2.5
-20.4 -15 4.9
-8.8 -16.4 2.9
-9.2 -15.4 1.5
-9.2 -19.4 4.5
-9 -19.6 2.3
-9.2 -19.6 1.1
-19.8 -13.8 0.9
-14.6 -11.6 0.7
-9 -19.6 3.1
-9.6 -15.6 5.3
-9.2 -19.2 0.7
-19.8 -13.4 2.7
-8.8 -17.2 1.5
-20.8 -16.8 0.1
-9.2 -15.4 3.9
-19.4 -13.2 1.3
-11.4 -12.8 0.7
-19.6 -13.2 2.3
-9.6 -15 4.7
-20 -14.6 5.3
-19.8 -13.4 2.5
-19.6 -13.2 3.1
-19.8 -13.4 2.9
-20.2 -14.6 0.5
-19.4 -13 2.3
-9 -19.4 1.7
-19.4 -13 3.1
-19.6 -13.4 1.3
-8.8 -16.4 2.3
-17.6 -12.4 0.1
-9 -15.6 2.7
-19.8 -14 0.5
-8.8 -16.8 1.7
-11.2 -12.8 1.1
-11.2 -12.8 1.1
-8.8 -16.4 3.1
-11.4 -12.8 4.7
-9 -19.4 3.7
-8.8 -16.6 1.9
-19.2 -22.4 1.9
-11 -12.8 1.7
-11 -12.8 1.7
-9.2 -15.2 1.9
-9 -15.6 2.5
-9 -15.6 2.9
-19.6 -14 0.1
-20 -13.8 1.5
-9.4 -15 1.3
-9.4 -15 1.3
-11.2 -12.8 4.3
-9.2 -15.2 3.5
-19.2 -22.2 1.1
-20.4 -14.8 0.7
-17.8 -12.4 0.3
-11 -12.8 3.7
-11 -12.8 3.7
-10.8 -13.4 0.5
-11.2 -12.6 1.9
-19.8 -13.4 2.3
-19.8 -14 4.9
-20.6 -14.6 1.9
-19.8 -13.4 3.1
-15 -11.8 0.1
-9 -19.6 2.1
-11.2 -12.6 3.5
-9.4 -15 4.1
-20.6 -14.6 3.5
-15.2 -11.8 0.1
-9 -19.6 3.3
-9.4 -15.6 0.5
-9.4 -15.6 0.5
-9.2 -19.8 1.3
-20.4 -14.8 4.7
-19.6 -13.2 2.1
-15 -11.4 1.3
-9.4 -15.4 0.7
-9.4 -15.4 0.7
-20.6 -15.2 0.7
-11 -13.2 0.5
-11 -13.2 0.5
-8.8 -17 1.5
-14.8 -11.8 0.1
-20.2 -14 1.7
-9 -15.6 2.3
-10.6 -13.6 0.5
-9.2 -15.6 1.1
-10.6 -13.2 1.5
-10.6 -13.2 1.5
-19.6 -13.2 3.3
-15.2 -11.4 1.3
-9 -15.6 3.1
-19.4 -13 2.1
-9.2 -19 0.5
-19.4 -13 3.3
-8.8 -16.4 2.1
-14.8 -11.4 1.3
-9.4 -14.8 1.7
-8.8 -19 2.7
-19.8 -13.6 1.3
-10.8 -13.2 0.9
-10.8 -13.2 0.9
-20 -13.6 2.7
-10.6 -13.4 0.9
-9.4 -15.4 4.7
-20.6 -15.2 4.7
-8.8 -16.4 3.3
-20.6 -14.8 1.3
-15.4 -11.8 0.1
-11 -13.2 4.9
-10.8 -13 1.5
-10.8 -13 1.5
-10.6 -13.6 4.9
-9.4 -14.8 3.7
-19.4 -13.4 0.7
-8.8 -19 2.5
-10.4 -13.4 1.5
-8.8 -19 2.9
-17 -23.6 1.5
-20 -13.6 2.5
-19.8 -13.6 4.1
-20 -13.6 2.9
-9 -19.2 1.3
-15.4 -11.4 1.3
-19.8 -13.4 2.1
-20.6 -14.8 4.1
-9.4 -15.8 0.3
-9 -19 1.1
-10.8 -13 3.9
-14.6 -11.8 0.1
-20.2 -14.2 1.1
-19.8 -13.4 3.3
-20.8 -16.6 0.1
-19 -22.4 1.1
-19.4 -13.4 4.7
-9 -19.2 4.1
-15.4 -11.4 4.1
-9.4 -15.2 0.9
-9.4 -15.2 0.9
-11 -13.4 0.1
-10.8 -13.6 0.1
-14.6 -11.4 1.3
-16.4 -23 5.9
-19.4 -13.6 0.3
-9 -15.6 2.1
-20 -14 0.9
-8.8 -19 2.3
-20 -13.6 2.3
-11 -13 0.9
-11 -13 0.9
-19.6 -13.6 0.7
-8.8 -19 3.1
-9 -15.6 3.3
-9 -19.6 1.9
-8.8 -16.6 1.7
-10.4 -13.6 0.9
-20 -13.6 3.1
-11.2 -13 0.5
-11.2 -13 0.5
-19.2 -22.4 1.7
-9.4 -14.6 2.7
-9.2 -15.2 1.7
-10.4 -13.8 0.5
-20.6 -15 0.9
-20.8 -16.6 5.3
-9 -19.6 3.5
-9.2 -15.4 1.3
-19.6 -13.2 1.9
-9 -19.4 1.5
-20 -14 4.5
-9.2 -15 2.7
-9.4 -14.6 2.5
-9.2 -15.2 3.7
-11.2 -12.6 1.7
-9.4 -14.6 2.9
-8.8 -16.8 1.5
-20.6 -14.6 1.7
-19.4 -14.2 5.9
-19.6 -13.2 3.5
-19.4 -13 1.9
-9 -18.8 0.9
-8.8 -17.2 1.3
-9.2 -15 2.5
-9.2 -15.4 4.1
-9 -19.4 3.9
-11.2 -12.6 3.7
-9.2 -15 2.9
-11 -12.8 1.5
-11 -12.8 1.5
-8.8 -16.4 1.9
-19.4 -13 3.5
-20.6 -14.6 3.7
-20.4 -14.6 0.9
-11.2 -13.2 0.1
-11.2 -13.2 0.1
-9.8 -15 0.1
-10.6 -13.8 0.1
-8.8 -16.4 3.5
-19.8 -14.2 0.1
-16.8 -23.8 2.7
-11 -12.8 3.9
-11 -12.8 3.9
-20 -14.2 0.5
-19.4 -13.2 1.1
-9.4 -14.6 2.3
-19.8 -13.4 1.9
-19.6 -13.8 0.3
-16.8 -23.8 2.5
-8.8 -19 2.1
-10.6 -13 2.7
-15 -11.6 0.5
-17.4 -23.6 2.7
-10.4 -13.2 2.7
-16.8 -23.8 2.9
-9.4 -14.6 3.1
-20 -13.6 2.1
-8.8 -19 3.3
-20 -13.8 1.3
-9.2 -15 2.3
-19.8 -13.4 3.5
-15.2 -11.6 0.5
-9.2 -18.8 0.3
-9.2 -19.6 0.9
-9.8 -15 5.3
-20 -13.6 3.3
-9.2 -19.4 0.7
-20.2 -14 1.5
-19.6 -13.4 1.1
-10.6 -13 2.5
-9.2 -15 3.1
-17.4 -23.6 2.5
-10.4 -13.2 2.5
-10.6 -13 2.9
-17.4 -23.6 2.9
-10.4 -13.2 2.9
-20.8 -17.2 5.5
-14.8 -11.6 0.5
-9 -19.8 2.5
-9.6 -15.2 0.3
-20 -14.2 4.9
-16.8 -23.6 1.1
-9 -15.6 1.9
-9.4 -14.8 1.5
-9 -15.6 3.5
-9.4 -15 1.1
-9.4 -15 1.1
-15.2 -11.6 4.9
-19.8 -13.8 0.7
-9.2 -19.4 4.7
-20.2 -13.8 2.7
-8.8 -17 1.3
-16.8 -23.8 2.3
-10.6 -13.2 1.3
-10.6 -13.2 1.3
-9.6 -15.4 0.1
-9.4 -14.8 3.9
-16.8 -23.8 3.1
-15.4 -11.6 0.5
-11.2 -12.8 0.9
-11.2 -12.8 0.9
-14.8 -11.6 4.9
-20.2 -13.8 2.5
-10.6 -13 2.3
-10.6 -13 2.3
-20.2 -13.8 2.9
-10.8 -12.8 2.7
-10.8 -12.8 2.7
-17.4 -23.6 2.3
-10.4 -13.2 2.3
-9.6 -15 0.5
-20.4 -15.2 0.1
-19 -22.2 0.5
-20.2 -14.8 0.1
-9.4 -15 4.3
-10.6 -13 3.1
-17.4 -23.6 3.1
-10.4 -13.2 3.1
-20.4 -15 0.3
-9 -19.8 2.3
-9.2 -19.8 1.1
-9 -19.6 1.7
-15 -11.4 1.1
-15 -11.2 2.7
-9.4 -14.6 2.1
-19.2 -22.2 0.9
-10.8 -12.8 2.5
-10.8 -12.8 2.5
-11.2 -12.8 4.5
-14.6 -11.6 0.5
-10.8 -13 1.3
-10.8 -13 1.3
-10.8 -12.8 2.9
-10.8 -12.8 2.9
-9.2 -19.2 0.5
-10.4 -13.4 1.3
-20.8 -16.4 0.1
-15.2 -11.4 1.1
-9.4 -14.6 3.3
-17 -23.6 1.3
-9 -19.6 3.7
-9.2 -15 2.1
-19.6 -13.2 1.7
-15 -11.2 2.5
-11.4 -12.8 0.5
-15 -11.2 2.9
-8.8 -19.2 2.7
-14.8 -11.4 1.1
-14.8 -11.2 2.7
-11.4 -13 0.1
-19.8 -13.6 1.1
-10.8 -13 4.1
-19.4 -13 1.7
-19.6 -13.2 3.7
-8.8 -16.6 1.5
-20.4 -15 5.1
-20.2 -13.8 2.3
-20.2 -13.8 2.3
-20.6 -14.8 1.1
-19.2 -22.4 1.5
-8.8 -19.2 2.5
-9.2 -15.2 1.5
-8.8 -19 1.9
-8.8 -16.4 1.7
-20.2 -13.8 3.1
-9.2 -15.6 0.9
-14.8 -11.2 2.5
-8.8 -19.2 2.9
-20 -13.6 1.9
-19.4 -13 3.7
-14.8 -11.2 2.9
-9 -15.4 2.7
-8.8 -19 3.5
-19.8 -13.6 4.3
-11.4 -12.8 4.9
-10.8 -12.8 2.3
-10.8 -12.8 2.3
-16.8 -23.8 2.1
-9 -19.2 1.1
-15.4 -11.4 1.1
-11.2 -12.6 1.5
-20 -13.6 3.5
-15.4 -11.2 2.7
-9.2 -15.2 3.9
-20.6 -14.8 4.3
-10.8 -12.8 3.1
-10.8 -12.8 3.1
-20.6 -14.6 1.5
-16.8 -23.8 3.3
-20.2 -14.6 0.3
-9 -15.4 2.5
-15 -11.2 2.3
-9 -15.4 2.9
-10.6 -13 2.1
-10.6 -13 2.1
-20.4 -14.8 0.5
-15.4 -11.2 2.5
-19.8 -13.4 1.7
-17.4 -23.6 2.1
-10.4 -13.2 2.1
-15 -11.2 3.1
-11.2 -12.6 3.9
-15.4 -11.2 2.9
-15.2 -11.2 2.3
-19.8 -14 0.3
-20.6 -14.6 3.9
-9 -19.2 4.3
-15.4 -11.4 4.3
-10.6 -13 3.3
-9 -19.8 2.1
-17.4 -23.6 3.3
-10.4 -13.2 3.3
-14.6 -11.4 1.1
-14.6 -11.2 2.7
-9 -19.4 1.3
-8.8 -19.2 2.3
-20.2 -15.2 5.7
-14.8 -11.2 2.3
-9 -19 0.9
-8.8 -16.8 1.3
-14.8 -11.2 3.1
-20.2 -14.2 0.9
-10.8 -13.2 0.7
-10.8 -13.2 0.7
-14.6 -11.2 2.5
-10.6 -13.4 0.7
-14.6 -11.2 2.9
-9.4 -15.4 0.5
-9.4 -15.4 0.5
-20.6 -15.2 0.5
-20.4 -14.8 4.9
-9 -15.6 1.7
-19 -22.4 0.9
-9 -19.4 4.1
-11 -12.8 1.3
-11 -12.8 1.3
-10.8 -13.4 0.3
-9 -15.4 2.3
-19.8 -14 5.1
-9.2 -15.4 1.1
-20.2 -13.8 2.1
-20.2 -13.8 2.1
-9.4 -14.6 1.9
-15.4 -11.2 2.3
-9 -15.6 3.7
-9 -15.4 3.1
-8.8 -16 2.5
-20.2 -13.8 3.3
-15.4 -11.2 3.1
-11 -12.8 4.1
-20 -14.6 5.5
-9.4 -15.6 0.3
-9.4 -15.6 0.3
-9.4 -14.6 3.5
-8.8 -17.2 1.1
-9.2 -15 1.9
-10.8 -12.8 2.1
-10.8 -12.8 2.1
-9.4 -15.4 4.9
-20.6 -15.2 4.9
-11 -13.2 0.3
-11 -13.2 0.3
-17.8 -12.4 0.1
-9.2 -15.4 4.3
-10.6 -13.6 0.3
-19.4 -13.4 0.5
-9.4 -15.2 0.7
-9.4 -15.2 0.7
-10.8 -12.8 3.3
-14.6 -11.2 2.3
-9.2 -19 0.3
-15 -11.2 2.1
-14.6 -11.2 3.1
-20.2 -14 1.3
-20 -14 0.7
-15 -11.2 3.3
-15.2 -11.2 2.1
-11 -13 0.7
-11 -13 0.7
-10.4 -13.6 0.7
-16.8 -23.8 1.9
-8.8 -19.2 2.1
-8.8 -16 2.3
-14.8 -11.2 2.1
-11 -13.2 5.1
-9.4 -14.8 1.3
-19.4 -13.4 4.9
-20.6 -15 0.7
-10.6 -13.6 5.1
-9 -19.6 1.5
-14.8 -11.2 3.3
-16.8 -23.8 3.5
-20 -13.8 1.1
-10.6 -13 1.9
-10.6 -13 1.9
-17.4 -23.6 1.9
-10.4 -13.2 1.9
-20 -14 4.7
-8.8 -19 1.7
-20 -13.6 1.7
-9 -19.8 1.9
-9 -18.8 0.7
-9 -15.4 2.1
-9.4 -14.8 4.1
-19.6 -13.6 0.5
-10.6 -13 3.5
-19.6 -13.2 1.5
-9 -19.6 3.9
-17.4 -23.6 3.5
-10.4 -13.2 3.5
-19.4 -13.2 0.9
-15.4 -11.2 2.1
-8.8 -19 3.7
-9 -15.4 3.3
-20 -13.6 3.7
-15.4 -11.2 3.3
-19.4 -13 1.5
-20.4 -14.6 0.7
-19.6 -13.2 3.9
-17 -23.8 2.7
-8.8 -17 1.1
-19.6 -13.4 0.9
-8.8 -16.4 1.5
-8.6 -17 2.7
-9.4 -15.8 0.1
-10.6 -13.2 1.1
-10.6 -13.2 1.1
-20.4 -14.2 1.5
-19.4 -13 3.9
-14.6 -11.2 2.1
-20.2 -13.8 1.9
-20.2 -13.8 1.9
-17 -23.8 2.5
-16.8 -23.6 0.9
-11.2 -13 0.3
-11.2 -13 0.3
-17 -23.8 2.9
-8.6 -17 2.5
-8.6 -17 2.9
-10.4 -13.8 0.3
-8.8 -16.6 1.3
-9.4 -15 0.9
-9.4 -15 0.9
-10.8 -12.8 1.9
-10.8 -12.8 1.9
-19.4 -13.6 0.1
-9.2 -19.6 0.7
-19.2 -22.4 1.3
-19.8 -13.4 1.5
-8.8 -16 2.1
-9.2 -15.2 1.3
-10.8 -13 1.1
-10.8 -13 1.1
-10.4 -13.4 1.1
-17 -23.6 1.1
-10.8 -12.8 3.5
-15 -11.2 1.9
-9.4 -14.6 1.7
-11.2 -12.6 1.3
-15.2 -11.2 1.9
-20.6 -14.6 1.3
-15 -11.2 3.5
-9.2 -15.2 4.1
-9.4 -15 4.5
-8.6 -17.2 2.1
-9.2 -15 1.7
-10.8 -13 4.3
-9.2 -19.8 0.9
-17 -23.8 2.3
-9.4 -14.6 3.7
-15 -11.4 0.9
-8.8 -19.2 1.9
-8.6 -17 2.3
-9 -15.6 1.5
-14.8 -11.2 1.9
-17 -23.8 3.1
-9.2 -19.4 0.5
-11.2 -12.6 4.1
-8.6 -17 3.1
-15.2 -11.4 0.9
-11.2 -12.8 0.7
-11.2 -12.8 0.7
-20.6 -14.6 4.1
-20 -14.2 0.3
-14.8 -11.2 3.5
-8.8 -19.4 2.7
-9 -15.6 3.9
-15 -11.6 0.3
-14.8 -11.4 0.9
-19.8 -13.6 0.9
-9 -15.4 1.9
-15.4 -11.2 1.9
-20.6 -14.8 0.9
-8.8 -19.4 2.5
-15.2 -11.6 0.3
-16.8 -23.8 1.7
-19.8 -13.8 0.5
-19.2 -22.2 0.7
-11.2 -12.4 2.7
-8.8 -19.4 2.9
-9.2 -19.4 4.9
-11.2 -12.8 4.7
-15.4 -11.2 3.5
-14.8 -11.6 0.3
-16.8 -23.8 3.7
-9 -19.4 1.1
-10.6 -13 1.7
-10.6 -13 1.7
-11.2 -12.4 2.5
-20 -14.2 5.1
-17.4 -23.6 1.7
-10.4 -13.2 1.7
-10.4 -13.2 1.7
-17.6 -23.6 2.7
-9 -19.2 0.9
-19.8 -13.6 4.5
-15.4 -11.4 0.9
-11.2 -12.4 2.9
-19.6 -13.8 0.1
-8.8 -16.8 1.1
-9 -19.8 1.7
-8.6 -16.8 2.7
-20.6 -14.8 4.5
-14.6 -11.2 1.9
-10.6 -13 3.7
-10.4 -13.2 3.7
-9.2 -18.8 0.1
-17.6 -23.6 2.5
-15.2 -11.6 5.1
-11 -12.8 1.1
-11 -12.8 1.1
-17.6 -23.6 2.9
-9.2 -15.6 0.7
-9 -19.4 4.3
-8.6 -16.8 2.5
-15.4 -11.6 0.3
-19.6 -13 2.7
-17 -23.8 2.1
-9 -19.2 4.5
-15.4 -11.4 4.5
-14.6 -11.4 0.9
-9.6 -15.2 0.1
-8.8 -19.4 2.3
-14.8 -11.6 5.1
-8.6 -17 2.1
-8.8 -16 1.9
-8.8 -19 1.5
-8.8 -19.4 3.1
-9.6 -15 0.3
-17 -23.8 3.3
-19 -22.2 0.3
-20 -13.6 1.5
-8.8 -18.8 1.3
-8.6 -17 3.3
-19.6 -13 2.5
-11 -12.8 4.3
-20.2 -13.8 1.7
-20.2 -13.8 1.7
-19.6 -13 2.9
-11.2 -12.4 2.3
-19.8 -13.2 2.7
-9.8 -15 5.5
-14.6 -11.6 0.3
-8.8 -19 3.9
-11.2 -12.4 3.1
-9.2 -14.8 2.3
-9.2 -19.2 0.3
-20 -13.6 3.9
-8.6 -17.2 1.9
-9 -19.6 1.3
-9.2 -15.4 0.9
-19.8 -13.2 2.5
-10.8 -12.8 1.7
-10.8 -12.8 1.7
-17.6 -23.6 2.3
-11.4 -12.8 0.3
-19.8 -13.2 2.9
-20.2 -14 1.1
-17.6 -23.6 3.1
-9 -19 0.7
-8.6 -16.8 2.3
-19.4 -12.8 2.7
-20.2 -14.2 0.7
-15 -11.2 1.7
-20.4 -15 0.1
-8.8 -17.2 0.9
-19.6 -13.2 1.3
-10.8 -12.8 3.7
-19 -22.4 0.7
-15.2 -11.2 1.7
-19.4 -12.8 2.5
-9.4 -14.8 1.1
-9.2 -15.4 4.5
-19.4 -13 1.3
-19.6 -13 2.3
-19.4 -12.8 2.9
-19.6 -13 3.1
-20.8 -17.2 5.7
-8.8 -19.2 1.7
-19.6 -13.2 4.1
-14.8 -11.2 1.7
-8.8 -16.4 1.3
-11.4 -12.8 5.1
-20.4 -14.2 1.3
-10.8 -13.2 0.5
-10.8 -13.2 0.5
-19.4 -13 4.1
-19.8 -13.2 2.3
-8.8 -19.4 2.1
-10.6 -13.4 0.5
-9.4 -14.8 4.3
-9.4 -14.6 1.5
-14.8 -11.2 3.7
-20.4 -15 5.3
-20.4 -14.8 0.3
-9 -15.4 1.7
-9.2 -15 1.5
-20 -13.8 0.9
-15.4 -11.2 1.7
-11.2 -12.4 2.1
-9.4 -14.6 3.9
-19.8 -13.4 1.3
-9.2 -14.8 2.1
-20 -13.4 2.7
-19.4 -12.8 2.3
-11.2 -12.4 3.3
-19.4 -12.8 3.1
-17 -23.8 1.9
-20.2 -14.6 0.1
-15.4 -11.2 3.7
-17.6 -23.6 2.1
-8.6 -17 1.9
-9.4 -15.4 0.3
-9.4 -15.4 0.3
-20.6 -15.2 0.3
-20.4 -14 1.9
-20 -13.4 2.5
-20.4 -14.8 5.1
-8.6 -16.8 2.1
-20 -13.4 2.9
-17.6 -23.6 3.3
-17 -23.8 3.5
-9.4 -15.2 0.5
-9.4 -15.2 0.5
-14.6 -11.2 1.7
-19.8 -14 0.1
-8.6 -17 3.5
-8.8 -16.6 1.1
-8.6 -16.6 2.7
-16.8 -23.8 1.5
-19.2 -22.4 1.1
-9 -15.6 1.3
-8.8 -17 0.9
-9.2 -15.2 1.1
-20 -14 0.5
-10.6 -13.2 0.9
-10.6 -13.2 0.9
-19.6 -13 2.1
-11 -13 0.5
-11 -13 0.5
-8.6 -16.6 2.5
-10.6 -13 1.5
-10.6 -13 1.5
-19.4 -13.2 0.7
-10.4 -13.6 0.5
-19.6 -13 3.3
-17.4 -23.6 1.5
-8.8 -16 1.7
-10.4 -13.2 1.5
-10.4 -13.2 1.5
-8.6 -16.6 2.9
-16.8 -23.8 3.9
-11.2 -12.6 1.1
-10.8 -13.4 0.1
-9.4 -15.4 5.1
-20.6 -15.2 5.1
-9 -15.6 4.1
-20.6 -14.6 1.1
-19.4 -13.4 0.3
-20.6 -15 0.5
-9 -19.8 1.5
-9.2 -15.2 4.3
-19.8 -13.2 2.1
-10.6 -13 3.9
-20 -13.4 2.3
-10.4 -13.2 3.9
-19.6 -13.4 0.7
-10.8 -13 0.9
-10.8 -13 0.9
-20 -14 4.9
-10.4 -13.4 0.9
-20 -13.4 3.1
-8.6 -17.2 1.7
-17 -23.6 0.9
-11.2 -12.6 4.3
-9 -18.8 0.5
-9.4 -15.6 0.1
-9.4 -15.6 0.1
-20.6 -14.2 2.7
-20.6 -14.6 4.3
-16.8 -23.6 0.7
-11 -13.2 0.1
-11 -13.2 0.1
-19.4 -12.8 2.1
-10.6 -13.6 0.1
-20.4 -14.6 0.5
-19.4 -13.4 5.1
-17.2 -23.8 2.7
-20.6 -14.2 2.5
-20.2 -13.8 1.5
-20.2 -13.8 1.5
-9.2 -19 0.1
-8.8 -19.4 1.9
-19.4 -12.8 3.3
-8.6 -16.6 2.3
-20.6 -14.2 2.9
-10.8 -13 4.5
-9.4 -15 0.7
-9.4 -15 0.7
-8.6 -16.6 3.1
-17.2 -23.8 2.5
-19.6 -13.6 0.3
-17.2 -23.8 2.9
-11.2 -12.4 1.9
-10.8 -12.8 1.5
-10.8 -12.8 1.5
-8.8 -19 1.3
-9.2 -14.8 1.9
-20 -13.6 1.3
-11 -13.2 5.3
-11.2 -12.4 3.5
-15 -11.2 1.5
-9.4 -15 4.7
-9.2 -19.8 0.7
-17.6 -23.6 1.9
-10.8 -12.8 3.9
-15 -11.4 0.7
-9.2 -19.6 0.5
-15.2 -11.2 1.5
-17.2 -23.6 1.1
-8.6 -16.8 1.9
-8.8 -19 4.1
-20.2 -15.2 5.9
-17.6 -23.6 3.5
-15.2 -11.4 0.7
-20.6 -14.2 2.3
-20 -13.6 4.1
-8.8 -19.6 2.7
-9 -19.4 0.9
-8.8 -19.2 1.5
-20.6 -14.2 3.1
-20 -13.4 2.1
-14.8 -11.2 1.5
-8.8 -18.8 1.1
-14.8 -11.4 0.7
-19.6 -13 1.9
-8.8 -16.8 0.9
-8.6 -18.8 2.7
-19.8 -13.6 0.7
-17.2 -23.8 2.3
-20.2 -13.6 2.7
-20.2 -13.6 2.7
-20 -13.4 3.3
-17 -23.8 1.7
-8.8 -19.6 2.5
-17.2 -23.8 3.1
-8.6 -17 1.7
-8.8 -19.6 2.9
-20.6 -14.8 0.7
-20.4 -14 1.7
-14.8 -11.2 3.9
-11 -12.8 0.9
-11 -12.8 0.9
-8.6 -18.8 2.5
-20.2 -13.6 2.5
-20.2 -13.6 2.5
-9 -15.4 1.5
-9 -19.4 4.5
-11.2 -12.8 0.5
-11.2 -12.8 0.5
-8.6 -18.8 2.9
-20.2 -13.6 2.9
-20.2 -13.6 2.9
-9 -19.6 1.1
-19.8 -13.2 1.9
-8.6 -16.6 2.1
-8.6 -17 3.7
-15.4 -11.2 1.5
-11.2 -13 0.1
-11.2 -13 0.1
-9 -19.2 0.7
-15.4 -11.4 0.7
-8.6 -16.6 3.3
-19.8 -13.6 4.7
-10.4 -13.8 0.1
-8.8 -16.2 1.3
-19.6 -13.2 1.1
-20.6 -14.8 4.7
-11 -12.8 4.5
-9.4 -14.6 1.3
-15.4 -11.2 3.9
-19.2 -22.2 0.5
-19.4 -12.8 1.9
-9.2 -19.4 0.3
-19.4 -13 1.1
-14.6 -11.2 1.5
-11.2 -12.8 4.9
-9.2 -15 1.3
-8.8 -19.6 2.3
-14.6 -11.4 0.7
-19.4 -12.8 3.5
-10.4 -13 2.7
-10.4 -13 2.7
-9 -19.2 4.7
-15.4 -11.4 4.7
-8.8 -19.6 3.1
-9.4 -14.6 4.1
-20.2 -14 0.9
-8.8 -16.4 1.1
-19.6 -13.2 4.3
-8.6 -16.4 2.7
-8.6 -18.8 2.3
-20.2 -13.6 2.3
-20.2 -13.6 2.3
-20.4 -14.2 1.1
-20.6 -14.2 2.1
-8.6 -18.8 3.1
-20.2 -13.6 3.1
-20.2 -13.6 3.1
-10.4 -13 2.5
-10.4 -13 2.5
-19.4 -13 4.3
-8.8 -16 1.5
-19.8 -13.8 0.3
-10.4 -13 2.9
-10.4 -13 2.9
-20.6 -14.2 3.3
-8.6 -16.4 2.5
-9.2 -15.6 0.5
-9.4 -14.8 0.9
-8.6 -16.4 2.9
-9.2 -19.4 5.1
-17.2 -23.8 2.1
-8.8 -19.4 1.7
-9.2 -15.4 0.7
-20 -14.2 0.1
-16.8 -23.8 1.3
-17.2 -23.8 3.3
-19.8 -13.4 1.1
-10.2 -13.2 2.7
-15 -11.6 0.1
-8.6 -17.2 1.5
-8.8 -17.2 0.7
-11.2 -12.4 1.7
-10.6 -13 1.3
-10.6 -13 1.3
-10.2 -13.2 2.5
-20 -13.4 1.9
-17.4 -23.6 1.3
-15.2 -11.6 0.1
-10.4 -13.2 1.3
-10.4 -13.2 1.3
-9.4 -14.8 4.5
-10.2 -13.2 2.9
-9.2 -14.8 1.7
-16.8 -23.8 4.1
-9 -19.8 1.3
-9.2 -15.4 4.7
-11.2 -12.4 3.7
-20 -13.4 3.5
-17.6 -23.6 1.7
-10.4 -13 2.3
-10.4 -13 2.3
-14.8 -11.6 0.1
-9 -15.6 1.1
-10.4 -13 3.1
-8.6 -16.4 2.3
-10.6 -13 4.1
-8.6 -16.8 1.7
-20 -14.2 5.3
-10.4 -13.2 4.1
-9 -19 0.5
-8.6 -16.4 3.1
-8.8 -19.6 2.1
-8.6 -16.6 1.9
-20.2 -14.2 0.5
-17.6 -23.6 3.7
-8.8 -19.6 3.3
-19 -22.4 0.5
-8.6 -18.8 2.1
-20.2 -13.6 2.1
-20.2 -13.6 2.1
-19.6 -13 1.7
-15.2 -11.6 5.3
-8.6 -16.6 3.5
-15.4 -11.6 0.1
-20.2 -13.8 1.3
-20.2 -13.8 1.3
-8.8 -16.6 0.9
-20 -13.8 0.7
-8.6 -18.8 3.3
-10.2 -13.2 2.3
-20.2 -13.6 3.3
-20.2 -13.6 3.3
-19.2 -22.4 0.9
-9.2 -15.2 0.9
-10.2 -13.2 3.1
-9.6 -15 0.1
-13.4 -24 2.7
-19 -22.2 0.1
-19.8 -13.2 1.7
-17.8 -23.6 2.5
-10.8 -12.8 1.3
-10.8 -12.8 1.3
-11.2 -12.6 0.9
-13.4 -24 2.5
-14.6 -11.6 0.1
-20.6 -14.6 0.9
-13.4 -24 2.9
-20.6 -14.2 1.9
-9.2 -19.2 0.1
-15 -11.2 1.3
-17 -23.8 1.5
-10.8 -12.6 2.7
-9.2 -15.2 4.5
-8.6 -17 1.5
-9.2 -14.6 2.7
-11.4 -12.8 0.1
-20.4 -14 1.5
-8.8 -17 0.7
-10.8 -12.8 4.1
-19.4 -12.8 1.7
-15.2 -11.2 1.3
-20.6 -14.2 3.5
-10.6 -13.2 0.7
-10.6 -13.2 0.7
-17.2 -23.8 1.9
-10.8 -12.6 2.5
-10.4 -13 2.1
-10.4 -13 2.1
-10.8 -13.2 0.3
-10.8 -13.2 0.3
-11.2 -12.6 4.5
-10.6 -13.4 0.3
-9.2 -14.6 2.5
-10.8 -12.6 2.9
-8.8 -19.2 1.3
-8.6 -17 3.9
-19.4 -12.8 3.7
-14.8 -11.2 1.3
-20.6 -14.6 4.5
-9.2 -14.6 2.9
-8.6 -16.4 2.1
-8.8 -19 1.1
-17.2 -23.8 3.5
-8.6 -19 2.7
-10.4 -13 3.3
-20 -13.6 1.1
-8.6 -16.4 3.3
-17.8 -23.6 2.3
-9 -15.2 1.7
-8.6 -19 2.5
-13.4 -24 2.3
-10.8 -13 0.7
-10.8 -13 0.7
-8.6 -19 2.9
-11.4 -12.8 5.3
-10.4 -13.4 0.7
-9 -15.4 1.3
-8.8 -19 4.3
-17 -23.6 0.7
-10.6 -12.8 2.1
-9 -15 2.7
-20 -13.6 4.3
-15.4 -11.2 1.3
-10.2 -13.2 2.1
-20.4 -13.8 2.5
-19.4 -13.2 0.5
-20.4 -14.8 0.1
-10.2 -13.2 3.3
-9.4 -15.2 0.3
-9.4 -15.2 0.3
-8.8 -19.6 1.9
-10.8 -12.6 2.3
-9 -15 2.5
-9.2 -14.6 2.3
-9 -15 2.9
-20 -13.4 1.7
-10.8 -12.6 3.1
-15.4 -11.2 4.1
-10.8 -13 4.7
-9.2 -14.6 3.1
-8.6 -18.8 1.9
-19.6 -13.4 0.5
-8.8 -19.6 3.5
-17.2 -23.6 0.9
-20.2 -13.6 1.9
-20.2 -13.6 1.9
-20 -14 0.3
-14.6 -11.2 1.3
-11 -13 0.3
-11 -13 0.3
-8.8 -19.4 1.5
-20 -13.4 3.7
-16.8 -23.6 0.5
-8.6 -18.8 3.5
-10.4 -13.6 0.3
-20.2 -13.6 3.5
-20.2 -13.6 3.5
-8.6 -19 2.3
-9.4 -15.4 0.1
-9.4 -15.4 0.1
-20.6 -15.2 0.1
-20.4 -15 5.5
-8.8 -18.8 0.9
-8.6 -19 3.1
-20.6 -15 0.3
-20.4 -14.8 5.3
-8.8 -16.2 1.1
-8.6 -16.6 1.7
-20.4 -13.8 2.3
-20.4 -13.8 2.3
-11.2 -12.4 1.5
-9.4 -14.6 1.1
-9.4 -15 0.5
-9.4 -15 0.5
-8.8 -16 1.3
-9.2 -14.8 1.5
-8.6 -16.6 3.7
-20 -14 5.1
-17.8 -23.6 2.1
-9 -15 2.3
-9.2 -15 1.1
-9 -18.8 0.3
-9 -19.6 0.9
-17.6 -23.6 1.5
-11 -12.6 1.3
-11.2 -12.4 3.9
-9 -19.4 0.7
-9 -15 3.1
-13.4 -24 2.1
-8.6 -16.8 1.5
-9.4 -14.6 4.3
-17.4 -23.8 2.7
-8.8 -16.8 0.7
-19.4 -13.4 0.1
-9.4 -15.4 5.3
-20.6 -15.2 5.3
-8.6 -17.2 1.3
-20.4 -14.6 0.3
-10.4 -13 1.9
-10.4 -13 1.9
-19.6 -13.2 0.9
-9.2 -19.8 0.5
-9.4 -15 4.9
-15 -11.4 0.5
-8.6 -16.4 1.9
-11 -12.8 0.7
-11 -12.8 0.7
-20.8 -17.2 5.9
-17.4 -23.8 2.5
-16.8 -24 2.7
-19.6 -13 1.5
-10.4 -13 3.5
-20.6 -14.2 1.7
-17.4 -23.8 2.9
-19.4 -13 0.9
-10.8 -12.6 2.1
-15.2 -11.4 0.5
-8.8 -19.8 2.7
-9.2 -14.6 2.1
-9 -19.4 4.7
-8.6 -16.4 3.5
-16.8 -23.8 1.1
-10.8 -12.6 3.3
-8.8 -16.4 0.9
-16.8 -24 2.5
-9.2 -14.6 3.3
-17.2 -23.8 1.7
-20.6 -14.2 3.7
-19.6 -13.2 4.5
-14.8 -11.4 0.5
-16.8 -24 2.9
-20.4 -14.2 0.9
-19.8 -13.6 0.5
-8.8 -19.8 2.5
-8.6 -16.2 2.3
-10.6 -12.8 1.9
-19.8 -13.2 1.5
-8.8 -19.8 2.9
-11 -12.4 2.7
-10.2 -13.2 1.9
-19.4 -13.4 5.3
-8.8 -15.6 1.9
-10.6 -13 1.1
-10.6 -13 1.1
-20.6 -14.8 0.5
-17.4 -23.6 1.1
-10.4 -13.2 1.1
-10.4 -13.2 1.1
-9.2 -19.6 0.3
-11 -12.8 4.7
-8.6 -19 2.1
-19.4 -13 4.5
-17.2 -23.8 3.7
-16.8 -23.8 4.3
-9 -19.8 1.1
-10.2 -13.2 3.5
-8.6 -19 3.3
-11 -12.4 2.5
-20.4 -13.8 2.1
-20.4 -13.8 2.1
-19.6 -13.6 0.1
-11 -12.4 2.9
-19.8 -13.4 0.9
-19.4 -12.8 1.5
-20.2 -14 0.7
-9 -19.2 0.5
-15.4 -11.4 0.5
-17.4 -23.8 2.3
-10.6 -13 4.3
-10.4 -13.2 4.3
-9 -15 2.1
-19.8 -13.6 4.9
-17.4 -23.8 3.1
-20.6 -14.8 4.9
-9 -15 3.3
-16.8 -24 2.3
-19.4 -12.8 3.9
-9.4 -14.8 0.7
-8.8 -19.8 2.3
-8.8 -19.6 1.7
-16.8 -24 3.1
-17 -23.8 1.3
-11.2 -12.8 0.3
-11.2 -12.8 0.3
-20.2 -13.8 1.1
-20.2 -13.8 1.1
-8.8 -19.8 3.1
-8.6 -17 1.3
-14.6 -11.4 0.5
-9 -15.2 1.5
-20.4 -14 1.3
-9 -15.6 0.9
-9 -19.2 4.9
-8.6 -18.8 1.7
-20.2 -13.6 1.7
-20.2 -13.6 1.7
-8.8 -19.6 3.7
-17.8 -23.6 1.9
-11 -12.4 2.3
-11 -13.2 5.5
-10.8 -12.8 1.1
-10.8 -12.8 1.1
-11 -12.4 3.1
-13.4 -24 1.9
-8.6 -18.8 3.7
-19.2 -22.2 0.3
-8.6 -17 4.1
-20.2 -13.6 3.7
-20.2 -13.6 3.7
-9.4 -14.8 4.7
-8.6 -16.2 2.1
-15 -11.2 1.1
-9.2 -15.4 0.5
-11.2 -12.8 5.1
-20 -13.4 1.5
-15.2 -11.2 1.1
-10.8 -12.8 4.3
-10.8 -12.6 1.9
-9.2 -14.6 1.9
-8.8 -17.2 0.5
-13.2 -24 2.7
-8.8 -19.2 1.1
-20 -13.4 3.9
-14.8 -11.2 1.1
-17.4 -23.8 2.1
-10.8 -12.6 3.5
-9.2 -19.4 0.1
-9.2 -15.6 0.3
-9.2 -14.6 3.5
-8.6 -16.6 1.5
-10.4 -13 1.7
-10.4 -13 1.7
-17.4 -23.8 3.3
-13.2 -24 2.5
-8.8 -16.6 0.7
-13.2 -24 2.9
-8.6 -19 1.9
-19.2 -22.4 0.7
-8.6 -16.4 1.7
-16.8 -24 2.1
-9.2 -15.2 0.7
-8.8 -19.8 2.1
-9 -15.4 1.1
-10.4 -13 3.7
-20.4 -13.8 1.9
-20.4 -13.8 1.9
-16.8 -24 3.3
-8.8 -19.4 1.3
-8.6 -16.6 3.9
-8.6 -19 3.5
-15.4 -11.2 1.1
-8.6 -16.4 3.7
-8.8 -19.8 3.3
-19.8 -13.8 0.1
-8.8 -19 0.9
-11.2 -12.6 0.7
-20 -13.6 0.9
-20.6 -14.6 0.7
-9 -15 1.9
-11 -12.4 2.1
-10.6 -12.8 1.7
-9.2 -19.4 5.3
-10.2 -13.2 1.7
-11.2 -12.4 1.3
-20 -13.8 0.5
-8.8 -15.6 1.7
-9.2 -15.2 4.7
-11 -12.4 3.3
-9.2 -14.8 1.3
-9 -15 3.5
-20.6 -14 2.7
-20.6 -14.2 1.5
-9 -19 0.3
-14.6 -11.2 1.1
-10.2 -13.2 3.7
-13.2 -24 2.3
-20.2 -14.2 0.3
-17.6 -23.6 1.3
-8.8 -19 4.5
-15.4 -11 2.7
-8.6 -19.2 2.3
-11.2 -12.6 4.7
-20 -13.6 4.5
-11.2 -12.4 4.1
-13.2 -24 3.1
-20.6 -14 2.5
-8.6 -16.8 1.3
-20.6 -14.6 4.7
-19 -22.4 0.3
-17.2 -23.8 1.5
-20.6 -14 2.9
-20.6 -14.2 3.9
-15.4 -11 2.5
-15.4 -11 2.9
-8.8 -16 1.1
-8.6 -16 2.7
-8.8 -17 0.5
-19.6 -13 1.3
-10.6 -13.2 0.5
-10.6 -13.2 0.5
-17.2 -23.8 3.9
-8.6 -16.2 1.9
-11 -12.6 1.1
-14.8 -11 2.3
-8.6 -16 2.5
-8.6 -16 2.9
-8.6 -17.2 1.1
-17.8 -23.6 1.7
-8.8 -16.2 0.9
-19.8 -13.2 1.3
-20 -13.2 2.7
-9.4 -14.6 0.9
-13.4 -24 1.7
-17.4 -23.8 1.9
-20.6 -14 2.3
-10.8 -13 0.5
-10.8 -13 0.5
-17.2 -23.6 0.7
-8.8 -19.6 1.5
-20.6 -14 3.1
-10.4 -13.4 0.5
-17 -23.6 0.5
-9.2 -15 0.9
-15.4 -11 2.3
-11.2 -12.2 2.7
-20 -13.2 2.5
-17.4 -23.8 3.5
-20 -13.2 2.9
-16.8 -24 1.9
-15.4 -11 3.1
-19.4 -12.8 1.3
-8.6 -18.8 1.5
-20.2 -13.6 1.5
-20.2 -13.6 1.5
-8.8 -19.8 1.9
-8.8 -18.8 0.7
-10.8 -12.6 1.7
-9.4 -14.6 4.5
-8.8 -19.6 3.9
-15.2 -11.6 5.5
-13.2 -24 2.1
-11.2 -12.2 2.5
-9.2 -14.6 1.7
-8.4 -17.2 2.7
-16.8 -24 3.5
-8.6 -19.2 2.1
-11.2 -12.2 2.9
-8.6 -16 2.3
-8.8 -19.8 3.5
-13.2 -24 3.3
-8.6 -18.8 3.9
-10.8 -13 4.9
-8.6 -16 3.1
-20.2 -13.6 3.9
-20.2 -13.6 3.9
-10.8 -12.6 3.7
-11 -12.4 1.9
-9.2 -14.6 3.7
-8.4 -17.2 2.5
-9 -19.6 0.7
-10.8 -13.2 0.1
-10.8 -13.2 0.1
-10.6 -13.4 0.1
-16.8 -23.8 0.9
-9 -15.2 1.3
-8.6 -19 1.7
-19.4 -13.2 0.3
-15.2 -11 2.1
-11 -12.4 3.5
-18 -23.6 2.7
-20.4 -13.8 1.7
-20.4 -13.8 1.7
-20 -13.2 2.3
-19.6 -13.2 0.7
-8.6 -19 3.7
-14.8 -11 2.1
-10.6 -13 0.9
-10.6 -13 0.9
-17.4 -23.6 0.9
-10.4 -13.2 0.9
-10.4 -13.2 0.9
-17 -24 2.7
-20 -13.2 3.1
-19.6 -13.4 0.3
-9 -15 1.7
-18 -23.6 2.5
-9 -19.8 0.9
-19.4 -13 0.7
-11.2 -12.2 2.3
-16.8 -23.8 4.5
-10.4 -13 1.5
-10.4 -13 1.5
-17 -23.8 1.1
-18 -23.6 2.9
-8.6 -17 1.1
-20 -13.4 1.3
-17 -24 2.5
-11.2 -12.2 3.1
-9 -19.4 0.5
-8.6 -16.4 1.5
-16.8 -23.6 0.3
-20.4 -14 1.1
-20.6 -14 2.1
-17 -24 2.9
-8.8 -16.4 0.7
-9 -15 3.7
-8.8 -16.8 0.5
-8.4 -17.2 2.3
-20.4 -14.2 0.7
-10.6 -13 4.5
-9.4 -15.2 0.1
-9.4 -15.2 0.1
-20.6 -14 3.3
-15.4 -11 2.1
-10.4 -13.2 4.5
-10.4 -13 3.9
-9.4 -15 0.3
-9.4 -15 0.3
-8.6 -16.4 3.9
-20 -13.4 4.1
-15.4 -11 3.3
-11 -12.8 0.5
-11 -12.8 0.5
-19.4 -13 4.7
-20 -14 0.1
-10.6 -12.8 1.5
-10.6 -12.8 1.5
-8.6 -16.6 1.3
-11.4 -12.8 5.5
-20.2 -13.8 0.9
-20.2 -13.8 0.9
-10.2 -13.2 1.5
-11 -13 0.1
-11 -13 0.1
-8.8 -15.6 1.5
-20.8 -21 2.7
-8.6 -16 2.1
-9 -19.4 4.9
-8.4 -17 2.7
-10.4 -13.6 0.1
-19.8 -13.4 0.7
-20.2 -13.4 2.7
-20.2 -13.4 2.7
-9 -14.8 2.7
-14.6 -11 2.1
-8.6 -16.2 1.7
-18 -23.6 2.3
-8.6 -16 3.3
-20.6 -15 0.1
-18 -23.6 3.1
-20.8 -21 2.5
-10.2 -13.2 3.9
-9.2 -19.8 0.3
-10.8 -12.8 0.9
-10.8 -12.8 0.9
-17 -24 2.3
-8.6 -16.6 4.1
-8.4 -17 2.5
-20.8 -21 2.9
-15 -11.4 0.3
-20.2 -13.4 2.5
-20.2 -13.4 2.5
-8.4 -17 2.9
-9 -14.8 2.5
-17 -24 3.1
-20.2 -13.4 2.9
-20.2 -13.4 2.9
-11 -12.8 4.9
-9 -14.8 2.9
-13.2 -24 1.9
-20 -13.2 2.1
-15.2 -11.4 0.3
-15 -11.2 0.9
-9 -18.8 0.1
-8.6 -19.2 1.9
-20 -14 5.3
-9 -15.6 0.7
-17.4 -23.8 1.7
-17.6 -23.8 2.7
-20 -13.2 3.3
-20.2 -14 0.5
-15.2 -11.2 0.9
-13.2 -24 3.5
-20.6 -14.2 1.3
-14.8 -11.4 0.3
-10.8 -12.8 4.5
-11.2 -12.2 2.1
-19.8 -13.6 0.3
-20.4 -14.6 0.1
-8.8 -19.4 1.1
-20.4 -14.8 5.5
-8.6 -19.4 2.7
-8.8 -19.2 0.9
-15.2 -11 1.9
-17.4 -23.8 3.7
-16.8 -24 1.7
-20.6 -14.8 0.3
-17.6 -23.8 2.5
-14.8 -11.2 0.9
-11.2 -12.2 3.3
-17.6 -23.8 2.9
-8.8 -19.8 1.7
-17.2 -23.8 1.3
-9.4 -14.8 0.5
-8.4 -17.2 2.1
-17.8 -23.6 1.5
-20.6 -14.2 4.1
-20.8 -21 2.3
-8.6 -19.4 2.5
-11.2 -12.4 1.1
-14.8 -11 1.9
-8.4 -17 2.3
-8.6 -19.4 2.9
-16.8 -24 3.7
-20.2 -13.4 2.3
-20.2 -13.4 2.3
-13.4 -24 1.5
-9 -14.8 2.3
-9.2 -14.8 1.1
-8.4 -17 3.1
-9 -19.2 0.3
-8.8 -19.8 3.7
-15.4 -11.4 0.3
-20.2 -13.4 3.1
-20.2 -13.4 3.1
-13.8 -24.2 2.7
-11 -12.4 1.7
-9 -14.8 3.1
-9 -15.4 0.9
-20.4 -15 5.7
-17.2 -23.8 4.1
-17.6 -23.6 1.1
-9.4 -15.4 5.5
-20.6 -15.2 5.5
-15.4 -11.2 0.9
-20.6 -14 1.9
-9.2 -19.6 0.1
-11.2 -12.4 4.3
-8.6 -16.8 1.1
-13.8 -24.2 2.5
-18 -23.6 2.1
-11 -12.4 3.7
-13 -24 2.7
-9.4 -14.8 4.9
-10.8 -12.6 1.5
-13.8 -24.2 2.9
-15.4 -11 1.9
-9.2 -14.6 1.5
-20.6 -14 3.5
-17 -24 2.1
-18 -23.6 3.3
-14.6 -11.4 0.3
-17.6 -23.8 2.3
-13 -24 2.5
-15.4 -11 3.5
-17.6 -23.8 3.1
-19.6 -13 1.1
-17 -24 3.3
-8.8 -19.6 1.3
-14.6 -11.2 0.9
-13 -24 2.9
-10.8 -12.6 3.9
-8.6 -19.4 2.3
-9.2 -14.6 3.9
-8.6 -16 1.9
-8.6 -19 1.5
-8.6 -19.4 3.1
-19.4 -13.4 5.5
-8.8 -19 0.7
-8.6 -18.8 1.3
-20.2 -13.6 1.3
-20.2 -13.6 1.3
-14.6 -11 1.9
-8.4 -16.8 2.7
-20 -13.6 0.7
-20.4 -13.8 1.5
-20.4 -13.8 1.5
-19.8 -13.2 1.1
-11.2 -12.8 0.1
-11.2 -12.8 0.1
-8.8 -19.6 4.1
-9.2 -15.4 0.3
-8.8 -16.6 0.5
-8.8 -16 0.9
-8.6 -19 3.9
-19.2 -22.4 0.5
-9.2 -15.2 0.5
-13.8 -24.2 2.3
-8.4 -16.8 2.5
-9 -15 1.5
-8.4 -16.8 2.9
-20.2 -13.6 4.1
-20.2 -13.6 4.1
-20 -13.2 1.9
-13.8 -24.2 3.1
-20.8 -21 2.1
-11 -12.6 0.9
-8.4 -17 2.1
-8.8 -17.2 0.3
-20.2 -13.4 2.1
-20.2 -13.4 2.1
-8.8 -19 4.7
-9 -14.8 2.1
-8.8 -15.2 2.7
-19.4 -12.8 1.1
-19.2 -22.2 0.1
-11.2 -12.6 0.5
-13 -24 2.3
-20 -13.2 3.5
-8.4 -17 3.3
-11.2 -12.2 1.9
-20.6 -14.6 0.5
-20.2 -13.4 3.3
-20.2 -13.4 3.3
-8.6 -17.2 0.9
-9 -15 3.9
-10.4 -12.8 2.7
-9 -14.8 3.3
-13 -24 3.1
-8.8 -15.2 2.5
-11.2 -12.8 5.3
-8.8 -15.2 2.9
-11.2 -12.2 3.5
-9.2 -15.2 4.9
-8.4 -17.2 1.9
-10.4 -12.8 2.5
-10.2 -13 2.5
-13.2 -24 1.7
-10.4 -13 1.3
-10.4 -13 1.3
-10.4 -12.8 2.9
-20.8 -14.2 2.7
-8.6 -19.2 1.7
-17.6 -23.8 2.1
-9 -15.2 1.1
-8.6 -16.4 1.3
-11.2 -12.6 4.9
-8.4 -16.8 2.3
-8.6 -16.2 1.5
-9.2 -15.6 0.1
-17.6 -23.8 3.3
-13.2 -24 3.7
-20.4 -13.6 2.7
-20.4 -13.6 2.7
-20.6 -14.6 4.9
-8.4 -16.8 3.1
-8.6 -19.4 2.1
-8.8 -16.2 0.7
-20.8 -14.2 2.5
-20.8 -14.2 2.9
-9.4 -14.6 0.7
-20 -13.8 0.3
-15.2 -11 1.7
-8.6 -19.4 3.3
-8.6 -16.4 4.1
-18 -23.6 1.9
-20.4 -13.6 2.5
-20.4 -13.6 2.5
-10.6 -12.8 1.3
-10.6 -12.8 1.3
-20.4 -13.6 2.9
-20.4 -13.6 2.9
-9.2 -15 0.7
-10.2 -13.2 1.3
-17 -24 1.9
-14.8 -11 1.7
-8.8 -15.6 1.3
-20 -13.4 1.1
-8.8 -15.2 2.3
-18 -23.6 3.5
-17.4 -23.8 1.5
-13.8 -24.2 2.1
-8.8 -15.2 3.1
-10.4 -12.8 2.3
-17 -24 3.5
-10.2 -13 2.3
-9.4 -14.6 4.7
-13.8 -24.2 3.3
-10.4 -12.8 3.1
-20.6 -14 1.7
-10.2 -13.2 4.1
-16.8 -24 1.5
-17.4 -23.8 3.9
-8.8 -17 0.3
-13 -24 2.1
-8.8 -19.8 1.5
-17.2 -23.6 0.5
-20 -13.4 4.3
-10.6 -13.2 0.3
-10.6 -13.2 0.3
-9 -19 0.1
-20.8 -14.2 2.3
-15.4 -11 1.7
-8.6 -16.6 1.1
-17 -23.8 0.9
-13 -24 3.3
-20.2 -14.2 0.1
-8.6 -17 0.9
-20.8 -14.2 3.1
-20.6 -14 3.7
-16.8 -23.8 0.7
-20.4 -14 0.9
-16.8 -24 3.9
-20.4 -13.6 2.3
-20.4 -13.6 2.3
-19 -22.4 0.1
-8.8 -19.8 3.9
-11 -12.4 1.5
-8.8 -18.8 0.5
-15.4 -11 3.7
-20.8 -21 1.9
-20.4 -13.6 3.1
-20.4 -13.6 3.1
-8.4 -17 1.9
-8.6 -16 1.7
-20.2 -13.4 1.9
-20.2 -13.4 1.9
-9.2 -19.4 5.5
-10.6 -13 0.7
-10.6 -13 0.7
-9 -14.8 1.9
-17.4 -23.6 0.7
-10.4 -13.2 0.7
-10.4 -13.2 0.7
-8.4 -16.8 2.1
-14.6 -11 1.7
-10.8 -13 0.3
-10.8 -13 0.3
-8.4 -17 3.5
-17.8 -23.6 1.3
-11 -12.4 3.9
-9 -19.8 0.7
-10.4 -13.4 0.3
-20.2 -13.4 3.5
-17 -23.6 0.3
-8.4 -16.8 3.3
-9 -14.8 3.5
-8.4 -16.6 2.7
-9 -19.6 0.5
-16.8 -23.8 4.7
-13.4 -24 1.3
-20.6 -14.2 1.1
-20 -13.2 1.7
-8.4 -16.6 2.5
-10.6 -13 4.7
-19.6 -13.2 0.5
-17.6 -23.8 1.9
-8.8 -15.2 2.1
-10.4 -13.2 4.7
-10.4 -12.8 2.1
-17.2 -23.8 1.1
-8.8 -15.2 3.3
-10.2 -13 2.1
-11.2 -12.2 1.7
-20 -13.2 3.7
-10.8 -12.6 1.3
-10.8 -13 5.1
-8.6 -19.4 1.9
-19.4 -13 0.5
-17.6 -23.8 3.5
-9.2 -14.6 1.3
-20.2 -13.8 0.7
-20.2 -13.8 0.7
-10.4 -12.8 3.3
-20.6 -14.2 4.3
-8.8 -16.4 0.5
-8.6 -19.4 3.5
-11.2 -12.2 3.7
-8.4 -17.2 1.7
-20.8 -14.2 2.1
-20.4 -14.2 0.5
-8.8 -19.4 0.9
-10.8 -12.6 4.1
-17.2 -23.8 4.3
-10.8 -12.8 0.7
-10.8 -12.8 0.7
-9.2 -14.6 4.1
-8.6 -19 1.3
-20.8 -14.2 3.3
-13.8 -24.2 1.9
-20.4 -13.6 2.1
-20.4 -13.6 2.1
-19.4 -13 4.9
-20.4 -13.8 1.3
-20.4 -13.8 1.3
-8.4 -16.6 2.3
-15 -11.2 0.7
-11.2 -12.4 0.9
-20.4 -13.6 3.3
-20.4 -13.6 3.3
-13.8 -24.2 3.5
-9 -19.4 0.3
-19.4 -13.2 0.1
-19.8 -13.4 0.5
-13 -24 1.9
-9.2 -14.8 0.9
-8.6 -19 4.1
-15.2 -11.2 0.7
-18 -23.6 1.7
-10.8 -12.4 2.7
-9 -15 1.3
-8.8 -19.6 1.1
-8.8 -16.8 0.3
-13.2 -24 1.5
-8.6 -19.6 2.7
-10.8 -12.8 4.7
-8.6 -19.2 1.5
-17 -24 1.7
-17.6 -23.6 0.9
-13.6 -24.2 2.3
-13 -24 3.5
-8.8 -19.2 0.7
-14.8 -11.2 0.7
-8.6 -18.8 1.1
-18 -23.6 3.7
-8.6 -16.8 0.9
-20.2 -13.6 1.1
-20.2 -13.6 1.1
-11 -12.8 0.3
-11 -12.8 0.3
-10.8 -12.4 2.5
-19.6 -13.4 0.1
-15 -11 1.5
-11.2 -12.4 4.5
-10.8 -12.4 2.9
-8.6 -19.6 2.5
-17 -24 3.7
-13.2 -24 3.9
-9 -15 4.1
-8.6 -19.6 2.9
-8.8 -19.6 4.3
-15.2 -11 1.5
-16.8 -23.6 0.1
-8.4 -16.8 1.9
-9 -15.6 0.5
-9 -19.4 5.1
-19.6 -13 0.9
-9 -15.4 0.7
-14.8 -11 1.5
-8.4 -16.8 3.5
-15.4 -11.2 0.7
-15.2 -11.6 5.7
-9.4 -15 0.1
-9.4 -15 0.1
-8.4 -18.8 2.7
-8.6 -16.2 1.3
-11 -12.8 5.1
-20.8 -21 1.7
-19.8 -13.2 0.9
-8.4 -17 1.7
-8.8 -15.2 1.9
-20.2 -13.4 1.7
-20.2 -13.4 1.7
-9 -14.8 1.7
-20.6 -14 1.5
-19.8 -13 1.5
-8.4 -18.8 2.5
-20.2 -14 0.3
-10.8 -12.4 2.3
-10.4 -12.8 1.9
-10.2 -13 1.9
-8.4 -18.8 2.9
-8.6 -19.6 2.3
-14.6 -11.2 0.7
-8.4 -16.6 2.1
-15.4 -11 1.5
-8.8 -15.2 3.5
-10.4 -13 1.1
-10.4 -13 1.1
-8.4 -17 3.7
-10.8 -12.4 3.1
-20.2 -13.4 3.7
-9 -14.8 3.7
-9.2 -19.8 0.1
-8.6 -16.4 1.1
-10.4 -12.8 3.5
-17.4 -23.8 1.3
-20.6 -14 3.9
-19.4 -12.8 0.9
-15 -11.4 0.1
-20.8 -14.2 1.9
-9.4 -14.8 0.3
-15.2 -11.4 0.1
-13.6 -24.2 2.1
-8.6 -16 1.5
-17.6 -23.8 1.7
-20.6 -13.8 2.7
-12.8 -24 2.7
-16.8 -24 1.3
-8.8 -16 0.7
-20.8 -14.2 3.5
-20.4 -13.6 1.9
-20.4 -13.6 1.9
-14.6 -11 1.5
-8.8 -19.8 1.3
-17.4 -23.8 4.1
-8.6 -16.4 4.3
-10.6 -12.8 1.1
-10.6 -12.8 1.1
-8.6 -19.4 1.7
-14.8 -11.4 0.1
-19.8 -13.6 0.1
-10.2 -13.2 1.1
-17.6 -23.8 3.7
-20.6 -13.8 2.5
-11 -12.6 0.7
-8.8 -15.6 1.1
-12.8 -24 2.5
-20.6 -13.8 2.9
-20.4 -13.6 3.5
-20.4 -13.6 3.5
-9 -15.2 0.9
-12.8 -24 2.9
-20.6 -14.8 0.1
-8.4 -16.4 2.7
-8.4 -18.8 2.3
-8.8 -19 0.5
-16.8 -24 4.1
-11 -12.4 1.3
-20 -13.6 0.5
-8.6 -19.4 3.7
-20 -13.2 1.5
-8.4 -18.8 3.1
-8.6 -17.2 0.7
-8.8 -19.8 4.1
-9.4 -14.8 5.1
-17.8 -23.8 2.7
-11.4 -12.8 5.7
-8.4 -16.4 2.5
-20 -14 5.5
-13.8 -24.2 1.7
-10.2 -13.2 4.3
-8.4 -16.4 2.9
-9 -19.2 0.1
-15.4 -11.4 0.1
-11.2 -12.2 1.5
-10 -13.2 1.9
-20 -13.2 3.9
-11 -12.4 4.1
-9 -14.6 2.7
-17.8 -23.8 2.5
-20 -13.4 0.9
-17.8 -23.8 2.9
-13.8 -24.2 3.7
-13 -24 1.7
-8.8 -19 4.9
-10.8 -12.4 2.1
-8.4 -17.2 1.5
-8.6 -19.6 2.1
-11.2 -12.2 3.9
-9 -14.6 2.5
-20.6 -13.8 2.3
-10.8 -12.4 3.3
-12.8 -24 2.3
-9 -14.6 2.9
-8.8 -16.6 0.3
-14.6 -11.4 0.1
-20.6 -13.8 3.1
-19.2 -22.4 0.3
-12.8 -24 3.1
-9.2 -15.2 0.3
-17.8 -23.6 1.1
-8.6 -16.6 0.9
-8.4 -16.4 2.3
-13.4 -24 1.1
-20.4 -14.8 5.7
-8.4 -16.8 1.7
-18 -23.6 1.5
-11.2 -12.6 0.3
-8.4 -16.4 3.1
-8.4 -16.6 1.9
-20.6 -14.6 0.3
-8.8 -16.2 0.5
-17 -24 1.5
-17.8 -23.8 2.3
-9.2 -15.4 0.1
-9.4 -14.6 0.5
-8.4 -16.8 3.7
-8.4 -18.8 2.1
-18 -23.6 3.9
-10.8 -12.6 1.1
-17.2 -24 1.9
-9.2 -15.2 5.1
-9 -14.6 2.3
-9.2 -14.6 1.1
-8.4 -18.8 3.3
-13.6 -24.2 1.9
-17 -23.8 0.7
-9.2 -15 0.5
-8.8 -15.2 1.7
-17 -24 3.9
-8.8 -17.2 0.1
-8.6 -17 0.7
-9 -14.6 3.1
-20.4 -14 0.7
-10.4 -12.8 1.7
-10.2 -13 1.7
-20.6 -14.2 0.9
-11.2 -12.6 5.1
-13.2 -24 1.3
-8.8 -15 2.7
-8.8 -15.2 3.7
-8.6 -19.2 1.3
-20.6 -14.6 5.1
-20.8 -21.2 2.7
-8.6 -19 1.1
-9.4 -14.6 4.9
-9.2 -14.6 4.3
-15 -11 1.3
-17.2 -23.8 0.9
-20.8 -14.2 1.7
-8.8 -15 2.5
-20.8 -21 1.5
-20.4 -13.8 1.1
-20.4 -13.8 1.1
-20.6 -13.8 2.1
-8.8 -15 2.9
-8.4 -17 1.5
-20.8 -21.2 2.5
-12.8 -24 2.1
-13.2 -24 4.1
-20.2 -13.4 1.5
-20.2 -13.4 1.5
-20.4 -15 5.9
-20.8 -21.2 2.9
-9 -14.8 1.5
-15.2 -11 1.3
-16.8 -23.8 0.5
-20.6 -14.2 4.5
-20.6 -13.8 3.3
-20.4 -13.6 1.7
-20.4 -13.6 1.7
-12.8 -24 3.3
-20.8 -14.2 3.7
-8.6 -19 4.3
-19.4 -13.4 5.7
-9 -15 1.1
-14.8 -11 1.3
-8.4 -17 3.9
-20.2 -13.4 3.9
-8.4 -16.4 2.1
-20 -13.8 0.1
-10.6 -13 0.5
-10.6 -13 0.5
-17.2 -23.8 4.5
-9 -14.8 3.9
-17.4 -23.6 0.5
-8.4 -19 2.7
-10.4 -13.2 0.5
-10.4 -13.2 0.5
-20.4 -13.6 3.7
-19.8 -12.8 2.7
-10.8 -12.4 1.9
-11.2 -12.8 5.5
-8.6 -19.6 1.9
-17.2 -23.6 0.3
-8.4 -16.4 3.3
-9 -19.8 0.5
-17.8 -23.8 2.1
-17.6 -23.8 1.5
-9 -15 4.3
-10.8 -12.4 3.5
-20.6 -14 1.3
-8.4 -19 2.5
-16.8 -23.8 4.9
-19.8 -12.8 2.5
-8.4 -19 2.9
-19.8 -13 1.3
-19.8 -12.8 2.9
-8.8 -15 2.3
-20 -13 2.7
-10 -13.2 1.7
-8.8 -18.8 0.3
-8.8 -19.6 0.9
-8.6 -19.4 1.5
-9 -14.6 2.1
-15.4 -11 1.3
-20.8 -21.2 2.3
-8.8 -19.4 0.7
-8.8 -15 3.1
-17.6 -23.8 3.9
-19.6 -12.8 1.3
-20.8 -21.2 3.1
-10.6 -13 4.9
-9 -14.6 3.3
-10.4 -13.2 4.9
-8.6 -18.8 0.9
-20.6 -14 4.1
-8.8 -17 0.1
-20.2 -13.6 0.9
-20.2 -13.6 0.9
-20 -13 2.5
-8.6 -16.2 1.1
-10.6 -13.2 0.1
-10.6 -13.2 0.1
-20 -13 2.9
-8.6 -19.4 3.9
-20.2 -13.8 0.5
-20.2 -13.8 0.5
-8.6 -16 1.3
-11.2 -12.4 0.7
-9 -19.6 0.3
-8.4 -18.8 1.9
-13.8 -24.2 1.5
-8.8 -19.6 4.5
-9.2 -14.8 0.7
-14.6 -11 1.3
-17.4 -24 2.7
-17.6 -23.6 0.7
-8.4 -18.8 3.5
-19.6 -13.2 0.3
-10.8 -12.8 0.5
-10.8 -12.8 0.5
-8.4 -19 2.3
-19.8 -12.8 2.3
-17.4 -23.8 1.1
-13 -24 1.5
-13.8 -24.2 3.9
-8.6 -16.8 0.7
-8.4 -19 3.1
-19.8 -12.8 3.1
-17.4 -24 2.5
-10.8 -13 0.1
-10.8 -13 0.1
-8.4 -16.6 1.7
-20 -13.2 1.3
-8.4 -16.2 2.7
-19.4 -13 0.3
-10.4 -13.4 0.1
-11.2 -12.4 4.7
-15 -11.2 0.5
-17 -23.6 0.1
-16.8 -24 1.1
-13.4 -24.2 2.1
-20 -13 2.3
-8.8 -19.8 1.1
-15.2 -11.2 0.5
-8.8 -16.4 0.3
-19.6 -13 0.7
-11.2 -12.2 1.3
-17.2 -24 1.7
-8.4 -16.2 2.5
-17.4 -23.8 4.3
-20.6 -13.8 1.9
-13.6 -24.2 1.7
-10.4 -13 0.9
-10.4 -13 0.9
-8.4 -16.2 2.9
-20.4 -14.2 0.3
-20 -13 3.1
-12.8 -24 1.9
-20 -13.2 4.1
-10.8 -12.8 4.9
-8.8 -19.2 0.5
-8.6 -16.4 0.9
-8.4 -16.8 1.5
-14.8 -11.2 0.5
-20.6 -13.8 3.5
-8.4 -17.2 1.3
-8.8 -15 2.1
-16.8 -24.2 2.7
-11 -12.4 1.1
-16.8 -24 4.3
-20.8 -21.2 2.1
-19.8 -13.2 0.7
-11.2 -12.2 4.1
-20.2 -13.2 2.7
-8.8 -19.8 4.3
-10.8 -13 5.3
-19.4 -13 5.1
-8.4 -16.4 1.9
-8.8 -15 3.3
-20.8 -21.2 3.3
-8.4 -16.8 3.9
-19.8 -13.4 0.3
-17.4 -24 2.3
-16.8 -24.2 2.5
-16.8 -24.2 2.9
-10.6 -12.8 0.9
-10.6 -12.8 0.9
-9 -15.4 0.5
-8.4 -16.4 3.5
-17.8 -23.8 1.9
-20.2 -13.2 2.5
-10.2 -13.2 0.9
-8.8 -15.2 1.5
-20.2 -13.2 2.9
-8.8 -15.6 0.9
-11 -12.4 4.3
-15.4 -11.2 0.5
-19.4 -12.8 0.7
-9.2 -19.4 5.7
-10.4 -12.8 1.5
-18 -23.6 1.3
-10.2 -13 1.5
-8.4 -16.2 2.3
-9 -14.6 1.9
-17 -24 1.3
-8.4 -16.2 3.1
-8.8 -15.2 3.9
-8.4 -19 2.1
-19.8 -12.8 2.1
-9 -19.4 0.1
-10.8 -12.4 1.7
-9 -15.6 0.3
-9 -14.6 3.5
-20.8 -14 2.7
-8.6 -19.6 1.7
-20.8 -14.2 1.5
-10.2 -13.2 4.5
-8.4 -19 3.3
-19.8 -12.8 3.3
-18 -23.6 4.1
-14.6 -11.2 0.5
-8.8 -16.8 0.1
-17 -24 4.1
-9 -15.2 0.7
-10.8 -12.4 3.7
-20.8 -14 2.5
-20.4 -13.6 1.5
-20.4 -13.6 1.5
-20 -13 2.1
-16.8 -24.2 2.3
-20.8 -14 2.9
-11 -12.8 0.1
-11 -12.8 0.1
-20.8 -14.2 3.9
-20.2 -13.2 2.3
-16.8 -24.2 3.1
-20 -13 3.3
-20.2 -13.2 3.1
-8.8 -16 0.5
-20.4 -13.6 3.9
-17.8 -23.6 0.9
-20.8 -21 1.3
-8.4 -17 1.3
-20.2 -13.4 1.3
-20.2 -13.4 1.3
-11 -12.6 0.5
-9 -14.8 1.3
-20 -13.4 0.7
-8.4 -18.8 1.7
-13.4 -24 0.9
-13.4 -24.2 1.9
-17.4 -24 2.1
-8.8 -15.4 1.1
-10 -13.2 1.5
-13.2 -24 1.1
-8.6 -17.2 0.5
-8.6 -19.2 1.1
-8.4 -18.8 3.7
-8.4 -17 4.1
-20.8 -14 2.3
-20.2 -13.4 4.1
-9 -14.8 4.1
-8.8 -15 1.9
-11.2 -12 2.5
-8.4 -16.2 2.1
-20.2 -14 0.1
-15 -11 1.1
-10.8 -12.6 0.9
-20.8 -21.2 1.9
-8.6 -16.6 0.7
-9.2 -14.6 0.9
-17.6 -23.8 1.3
-8.4 -16.2 3.3
-15.2 -11 1.1
-13.2 -24.2 2.7
-13.2 -24 4.3
-8.8 -15 3.5
-20.8 -21.2 3.5
-8.8 -19 0.3
-20 -13.6 0.3
-8.6 -19.4 1.3
-20.6 -13.8 1.7
-9.4 -14.8 0.1
-12.8 -24 1.7
-14.8 -11 1.1
-13.2 -24.2 2.5
-8.6 -19 0.9
-13.2 -24.2 2.9
-17.6 -23.8 4.1
-16.8 -24.2 2.1
-8.4 -16.6 1.5
-20.6 -13.8 3.7
-20.2 -13.2 2.1
-20.4 -13.8 0.9
-20.4 -13.8 0.9
-16.8 -24.2 3.3
-8.6 -19.4 4.1
-8.4 -19 1.9
-8.4 -16.4 1.7
-19.8 -12.8 1.9
-20.6 -14 1.1
-20.4 -13.4 2.7
-20.4 -13.4 2.7
-20.4 -13.4 2.7
-20.2 -13.2 3.3
-13.8 -24.2 1.3
-19.8 -13 1.1
-11.2 -12 2.3
-17.2 -24 1.5
-9 -15 0.9
-20.6 -14.2 0.7
-15.4 -11 1.1
-8.4 -19 3.5
-17.8 -23.8 1.7
-8.6 -19 4.5
-13.6 -24.2 1.5
-19.8 -12.8 3.5
-8.4 -16.4 3.7
-9.4 -14.8 5.3
-19.6 -12.8 1.1
-20.4 -13.4 2.5
-20.4 -13.4 2.5
-20.4 -13.4 2.5
-13 -24 1.3
-20.4 -13.4 2.9
-20.4 -13.4 2.9
-20.4 -13.4 2.9
-20 -13 1.9
-13.8 -24.2 4.1
-17.2 -23.8 0.7
-20.6 -14 4.3
-9 -14.6 1.7
-17 -23.8 0.5
-8.6 -16 1.1
-13.2 -24.2 2.3
-20 -13 3.5
-8.6 -17 0.5
-20.8 -14 2.1
-20.4 -14 0.5
-13.2 -24.2 3.1
-14.6 -11 1.1
-20.6 -14.2 4.7
-9 -14.6 3.7
-8.4 -19.2 2.3
-8.8 -16.2 0.3
-8.8 -16.6 0.1
-9.4 -14.6 0.3
-8.4 -16.8 1.3
-19.2 -22.4 0.1
-17.4 -24 1.9
-17.2 -23.8 4.7
-9.2 -15.2 0.1
-8.6 -16.2 0.9
-20 -13.2 1.1
-9.2 -15 0.3
-20.4 -13.4 2.3
-20.4 -13.4 2.3
-20.4 -13.4 2.3
-8.4 -16 2.7
-10.8 -12.4 1.5
-10.2 -12.8 2.7
-20.4 -13.4 3.1
-20.4 -13.4 3.1
-8.4 -16.2 1.9
-8.6 -19.6 1.5
-11.2 -12.6 0.1
-8.4 -16.8 4.1
-11.2 -12.2 1.1
-8.8 -19.6 0.7
-20.6 -14.6 0.1
-18 -23.8 2.7
-8.8 -15.2 1.3
-8.4 -16 2.5
-20 -13.2 4.3
-8.4 -16.2 3.5
-8.4 -16 2.9
-17.4 -23.8 0.9
-13.4 -24.2 1.7
-10.2 -12.8 2.5
-11.2 -12 2.1
-10.8 -12.4 3.9
-8.6 -18.8 0.7
-10.4 -12.8 1.3
-20.2 -13.6 0.7
-20.2 -13.6 0.7
-10.2 -13 1.3
-8.4 -17.2 1.1
-18 -23.8 2.5
-18 -23.8 2.9
-11.2 -12.2 4.3
-16.8 -24 0.9
-16.8 -23.8 0.3
-16.8 -24.2 1.9
-10.4 -12.6 2.7
-8.8 -15 1.7
-8.8 -19.8 0.9
-8.8 -19.6 4.7
-20.8 -14.2 1.3
-10 -13 2.7
-20.2 -13.2 1.9
-20.8 -21.2 1.7
-11.2 -12.6 5.3
-13.2 -24.2 2.1
-8.8 -19.4 0.5
-16.8 -24.2 3.5
-8.4 -18.8 1.5
-10.6 -13 0.3
-10.6 -13 0.3
-10.4 -12.6 2.5
-17.4 -23.6 0.3
-10.4 -13.2 0.3
-10.4 -13.2 0.3
-20.4 -13.6 1.3
-20.4 -13.6 1.3
-8.8 -15 3.7
-20.2 -13.2 3.5
-11.4 -12.8 5.9
-18 -23.6 1.1
-10.4 -12.6 2.9
-13.2 -24.2 3.3
-10 -13 2.5
-11 -12.4 0.9
-10 -13 2.9
-9 -19.8 0.3
-8.4 -19.2 2.1
-20.8 -14.2 4.1
-16.8 -24 4.5
-17 -24 1.1
-8.4 -16 2.3
-11.2 -12.4 0.5
-8.8 -19.8 4.5
-8.4 -18.8 3.9
-10.2 -12.8 2.3
-8.4 -16 3.1
-9.2 -14.8 0.5
-16.8 -23.8 5.1
-20.4 -13.6 4.1
-18 -23.8 2.3
-10.4 -13 0.7
-10.4 -13 0.7
-18 -23.6 4.3
-8.4 -19 1.7
-17.6 -23.6 0.5
-20.4 -13.4 2.1
-20.4 -13.4 2.1
-20.4 -13.4 2.1
-18 -23.8 3.1
-19.8 -12.8 1.7
-20.8 -14 1.9
-8.6 -16.4 0.7
-11 -12.4 4.5
-17 -24 4.3
-10.6 -13 5.1
-8.6 -16.8 0.5
-10.4 -13.2 5.1
-20.4 -13.4 3.3
-20.4 -13.4 3.3
-10 -13.2 1.3
-17.2 -23.6 0.1
-8.2 -17.2 2.7
-20.6 -13.8 1.5
-12.8 -24 1.5
-21 -21 2.3
-8.4 -19 3.7
-19.8 -12.8 3.7
-20.2 -13.8 0.3
-20.2 -13.8 0.3
-10.4 -12.6 2.3
-20 -13 1.7
-10 -13 2.3
-8.2 -17.2 2.5
-19.6 -13 0.5
-20.8 -21 1.1
-8.8 -18.8 0.1
-10.6 -12.8 0.7
-10.6 -12.8 0.7
-10 -13 3.1
-8.2 -17.2 2.9
-20.6 -13.8 3.9
-8.4 -17 1.1
-10.2 -13.2 0.7
-20.2 -13.4 1.1
-8.4 -16.4 1.5
-20.2 -13.4 1.1
-8.8 -15.6 0.7
-9 -14.8 1.1
-10.8 -12.8 0.3
-10.8 -12.8 0.3
-20 -13 3.7
-17.8 -23.8 1.5
-19.8 -13.2 0.5
-15 -11.2 0.3
-9 -19.6 0.1
-8.4 -16.4 3.9
-10.6 -12.4 2.7
-11.2 -12 1.9
-8.4 -17 4.3
-17.4 -24 1.7
-17.6 -24 2.7
-20.2 -13.4 4.3
-15.2 -11.2 0.3
-9 -14.8 4.3
-8.4 -16.6 1.3
-9 -14.6 1.5
-9.8 -13.2 2.7
-8.4 -16 2.1
-17.6 -23.8 1.1
-19.6 -13.2 0.1
-8.8 -19.2 0.3
-10.6 -12.4 2.5
-10.2 -12.8 2.1
-17.6 -24 2.5
-10.8 -12.8 5.1
-19.4 -12.8 0.5
-14.8 -11.2 0.3
-8.4 -16.2 1.7
-12.6 -24 1.9
-8.4 -16 3.3
-17.6 -24 2.9
-8.8 -15.4 0.9
-8.2 -17.2 2.3
-17.2 -24 1.3
-20.6 -13.6 2.7
-18 -23.8 2.1
-9.8 -13.2 2.5
-8.6 -19.4 1.1
-9 -14.6 3.9
-13.2 -24 0.9
-13.6 -24.2 1.3
-11.2 -12.8 5.7
-9.8 -13.2 2.9
-19.4 -13 0.1
-13.2 -24.2 1.9
-13.2 -24.2 1.9
-8.2 -17.2 3.1
-8.6 -19.2 0.9
-18 -23.8 3.3
-8.6 -19.8 1.7
-17.6 -23.8 4.3
-20.6 -13.6 2.5
-15 -11 0.9
-8.8 -16.4 0.1
-13.2 -24.2 3.5
-20.6 -13.6 2.9
-17.8 -23.6 0.7
-8.4 -19.2 1.9
-21 -21 2.1
-9 -15.4 0.3
-19.4 -13.4 5.9
-20.4 -14.2 0.1
-15.4 -11.2 0.3
-8.6 -19.4 4.3
-15.2 -11 0.9
-10.4 -12.6 2.1
-9 -15.2 0.5
-13.4 -24 0.7
-13.8 -24.2 1.1
-16.8 -24.2 1.7
-10 -13 2.1
-20.2 -13.2 1.7
-10 -13 3.3
-8.2 -17 2.5
-14.8 -11 0.9
-20.4 -13.4 1.9
-20.4 -13.4 1.9
-20.4 -13.4 1.9
-10.6 -12.4 2.3
-16.8 -24.2 3.7
-17.6 -24 2.3
-19.4 -13 5.3
-13 -24 1.1
-13.4 -24.2 1.5
-13.4 -24.2 1.5
-19.8 -13.4 0.1
-20.2 -13.2 3.7
-9.8 -13.2 2.3
-17.6 -24 3.1
-10.8 -12.6 0.7
-20.4 -13.4 3.5
-13.8 -24.2 4.3
-14.6 -11.2 0.3
-9.2 -14.6 0.7
-20.6 -14 0.9
-20 -13.4 0.5
-10.8 -12.4 1.3
-19.8 -13 0.9
-8.8 -15 1.5
-20.6 -13.6 2.3
-8.6 -19.6 1.3
-20.8 -21.2 1.5
-13 -24.2 2.7
-13 -24.2 2.7
-15.4 -11 0.9
-20.6 -13.6 3.1
-20.8 -14 1.7
-19.6 -12.8 0.9
-8.6 -19 0.7
-8.4 -16.8 1.1
-10.8 -13 5.5
-8.8 -16 0.3
-9 -15.6 0.1
-8.2 -17.2 2.1
-8.8 -15 3.9
-10.8 -12.4 4.1
-13 -24.2 2.5
-13 -24.2 2.5
-13.8 -24.4 2.7
-13 -24.2 2.9
-20.6 -14 4.5
-20.4 -13.8 0.7
-20.4 -13.8 0.7
-8.6 -16.6 0.5
-20.8 -21.4 2.7
-8.2 -17 2.3
-8.6 -16 0.9
-8.2 -17.2 3.3
-11 -12.6 0.3
-14.6 -11 0.9
-13.8 -24.4 2.5
-9 -15 0.7
-8.4 -19.4 2.3
-8.4 -16.8 4.3
-20.8 -21.4 2.5
-13.8 -24.4 2.9
-8.6 -17.2 0.3
-8.4 -16 1.9
-8.8 -15.2 1.1
-8.4 -19 1.5
-20.8 -21.4 2.9
-8.6 -19 4.7
-19.8 -12.8 1.5
-8.4 -18.8 1.3
-10.2 -12.8 1.9
-10.4 -12.8 1.1
-10.4 -12.8 1.1
-10.2 -13 1.1
-18 -23.8 1.9
-20 -13.2 0.9
-8.4 -19 3.9
-10.6 -12.4 2.1
-19.8 -12.8 3.9
-17.6 -24 2.1
-11.2 -12 1.7
-18 -23.8 3.5
-20 -13 1.5
-8.4 -18.8 4.1
-9.8 -13.2 2.1
-13 -24.2 2.3
-13 -24.2 2.3
-20.8 -14.2 1.1
-11.2 -12.2 0.9
-20.6 -14.2 0.5
-17.6 -24 3.3
-21 -21 1.9
-13 -24.2 3.1
-10.4 -12.6 1.9
-10.8 -12.2 2.7
-10 -13 1.9
-20.4 -13.6 1.1
-20.4 -13.6 1.1
-20 -13.2 4.5
-20.6 -13.6 2.1
-20 -13 3.9
-8.2 -16.8 2.7
-12.6 -24 1.7
-8.4 -17.2 0.9
-13.8 -24.4 2.3
-17.2 -23.8 0.5
-8.6 -16.2 0.7
-20.6 -13.8 1.3
-20.6 -13.8 1.3
-20.8 -21.4 2.3
-12.8 -24 1.3
-13.2 -24.2 1.7
-13.2 -24.2 1.7
-13.8 -24.4 3.1
-20.6 -13.6 3.3
-20.8 -14.2 4.3
-10 -13 3.5
-20.8 -21.4 3.1
-10.8 -12.2 2.5
-11.2 -12.2 4.5
-8.2 -16.8 2.5
-17.4 -24 1.5
-8.2 -16.8 2.9
-8.8 -19 0.1
-20.6 -14.2 4.9
-20 -13.6 0.1
-8.4 -19.2 1.7
-13.2 -24.2 3.7
-20.4 -13.6 4.3
-8.2 -17 2.1
-8.6 -15.6 1.3
-20.6 -13.8 4.1
-8.4 -16.4 1.3
-17.4 -23.8 0.7
-10.6 -12.6 1.1
-8.4 -16.2 1.5
-18 -23.6 0.9
-17.2 -23.8 4.9
-8.4 -19.4 2.1
-10 -13.2 1.1
-17.8 -23.8 1.3
-17 -24 0.9
-17 -23.8 0.3
-20.4 -13.4 1.7
-20.4 -13.4 1.7
-20.4 -13.4 1.7
-8.6 -17 0.3
-16.8 -24 0.7
-8.4 -16.4 4.1
-8.6 -19.8 1.5
-20.4 -14 0.3
-8.2 -17.2 1.9
-8.8 -19.8 0.7
-9 -14.6 1.3
-8.8 -19.6 0.5
-20.4 -13.4 3.7
-18 -23.6 4.5
-10.8 -12.2 2.3
-8.2 -17.2 3.5
-8.2 -16.8 2.3
-16.8 -24.2 1.5
-8.6 -18.8 0.5
-13 -24.2 2.1
-13 -24.2 2.1
-20.2 -13.6 0.5
-20.2 -13.6 0.5
-17 -24 4.5
-20.2 -13.2 1.5
-8.2 -16.8 3.1
-11 -12.4 0.7
-9 -14.6 4.1
-13 -24.2 3.3
-16.8 -24 4.7
-8.8 -19.8 4.7
-16.8 -24.2 3.9
-13.8 -24.4 2.1
-8.4 -16.6 1.1
-20.8 -21.4 2.1
-20.2 -13.2 3.9
-20.8 -21 0.9
-8.4 -17 0.9
-8.8 -16.2 0.1
-20.2 -13.4 0.9
-20.2 -13.4 0.9
-10.6 -12.4 1.9
-13.8 -24.4 3.3
-9 -14.8 0.9
-17.6 -24 1.9
-20.8 -21.4 3.3
-9.4 -14.6 0.1
-9.8 -13.2 1.9
-11 -12.4 4.7
-17.2 -24 1.1
-13.6 -24.2 1.1
-8.4 -16 1.7
-17.6 -24 3.5
-9.2 -15 0.1
-20.8 -14 1.5
-10.2 -12.8 1.7
-13.4 -24.2 1.3
-13.4 -24.2 1.3
-20.6 -13.6 1.9
-18 -23.8 1.7
-8.4 -17 4.5
-20.2 -13.4 4.5
-9 -14.8 4.5
-10.4 -13 0.5
-10.4 -13 0.5
-17.6 -23.8 0.9
-8.8 -19.4 0.3
-17.2 -24.2 2.7
-20.6 -13.6 3.5
-8.6 -16.4 0.5
-8.8 -15 1.3
-8.8 -15 1.3
-18 -23.8 3.7
-20.8 -21.2 1.3
-8.6 -19.4 0.9
-21 -21 1.7
-8.2 -17 1.9
-17.2 -24.2 2.5
-20.8 -13.8 2.7
-10.8 -12.2 2.1
-10.4 -12.6 1.7
-11.2 -12.4 0.3
-8.2 -16.8 2.1
-10 -13 1.7
-16.8 -23.8 0.1
-9.2 -14.8 0.3
-8.4 -19.4 1.9
-17.6 -23.8 4.5
-8.8 -15 4.1
-8.2 -16.8 3.3
-8.2 -16.6 2.7
-10.6 -12.8 0.5
-10.6 -12.8 0.5
-20.8 -13.8 2.5
-10.2 -13.2 0.5
-17.6 -23.6 0.3
-20.8 -13.8 2.9
-8.8 -15.6 0.5
-10 -13 3.7
-13.6 -24.4 2.7
-11.2 -12 1.5
-10.8 -12.4 1.1
-13.8 -24.2 0.9
-10.6 -13 0.1
-10.6 -13 0.1
-8.6 -19.4 4.5
-17.4 -23.6 0.1
-10.4 -13.2 0.1
-10.4 -13.2 0.1
-8.6 -19.6 1.1
-8.8 -15.4 0.7
-8.6 -16.8 0.3
-8.2 -16.6 2.5
-13.2 -24 0.7
-8.2 -16.6 2.9
-9 -19.8 0.1
-8.6 -19.2 0.7
-8.4 -19 1.3
-19.8 -12.8 1.3
-13.6 -24.4 2.5
-20 -12.8 2.7
-13 -24 0.9
-12.6 -24 1.5
-13 -24.2 1.9
-13 -24.2 1.9
-15 -11 0.7
-19.6 -13 0.3
-16.8 -23.8 5.3
-10.8 -12.4 4.3
-13.2 -24.2 1.5
-13.2 -24.2 1.5
-17.2 -24.2 2.3
-13.8 -24.2 4.5
-11.2 -12.6 5.5
-20 -12.8 2.5
-13 -24.2 3.5
-15.2 -11 0.7
-8.4 -19 4.1
-20 -13 1.3
-19.8 -12.8 4.1
-20 -12.8 2.9
-8.2 -17.2 1.7
-13.8 -24.4 1.9
-20.8 -21.4 1.9
-10.6 -13 5.3
-8.4 -19.2 1.5
-10.4 -13.2 5.3
-20.8 -13.8 2.3
-13.2 -24.2 3.9
-19.8 -13.2 0.3
-14.8 -11 0.7
-20.2 -13.8 0.1
-20.2 -13.8 0.1
-13.8 -24.4 3.5
-8.4 -18.8 1.1
-8.4 -16.8 0.9
-8.2 -17.2 3.7
-20.8 -21.4 3.5
-8.4 -19.6 2.5
-20 -13 4.1
-8.2 -16.6 2.3
-17.8 -23.6 0.5
-20.4 -13.4 1.5
-20.4 -13.4 1.5
-20.4 -13.4 1.5
-8.2 -16.6 3.1
-13.6 -24.4 2.3
-20.6 -14 0.7
-10.8 -12.8 0.1
-10.8 -12.8 0.1
-11 -12 2.7
-13.4 -24 0.5
-17.4 -24 1.3
-19.4 -12.8 0.3
-19.8 -13 0.7
-8.4 -18.8 4.3
-15.4 -11 0.7
-8.4 -16.8 4.5
-8.8 -15.2 0.9
-10.6 -12.4 1.7
-15 -11.2 0.1
-20.4 -13.4 3.9
-20 -12.8 2.3
-17.6 -24 1.7
-11 -12 2.5
-19.6 -12.8 0.7
-11 -12 2.9
-8.4 -16.2 1.3
-9.8 -13.2 1.7
-10.4 -12.8 0.9
-10.4 -12.8 0.9
-20 -12.8 3.1
-10.2 -13 0.9
-15.2 -11.2 0.1
-20.6 -13.8 1.1
-20.6 -13.8 1.1
-10.8 -12.6 0.5
-12.8 -24 1.1
-9.2 -14.6 0.5
-10.8 -12.2 1.9
-17.6 -24 3.7
-20.6 -14 4.7
-8.6 -16 0.7
-8.2 -16.8 1.9
-9 -15.2 0.3
-8.8 -19.2 0.1
-8.6 -19.8 1.3
-20.6 -13.6 1.7
-20.6 -13.6 1.7
-14.8 -11.2 0.1
-14.6 -11 0.7
-8.4 -19.6 2.3
-20.8 -14.2 0.9
-10.8 -12.8 5.3
-8.8 -14.6 2.7
-17.2 -24.2 2.1
-8.6 -15.6 1.1
-8.2 -16.8 3.5
-8.4 -16.4 1.1
-17.8 -24 2.7
-20.6 -13.8 4.3
-8.6 -19 0.5
-20.6 -13.6 3.7
-12.8 -24.2 2.7
-12.8 -24.2 2.7
-16.8 -24.2 1.3
-20.4 -13.6 0.9
-20.4 -13.6 0.9
-20.2 -13.2 1.3
-8.8 -14.6 2.5
-20 -13.2 0.7
-17.8 -23.8 1.1
-8.2 -17 1.7
-20.8 -13.8 2.1
-8.4 -16 1.5
-8.8 -14.6 2.9
-20.4 -13.8 0.5
-20.4 -13.8 0.5
-9 -15.4 0.1
-17.8 -24 2.5
-11 -12 2.3
-10.2 -12.8 1.5
-12.8 -24.2 2.5
-12.8 -24.2 2.5
-15.4 -11.2 0.1
-20.8 -14.2 4.5
-17.8 -24 2.9
-20 -13.4 0.3
-12.8 -24.2 2.9
-11 -12 3.1
-8.4 -16.4 4.3
-18 -23.8 1.5
-8.4 -19.4 1.7
-16.8 -24.2 4.1
-8.2 -16.6 2.1
-9 -14.6 1.1
-11.2 -12.2 0.7
-9 -15 0.5
-20.2 -13.2 4.1
-21 -21.2 2.7
-13.6 -24.4 2.1
-20.4 -13.6 4.5
-8.2 -16.6 3.3
-8.6 -19 4.9
-10.6 -12.6 0.9
-20 -13.2 4.7
-8.4 -17.2 0.7
-18 -23.8 3.9
-10 -13.2 0.9
-21 -21 1.5
-21 -21.2 2.5
-14.6 -11.2 0.1
-8.6 -16.6 0.3
-20 -12.8 2.1
-21 -21.2 2.9
-10.4 -12.6 1.5
-9 -14.6 4.3
-20.8 -14 1.3
-10 -13 1.5
-13 -24.2 1.7
-13 -24.2 1.7
-11.2 -12.2 4.7
-20 -12.8 3.3
-8.8 -14.6 2.3
-8.8 -14.6 3.1
-17.8 -24 2.3
-12.8 -24.2 2.3
-12.8 -24.2 2.3
-8.2 -16.4 2.7
-13 -24.2 3.7
-17.8 -24 3.1
-8.8 -16 0.1
-13.8 -24.4 1.7
-8.4 -19.6 2.1
-12.8 -24.2 3.1
-18 -23.6 0.7
-19.4 -13 5.5
-20.8 -21.4 1.7
-8.6 -16.2 0.5
-20.4 -13.2 2.7
-20.4 -13.2 2.7
-17 -24 0.7
-8.2 -16.4 2.5
-11 -12.6 0.1
-11 -12.2 1.1
-8.2 -16.4 2.9
-13.4 -24.2 1.1
-13.4 -24.2 1.1
-13.8 -24.4 3.7
-20.8 -21.4 3.7
-8.4 -16.6 0.9
-20.4 -13.2 2.5
-20.4 -13.2 2.5
-20.6 -14.2 0.3
-21 -21.2 2.3
-8.6 -15.2 1.7
-8.6 -17.2 0.1
-8.8 -14.8 1.5
-20.4 -13.2 2.9
-11 -12 2.1
-11.2 -12.8 5.9
-21 -21.2 3.1
-11.2 -12 1.3
-18 -23.6 4.7
-17.4 -23.8 0.5
-8.2 -17.2 1.5
-8.8 -15 1.1
-8.8 -15 1.1
-8.6 -15 2.7
-8.6 -15 2.7
-11 -12 3.3
-17.2 -24 0.9
-20.8 -21.2 1.1
-17.2 -23.8 0.3
-17.2 -24.2 1.9
-17 -24 4.7
-13.6 -24.2 0.9
-16.8 -24 0.5
-12.6 -24 1.3
-8.2 -17.2 3.9
-8.6 -15 2.5
-8.6 -15 2.5
-8.8 -19.8 0.5
-8.6 -15 2.9
-8.6 -15 2.9
-20.8 -13.8 1.9
-20.8 -21 0.7
-13.2 -24.2 1.3
-13.2 -24.2 1.3
-8.8 -15 4.3
-8.4 -17 0.7
-20.6 -14.2 5.1
-10.8 -12.2 1.7
-8.2 -16.4 2.3
-20.2 -13.4 0.7
-20.2 -13.4 0.7
-8.2 -16.8 1.7
-9 -14.8 0.7
-8.2 -16.4 3.1
-8.2 -16.6 1.9
-8.8 -14.6 2.1
-10.8 -13 5.7
-20.4 -13.2 2.3
-20.4 -13.2 2.3
-11 -12.4 0.5
-8.4 -19.2 1.3
-13.4 -24.4 2.7
-17.2 -23.8 5.1
-17.8 -24 2.1
-8.4 -19 1.1
-13.6 -24.4 1.9
-10.6 -12.4 1.5
-19.8 -12.8 1.1
-12.8 -24.2 2.1
-12.8 -24.2 2.1
-8.2 -16.8 3.7
-20.4 -13.2 3.1
-8.8 -14.6 3.3
-17.6 -24 1.5
-13.2 -24.2 4.1
-8.2 -16.6 3.5
-16.8 -24 4.9
-9.8 -13.2 1.5
-17.8 -24 3.3
-12.8 -24.2 3.3
-8.8 -19.8 4.9
-13.4 -24.4 2.5
-8.4 -17 4.7
-8.8 -19.6 0.3
-13.4 -24.4 2.9
-20.4 -13.4 1.3
-20.4 -13.4 1.3
-20.4 -13.4 1.3
-20 -12.8 1.9
-17.6 -23.8 0.7
-15 -24.6 2.7
-17.6 -24 3.9
-20.6 -13.6 1.5
-20.6 -13.6 1.5
-20 -13 1.1
-10.8 -12.4 0.9
-8.6 -15 2.3
-8.4 -19 4.3
-8.6 -15 2.3
-19.8 -12.8 4.3
-8.6 -18.8 0.3
-8.6 -19.6 0.9
-20.2 -13.6 0.3
-20.2 -13.6 0.3
-15.2 -24.6 2.7
-20 -12.8 3.5
-11 -12.4 4.9
-21 -21.2 2.1
-8.6 -19.4 0.7
-8.6 -15 3.1
-8.6 -15 3.1
-15 -24.6 2.5
-17 -23.8 0.1
-15 -24.6 2.9
-20.4 -13.4 4.1
-8.6 -17 0.1
-20.6 -13.6 3.9
-8.4 -19.6 1.9
-20.4 -14 0.1
-15.2 -24.6 2.5
-8.2 -17 1.5
-20 -13 4.3
-15.2 -24.6 2.9
-17.6 -23.8 4.7
-10.8 -12.4 4.5
-13.8 -24.2 0.7
-17.4 -24 1.1
-8.4 -19.4 1.5
-8.6 -19.4 4.7
-13.4 -24.4 2.3
-13.4 -24.4 3.1
-8.2 -16.4 2.1
-11 -12 1.9
-8.4 -18.8 0.9
-20.2 -13 1.9
-13 -24 0.7
-8.4 -16.2 1.1
-20.4 -13.2 2.1
-20.4 -13.2 2.1
-11 -12 3.5
-8.4 -16 1.3
-15 -24.6 2.3
-10.4 -13 0.3
-10.4 -13 0.3
-8.2 -19 2.5
-10.2 -12.8 1.3
-13.8 -24.2 4.7
-20.4 -13.2 3.3
-15 -24.6 3.1
-8.6 -19.8 1.1
-8.6 -16.4 0.3
-13 -24.2 1.5
-13 -24.2 1.5
-18 -23.8 1.3
-15.2 -24.6 2.3
-8.8 -15.4 0.5
-17.4 -24.2 2.5
-13.2 -24 0.5
-8.4 -18.8 4.5
-13.6 -10.8 2.7
-15.2 -24.6 3.1
-8.6 -19.2 0.5
-10.2 -12.6 2.7
-11.2 -11.8 2.7
-16.8 -24.2 1.1
-8.4 -16.8 0.7
-8.6 -15 2.1
-8.6 -15 2.1
-13.8 -24.4 1.5
-13 -24.2 3.9
-8.8 -14.6 1.9
-20.8 -21.4 1.5
-20.2 -13.2 1.1
-15 -11 0.5
-21 -21 1.3
-17.2 -24.2 1.7
-20.6 -13.8 0.9
-20.6 -13.8 0.9
-13.6 -10.8 2.5
-18 -23.8 4.1
-12.8 -24 0.9
-10.6 -12.8 0.3
-10.6 -12.8 0.3
-17.8 -24 1.9
-8.6 -15 3.3
-8.6 -15 3.3
-13.6 -10.8 2.9
-12.8 -24.2 1.9
-12.8 -24.2 1.9
-10.2 -12.6 2.5
-10.4 -12.6 1.3
-10.2 -13.2 0.3
-8.8 -19.4 0.1
-8.8 -15.6 0.3
-20.6 -13.4 2.7
-20.6 -13.4 2.7
-10.2 -12.6 2.9
-11.2 -11.8 2.5
-8.8 -14.6 3.5
-15.2 -11 0.5
-10 -13 1.3
-11.2 -11.8 2.9
-13.8 -24.4 3.9
-17.8 -24 3.5
-20.8 -21.4 3.9
-20.8 -13.8 1.7
-12.8 -24.2 3.5
-16.8 -24.2 4.3
-8.6 -15.2 1.5
-8.6 -15.6 0.9
-8.2 -19 2.3
-8.8 -15.2 0.7
-8.4 -16.4 0.9
-14.8 -11 0.5
-20.2 -13.2 4.3
-13.8 -10.8 1.9
-20.6 -13.4 2.5
-20.6 -13.4 2.5
-8.4 -16.8 4.7
-11.2 -12.4 0.1
-20.6 -13.4 2.9
-20.6 -13.4 2.9
-20.6 -13.8 4.5
-10.4 -12.8 0.7
-10.4 -12.8 0.7
-8.2 -16.6 1.7
-13.4 -24.4 2.1
-13.4 -24.4 2.1
-9.2 -14.8 0.1
-10.2 -13 0.7
-8.2 -16.2 2.7
-17.4 -24.2 2.3
-21 -21.2 1.9
-17.8 -23.8 0.9
-13.6 -24.4 1.7
-13.4 -24.4 3.3
-20.8 -14 1.1
-17.6 -23.6 0.1
-20.6 -14 0.5
-8.2 -16.2 2.5
-19.8 -13 0.5
-20.8 -14.2 0.7
-8.6 -16.8 0.1
-9 -14.6 0.9
-8.4 -16.4 4.5
-8.2 -16.2 2.9
-13.6 -10.8 2.3
-16.8 -24.4 2.7
-20.8 -21.6 2.7
-15.4 -11 0.5
-15 -24.6 2.1
-8.8 -14.8 1.3
-8.8 -14.8 1.3
-10.2 -12.6 2.3
-20 -12.8 1.7
-10.8 -12.2 1.5
-8.2 -16.8 1.5
-11.2 -11.8 2.3
-19.6 -12.8 0.5
-10.2 -12.6 3.1
-9.8 -13 2.7
-8.2 -17.2 1.3
-20.4 -13.6 0.7
-20.4 -13.6 0.7
-15 -24.6 3.3
-15.2 -24.6 2.1
-11.2 -11.8 3.1
-16.8 -24.4 2.5
-20.8 -21.6 2.5
-19.6 -13 0.1
-16.8 -24.4 2.9
-17.8 -23.6 0.3
-20 -12.8 3.7
-8.2 -16.4 1.9
-20.8 -21.6 2.9
-15.2 -24.6 3.3
-20.6 -13.4 2.3
-20.6 -13.4 2.3
-8.6 -16 0.5
-9.8 -13 2.5
-20.6 -14 4.9
-9 -14.6 4.5
-8.4 -19.8 2.3
-8.4 -19.6 1.7
-13.4 -24 0.3
-20.6 -13.4 3.1
-20.6 -13.4 3.1
-9.8 -13 2.9
-14.6 -11 0.5
-20.4 -13.2 1.9
-20.4 -13.2 1.9
-19.8 -13.2 0.1
-20.4 -13.6 4.7
-11.2 -12 1.1
-8.6 -15.4 1.1
-20.4 -13.2 3.5
-10.6 -12.6 0.7
-8.2 -16.2 2.3
-10 -13.2 0.7
-8.2 -16.2 3.1
-20 -13.2 0.5
-10.8 -12.6 0.3
-8.2 -19 2.1
-11 -12 1.7
-9.2 -14.6 0.3
-10.6 -12.4 1.3
-15.4 -24.6 2.1
-17.6 -24 1.3
-20.2 -13 1.7
-11 -12.2 0.9
-8.6 -15 1.9
-8.6 -15 1.9
-13.4 -24.2 0.9
-13.4 -24.2 0.9
-9.8 -13.2 1.3
-12.6 -24 1.1
-19.4 -12.8 0.1
-17.4 -24.2 2.1
-16.8 -24.4 2.3
-20.8 -21.6 2.3
-11.2 -12.2 0.5
-13.2 -24.2 1.1
-13.2 -24.2 1.1
-11 -12 3.7
-16.8 -24.4 3.1
-10.6 -13 5.5
-20.8 -21.6 3.1
-8.6 -15 3.5
-8.6 -15 3.5
-10.4 -13.2 5.5
-9.8 -13 2.3
-8.6 -19 0.3
-20.6 -13.6 1.3
-20.6 -13.6 1.3
-17.6 -24 4.1
-8.8 -15 0.9
-8.8 -15 0.9
-9.8 -13 3.1
-8.4 -17.2 0.5
-13.6 -10.8 2.1
-20.8 -21.2 0.9
-8.4 -19.2 1.1
-20 -13.2 4.9
-12.6 -24.2 2.7
-12.6 -24.2 2.7
-10.2 -12.6 2.1
-20.4 -13.8 0.3
-20.4 -13.8 0.3
-11.2 -11.8 2.1
-13.2 -24.2 4.3
-9 -15.2 0.1
-10.2 -12.6 3.3
-11.2 -12.6 5.7
-8.8 -14.6 1.7
-13.4 -24.4 1.9
-13.4 -24.4 1.9
-20.6 -13.6 4.1
-11.2 -11.8 3.3
-8.4 -16.6 0.7
-8.2 -17 1.3
-12.6 -24.2 2.5
-12.6 -24.2 2.5
-9 -15 0.3
-17.8 -24 1.7
-12.6 -24.2 2.9
-20.4 -13.4 1.1
-20.4 -13.4 1.1
-20.4 -13.4 1.1
-12.8 -24.2 1.7
-12.8 -24.2 1.7
-20.6 -13.4 2.1
-20.6 -13.4 2.1
-8.8 -15 4.5
-13.4 -24.4 3.5
-8.4 -19.8 2.1
-8.6 -19 5.1
-20.6 -13.4 3.3
-20.6 -13.4 3.3
-8.4 -19.4 1.3
-18 -23.6 0.5
-14 -10.8 1.5
-17.2 -24 0.7
-17.8 -24 3.7
-15 -24.6 1.9
-13.6 -24.2 0.7
-12.8 -24.2 3.7
-8.4 -19 0.9
-17 -24 0.5
-19.8 -12.8 0.9
-13.8 -10.8 1.7
-13.2 -24.4 2.7
-13.2 -24.4 2.7
-20 -13.4 0.1
-8.2 -16.2 2.1
-20.4 -13.4 4.3
-15.2 -24.6 1.9
-15 -24.6 3.5
-21 -21.2 1.7
-17.2 -24.2 1.5
-8.2 -16.2 3.3
-10.6 -12.2 2.7
-15.2 -24.6 3.5
-13.2 -24.4 2.5
-13.2 -24.4 2.5
-20 -13 0.9
-13.2 -24.4 2.9
-13.2 -24.4 2.9
-13 -24.2 1.3
-13 -24.2 1.3
-16.8 -24.4 2.1
-18 -23.6 4.9
-20.8 -21.6 2.1
-8.4 -19 4.5
-12.6 -24.2 2.3
-12.6 -24.2 2.3
-20.8 -13.8 1.5
-19.8 -12.8 4.5
-8.6 -16.2 0.3
-10.6 -12.2 2.5
-8.2 -19.2 2.7
-17 -24 4.9
-21.2 -21 2.7
-8.6 -16.6 0.1
-12.6 -24.2 3.1
-16.8 -24.4 3.3
-10.6 -12.2 2.9
-9.8 -13 2.1
-20.8 -21.6 3.3
-13.8 -24.4 1.3
-8.2 -16.6 1.5
-20.8 -21.4 1.3
-13 -24.2 4.1
-9.8 -13 3.3
-8.2 -19.2 2.5
-8.4 -16 1.1
-20.8 -21 0.5
-8.2 -19 1.9
-8.2 -16.4 1.7
-13.6 -24.4 1.5
-21.2 -21 2.5
-20 -13 4.5
-8.4 -17 0.5
-15.4 -24.6 1.9
-21.2 -21 2.9
-20.2 -13.4 0.5
-20.2 -13.4 0.5
-10.2 -12.8 1.1
-9 -14.8 0.5
-10.8 -12.4 0.7
-17.4 -24 0.9
-17.4 -23.8 0.3
-17.4 -24.2 1.9
-18 -23.8 1.1
-8.6 -19.6 0.7
-20.4 -13.2 1.7
-20.4 -13.2 1.7
-13.8 -24.4 4.1
-8.6 -15.2 1.3
-20.8 -21.4 4.1
-20 -12.8 1.5
-13.2 -24.4 2.3
-13.2 -24.4 2.3
-16.8 -24 0.3
-13.4 -10.8 2.7
-8.4 -16.2 0.9
-20.4 -13.2 3.7
-13.2 -24.4 3.1
-13.2 -24.4 3.1
-13.6 -10.8 1.9
-8.8 -19.8 0.3
-21 -21 1.1
-10.6 -12.2 2.3
-10.2 -12.6 1.9
-20.6 -14.2 0.1
-18 -23.8 4.3
-8.4 -17 4.9
-11.2 -11.8 1.9
-20 -12.8 3.9
-10.4 -12.6 1.1
-17.6 -23.8 0.5
-10.8 -12.4 4.7
-10.6 -12.2 3.1
-10 -13 1.1
-8.6 -15 1.7
-8.6 -15 1.7
-13.4 -10.8 2.5
-8.6 -19.8 0.9
-8.4 -19.6 1.5
-17.2 -23.8 0.1
-11.2 -11.8 3.5
-8.2 -19.2 2.3
-11 -12.4 0.3
-8.6 -19.4 0.5
-21.2 -21 2.3
-20.6 -13.4 1.9
-20.6 -13.4 1.9
-10.8 -12.2 1.3
-8.2 -16.8 1.3
-8.6 -15 3.7
-8.6 -15 3.7
-8.4 -19.8 1.9
-21.2 -21 3.1
-8.4 -18.8 0.7
-16.8 -24.2 0.9
-16.8 -24 5.1
-12.6 -24.2 2.1
-12.6 -24.2 2.1
-20.2 -13.2 0.9
-20.6 -13.4 3.5
-8.8 -19.8 5.1
-11 -12 1.5
-8.2 -16 2.7
-17.6 -23.8 4.9
-12.6 -24.2 3.3
-20.6 -14.2 5.3
-20.2 -13 1.5
-8.2 -16.2 1.9
-13.8 -24.2 0.5
-13.4 -24.4 1.7
-13.4 -24.4 1.7
-8.6 -19.4 4.9
-19.4 -13 5.7
-8.2 -16 2.5
-8.8 -14.8 1.1
-8.8 -14.8 1.1
-16.8 -24.2 4.5
-11 -12.4 5.1
-17 -24.2 1.1
-11 -12 3.9
-8.2 -16.2 3.5
-8.4 -18.8 4.7
-8.6 -14.8 2.7
-8.2 -16 2.9
-17.2 -23.8 5.3
-13.4 -10.8 2.3
-20.2 -13.2 4.5
-13.4 -24.4 3.7
-13 -24 0.5
-8.2 -17.2 1.1
-16.8 -24.4 1.9
-20.8 -21.6 1.9
-20.6 -13.8 0.7
-20.6 -13.8 0.7
-15 -24.6 1.7
-12.8 -24 0.7
-8.8 -19.6 0.1
-8.6 -14.8 2.5
-13.2 -24.4 2.1
-13.2 -24.4 2.1
-9.8 -13 1.9
-20.8 -14 0.9
-8.6 -14.8 2.9
-16.8 -24.4 3.5
-20.8 -21.6 3.5
-13.8 -24.2 4.9
-15.2 -24.6 1.7
-8.8 -14.6 1.5
-8.6 -18.8 0.1
-13.2 -24.4 3.3
-13.2 -24.4 3.3
-20.2 -13.6 0.1
-20.2 -13.6 0.1
-15 -24.6 3.7
-10.6 -12.2 2.1
-9.8 -13 3.5
-17.8 -24 1.5
-8.6 -15.6 0.7
-12.8 -24.2 1.5
-12.8 -24.2 1.5
-8.4 -16.4 0.7
-10.6 -12.2 3.3
-15.2 -24.6 3.7
-8.4 -16.8 0.5
-8.2 -19.2 2.1
-21.2 -21 2.1
-21.2 -21 2.1
-17.8 -23.8 0.7
-8.2 -16 2.3
-17.8 -24 3.9
-10.6 -12.4 1.1
-12.8 -24.2 3.9
-13.8 -10.8 1.5
-17.6 -24 1.1
-8.2 -16 3.1
-21.2 -21 3.3
-9.8 -13.2 1.1
-21 -21.2 1.5
-8.8 -15.4 0.3
-9 -14.6 0.7
-8.2 -19 1.7
-13.2 -24 0.3
-8.4 -16.4 4.7
-8.6 -14.8 2.3
-15.4 -24.6 1.7
-8.8 -15.2 0.5
-8.6 -19.2 0.3
-8.6 -14.8 3.1
-20.6 -13.6 1.1
-20.6 -13.6 1.1
-11.2 -12 0.9
-8.6 -15.4 0.9
-17.4 -24.2 1.7
-17.6 -24.2 2.7
-10.4 -12.8 0.5
-10.4 -12.8 0.5
-17.6 -24 4.3
-14 -10.8 1.3
-10.2 -13 0.5
-15 -11 0.3
-10.8 -12 2.7
-10.4 -13 0.1
-10.4 -13 0.1
-13.4 -10.8 2.1
-15.2 -11 0.3
-8.6 -16.4 0.1
-12.6 -24 0.9
-17.6 -24.2 2.5
-9 -14.6 4.7
-12.6 -24.2 1.9
-12.6 -24.2 1.9
-13.6 -10.8 1.7
-17.6 -24.2 2.9
-20.8 -14.2 0.5
-17.2 -24.2 1.3
-8.2 -17 1.1
-10.2 -12.6 1.7
-13.2 -24.2 0.9
-13.2 -24.2 0.9
-10.8 -12 2.5
-8.2 -16.4 1.5
-10 -12.8 1.7
-11.2 -11.8 1.7
-10.8 -12 2.9
-14.8 -11 0.3
-20.4 -13.6 0.5
-20.4 -13.6 0.5
-8.4 -19.4 1.1
-20.4 -13.2 1.5
-20.4 -13.2 1.5
-20.8 -13.8 1.3
-8.4 -19.2 0.9
-20.6 -13.4 1.7
-20.6 -13.4 1.7
-11.2 -11.8 3.7
-10.6 -12.8 0.1
-10.6 -12.8 0.1
-10.2 -13.2 0.1
-8.4 -19.8 1.7
-8.8 -15.6 0.1
-17 -24.4 2.3
-20.6 -14 0.3
-11 -12.2 0.7
-13.4 -24.2 0.7
-13.4 -24.2 0.7
-8.2 -16.6 1.3
-13.2 -24.2 4.5
-19.8 -13 0.3
-20.4 -13.2 3.9
-8.2 -16 2.1
-20.6 -13.4 3.7
-15.4 -11 0.3
-13.6 -24.4 1.3
-20.4 -13.4 0.9
-20.4 -13.4 0.9
-20.4 -13.4 0.9
-13.2 -24.4 1.9
-13.2 -24.4 1.9
-8.6 -15 1.5
-8.6 -15 1.5
-8.2 -16.2 1.7
-19.6 -12.8 0.3
-8.2 -16 3.3
-17.6 -24.2 2.3
-13 -24.2 1.1
-13 -24.2 1.1
-10.6 -12.6 0.5
-20.4 -13.6 4.9
-8.8 -15 0.7
-8.8 -15 0.7
-20.8 -21.2 0.7
-10.6 -12.2 1.9
-17.6 -24.2 3.1
-13.2 -24.4 3.5
-13.2 -24.4 3.5
-10 -13.2 0.5
-10.8 -12 2.3
-8.6 -14.8 2.1
-20 -12.8 1.3
-8.6 -16 0.3
-10.8 -12 3.1
-8.2 -16.2 3.7
-8.6 -15 3.9
-8.6 -15 3.9
-8.6 -14.8 3.3
-13.8 -24.4 1.1
-16.8 -24.4 1.7
-10.6 -12.2 3.5
-20.6 -14 5.1
-20.8 -21.6 1.7
-14.6 -11 0.3
-20.8 -21.4 1.1
-20.4 -13.4 4.5
-8.2 -19.2 1.9
-21.2 -21 1.9
-21.2 -21 1.9
-13 -24.2 4.3
-9.8 -13 1.7
-20 -12.8 4.1
-8.4 -19.6 1.3
-16.8 -24.4 3.7
-13.4 -24.4 1.5
-13.4 -24.4 1.5
-20.8 -21.6 3.7
-21.2 -21 3.5
-8.6 -15.2 1.1
-20 -13.2 0.3
-13.8 -24.4 4.3
-17.8 -23.6 0.1
-9.8 -13 3.7
-8.4 -19 0.7
-20.8 -21.4 4.3
-19.8 -12.8 0.7
-20.2 -12.8 2.7
-13.4 -24 0.1
-13.4 -24.4 3.9
-8.4 -16.6 0.5
-11.2 -12.2 0.3
-15 -24.6 1.5
-13 -24.4 2.7
-13 -24.4 2.7
-8.4 -16 0.9
-11 -12 1.3
-20.2 -12.8 2.5
-13.4 -10.8 1.9
-10.2 -12.8 0.9
-17 -24.4 2.1
-20.2 -13 1.3
-20.2 -12.8 2.9
-20 -13 0.7
-15.2 -24.6 1.5
-18 -23.8 0.9
-8.4 -17.2 0.3
-17.2 -24 0.5
-13 -24.4 2.5
-13 -24.4 2.5
-8.4 -19 4.7
-10.8 -12.6 0.1
-15 -24.6 3.9
-13.6 -24.2 0.5
-13 -24.4 2.9
-13 -24.4 2.9
-19.8 -12.8 4.7
-8.4 -15.2 2.7
-10.8 -12.2 1.1
-9.2 -14.6 0.1
-8.2 -16.8 1.1
-11 -12 4.1
-17.6 -24.2 2.1
-21 -21 0.9
-10.8 -12 2.1
-17.6 -24.2 3.3
-8.4 -15.2 2.5
-13.2 -10.8 2.7
-8.4 -15.2 2.9
-10.4 -12.6 0.9
-18 -23.8 4.5
-20 -13 4.7
-10 -13 0.9
-10.8 -12 3.3
-8.6 -19 0.1
-17.4 -24 0.7
-8.8 -14.6 1.3
-12.6 -24.2 1.7
-12.6 -24.2 1.7
-18 -23.6 0.3
-8.2 -16 1.9
-8.2 -19 1.5
-13.2 -10.8 2.5
-17.8 -24 1.3
-13.8 -24.6 2.7
-12.8 -24.2 1.3
-12.8 -24.2 1.3
-15.4 -24.6 1.5
-20.2 -12.8 2.3
-20.4 -13.8 0.1
-20.4 -13.8 0.1
-13.2 -10.8 2.9
-17 -24 0.3
-20.2 -12.8 3.1
-17.4 -24.2 1.5
-8.4 -16.2 0.7
-8.2 -16 3.5
-13 -24.4 2.3
-13 -24.4 2.3
-13.8 -24.6 2.5
-8.6 -14.8 1.9
-8.6 -14.8 1.9
-9 -15 0.1
-13.8 -24.6 2.9
-13 -24.4 3.1
-13 -24.4 3.1
-13.8 -10.8 1.3
-12.8 -24.2 4.1
-8.6 -19.8 0.7
-10.8 -12.4 0.5
-20.4 -13 2.7
-8.6 -14.8 3.5
-13.6 -10.8 1.5
-8.6 -19.6 0.5
-21 -21.2 1.3
-8.6 -19 5.3
-8.4 -15.2 2.3
-10.2 -12.6 1.5
-18 -23.6 5.1
-10 -12.8 1.5
-8.8 -14.8 0.9
-8.8 -14.8 0.9
-11.2 -11.8 1.5
-13.2 -24.4 1.7
-13.2 -24.4 1.7
-17 -24.2 0.9
-16.8 -24.2 0.7
-20.4 -13 2.5
-8.2 -17.2 0.9
-20.4 -13 2.9
-20.2 -13.2 0.7
-10.6 -12.2 1.7
-13.2 -10.8 2.3
-20.6 -13.4 1.5
-20.6 -13.4 1.5
-13.2 -24.4 3.7
-13.2 -24.4 3.7
-20.8 -21 0.3
-8.4 -17 0.3
-13.2 -10.8 3.1
-8.4 -19.8 1.5
-20.2 -13.4 0.3
-20.2 -13.4 0.3
-10.6 -13 5.7
-9 -14.8 0.3
-8.2 -19.2 1.7
-13.8 -24.6 2.3
-21.2 -21 1.7
-21.2 -21 1.7
-8.6 -16.2 0.1
-8.2 -16.4 1.3
-20.6 -13.4 3.9
-13.8 -24.6 3.1
-17 -24.4 1.9
-16.8 -24.2 4.7
-8.2 -16.2 1.5
-8 -16.8 2.7
-8.4 -18.8 0.5
-20.2 -13.2 4.7
-20.4 -13.2 1.3
-20.4 -13.2 1.3
-14 -10.8 1.1
-21.2 -21 3.7
-20.2 -12.8 2.1
-10.6 -12.4 0.9
-17.6 -24 0.9
-17.6 -23.8 0.3
-20.8 -14 0.7
-8 -16.8 2.5
-8.4 -17 5.1
-17.6 -24.2 1.9
-20.4 -13 2.3
-8.2 -16.2 3.9
-8 -16.8 2.9
-16.8 -24.4 1.5
-9.8 -13.2 0.9
-17.4 -23.8 0.1
-20.2 -12.8 3.3
-20.8 -21.6 1.5
-13 -24.4 2.1
-13 -24.4 2.1
-21 -21.4 1.9
-20.4 -13 3.1
-10.8 -12 1.9
-8 -17 2.1
-10.4 -12.4 1.5
-17.2 -24.2 1.1
-20.4 -13.2 4.1
-8.6 -19.4 0.3
-11 -11.8 2.7
-17.6 -24.2 3.5
-9.8 -13 1.5
-13.4 -10.8 1.7
-13 -24.4 3.3
-13 -24.4 3.3
-8.6 -15 1.3
-8.6 -15 1.3
-8.4 -18.8 4.9
-20.6 -13.6 0.9
-20.6 -13.6 0.9
-16.8 -24 0.1
-10.8 -12 3.5
-16.8 -24.4 3.9
-20.8 -21.6 3.9
-20.8 -13.8 1.1
-8.8 -19.8 0.1
-8.4 -15.2 2.1
-11.2 -12.6 5.9
-17.6 -24 4.5
-20.6 -13.8 0.5
-20.6 -13.8 0.5
-11 -11.8 2.5
-12.8 -24 0.5
-11 -11.8 2.9
-17.6 -23.8 5.1
-13.8 -24.2 0.3
-8.2 -16.6 1.1
-8.6 -15 4.1
-8.6 -15 4.1
-13.2 -10.8 2.1
-8.2 -17 0.9
-11 -12.4 0.1
-13.6 -24.4 1.1
-8.6 -15.6 0.5
-8.4 -16.4 0.5
-8 -16.8 2.3
-13.2 -10.8 3.3
-11.2 -12 0.7
-8.6 -15.4 0.7
-13.4 -24.4 1.3
-13.4 -24.4 1.3
-13 -24 0.3
-8 -16.8 3.1
-8.4 -19.4 0.9
-13.8 -24.6 2.1
-8.2 -16 1.7
-16.8 -24 5.3
-17.8 -23.8 0.5
-20 -12.8 1.1
-8.8 -19.8 5.3
-17.2 -24.4 2.7
-13.8 -24.6 3.3
-12.6 -24 0.7
-8.2 -16 3.7
-13.8 -24.2 5.1
-13.4 -24.4 4.1
-9 -14.6 0.5
-8.6 -14.8 1.7
-8.6 -14.8 1.7
-15 -24.6 1.3
-11 -11.8 2.3
-13.2 -24.2 0.7
-13.2 -24.2 0.7
-17.2 -24.4 2.5
-8.4 -16.4 4.9
-11 -11.8 3.1
-11 -12.4 5.3
-20.4 -13 2.1
-17.2 -24.4 2.9
-8.4 -19.6 1.1
-15.2 -24.6 1.3
-20 -12.8 4.3
-13 -24.2 0.9
-13 -24.2 0.9
-8.4 -16.8 0.3
-12.6 -24.2 1.5
-12.6 -24.2 1.5
-14 -10.6 2.7
-8.6 -14.8 3.7
-20.8 -21.8 2.7
-20.6 -13.2 2.7
-20.6 -13.2 2.7
-8.4 -19.2 0.7
-20.4 -13 3.3
-15 -24.6 4.1
-13.8 -24.4 0.9
-20.6 -14.2 5.5
-14 -10.6 2.5
-20.8 -21.4 0.9
-20.8 -21.8 2.5
-20.6 -13.2 2.5
-20.6 -13.2 2.5
-13.2 -24.2 4.7
-9 -14.6 4.9
-14 -10.6 2.9
-20.8 -21.8 2.9
-20.6 -13.2 2.9
-20.6 -13.2 2.9
-20.2 -12.8 1.9
-11 -12 1.1
-20.4 -13.4 0.7
-20.4 -13.4 0.7
-20.4 -13.4 0.7
-13 -24.2 4.5
-8.8 -15.2 0.3
-20.2 -13 1.1
-17.2 -23.8 5.5
-13 -24.4 1.9
-13 -24.4 1.9
-10.4 -12.8 0.3
-10.4 -12.8 0.3
-20.2 -12.8 3.5
-8 -17 1.9
-10.2 -13 0.3
-8.6 -15.2 0.9
-8.2 -19 1.3
-13.2 -24.4 1.5
-13.2 -24.4 1.5
-15.4 -24.6 1.3
-17.2 -24.4 2.3
-8 -16.8 2.1
-13.8 -24.4 4.5
-17 -24.4 1.7
-20.8 -21.4 4.5
-13 -24.4 3.5
-13 -24.4 3.5
-17.2 -24.4 3.1
-11 -12.2 0.5
-13.4 -24.2 0.5
-13.4 -24.2 0.5
-11 -12 4.3
-17.4 -24.2 1.3
-8 -16.8 3.3
-8 -16.6 2.7
-10.6 -12.2 1.5
-8.4 -15.2 1.9
-8.8 -15.4 0.1
-20.8 -14.2 0.3
-20.4 -13.4 4.7
-21.2 -21.2 2.7
-13.2 -24 0.1
-13.2 -24.4 3.9
-13.2 -24.4 3.9
-8.6 -19.2 0.1
-17.6 -24.2 1.7
-8.8 -14.6 1.1
-14 -10.6 2.3
-8.2 -19.6 2.7
-20.4 -13.6 0.3
-20.4 -13.6 0.3
-8.8 -15 0.5
-8.8 -15 0.5
-13.6 -10.8 1.3
-21 -21.4 1.7
-8 -16.6 2.5
-8.2 -19.2 1.5
-20.8 -21.8 2.3
-20.6 -13.2 2.3
-20.6 -13.2 2.3
-13.2 -10.8 1.9
-10.8 -12 1.7
-21.2 -21 1.5
-21.2 -21 1.5
-11 -11.8 2.1
-20.8 -21.2 0.5
-8 -16.6 2.9
-15 -11 0.1
-10.2 -12.6 1.3
-21.2 -21.2 2.5
-17.8 -24 1.1
-14 -10.6 3.1
-10 -12.8 1.3
-12.8 -24.2 1.1
-12.8 -24.2 1.1
-11.2 -11.8 1.3
-10.8 -12.2 0.9
-20.8 -21.8 3.1
-20.6 -13.2 3.1
-20.6 -13.2 3.1
-21.2 -21.2 2.9
-8.2 -18.8 1.1
-8.2 -16.8 0.9
-17.6 -24.2 3.7
-11 -11.8 3.3
-15.2 -11 0.1
-8.2 -19.6 2.5
-10.8 -12 3.7
-13.8 -24.6 1.9
-8.2 -19.6 2.9
-18 -24 1.5
-21.2 -21 3.9
-10 -12.6 2.7
-20.6 -13.4 1.3
-20.6 -13.4 1.3
-8.4 -16 0.7
-13.8 -10.8 1.1
-19.4 -13 5.9
-8.4 -19.8 1.3
-14.8 -11 0.1
-10.2 -12.8 0.7
-17.8 -24.2 2.7
-8 -17.2 1.7
-13.8 -24.6 3.5
-12.8 -24.2 4.3
-10.6 -12.6 0.3
-18 -23.8 0.7
-21 -21.2 1.1
-20.4 -13.6 5.1
-8.4 -15.6 1.1
-10 -12.6 2.5
-10 -13.2 0.3
-10 -12.6 2.9
-8.4 -19 0.5
-13.4 -10.8 1.5
-19.8 -12.8 0.5
-20.6 -13.4 4.1
-17.8 -24.2 2.5
-20.4 -13 1.9
-20.4 -13 1.9
-8.2 -16.2 1.3
-17.8 -24.2 2.9
-20.6 -14 0.1
-8 -16.6 2.3
-19.8 -13 0.1
-21.2 -21.2 2.3
-21 -21 0.7
-8 -16.6 3.1
-20.4 -13 3.5
-17.2 -24.4 2.1
-15.4 -11 0.1
-10.4 -12.6 0.7
-21.2 -21.2 3.1
-10 -13 0.7
-8.2 -19.6 2.3
-19.6 -12.8 0.1
-18 -23.8 4.7
-16.8 -24.4 1.3
-20 -13 0.5
-17.2 -24.4 3.3
-20.8 -21.6 1.3
-8.2 -16.2 4.1
-10.4 -12.4 1.3
-8.2 -19.6 3.1
-8.2 -16.4 1.1
-9.8 -13 1.3
-8.4 -19 4.9
-19.8 -12.8 4.9
-8.6 -16 0.1
-14 -10.6 2.1
-20.4 -13.2 1.1
-20.4 -13.2 1.1
-20.8 -21.8 2.1
-20.6 -13.2 2.1
-20.6 -13.2 2.1
-14.6 -11 0.1
-10 -12.6 2.3
-16.8 -24.4 4.1
-8.2 -16 1.5
-20.6 -14 5.3
-8.4 -16.6 0.3
-20.8 -21.6 4.1
-14 -10.6 3.3
-8 -16.8 1.9
-10 -12.6 3.1
-17.8 -24.2 2.3
-20.8 -21.8 3.3
-20.6 -13.2 3.3
-20.6 -13.2 3.3
-20 -13 4.9
-17.4 -24 0.5
-17.8 -24.2 3.1
-8 -16.8 3.5
-8.6 -14.8 1.5
-8.6 -14.8 1.5
-17.2 -24 0.3
-8.2 -16 3.9
-20.2 -12.8 1.7
-20 -13.2 0.1
-13.6 -24.2 0.3
-8.8 -14.8 0.7
-8.8 -14.8 0.7
-20.4 -13.2 4.3
-17 -24.2 0.7
-8.6 -15 1.1
-8.6 -15 1.1
-8.2 -17.2 0.7
-8.4 -16.2 0.5
-13 -24.4 1.7
-13 -24.4 1.7
-14 -10.8 0.9
-8 -17 1.7
-11 -11.8 1.9
-20.2 -12.8 3.7
-9.8 -12.8 2.3
-11.2 -12.2 0.1
-8.6 -14.8 3.9
-12.8 -24.4 2.3
-8.6 -19.8 0.5
-11 -11.8 3.5
-13 -24.4 3.7
-8 -16.6 2.1
-8.4 -15.2 1.7
-21.2 -21.2 2.1
-21.2 -21.2 2.1
-8.6 -15 4.3
-8.6 -15 4.3
-17.2 -24.2 0.9
-8.4 -17.2 0.1
-8 -16.6 3.3
-13.8 -10.6 2.5
-8.4 -15.4 1.3
-21.2 -21.2 3.3
-8.2 -19.6 2.1
-16.8 -24.2 0.5
-13.4 -24.4 1.1
-13.4 -24.4 1.1
-12.6 -24.2 1.3
-12.6 -24.2 1.3
-13.2 -10.8 1.7
-10.4 -12.2 2.7
-20.8 -13.8 0.9
-20.2 -13.2 0.5
-8.2 -19.6 3.3
-10.6 -12.4 0.7
-17 -24.4 1.5
-17.6 -24 0.7
-20.8 -13.4 2.7
-8.4 -15 2.5
-9.8 -13.2 0.7
-10.8 -12.4 0.3
-8.2 -16.6 0.9
-13.8 -24.6 1.7
-10.4 -12.2 2.5
-10 -12.6 2.1
-8.6 -19.6 0.3
-18 -23.6 0.1
-10.4 -12.2 2.9
-15 -24.6 1.1
-13.4 -24.4 4.3
-17.2 -24.4 1.9
-13.6 -24.4 0.9
-17.8 -24.2 2.1
-20.8 -13.4 2.5
-17 -24 0.1
-10 -12.6 3.3
-17.6 -24.2 1.5
-20.8 -13.4 2.9
-20.6 -13.6 0.7
-20.6 -13.6 0.7
-15.2 -24.6 1.1
-16.8 -24.2 4.9
-13.8 -24.6 3.7
-21 -21.4 1.5
-17.8 -24.2 3.3
-17.2 -24.4 3.5
-10.8 -12 1.5
-20.2 -13.2 4.9
-13.2 -24.4 1.3
-13.2 -24.4 1.3
-20 -12.8 0.9
-13.8 -10.6 2.3
-20.4 -13 1.7
-20.4 -13 1.7
-20.8 -14 0.5
-15 -24.6 4.3
-17.6 -24.2 3.9
-14 -10.6 1.9
-20.8 -21.8 1.9
-20.6 -13.2 1.9
-20.6 -13.2 1.9
-10.6 -12.2 1.3
-9.8 -12.8 2.1
-10.8 -12 3.9
-8.2 -17 0.7
-18 -23.6 5.3
-20.4 -13 3.7
-14 -10.6 3.5
-12.8 -24.4 2.1
-13.2 -24.4 4.1
-13.2 -24.4 4.1
-20.8 -21.8 3.5
-8 -17.2 1.5
-20.6 -13.2 3.5
-20.6 -13.2 3.5
-8.4 -15 2.3
-8.4 -18.8 0.3
-8.4 -19.6 0.9
-10.4 -12.2 2.3
-8.4 -19.4 0.7
-8.2 -19.2 1.3
-20 -12.8 4.5
-21.2 -21 1.3
-21.2 -21 1.3
-8.2 -19 1.1
-20.8 -21 0.1
-15.4 -24.6 1.1
-20.8 -13.4 2.3
-8.4 -17 0.1
-20.2 -13.4 0.1
-20.2 -13.4 0.1
-9 -14.8 0.1
-20.8 -13.4 3.1
-17.4 -24.2 1.1
-18 -24 1.3
-21 -21.6 2.7
-13.4 -24.6 2.7
-13.4 -24.6 2.7
-21.2 -21 4.1
-11 -12 0.9
-8.6 -19 5.5
-8 -16.8 1.7
-13.6 -24.6 1.9
-20.2 -13 0.9
-11.2 -12 0.5
-8 -16.6 1.9
-8.6 -15.4 0.5
-13 -24.2 0.7
-13 -24.2 0.7
-8.4 -18.8 5.1
-13.6 -10.8 1.1
-21.2 -21.2 1.9
-21.2 -21.2 1.9
-21 -21.6 2.5
-10.2 -12.6 1.1
-13.4 -24.6 2.5
-13.4 -24.6 2.5
-20.6 -13.8 0.3
-20.6 -13.8 0.3
-10 -12.8 1.1
-21 -21.6 2.9
-8 -16.8 3.7
-11.2 -11.8 1.1
-13.4 -24.6 2.9
-13.4 -24.6 2.9
-12.8 -24 0.3
-13.4 -10.8 1.3
-8 -16.6 3.5
-17.6 -23.8 0.1
-8.2 -19.6 1.9
-21.2 -21.2 3.5
-13.8 -24.4 0.7
-12.6 -24 0.5
-20.8 -21.4 0.7
-11 -11.8 1.7
-20.6 -13.4 1.1
-20.6 -13.4 1.1
-20.6 -13.4 1.1
-13.8 -10.6 2.1
-8.6 -19.4 0.1
-13.2 -24.2 0.5
-13.2 -24.2 0.5
-8.2 -19.6 3.5
-8.6 -15.6 0.3
-8.4 -19.8 1.1
-8.4 -16.4 0.3
-13 -24.2 4.7
-8.2 -19.4 1.5
-8.8 -14.6 0.9
-10 -12.6 1.9
-11 -11.8 3.7
-8.6 -15.2 0.7
-8.4 -19.2 0.5
-20.2 -12.8 1.5
-17.8 -24 0.9
-17.4 -24.4 2.7
-17.8 -23.8 0.3
-12.8 -24.2 0.9
-12.8 -24.2 0.9
-17.8 -24.2 1.9
-8.2 -18.8 0.9
-8.4 -15 2.1
-8.2 -16.2 1.1
-13.8 -24.4 4.7
-10 -12.6 3.5
-20.6 -13.4 4.3
-20.8 -21.4 4.7
-10.4 -12.2 2.1
-13 -24.4 1.5
-13 -24.4 1.5
-13.8 -24.2 0.1
-17.6 -23.8 5.3
-8 -17 1.5
-21 -21.6 2.3
-8.2 -16 1.3
-13.4 -24.6 2.3
-13.4 -24.6 2.3
-17.8 -24.2 3.5
-9 -14.6 0.3
-17.4 -24.4 2.5
-20.8 -13.4 2.1
-20.2 -12.8 3.9
-13.2 -24.2 4.9
-17.4 -24.4 2.9
-21 -21.6 3.1
-20.4 -13.4 0.5
-20.4 -13.4 0.5
-20.4 -13.4 0.5
-13.8 -10.8 0.9
-13.4 -24.6 3.1
-13.4 -24.6 3.1
-16.8 -24.4 1.1
-20.8 -13.4 3.3
-13 -24 0.1
-20.8 -21.6 1.1
-12.8 -24.2 4.5
-8.4 -15.2 1.5
-21 -21.2 0.9
-9.8 -12.8 1.9
-10.4 -12.4 1.1
-8.4 -15.6 0.9
-8.2 -16.2 4.3
-8.6 -14.8 1.3
-8.6 -14.8 1.3
-17.2 -24.4 1.7
-8.2 -16 4.1
-9.8 -13 1.1
-10.8 -12.2 0.7
-12.8 -24.4 1.9
-8.2 -16.8 0.7
-13.2 -10.8 1.5
-17.2 -24.4 3.7
-16.8 -24.4 4.3
-13.8 -24.2 5.3
-9 -14.6 5.1
-20.8 -21.6 4.3
-8.6 -14.8 4.1
-20.4 -13.4 4.9
-14 -10.6 1.7
-8.4 -16.8 0.1
-20.8 -21.8 1.7
-20.6 -13.2 1.7
-20.6 -13.2 1.7
-13.8 -24.6 1.5
-13.6 -10.6 2.7
-17.4 -24.4 2.3
-8.2 -16.4 0.9
-16.8 -24 5.5
-15 -24.8 2.3
-17.4 -24.4 3.1
-14 -10.6 3.7
-8.8 -19.8 5.5
-20.8 -21.8 3.7
-20.6 -13.2 3.7
-20.6 -13.2 3.7
-11 -12.2 0.3
-13.4 -24.2 0.3
-13.4 -24.2 0.3
-13.6 -10.6 2.5
-20.4 -13.2 0.9
-20.4 -13.2 0.9
-13.8 -24.6 3.9
-13.6 -10.6 2.9
-8.4 -16 0.5
-17 -24.4 1.3
-20.4 -13 1.5
-20.4 -13 1.5
-8.8 -15.2 0.1
-10.2 -12.8 0.5
-11 -12.4 5.5
-21 -21.6 2.1
-8.8 -15 0.3
-8.8 -15 0.3
-18 -23.8 0.5
-10.4 -12.8 0.1
-10.4 -12.8 0.1
-13.4 -24.6 2.1
-13.4 -24.6 2.1
-10.2 -13 0.1
-20.8 -21.2 0.3
-13.8 -10.6 1.9
-13.6 -24.6 1.7
-21 -21.6 3.3
-8.4 -15.4 1.1
-17.6 -24.2 1.3
-20.4 -13.2 4.5
-13.4 -24.6 3.3
-13.4 -24.6 3.3
-20.4 -13 3.9
-8.6 -15 0.9
-8.6 -15 0.9
-8 -16.6 1.7
-8 -16.2 2.7
-12.6 -24.2 1.1
-12.6 -24.2 1.1
-21 -21.4 1.3
-21.2 -21.2 1.7
-21.2 -21.2 1.7
-10.8 -12 1.3
-20.8 -14.2 0.1
-21 -21 0.5
-16.8 -24.6 2.7
-10.4 -12.6 0.5
-8.4 -15 1.9
-8.2 -19.8 2.3
-8.2 -19.6 1.7
-8 -16.6 3.7
-10 -13 0.5
-8 -16.2 2.5
-10.4 -12.2 1.9
-17.6 -24.2 4.1
-13.6 -10.6 2.3
-21.2 -21.2 3.7
-8 -16.2 2.9
-20.4 -13.6 0.1
-20.4 -13.6 0.1
-18 -23.8 4.9
-16.8 -24.6 2.5
-13.6 -10.6 3.1
-20.8 -13.4 1.9
-8.6 -15 4.5
-8.6 -15 4.5
-16.8 -24.6 2.9
-8 -16.8 1.5
-8.4 -19 0.3
-8.2 -19.6 3.7
-19.8 -12.8 0.3
-8 -17.2 1.3
-13.4 -24.4 0.9
-13.4 -24.4 0.9
-10 -12.6 1.7
-14 -10.8 0.7
-20.8 -13.4 3.5
-17.4 -24.4 2.1
-20.6 -14.2 5.7
-8 -16.4 1.9
-13.2 -24.4 1.1
-13.2 -24.4 1.1
-17.8 -24.2 1.7
-15 -24.8 2.1
-8 -16.8 3.9
-17.4 -24.4 3.3
-10 -12.6 3.7
-20 -13 0.3
-10.6 -12.6 0.1
-15.2 -24.8 2.1
-11 -11.8 1.5
-10.6 -12.2 1.1
-17.2 -23.8 5.7
-17.2 -24.2 0.7
-15 -24.6 0.9
-10 -13.2 0.1
-17.8 -24.2 3.7
-12.6 -24.4 2.7
-20.4 -13.6 5.3
-21.4 -21 2.7
-8.8 -14.8 0.5
-8.8 -14.8 0.5
-13.4 -24.4 4.5
-17 -24.2 0.5
-8 -16.2 2.3
-8.4 -19 5.1
-19.8 -12.8 5.1
-15.2 -24.6 0.9
-13.2 -24.4 4.3
-13.2 -24.4 4.3
-10.6 -12 2.1
-10.2 -12.4 1.7
-8.2 -17.2 0.5
-8.2 -19.2 1.1
-9.8 -12.8 1.7
-8 -16.2 3.1
-21.2 -21 1.1
-21.2 -21 1.1
-16.8 -24.6 2.3
-20.8 -13.8 0.7
-11 -11.8 3.9
-12.6 -24.4 2.5
-12.6 -24.4 2.5
-21.4 -21 2.5
-12.6 -24.4 2.9
-16.8 -24.6 3.1
-12.8 -24.4 1.7
-12.8 -24.4 1.7
-21.4 -21 2.9
-15 -24.6 4.5
-17.4 -24 0.3
-8.2 -16.6 0.7
-18 -24 1.1
-20 -13 5.1
-13.6 -24.4 0.7
-8.2 -19.8 2.1
-21.2 -21 4.3
-8.2 -19.4 1.3
-13.6 -10.6 2.1
-21 -21.6 1.9
-8.4 -16.2 0.3
-13.4 -24.6 1.9
-13.4 -24.6 1.9
-8.2 -19 0.9
-17.2 -24.4 1.5
-20.2 -12.8 1.3
-8.4 -16.6 0.1
-13.6 -10.6 3.3
-20 -12.8 0.7
-15.4 -24.6 0.9
-13.4 -10.8 1.1
-10.6 -12.4 0.5
-17.6 -24 0.5
-21 -21.6 3.5
-13.4 -24.6 3.5
-13.4 -24.6 3.5
-17.4 -24.2 0.9
-8.6 -19.8 0.3
-13 -24.4 1.3
-13 -24.4 1.3
-9.8 -13.2 0.5
-8 -17 1.3
-12.6 -24.4 2.3
-12.6 -24.4 2.3
-21.4 -21 2.3
-17.2 -24 0.1
-17.2 -24.4 3.9
-13.6 -24.2 0.1
-20.2 -12.8 4.1
-12.6 -24.4 3.1
-21.4 -21 3.1
-20.8 -13.6 1.1
-14 -10.6 1.5
-8.4 -19.6 0.7
-20.6 -13.6 0.5
-20.6 -13.6 0.5
-13.2 -24.6 2.7
-16.8 -24.2 0.3
-20.8 -21.8 1.5
-20.6 -13.2 1.5
-20.6 -13.2 1.5
-13.6 -10.8 0.9
-8.4 -15.2 1.3
-20.2 -13.2 0.3
-10.2 -12.6 0.9
-20 -12.8 4.7
-13.8 -10.6 1.7
-10 -12.8 0.9
-11.2 -11.8 0.9
-20.6 -14 5.5
-8 -16.2 2.1
-13.2 -24.6 2.5
-14 -10.6 3.9
-13.2 -24.6 2.9
-20.8 -21.8 3.9
-20.6 -13.2 3.9
-20.6 -13.2 3.9
-13.2 -10.8 1.3
-17.4 -24.4 1.9
-10.8 -11.8 2.7
-16.8 -24.6 2.1
-8.2 -16 1.1
-8 -16.2 3.3
-8.2 -17 0.5
-20.6 -13.4 0.9
-20.6 -13.4 0.9
-20.6 -13.4 0.9
-15 -24.8 1.9
-11 -12 0.7
-8.4 -15 1.7
-8.4 -19.8 0.9
-16.8 -24.6 3.3
-20.2 -13 0.7
-17.4 -24.4 3.5
-10.4 -12.2 1.7
-13.8 -24.6 1.3
-10.8 -11.8 2.5
-15.2 -24.8 1.9
-8.4 -19.4 0.5
-16.8 -24.2 5.1
-10.8 -11.8 2.9
-8.6 -14.8 1.1
-8.6 -14.8 1.1
-20.8 -13.4 1.7
-20.2 -13.2 5.1
-13.6 -24.6 1.5
-20.4 -12.8 2.7
-8.2 -16 4.3
-20.8 -14 0.3
-8.2 -16.2 0.9
-8 -16.6 1.5
-10.6 -12 1.9
-10.8 -12.4 0.1
-20.6 -13.4 4.5
-21.2 -21.2 1.5
-21.2 -21.2 1.5
-8.6 -19.6 0.1
-8 -16.4 1.7
-20.8 -13.4 3.7
-13.8 -24.6 4.1
-20.4 -12.8 2.5
-20.4 -13 1.3
-20.4 -13 1.3
-20.4 -12.8 2.9
-8.2 -19.6 1.5
-8.6 -14.8 4.3
-13.2 -24.6 2.3
-16.8 -24.4 0.9
-8 -16.6 3.9
-13 -24.2 0.5
-13 -24.2 0.5
-8.8 -14.6 0.7
-20.8 -21.6 0.9
-13.2 -24.6 3.1
-21.2 -21.2 3.9
-12.6 -24.4 2.1
-12.6 -24.4 2.1
-10.4 -12.4 0.9
-21.4 -21 2.1
-21.2 -21.4 2.7
-17.8 -24 0.7
-8.4 -14.8 2.7
-8.2 -16.2 4.5
-12.8 -24.2 0.7
-12.8 -24.2 0.7
-9.8 -13 0.9
-8.2 -19.8 1.9
-8.2 -18.8 0.7
-13.4 -10.6 2.7
-8.2 -19.6 3.9
-21.4 -21 3.3
-13.6 -10.6 1.9
-20.4 -13 4.1
-10.8 -11.8 2.3
-13.8 -24.4 0.5
-10 -12.6 1.5
-20.8 -21.4 0.5
-21.2 -21.4 2.5
-8.4 -14.8 2.5
-10.8 -11.8 3.1
-21.2 -21.4 2.9
-17.8 -24.2 1.5
-8.4 -14.8 2.9
-13.4 -10.6 2.5
-16.8 -24.4 4.5
-13.8 -10.8 0.7
-13.6 -10.6 3.5
-17 -24.4 1.1
-20.8 -21.6 4.5
-13.4 -10.6 2.9
-8.4 -18.8 0.1
-11.2 -12 0.3
-8.6 -15.4 0.3
-13 -24.2 4.9
-10 -12.6 3.9
-21 -21.2 0.7
-8.4 -15.6 0.7
-12.8 -24.2 4.7
-8.6 -15.2 0.5
-20.4 -12.8 2.3
-8 -16.8 1.3
-17.8 -24.2 3.9
-17.6 -24.2 1.1
-20.4 -12.8 3.1
-10.2 -12.4 1.5
-21 -21.6 1.7
-13.8 -24.4 4.9
-21 -21.4 1.1
-12.6 -24 0.3
-13.4 -24.6 1.7
-13.4 -24.6 1.7
-9.8 -12.8 1.5
-10.8 -12 1.1
-20.8 -21.4 4.9
-20.8 -22 2.7
-8 -16 2.7
-13.2 -24.2 0.3
-13.2 -24.2 0.3
-12.8 -24.4 1.5
-12.8 -24.4 1.5
-13 -10.8 1.5
-8 -16.2 1.9
-8 -16.8 4.1
-18 -23.6 5.5
-21 -21.6 3.7
-13.4 -24.6 3.7
-16.8 -24.6 1.9
-11 -11.8 1.3
-17.6 -24.2 4.3
-20.8 -22 2.5
-21.2 -21.4 2.3
-8.4 -14.8 2.3
-8 -16 2.5
-8.4 -18.8 5.3
-20.8 -22 2.9
-8.4 -19.2 0.3
-8.2 -16.4 0.7
-20.6 -13.8 0.1
-20.6 -13.8 0.1
-8 -16 2.9
-13.4 -10.6 2.3
-21.2 -21.4 3.1
-12.8 -24 0.1
-10.8 -12.2 0.5
-8.4 -14.8 3.1
-8.4 -15.4 0.9
-13.2 -24.6 2.1
-8.2 -16.8 0.5
-8 -17.2 1.1
-16.8 -24.6 3.5
-13.4 -10.6 3.1
-12.6 -24.2 0.9
-12.6 -24.2 0.9
-20.4 -13.2 0.7
-20.4 -13.2 0.7
-13.2 -24.6 3.3
-11 -11.8 4.1
-8.6 -15.6 0.1
-20.4 -13.4 0.3
-20.4 -13.4 0.3
-20.4 -13.4 0.3
-13.2 -24.2 5.1
-8.4 -16.4 0.1
-20.6 -13 2.7
-10.8 -11.8 2.1
-17.4 -24.4 1.7
-17.6 -24.4 2.7
-15 -24.8 1.7
-10.8 -11.8 3.3
-17.8 -23.8 0.1
-8.6 -15 0.7
-8.6 -15 0.7
-20.6 -13 2.5
-20.4 -13.2 4.7
-20.6 -13 2.9
-17.4 -24.4 3.7
-15.2 -24.8 1.7
-17.6 -24.4 2.5
-20.8 -22 2.3
-12.6 -24.4 1.9
-12.6 -24.4 1.9
-8 -16 2.3
-17.6 -24.4 2.9
-21.4 -21 1.9
-13.8 -10.6 1.5
-17.2 -24.4 1.3
-9 -14.6 0.1
-20.4 -12.8 2.1
-20.8 -22 3.1
-13.2 -24.4 0.9
-13.2 -24.4 0.9
-8 -16 3.1
-8.6 -19 5.7
-20.4 -13.4 5.1
-10.6 -12 1.7
-20.4 -12.8 3.3
-21.4 -21 3.5
-10.6 -12.2 0.9
-8.4 -15 1.5
-17.2 -24.4 4.1
-8.6 -15 4.7
-14 -10.6 1.3
-10.4 -12.2 1.5
-8.2 -19.4 1.1
-20.8 -21.8 1.3
-20.6 -13.2 1.3
-20.6 -13.2 1.3
-13.4 -24.4 0.7
-13.4 -24.4 0.7
-8.2 -19.2 0.9
-21.2 -21.4 2.1
-21.2 -21.4 2.1
-8.4 -14.8 2.1
-21.2 -21 0.9
-21.2 -21 0.9
-20.8 -13.4 1.5
-20.8 -13.4 1.5
-20.2 -12.8 1.1
-13.4 -10.6 2.1
-8.4 -16 0.3
-8.2 -19.8 1.7
-21.2 -21.4 3.3
-9 -14.6 5.3
-20.6 -13 2.3
-8.4 -14.8 3.3
-10.2 -12.8 0.3
-13.6 -10.6 1.7
-17.6 -24.4 2.3
-13.4 -10.6 3.3
-13 -24.4 1.1
-13 -24.4 1.1
-14 -10.6 4.1
-8 -17 1.1
-20.6 -13 3.1
-18 -24 0.9
-18 -23.8 0.3
-20.8 -21.8 4.1
-8 -16.4 1.5
-20.6 -13.2 4.1
-20.6 -13.2 4.1
-18 -24.2 1.9
-17.6 -24.4 3.1
-15 -24.6 0.7
-20.8 -13.4 3.9
-13.6 -10.6 3.7
-13.4 -24.4 4.7
-20.2 -12.8 4.3
-21.2 -21 4.5
-15.2 -24.6 0.7
-11 -12.2 0.1
-13.4 -24.2 0.1
-13.4 -24.2 0.1
-8.4 -15.2 1.1
-14 -10.8 0.5
-21 -21 0.3
-13.6 -24.6 1.3
-13.4 -10.8 0.9
-13.2 -24.6 1.9
-13.8 -24.2 5.5
-10.4 -12.6 0.3
-8 -16.6 1.3
-10 -13 0.3
-20.8 -22 2.1
-21.2 -21.2 1.3
-21.2 -21.2 1.3
-13.2 -10.8 1.1
-8 -16 2.1
-8.8 -15 0.1
-8.8 -15 0.1
-17.2 -24.2 0.5
-18 -23.8 5.1
-13.2 -24.6 3.5
-20.8 -21.2 0.1
-20.8 -22 3.3
-8 -16.2 1.7
-8.2 -19.6 1.3
-8 -16 3.3
-20.8 -13.6 0.9
-10.8 -11.8 1.9
-7.8 -17.2 2.7
-13.8 -24.6 1.1
-16.8 -24.6 1.7
-8 -16.6 4.1
-20.8 -13.8 0.5
-8.2 -19 0.7
-21.2 -21.2 4.1
-15.4 -24.6 0.7
-10.8 -11.8 3.5
-7.8 -17.2 2.5
-8.2 -19.6 4.1
-16.8 -24.6 3.7
-21 -21.6 1.5
-17.4 -24.2 0.7
-10 -12.6 1.3
-7.8 -17.2 2.9
-13.4 -24.6 1.5
-13.4 -24.6 1.5
-8.2 -16.6 0.5
-8.2 -16 0.9
-20.4 -12.8 1.9
-17.8 -24.2 1.3
-13.8 -24.6 4.3
-13.6 -24.4 0.5
-8.8 -14.8 0.3
-8.8 -14.8 0.3
-20.4 -13 1.1
-20.4 -13 1.1
-17 -24.2 0.3
-20.6 -13 2.1
-8.4 -19 0.1
-19.8 -12.8 0.1
-17.6 -24.4 2.1
-8.2 -17.2 0.3
-20.4 -12.8 3.5
-21 -21.6 3.9
-13.6 -10.8 0.7
-8.8 -19.8 5.7
-13.4 -24.6 3.9
-20.6 -13 3.3
-8.6 -14.8 0.9
-8.6 -14.8 0.9
-10 -12.6 4.1
-10.2 -12.6 0.7
-10 -12.8 0.7
-13 -24.6 2.7
-11.2 -11.8 0.7
-20 -12.8 0.5
-17.8 -24.2 4.1
-8.2 -16 4.5
-10.2 -12.4 1.3
-20 -13 0.1
-21.2 -21.4 1.9
-21.2 -21.4 1.9
-20.4 -13 4.3
-9.8 -12.8 1.3
-12.6 -24.4 1.7
-12.6 -24.4 1.7
-8.4 -14.8 1.9
-21.4 -21 1.7
-11 -12.4 5.7
-13 -24.6 2.5
-13.4 -10.6 1.9
-20.6 -13.4 0.7
-20.6 -13.4 0.7
-20.6 -13.4 0.7
-13 -24.6 2.9
-12.8 -24.4 1.3
-12.8 -24.4 1.3
-13 -10.8 1.3
-8.4 -19.8 0.7
-7.8 -17.2 2.3
-21.2 -21.4 3.5
-8.4 -14.8 3.5
-8.6 -14.8 4.5
-8.4 -19.6 0.5
-10 -12.4 2.7
-8.4 -19 5.3
-17.4 -24.4 1.5
-9.8 -12.6 2.7
-21.4 -21 3.7
-13.4 -10.6 3.5
-7.8 -17.2 3.1
-20.8 -13.2 2.7
-15 -24.8 1.5
-8 -16.8 1.1
-20 -12.8 4.9
-10.6 -12.4 0.3
-17.6 -24 0.3
-8.2 -16.2 0.7
-10 -12.4 2.5
-9.8 -12.6 2.5
-15.2 -24.8 1.5
-9.8 -13.2 0.3
-17.4 -24 0.1
-10 -12.4 2.9
-20.8 -13.2 2.5
-9.8 -12.6 2.9
-20.6 -13.4 4.7
-7.8 -17 2.7
-20.8 -13.2 2.9
-20 -13 5.3
-11 -12 0.5
-17 -24.4 0.9
-20.2 -13 0.5
-10.6 -12 1.5
-20.6 -13.6 0.3
-20.6 -13.6 0.3
-16.8 -24.4 0.7
-20.8 -22 1.9
-20.8 -21.6 0.7
-8 -16 1.9
-11 -11.8 1.1
-8.4 -16.2 0.1
-7.8 -17 2.5
-18 -24.2 1.7
-21 -21.8 2.7
-10.4 -12.4 0.7
-13 -24.6 2.3
-13 -24.6 2.3
-7.8 -17 2.9
-9.8 -13 0.7
-8.2 -16.2 4.7
-13 -24.6 3.1
-20.8 -22 3.5
-17.6 -24.2 0.9
-8 -16 3.5
-8.6 -19.8 0.1
-21 -21.4 0.9
-10.8 -12 0.9
-21 -21.8 2.5
-13.8 -10.6 1.3
-21 -21.8 2.9
-8.2 -17 0.3
-13.8 -24.8 2.7
-8.2 -19.8 1.5
-11 -11.8 4.3
-13.2 -24.6 1.7
-16.8 -24.4 4.7
-13.6 -10.6 1.5
-10 -12.4 2.3
-20.8 -21.6 4.7
-9.8 -12.6 2.3
-16.8 -24.2 0.1
-8.8 -14.6 0.5
-20.8 -13.2 2.3
-8.4 -19.4 0.3
-10 -12.4 3.1
-9.8 -12.6 3.1
-20.2 -13.2 0.1
-17.6 -24.2 4.5
-13.8 -24.8 2.5
-17.8 -24 0.5
-20.8 -13.2 3.1
-13.2 -24.6 3.7
-12.8 -24.2 0.5
-12.8 -24.2 0.5
-20.6 -14.2 5.9
-13.8 -24.8 2.9
-8.4 -15 1.3
-20.6 -13 1.9
-8.2 -18.8 0.5
-7.8 -17.2 2.1
-8 -17.2 0.9
-10.8 -11.8 1.7
-17.6 -24.4 1.9
-10.4 -12.2 1.3
-13.6 -10.6 3.9
-7.8 -17 2.3
-7.8 -17.2 3.3
-20.8 -13.4 1.3
-20.8 -13.4 1.3
-17.2 -24.4 1.1
-20.6 -13 3.5
-7.8 -17 3.1
-13.8 -10.8 0.5
-10.8 -11.8 3.7
-13 -24.2 0.3
-13 -24.2 0.3
-21 -21.8 2.3
-21 -21.2 0.5
-8 -16.4 1.3
-20.4 -12.8 1.7
-8.4 -15.6 0.5
-16.8 -24.2 5.3
-21 -21.8 3.1
-12.8 -24.2 4.9
-20.8 -13.4 4.1
-8 -16.2 1.5
-8.4 -15.4 0.7
-20.2 -13.2 5.3
-14 -10.6 1.1
-20.8 -14 0.1
-20.8 -21.8 1.1
-20.6 -13.2 1.1
-20.6 -13.2 1.1
-16.8 -24.6 1.5
-12.6 -24.2 0.7
-12.6 -24.2 0.7
-13.8 -24.4 0.3
-20.4 -12.8 3.7
-13 -24.6 2.1
-13 -24.6 2.1
-20.8 -21.4 0.3
-13.8 -24.8 2.3
-13.8 -24.8 3.1
-13 -24.6 3.3
-21.2 -21.4 1.7
-21.2 -21.4 1.7
-8.4 -14.8 1.7
-16.8 -24.6 3.9
-13 -24.2 5.1
-14 -10.6 4.3
-13.4 -10.6 1.7
-20.8 -21.8 4.3
-20.6 -13.2 4.3
-8.6 -15.2 0.3
-8.2 -16.4 0.5
-7.8 -16.8 2.7
-10 -12.4 2.1
-20.6 -14 5.7
-9.8 -12.6 2.1
-8.2 -19.4 0.9
-21.2 -21.4 3.7
-20.8 -13.2 2.1
-8.4 -14.8 3.7
-20.4 -13.2 0.5
-20.4 -13.2 0.5
-13.8 -24.4 5.1
-13.4 -10.6 3.7
-10 -12.4 3.3
-20.2 -12.8 0.9
-21.4 -21.2 2.7
-9.8 -12.6 3.3
-20.8 -21.4 5.1
-13.2 -24.4 0.7
-13.2 -24.4 0.7
-13.6 -24.6 1.1
-20.8 -13.2 3.3
-7.8 -16.8 2.5
-8 -16.6 1.1
-21 -21.6 1.3
-11.2 -12 0.1
-13 -24.4 0.9
-13 -24.4 0.9
-8.6 -15.4 0.1
-13.4 -24.6 1.3
-13.4 -24.6 1.3
-7.8 -17 2.1
-21.2 -21.2 1.1
-21.2 -21.2 1.1
-12.6 -24.4 1.5
-12.6 -24.4 1.5
-8 -17 0.9
-21.4 -21 1.5
-21.4 -21 1.5
-10.6 -12.2 0.7
-21.4 -21.2 2.5
-21.4 -21.2 2.9
-10.8 -12.2 0.3
-7.8 -17 3.3
-8.2 -19.6 1.1
-8.2 -16.8 0.3
-8.6 -14.6 1.1
-8.6 -15 0.5
-8.6 -15 0.5
-20.8 -22 1.7
-20.2 -12.8 4.5
-21 -21.8 2.1
-8 -16 1.7
-12.6 -24 0.1
-20.4 -13.2 4.9
-8.4 -15.2 0.9
-8.2 -19.2 0.7
-21.2 -21 0.7
-21.2 -21 0.7
-21 -21.6 4.1
-21.4 -21 3.9
-8 -16.6 4.3
-13.4 -24.6 4.1
-21.2 -21.2 4.3
-13.2 -24.2 0.1
-13.2 -24.2 0.1
-21 -21.8 3.3
-7.8 -17.2 1.9
-20.8 -22 3.7
-10.4 -12 2.7
-8 -16 3.7
-10 -12.6 1.1
-13.2 -10.8 0.9
-8.2 -19.6 4.3
-18 -24 0.7
-13.8 -24.8 2.1
-7.8 -17.2 3.5
-17.8 -24.2 1.1
-8.4 -19.2 0.1
-7.8 -16.8 2.3
-10.4 -12 2.5
-13.8 -24.8 3.3
-8.6 -15 4.9
-8.4 -14.6 2.7
-10.4 -12 2.9
-13.4 -24.4 0.5
-13.4 -24.4 0.5
-13.8 -24.6 0.9
-17.4 -24.4 1.3
-21.2 -21 4.7
-18 -24.2 1.5
-21.4 -21.2 2.3
-15 -24.8 1.3
-10 -12.6 4.3
-20.6 -13 1.7
-21.4 -21.2 3.1
-13.4 -10.8 0.7
-20.4 -13.4 0.1
-20.4 -13.4 0.1
-20.4 -13.4 0.1
-17.6 -24.4 1.7
-8.4 -14.6 2.5
-17.8 -24.2 4.3
-10.2 -12.4 1.1
-15.2 -24.8 1.3
-8.4 -14.6 2.9
-9.8 -12.8 1.1
-13 -24.6 1.9
-13 -24.6 1.9
-15 -24.6 0.5
-20.6 -13 3.7
-12.8 -24.4 1.1
-12.8 -24.4 1.1
-8.4 -18.8 5.5
-13.2 -24.6 1.5
-13.2 -24.6 1.5
-13 -10.8 1.1
-20.4 -13 0.9
-20.4 -13 0.9
-13.8 -24.6 4.5
-20.8 -13.6 0.7
-10.6 -12 1.3
-13 -24.6 3.5
-15.2 -24.6 0.5
-13.4 -24.4 4.9
-13.2 -24.6 3.9
-10.4 -12 2.3
-10 -12.4 1.9
-9.8 -12.6 1.9
-10.8 -11.8 1.5
-17.8 -24.4 2.7
-20.8 -13.2 1.9
-20.8 -13.2 1.9
-20.4 -13.4 5.3
-8.2 -16 0.7
-20.4 -13 4.5
-10 -12.4 3.5
-8.2 -19.8 1.3
-9.8 -12.6 3.5
-15.4 -24.8 1.3
-20.8 -13.2 3.5
-8.4 -14.6 2.3
-17.8 -24.4 2.5
-13.6 -10.6 1.3
-10.8 -11.8 3.9
-17.8 -24.4 2.9
-13.6 -24.8 2.7
-7.8 -17 1.9
-8.4 -14.6 3.1
-14 -10.8 0.3
-20.4 -12.8 1.5
-8.6 -14.8 0.7
-8.6 -14.8 0.7
-8.2 -19 0.5
-7.8 -16.8 2.1
-8 -16.8 0.9
-8.4 -16 0.1
-15.4 -24.6 0.5
-7.8 -17 3.5
-10.2 -12.8 0.1
-13.6 -24.8 2.5
-21 -21.8 1.9
-7.8 -16.6 2.7
-17.4 -24.2 0.5
-13.6 -10.6 4.1
-13.6 -24.8 2.9
-21.4 -21.2 2.1
-18 -23.8 0.1
-13.8 -10.6 1.1
-20.4 -12.8 3.9
-17.2 -24.2 0.3
-21 -21.8 3.5
-21.4 -21.2 3.3
-7.8 -16.6 2.5
-21.2 -21.4 1.5
-21.2 -21.4 1.5
-8.4 -14.8 1.5
-8.6 -14.8 4.7
-7.8 -16.6 2.9
-13.6 -10.8 0.5
-11 -11.8 0.9
-13.8 -24.8 1.9
-20.8 -13.8 0.3
-13.4 -10.6 1.5
-10.2 -12.6 0.5
-21 -21 0.1
-10 -12.8 0.5
-11.2 -11.8 0.5
-8.4 -15 1.1
-8 -16.2 1.3
-17.8 -24.4 2.3
-10.4 -12.6 0.1
-10.4 -12.2 1.1
-13.8 -24.8 3.5
-10 -13 0.1
-9 -14.6 5.5
-16.8 -24.6 1.3
-17.8 -24.4 3.1
-21.2 -21.4 3.9
-8.2 -16.6 0.3
-20.8 -13.4 1.1
-20.8 -13.4 1.1
-13.4 -10.6 3.9
-20.6 -13.4 0.5
-20.6 -13.4 0.5
-20.6 -13.4 0.5
-13.6 -24.4 0.3
-10.4 -12 2.1
-7.8 -17.2 1.7
-17 -24.4 0.7
-8.4 -19.8 0.5
-11 -11.8 4.5
-13.6 -24.8 2.3
-13.6 -24.8 3.1
-8 -16.4 1.1
-16.8 -24.6 4.1
-7.8 -17.2 3.7
-20 -12.8 0.3
-8.4 -14.6 2.1
-17.6 -24.2 0.7
-20.8 -13.4 4.3
-8.2 -16.2 0.5
-7.8 -16.6 2.3
-20.8 -22 1.5
-8 -16 1.5
-21 -21.4 0.7
-10.8 -12 0.7
-7.8 -16.6 3.1
-8.4 -14.6 3.3
-21.2 -21.6 2.7
-21.2 -21.6 2.7
-17.2 -24.4 0.9
-20.6 -13.4 4.9
-8.8 -14.8 0.1
-8.8 -14.8 0.1
-17 -24.2 0.1
-8.4 -19.6 0.3
-16.8 -24.4 0.5
-20.8 -22 3.9
-20.8 -21.6 0.5
-8.2 -17.2 0.1
-12.6 -24.4 1.3
-12.6 -24.4 1.3
-13 -24.6 1.7
-13 -24.6 1.7
-8 -16 3.9
-21.4 -21 1.3
-21.4 -21 1.3
-21.2 -21.6 2.5
-21.2 -21.6 2.5
-10.4 -12.4 0.5
-21.2 -21.6 2.9
-21.2 -21.6 2.9
-17.6 -24.2 4.7
-9.8 -13 0.5
-14 -10.4 2.1
-20 -12.8 5.1
-8 -17.2 0.7
-10.6 -11.8 2.7
-14 -10.6 0.9
-8.2 -16.2 4.9
-13.8 -24.2 5.7
-20.8 -21.8 0.9
-20.6 -13.2 0.9
-20.6 -13.2 0.9
-13 -24.6 3.7
-7.8 -16.8 1.9
-21.4 -21 4.1
-20.6 -13 1.5
-11 -12 0.3
-17.8 -24.4 2.1
-10 -12.4 1.7
-10.6 -11.8 2.5
-9.8 -12.6 1.7
-17.6 -24.4 1.5
-20.2 -13 0.3
-10.6 -11.8 2.9
-20.8 -13.2 1.7
-20.8 -13.2 1.7
-21 -21.6 1.1
-16.8 -24.4 4.9
-13.4 -24.6 1.1
-13.4 -24.6 1.1
-21.4 -21.2 1.9
-17.8 -24.4 3.3
-14 -10.6 4.5
-10 -12.4 3.7
-20.8 -21.8 4.5
-20.6 -13 3.9
-10.6 -12.4 0.1
-13.6 -24.8 2.1
-17.6 -24 0.1
-20.8 -13.2 3.7
-21.4 -21.2 3.5
-7.8 -17 1.7
-21.2 -21.6 2.3
-21.2 -21.6 2.3
-9.8 -13.2 0.1
-18 -24.2 1.3
-13.6 -24.8 3.3
-21 -21.6 4.3
-21.2 -21.6 3.1
-21.2 -21.6 3.1
-13.4 -24.6 4.3
-17.2 -24.6 1.9
-13.6 -24.6 0.9
-7.8 -16.6 2.1
-8 -16.6 0.9
-7.8 -17 3.7
-21 -21.8 1.7
-20.6 -13.6 0.1
-20.6 -13.6 0.1
-8.8 -14.6 0.3
-21.2 -21.2 0.9
-21.2 -21.2 0.9
-7.8 -16.6 3.3
-17.8 -24 0.3
-13.2 -24.6 1.3
-13.2 -24.6 1.3
-12.8 -24.2 0.3
-12.8 -24.2 0.3
-10.4 -12 1.9
-10.6 -11.8 2.3
-8.2 -18.8 0.3
-8.2 -19.6 0.9
-8.4 -15.4 0.5
-8.6 -14.6 0.9
-21 -21.8 3.7
-8.2 -19.4 0.7
-10.6 -11.8 3.1
-17.4 -24.4 1.1
-12.6 -24.2 0.5
-12.6 -24.2 0.5
-13.8 -24.8 1.7
-20.2 -12.8 0.7
-15 -24.8 1.1
-8.2 -17 0.1
-8 -16.6 4.5
-8.4 -14.6 1.9
-20 -13 5.5
-13.8 -10.8 0.3
-21.2 -21.2 4.5
-12.8 -24.6 2.1
-12.8 -24.6 2.1
-10.8 -11.8 1.3
-13.2 -24.6 4.1
-15.2 -24.8 1.1
-10 -12.6 0.9
-13 -24.4 0.7
-13 -24.4 0.7
-13.8 -24.8 3.7
-8 -17 0.7
-8.4 -19.4 0.1
-21 -21.2 0.3
-8.4 -15.6 0.3
-8.4 -14.6 3.5
-8.8 -19.8 5.9
-17.8 -24.2 0.9
-12.8 -24.2 5.1
-10.6 -12 1.1
-10.8 -11.8 4.1
-8.4 -15.2 0.7
-20.2 -12.8 4.7
-20.4 -12.8 1.3
-13.2 -24.4 0.5
-13.2 -24.4 0.5
-14 -10.4 1.9
-10 -12.6 4.5
-10.2 -12.4 0.9
-21.2 -21.6 2.1
-21.2 -21.6 2.1
-13 -24.2 0.1
-13 -24.2 0.1
-17.8 -24.2 4.5
-13.2 -10.8 0.7
-9.8 -12.8 0.9
-10.6 -12.2 0.5
-8.2 -19.8 1.1
-8.2 -16.4 0.3
-20.4 -12.8 4.1
-12.8 -24.4 0.9
-12.8 -24.4 0.9
-21.2 -21.6 3.3
-21.2 -21.6 3.3
-17.8 -24.4 1.9
-15.4 -24.8 1.1
-7.8 -17.2 1.5
-13 -10.8 0.9
-13.6 -10.6 1.1
-21.2 -21.4 1.3
-21.2 -21.4 1.3
-13.8 -24.6 0.7
-8.4 -14.8 1.3
-13.8 -24.4 0.1
-8.2 -19.2 0.5
-20.4 -13.2 0.3
-20.4 -13.2 0.3
-21.2 -21 0.5
-21.2 -21 0.5
-20.8 -21.4 0.1
-13.4 -10.6 1.3
-17.8 -24.4 3.5
-13.4 -24.8 2.7
-10.6 -11.8 2.1
-7.8 -17.2 3.9
-13.6 -24.8 1.9
-10.6 -11.8 3.3
-18 -24 0.5
-13.6 -10.6 4.3
-21.2 -21.4 4.1
-7.8 -16.8 1.7
-13.4 -24.8 2.5
-13.6 -24.8 3.5
-13 -24.2 5.3
-8.6 -15.2 0.1
-13.4 -24.8 2.9
-16.8 -24.2 5.5
-20.4 -13 0.7
-20.4 -13 0.7
-7.8 -16.6 1.9
-13.8 -24.6 4.7
-8.6 -15 0.3
-8.6 -15 0.3
-21.4 -21.2 1.7
-13 -24.6 1.5
-13 -24.6 1.5
-21.2 -21 4.9
-20.4 -13.2 5.1
-13.8 -24.4 5.3
-7.8 -16.6 3.5
-8 -16.2 1.1
-13.4 -10.8 0.5
-20.8 -21.4 5.3
-20.8 -22 1.3
-21.4 -21.2 3.7
-16.8 -24.6 1.1
-8 -16 1.3
-13 -24.6 3.9
-13.8 -10.6 0.9
-17.2 -24.6 1.7
-20.4 -13 4.7
-10 -12.4 1.5
-10.8 -12.2 0.1
-12.8 -24.6 1.9
-12.8 -24.6 1.9
-9.8 -12.6 1.5
-8.2 -16.8 0.1
-20.8 -13.6 0.5
-20.8 -13.2 1.5
-20.8 -13.2 1.5
-13.4 -24.4 0.3
-13.4 -24.4 0.3
-20.8 -22 4.1
-13.4 -24.8 2.3
-13.4 -24.8 2.3
-16.8 -24.6 4.3
-8 -16.8 0.7
-20.6 -12.8 2.7
-10.4 -12 1.7
-8.4 -15 0.9
-13.4 -24.8 3.1
-10 -12.4 3.9
-10.4 -12.2 0.9
-7.8 -17 1.5
-20.8 -13.2 3.9
-8.2 -16 0.5
-20.8 -13.4 0.9
-20.8 -13.4 0.9
-20.6 -12.8 2.5
-15 -24.6 0.3
-20.6 -13 1.3
-20.6 -13 1.3
-20.6 -12.8 2.9
-8.4 -14.6 1.7
-17.6 -24.4 1.3
-15 -25 2.7
-21 -21.8 1.5
-21.2 -21.6 1.9
-21.2 -21.6 1.9
-15.2 -24.6 0.3
-7.8 -17 3.9
-12.6 -24.4 1.1
-12.6 -24.4 1.1
-21.4 -21 1.1
-21.4 -21 1.1
-11 -11.8 0.7
-8 -16.4 0.9
-13.4 -24.4 5.1
-8.6 -14.8 0.5
-8.6 -14.8 0.5
-15.2 -25 2.7
-21.2 -21.6 3.5
-21.2 -21.6 3.5
-15 -25 2.5
-20.6 -13 4.1
-20.8 -13.4 4.5
-15 -25 2.9
-21 -21.8 3.9
-13.8 -24.8 1.5
-15.2 -25 2.5
-10.6 -11.8 1.9
-15.2 -25 2.9
-14 -10.4 1.7
-21.4 -21 4.3
-11 -11.8 4.7
-20.6 -14 5.9
-13.8 -24.8 3.9
-8.6 -14.8 4.9
-20.6 -12.8 2.3
-8.2 -19 0.3
-17.8 -24.4 1.7
-15.4 -24.6 0.3
-20.6 -12.8 3.1
-17.4 -24.2 0.3
-18 -24.2 1.1
-13.4 -24.8 2.1
-13.4 -24.8 2.1
-17.2 -24.4 0.7
-17.8 -24.4 3.7
-13.6 -24.8 1.7
-17 -24.4 0.5
-15 -25 2.3
-13.4 -24.8 3.3
-21 -21.6 0.9
-13.4 -24.6 0.9
-13.4 -24.6 0.9
-13.6 -10.8 0.3
-14 -10.8 0.1
-15.2 -25 2.3
-10.2 -12.6 0.3
-16.8 -24.8 2.7
-10 -12.8 0.3
-13.2 -24.6 1.1
-13.2 -24.6 1.1
-13.6 -24.8 3.7
-11.2 -11.8 0.3
-15.2 -25 3.1
-7.8 -16.6 1.7
-17.6 -24.2 0.5
-7.8 -16.2 2.7
-14 -10.6 0.7
-20.8 -21.8 0.7
-20.6 -13.2 0.7
-20.6 -13.2 0.7
-21 -21.4 0.5
-10.8 -12 0.5
-20.4 -13.4 5.5
-16.8 -24.8 2.5
-17.2 -24.2 0.1
-20.6 -13.4 0.3
-20.6 -13.4 0.3
-20.6 -13.4 0.3
-12.6 -24.6 2.7
-12.6 -24.6 2.7
-16.8 -24.8 2.9
-21 -21.6 4.5
-7.8 -16.6 3.7
-13.4 -24.6 4.5
-7.8 -16.2 2.5
-8.4 -19.8 0.3
-10.8 -11.8 1.1
-8.4 -18.8 5.7
-7.8 -16.2 2.9
-13.2 -24.6 4.3
-7.8 -16.8 1.5
-20.8 -13.8 0.1
-12.6 -24.6 2.5
-12.6 -24.6 2.5
-7.8 -17.2 1.3
-12.6 -24.6 2.9
-12.6 -24.6 2.9
-14 -10.6 4.7
-12.8 -24.6 1.7
-12.8 -24.6 1.7
-17.6 -24.2 4.9
-20.8 -21.8 4.7
-8 -17.2 0.5
-8.2 -16.2 0.3
-17.4 -24.4 0.9
-21.4 -21.2 1.5
-21 -22 2.7
-8.2 -16.6 0.1
-20.4 -12.8 1.1
-20.6 -12.8 2.1
-15 -24.8 0.9
-13.6 -24.6 0.7
-13.6 -24.4 0.1
-20.6 -13.4 5.1
-20.6 -12.8 3.3
-8 -16.6 0.7
-7.8 -17.2 4.1
-15.2 -24.8 0.9
-16.8 -24.4 0.3
-21 -22 2.5
-21.2 -21.2 0.7
-21.2 -21.2 0.7
-20.8 -21.6 0.3
-21.4 -21.2 3.9
-21 -22 2.9
-21.4 -21.4 2.7
-16.8 -24.8 2.3
-10.4 -12.4 0.3
-17.2 -24.6 1.5
-20 -12.8 0.1
-9.8 -13 0.3
-7.8 -16.2 2.3
-15 -25 2.1
-16.8 -24.8 3.1
-20.4 -12.8 4.3
-8.2 -19.6 0.7
-20.8 -13 2.5
-8.6 -14.6 0.7
-10.6 -12 0.9
-21.2 -21.6 1.7
-21.2 -21.6 1.7
-21.2 -21.4 1.1
-21.2 -21.4 1.1
-8.4 -14.8 1.1
-13 -24.6 1.3
-13 -24.6 1.3
-21.4 -21.4 2.5
-15.2 -25 2.1
-13.4 -10.6 1.1
-12.6 -24.6 2.3
-12.6 -24.6 2.3
-10.4 -12 1.5
-8 -16.6 4.7
-12.6 -24.6 3.1
-15.2 -25 3.3
-21.2 -21.6 3.7
-21.2 -21.6 3.7
-21.2 -21.2 4.7
-8.4 -19.6 0.1
-10 -12.6 0.7
-13.4 -24.8 1.9
-13.4 -24.8 1.9
-13 -24.6 4.1
-21.2 -21.4 4.3
-18 -24.4 2.3
-17.8 -24.2 0.7
-8.2 -19.8 0.9
-10.6 -11.8 1.7
-8.4 -14.6 1.5
-15.4 -24.8 0.9
-10 -12.4 1.3
-13.6 -10.4 2.1
-9.8 -12.6 1.3
-13.6 -10.6 0.9
-20.8 -13.2 1.3
-20.8 -13.2 1.3
-13.4 -24.8 3.5
-8.2 -19.4 0.5
-21 -22 2.3
-17.4 -24.6 1.9
-9 -14.6 5.7
-21 -22 3.1
-20.2 -12.8 0.5
-11 -12 0.1
-20.8 -13 2.3
-13.2 -10.6 1.3
-15.4 -25 2.1
-10 -12.6 4.7
-20.8 -22 1.1
-10 -12.4 4.1
-20.2 -13 0.1
-7.8 -17 1.3
-10.2 -12.4 0.7
-13.2 -24.8 2.7
-13.2 -24.8 2.7
-8 -16 1.1
-13 -24.4 0.5
-13 -24.4 0.5
-21.4 -21.4 2.3
-9.8 -12.8 0.7
-20.8 -13.2 4.1
-8 -17 0.5
-17.8 -24.2 4.7
-14 -10.4 1.5
-12.8 -24.4 0.7
-12.8 -24.4 0.7
-13 -10.8 0.7
-8.4 -15.4 0.3
-21 -21.8 1.3
-13.2 -24.8 2.5
-13.2 -24.8 2.5
-13.2 -24.8 2.9
-13.2 -24.8 2.9
-12.6 -24.2 0.3
-12.6 -24.2 0.3
-8.4 -15.2 0.5
-7.8 -17 4.1
-16.8 -24.8 2.1
-20.8 -22 4.3
-20.2 -12.8 4.9
-17.8 -24.4 1.5
-7.8 -16.2 2.1
-8 -16.2 0.9
-16.8 -24.8 3.3
-16.8 -24.6 0.9
-8.8 -14.6 0.1
-13.8 -24.8 1.3
-13.2 -10.8 0.5
-21 -21.8 4.1
-20.6 -12.8 1.9
-12.6 -24.6 2.1
-12.6 -24.6 2.1
-17.8 -24 0.1
-20.6 -13 1.1
-20.6 -13 1.1
-10.2 -12.2 1.3
-12.8 -24.2 0.1
-12.8 -24.2 0.1
-17.8 -24.4 3.9
-13.6 -24.8 1.5
-8.2 -18.8 0.1
-17.6 -24.4 1.1
-12.6 -24.6 3.3
-20.6 -12.8 3.5
-13.8 -24.6 0.5
-18 -24.4 2.1
-13.8 -24.8 4.1
-13.2 -24.4 0.3
-13.2 -24.4 0.3
-15 -25 1.9
-10 -12.2 2.7
-16.8 -24.6 4.5
-7.8 -16.6 1.5
-17 -24.6 1.1
-13.8 -10.8 0.1
-13.6 -24.8 3.9
-13.2 -24.8 2.3
-13.2 -24.8 2.3
-21 -22 2.1
-20.6 -13 4.3
-15.2 -25 1.9
-13.2 -24.8 3.1
-13.2 -24.8 3.1
-10.6 -12.2 0.3
-21 -21.2 0.1
-13.8 -10.6 0.7
-8.4 -15.6 0.1
-21 -22 3.3
-10 -12.2 2.5
-20.8 -13 2.1
-20.4 -13 0.5
-20.4 -13 0.5
-10 -12.2 2.9
-7.8 -16.6 3.9
-15.2 -25 3.5
-12.8 -24.2 5.3
-21.4 -21.4 2.1
-12.6 -24.4 0.9
-12.6 -24.4 0.9
-21.4 -21 0.9
-21.4 -21 0.9
-13.8 -24.2 5.9
-21.6 -21 1.9
-8.2 -19.2 0.3
-21.2 -21 0.3
-21.2 -21 0.3
-13.6 -10.4 1.9
-8.4 -15 0.7
-12.8 -24.6 1.5
-12.8 -24.6 1.5
-10.4 -12.2 0.7
-18 -24 0.3
-20.8 -13.4 0.7
-20.8 -13.4 0.7
-8.2 -16.4 0.1
-20.4 -13 4.9
-15.4 -25 1.9
-21.4 -21 4.5
-13.4 -24.8 1.7
-13.4 -24.8 1.7
-20.4 -13.2 0.1
-20.4 -13.2 0.1
-8 -16.4 0.7
-7.8 -16.8 1.3
-10 -12.2 2.3
-21.2 -21 5.1
-8 -16.8 0.5
-13.4 -10.8 0.3
-10 -12.2 3.1
-21.2 -21.6 1.5
-21.2 -21.6 1.5
-20 -13 5.7
-21.4 -21.2 1.3
-13.4 -24.8 3.7
-20.8 -13.4 4.7
-17.4 -24.6 1.7
-18 -24.2 0.9
-16.8 -24.8 1.9
-7.8 -16 2.7
-17.6 -24.6 2.7
-7.8 -16.2 1.9
-13.2 -24.8 2.1
-13.2 -24.8 2.1
-20.8 -13.6 0.3
-16.8 -24.8 3.5
-8.6 -15 0.1
-8.6 -15 0.1
-21.2 -21.6 3.9
-21.2 -21.6 3.9
-7.8 -16 2.5
-17.6 -24.6 2.5
-11 -11.8 0.5
-12.6 -24.6 1.9
-12.6 -24.6 1.9
-7.8 -16 2.9
-21.4 -21.2 4.1
-13.2 -24.8 3.3
-13.2 -24.8 3.3
-17.2 -24.6 1.3
-10.6 -11.8 1.5
-10.2 -12 2.7
-13.2 -24.6 0.9
-13.2 -24.6 0.9
-7.8 -17.2 1.1
-20.4 -13.2 5.3
-12.6 -24.6 3.5
-8.2 -16 0.3
-18 -24.4 1.9
-10.2 -12 2.5
-10.4 -12 1.3
-10.2 -12 2.9
-13 -24.2 5.5
-10.8 -11.8 0.9
-21 -22 1.9
-21 -21.6 0.7
-7.8 -17.2 4.3
-13.4 -24.6 0.7
-13.4 -24.6 0.7
-13.4 -24.4 0.1
-13.4 -24.4 0.1
-17 -24.8 2.7
-20.6 -12.8 1.7
-11 -11.8 4.9
-13.2 -24.6 4.5
-8.6 -14.8 0.3
-8.6 -14.8 0.3
-20.8 -13 1.9
-8.4 -14.6 1.3
-21 -22 3.5
-13.8 -24.4 5.5
-20.8 -21.4 5.5
-21.4 -21.4 1.9
-7.8 -16 2.3
-17.6 -24.6 2.3
-17 -24.8 2.5
-13 -24.6 1.1
-13 -24.6 1.1
-20.6 -12.8 3.7
-20.4 -12.8 0.9
-17 -24.8 2.9
-17.2 -24.4 0.5
-10 -12.2 2.1
-7.8 -16 3.1
-15 -24.6 0.1
-15 -25 1.7
-21 -21.6 4.7
-13.4 -24.6 4.7
-16.8 -24.2 5.7
-10 -12.2 3.3
-15.2 -24.6 0.1
-15.2 -25 1.7
-21.2 -21.8 2.7
-10.2 -12 2.3
-13.4 -24.4 5.3
-13 -24.6 4.3
-14 -10.4 1.3
-8.6 -14.8 5.1
-10 -12.4 1.1
-9.8 -12.6 1.1
-10.2 -12 3.1
-14 -10.6 0.5
-20.8 -13.2 1.1
-20.8 -13.2 1.1
-20.4 -12.8 4.5
-21.2 -21.4 0.9
-21.2 -21.4 0.9
-20.8 -21.8 0.5
-20.6 -13.2 0.5
-20.6 -13.2 0.5
-15.2 -25 3.7
-17.4 -24.4 0.7
-8.4 -14.8 0.9
-21.2 -21.8 2.5
-21.6 -21 1.7
-21.2 -21.8 2.9
-13.4 -10.6 0.9
-15 -24.8 0.7
-17.8 -24.4 1.3
-13.6 -10.4 1.7
-17 -24.4 0.3
-13.2 -10.6 1.1
-7.8 -17 1.1
-17 -24.8 2.3
-15.2 -24.8 0.7
-10 -12.4 4.3
-20.8 -13.2 4.3
-17 -24.8 3.1
-8.2 -19 0.1
-13.6 -24.8 1.3
-21.2 -21.4 4.5
-15.4 -24.6 0.1
-13.2 -24.8 1.9
-13.2 -24.8 1.9
-15.4 -25 1.7
-17.8 -24.4 4.1
-17.6 -24.2 0.3
-10.6 -12 0.7
-21 -21.8 1.1
-14 -10.6 4.9
-20.8 -21.8 4.9
-17.4 -24.2 0.1
-21 -21.4 0.3
-10.8 -12 0.3
-7.8 -17 4.3
-13.2 -24.8 3.5
-13.2 -24.8 3.5
-13.6 -24.6 0.5
-7.8 -16.6 1.3
-8 -16.6 0.5
-20.8 -22 0.9
-13.6 -24.8 4.1
-7.8 -16 2.1
-17.6 -24.6 2.1
-21.2 -21.8 2.3
-8 -16 0.9
-13.8 -24.8 1.1
-21.2 -21.2 0.5
-21.2 -21.2 0.5
-16.8 -24.8 1.7
-13.6 -10.8 0.1
-10.2 -12.6 0.1
-7.8 -16.2 1.7
-8.2 -19.8 0.7
-7.8 -16 3.3
-10.2 -12.2 1.1
-10 -12.8 0.1
-15.4 -24.8 0.7
-11.2 -11.8 0.1
-8.2 -19.6 0.5
-8.6 -14.6 0.5
-13.6 -10.6 0.7
-8 -17.2 0.3
-7.8 -16.6 4.1
-17.6 -24.2 5.1
-16.8 -24.8 3.7
-13.4 -24.8 1.5
-13.4 -24.8 1.5
-12.6 -24.6 1.7
-12.6 -24.6 1.7
-10.2 -12 2.1
-20.8 -22 4.5
-20.6 -13.4 0.1
-20.6 -13.4 0.1
-20.6 -13.4 0.1
-13.8 -24.8 4.3
-12.8 -24.6 1.3
-12.8 -24.6 1.3
-8.4 -19.8 0.1
-10.2 -12 3.3
-8 -16.6 4.9
-10 -12.6 0.5
-12.6 -24.6 3.7
-17.4 -24.6 1.5
-21.2 -21.2 4.9
-13.4 -24.8 3.9
-18 -24.4 1.7
-10 -12.2 1.9
-13 -10.6 1.3
-17.8 -24.2 0.5
-10.4 -11.8 2.7
-13 -24.8 2.7
-20.6 -13 0.9
-20.6 -13 0.9
-17.6 -24.4 0.9
-21 -22 1.7
-17 -24.8 2.1
-8.2 -16.2 0.1
-10 -12.2 3.5
-10.4 -11.8 2.5
-13 -24.8 2.5
-13 -24.8 2.5
-17 -24.8 3.3
-20.8 -13 1.7
-10.4 -11.8 2.9
-13 -24.8 2.9
-8 -16.2 0.7
-17 -24.6 0.9
-21 -22 3.7
-21.2 -21.6 1.3
-21.2 -21.6 1.3
-10.2 -12.4 0.5
-21.4 -21.4 1.7
-16.8 -24.6 0.7
-10 -12.6 4.9
-16.8 -24.4 0.1
-9.8 -12.8 0.5
-20.8 -21.6 0.1
-20.6 -13 4.5
-10.4 -12.4 0.1
-17.8 -24.2 4.9
-12.8 -24.4 0.5
-12.8 -24.4 0.5
-13 -10.8 0.5
-9.8 -13 0.1
-21.2 -21.8 2.1
-21.2 -21.8 2.1
-8.2 -19.4 0.3
-20.6 -12.8 1.5
-21.2 -21.6 4.1
-21.2 -21.6 4.1
-7.8 -16.8 1.1
-20.2 -12.8 0.3
-10.6 -11.8 1.3
-20.4 -13.4 5.7
-16.8 -24.6 4.7
-13.2 -10.4 2.7
-21.4 -21.2 1.1
-21.4 -21.2 1.1
-13 -24.4 0.3
-13 -24.4 0.3
-8 -17 0.3
-20.6 -12.8 3.9
-10.4 -11.8 2.3
-13 -24.8 2.3
-13 -24.8 2.3
-15 -25 1.5
-7.6 -17.2 2.3
-10.4 -11.8 3.1
-13 -24.8 3.1
-13.2 -10.4 2.5
-7.8 -16 1.9
-17.6 -24.6 1.9
-13.2 -10.4 2.9
-12.6 -24.4 0.7
-12.6 -24.4 0.7
-15.2 -25 1.5
-21.4 -21 0.7
-21.4 -21 0.7
-8.4 -15.2 0.3
-21.6 -21.2 2.7
-21.6 -21.2 2.7
-17.2 -24.6 1.1
-21.4 -21.2 4.3
-20.2 -12.8 5.1
-7.8 -16 3.5
-13.2 -24.8 1.7
-13.2 -24.8 1.7
-13.8 -10.4 1.3
-21.6 -21 1.5
-13.2 -10.8 0.3
-15.2 -25 3.9
-21.6 -21.2 2.5
-21.6 -21.2 2.5
-10.2 -12 1.9
-13.8 -10.6 0.5
-21.6 -21.2 2.9
-21.6 -21.2 2.9
-10.4 -12 1.1
-13.6 -10.4 1.5
-13.2 -24.8 3.7
-13.2 -24.8 3.7
-8.4 -15.4 0.1
-10.2 -12 3.5
-7.6 -17 2.5
-13.8 -24.6 0.3
-12.6 -24.2 0.1
-12.6 -24.2 0.1
-8.4 -14.6 1.1
-13.8 -25 2.7
-7.8 -17.2 0.9
-8.4 -15 0.5
-15.4 -25 1.5
-13.2 -10.4 2.3
-17 -24.8 1.9
-10.4 -12.2 0.5
-13.2 -10.4 3.1
-18 -24.2 0.7
-20.8 -13.4 0.5
-20.8 -13.4 0.5
-13.8 -25 2.5
-17 -24.8 3.5
-13.8 -25 2.9
-20.4 -13 0.3
-20.4 -13 0.3
-7.8 -16.4 1.3
-16.8 -24.8 1.5
-21.6 -21.2 2.3
-21.6 -21.2 2.3
-7.8 -17.2 4.5
-8 -16.4 0.5
-10.4 -11.8 2.1
-10 -12.2 1.7
-13 -24.8 2.1
-13 -24.8 2.1
-7.8 -16.2 1.5
-14 -10.4 1.1
-21.6 -21.2 3.1
-21.6 -21.2 3.1
-7.6 -17.2 2.1
-13.2 -24.6 0.7
-13.2 -24.6 0.7
-13.2 -24.4 0.1
-13.2 -24.4 0.1
-10.4 -11.8 3.3
-13 -24.8 3.3
-21.2 -21.8 1.9
-21.2 -21.8 1.9
-7.6 -17 2.3
-13 -24.6 0.9
-13 -24.6 0.9
-12.6 -24.6 1.5
-12.6 -24.6 1.5
-10 -12.2 3.7
-10.6 -12.2 0.1
-20.8 -13.4 4.9
-17.8 -24.4 1.1
-10.8 -11.8 0.7
-20.4 -13 5.1
-8.2 -19.2 0.1
-18 -24.4 1.5
-12.6 -24.6 3.9
-21.2 -21 0.1
-21.2 -21 0.1
-13.2 -24.6 4.7
-13.8 -25 2.3
-9 -14.6 5.9
-8 -16.8 0.3
-13.6 -24.8 1.1
-10 -12.4 0.9
-9.8 -12.6 0.9
-13 -24.6 4.5
-13.8 -25 3.1
-21 -22 1.5
-20.8 -13.2 0.9
-20.8 -13.2 0.9
-17.8 -24.4 4.3
-13.4 -24.8 1.3
-13.4 -24.8 1.3
-20.4 -12.8 0.7
-18 -24 0.1
-20.8 -13 1.5
-7.8 -16.6 1.1
-13.2 -10.4 2.1
-13.2 -10.6 0.9
-21 -22 3.9
-7.8 -17 0.9
-21.4 -21.4 1.5
-21.4 -21.4 1.5
-21 -21.6 0.5
-13.6 -24.8 4.3
-13.4 -24.6 0.5
-13.4 -24.6 0.5
-17.4 -24.6 1.3
-13.2 -10.4 3.3
-11 -11.8 0.3
-12.8 -24.2 5.5
-10 -12.4 4.5
-13.4 -24.8 4.1
-7.6 -16.8 2.7
-20.8 -13.2 4.5
-21.2 -21 5.3
-13.4 -10.8 0.1
-21 -21.8 0.9
-7.8 -16 1.7
-17.6 -24.6 1.7
-21.2 -21.4 0.7
-21.2 -21.4 0.7
-20.4 -12.8 4.7
-8.4 -14.8 0.7
-7.8 -16.6 4.3
-21.6 -21.2 2.1
-21.6 -21.2 2.1
-13.4 -10.6 0.7
-7.6 -16.8 2.5
-7.8 -17 4.5
-7.6 -16.8 2.9
-12.8 -24.6 1.1
-12.8 -24.6 1.1
-21.6 -21.2 3.3
-21.6 -21.2 3.3
-20.8 -13.6 0.1
-7.6 -17 2.1
-21 -21.6 4.9
-13.8 -24.8 0.9
-10.2 -12 1.7
-13 -10.6 1.1
-11 -11.8 5.1
-10.2 -12.2 0.9
-21.2 -21.4 4.7
-17.8 -24.6 2.7
-17.4 -24.4 0.5
-20.6 -12.8 1.3
-10.2 -12 3.7
-21.4 -21.6 2.7
-21.4 -21.6 2.7
-10.4 -11.8 1.9
-13 -24.8 1.9
-13 -24.8 1.9
-8.2 -16 0.1
-13.8 -25 2.1
-17.2 -24.4 0.3
-15 -24.8 0.5
-7.6 -17.2 1.9
-13.2 -24.8 1.5
-13.2 -24.8 1.5
-17 -24.8 1.7
-17.8 -24.6 2.5
-21.2 -21.6 1.1
-21.2 -21.6 1.1
-20.8 -22 0.7
-13.8 -25 3.3
-10.4 -11.8 3.5
-13 -24.8 3.5
-8 -16 0.7
-17.8 -24.6 2.9
-15.2 -24.8 0.5
-21.4 -21.6 2.5
-21.4 -21.6 2.5
-21.4 -21.6 2.9
-21.4 -21.6 2.9
-7.6 -16.8 2.3
-20.6 -12.8 4.1
-8.6 -14.8 0.1
-8.6 -14.8 0.1
-15 -25 1.3
-7.6 -16.8 3.1
-17 -24.8 3.7
-13.2 -24.8 3.9
-13.2 -24.8 3.9
-20.4 -13.2 5.5
-10.6 -12 0.5
-14 -10.6 0.3
-20.8 -21.8 0.3
-20.6 -13.2 0.3
-20.6 -13.2 0.3
-15.2 -25 1.3
-21.2 -21.6 4.3
-10.6 -11.8 1.1
-20.8 -22 4.7
-21.2 -21.8 1.7
-21.2 -21.8 1.7
-21.6 -21 1.3
-15.2 -25 4.1
-13.6 -10.4 1.3
-8.2 -19.8 0.5
-20.6 -13 0.7
-20.6 -13 0.7
-13.2 -10.4 1.9
-14 -10.2 2.7
-15.4 -24.8 0.5
-17.8 -24.6 2.3
-8.6 -14.8 5.3
-17.6 -24.4 0.7
-13.6 -10.6 0.5
-21.4 -21.6 2.3
-21.4 -21.6 2.3
-14 -10.6 5.1
-17.8 -24.6 3.1
-20 -13 5.9
-10 -12.2 1.5
-7.8 -16.8 0.9
-13.2 -10.4 3.5
-21.4 -21.6 3.1
-21.4 -21.6 3.1
-14 -10.2 2.5
-13.6 -24.6 0.3
-15.4 -25 1.3
-17 -24.6 0.7
-14 -10.2 2.9
-17 -24.4 0.1
-8 -16.6 0.3
-13.8 -10.4 1.1
-21.4 -21.2 0.9
-21.4 -21.2 0.9
-21.6 -21.2 1.9
-21.6 -21.2 1.9
-13.6 -25 2.7
-21.2 -21.2 0.3
-21.2 -21.2 0.3
-10 -12.2 3.9
-20.6 -13 4.7
-17.2 -24.8 2.1
-8.2 -19.6 0.3
-21.6 -21.2 3.5
-21.6 -21.2 3.5
-17.6 -24.2 0.1
-8.6 -14.6 0.3
-7.6 -17 1.9
-13.6 -25 2.5
-12.8 -24.8 2.7
-16.8 -24.8 1.3
-13.6 -25 2.9
-21 -21.4 0.1
-7.6 -16.8 2.1
-10.8 -12 0.1
-17.2 -24.6 0.9
-7.8 -16.2 1.3
-8 -16.2 0.5
-21.4 -21.2 4.5
-7.6 -16.8 3.3
-7.6 -16.6 2.7
-12.8 -24.8 2.5
-16.8 -24.6 0.5
-10 -12.6 0.3
-8 -16.6 5.1
-12.8 -24.8 2.9
-12.6 -24.6 1.3
-12.6 -24.6 1.3
-13.8 -25 1.9
-21.2 -21.2 5.1
-13 -10.4 2.7
-14 -10.2 2.3
-10.4 -12 0.9
-17.8 -24.2 0.3
-7.6 -16.6 2.5
-14 -10.2 3.1
-8 -17.2 0.1
-7.6 -16.6 2.9
-7.8 -16.4 1.1
-13.8 -25 3.5
-17.6 -24.2 5.3
-18 -24.4 1.3
-13 -10.4 2.5
-20.8 -12.8 2.7
-13 -10.4 2.9
-8.4 -14.6 0.9
-17.8 -24.6 2.1
-21 -22 1.3
-7.8 -16 1.5
-17.6 -24.6 1.5
-13.6 -25 2.3
-21.4 -21.6 2.1
-21.4 -21.6 2.1
-10.2 -12.4 0.3
-16.8 -24.6 4.9
-16.8 -24.2 5.9
-10.4 -11.8 1.7
-9.8 -12.8 0.3
-13 -24.8 1.7
-13 -24.8 1.7
-17.8 -24.6 3.3
-13.6 -25 3.1
-10 -12.6 5.1
-20.8 -12.8 2.5
-20.8 -13 1.3
-7.6 -17.2 1.7
-20.8 -12.8 2.9
-21.4 -21.6 3.3
-21.4 -21.6 3.3
-12.8 -24.4 0.3
-12.8 -24.4 0.3
-13 -10.8 0.3
-17.8 -24.2 5.1
-12.8 -24.8 2.3
-21.4 -21.4 1.3
-21.4 -21.4 1.3
-21 -22 4.1
-10.4 -11.8 3.7
-13 -24.8 3.7
-12.6 -24.4 0.5
-12.6 -24.4 0.5
-10.2 -12 1.5
-21.4 -21 0.5
-21.4 -21 0.5
-12.8 -24.8 3.1
-14 -10.4 0.9
-7.8 -17.2 0.7
-7.6 -16.6 2.3
-7.6 -16.6 3.1
-13.4 -24.8 1.1
-13.4 -24.8 1.1
-13 -10.4 2.3
-10.2 -12 3.9
-17.8 -24.4 0.9
-13 -10.4 3.1
-17 -24.8 1.5
-8.2 -19.4 0.1
-17.4 -24.6 1.1
-20.8 -12.8 2.3
-14 -10.2 2.1
-7.8 -17.2 4.7
-20.2 -12.8 0.1
-13.4 -24.8 4.3
-17.2 -24.8 1.9
-13.2 -10.4 1.7
-20.8 -12.8 3.1
-13.6 -24.8 0.9
-17 -24.8 3.9
-14 -10.2 3.3
-13 -24.6 0.7
-13 -24.6 0.7
-13 -24.4 0.1
-13 -24.4 0.1
-7.6 -16.8 1.9
-18 -24.2 0.5
-8 -17 0.1
-13.8 -10.6 0.3
-13.2 -10.4 3.7
-13.2 -24.8 1.3
-13.2 -24.8 1.3
-7.8 -16.6 0.9
-21.2 -21.8 1.5
-21.2 -21.8 1.5
-13.6 -25 2.1
-7.6 -16.8 3.5
-21.6 -21.2 1.7
-21.6 -21.2 1.7
-13.6 -24.8 4.5
-8.4 -15.2 0.1
-13.2 -24.6 0.5
-13.2 -24.6 0.5
-10 -12.4 0.7
-8.4 -15 0.3
-9.8 -12.6 0.7
-7.6 -17 1.7
-12.8 -24.8 2.1
-20.2 -12.8 5.3
-20.8 -13.2 0.7
-20.8 -13.2 0.7
-13.2 -24.8 4.1
-13.2 -24.8 4.1
-13 -24.6 4.7
-10.4 -12.2 0.3
-21.6 -21.2 3.7
-21.6 -21.2 3.7
-13.8 -10.2 2.7
-20.6 -12.8 1.1
-13.2 -10.8 0.1
-7.8 -16.6 4.5
-9.8 -12.4 1.3
-12.8 -24.8 3.3
-20.8 -13.4 0.3
-20.8 -13.4 0.3
-12.8 -24.6 0.9
-12.8 -24.6 0.9
-7.6 -16.6 2.1
-17.8 -24.6 1.9
-13.2 -10.6 0.7
-10.8 -11.8 0.5
-21.4 -21.6 1.9
-21.4 -21.6 1.9
-7.8 -17 0.7
-13.8 -10.2 2.5
-13.8 -24.6 0.1
-7.6 -16.6 3.3
-13 -10.4 2.1
-13.8 -10.2 2.9
-13.8 -25 1.7
-8 -16.4 0.3
-13 -10.6 0.9
-17.8 -24.6 3.5
-15 -25 1.1
-20.6 -12.8 4.3
-21.4 -21.6 3.5
-20.8 -13.2 4.7
-13 -10.4 3.3
-21 -21.8 0.7
-15.2 -25 1.1
-20.8 -12.8 2.1
-13.8 -25 3.7
-10 -12.2 1.3
-20.4 -12.8 0.5
-20.8 -13.4 5.1
-20.8 -12.8 3.3
-7.8 -17 4.7
-20.4 -13 0.1
-20.4 -13 0.1
-21.2 -21.6 0.9
-21.2 -21.6 0.9
-21.6 -21 1.1
-21.6 -21 1.1
-13.8 -24.8 0.7
-13.6 -10.4 1.1
-10 -12.2 4.1
-15.2 -25 4.3
-10.2 -12.2 0.7
-20.4 -13.4 5.9
-13.8 -10.2 2.3
-13.4 -10.4 1.3
-21.2 -21.4 0.5
-21.2 -21.4 0.5
-8.4 -14.8 0.5
-20.4 -12.8 4.9
-13.4 -10.6 0.5
-14 -10.2 1.9
-10.6 -11.8 0.9
-21.2 -21.6 4.5
-15.4 -25 1.1
-21 -21.6 0.3
-14 -10.2 3.5
-13.4 -24.6 0.3
-13.4 -24.6 0.3
-10.4 -11.8 1.5
-13 -24.8 1.5
-13 -24.8 1.5
-9.8 -12.2 2.7
-7.6 -17.2 1.5
-8 -16.8 0.1
-13.6 -25 1.9
-21.2 -21.4 4.9
-21.2 -22 2.7
-16.8 -24.8 1.1
-9.8 -12.2 2.5
-10.4 -11.8 3.9
-13 -24.8 3.9
-9.8 -12.2 2.9
-21.8 -21 2.7
-21.8 -21 2.7
-7.8 -16.2 1.1
-17.2 -24.8 1.7
-12.8 -24.8 1.9
-12.8 -24.8 1.9
-7.8 -16 1.3
-17.6 -24.6 1.3
-20.8 -22 0.5
-21.2 -22 2.5
-13.8 -10.4 0.9
-8 -16 0.5
-12.6 -24.6 1.1
-12.6 -24.6 1.1
-7.6 -16.8 1.7
-21.2 -22 2.9
-21 -21.6 5.1
-11 -11.8 0.1
-21.8 -21 2.5
-21.8 -21 2.5
-21.8 -21 2.9
-21.8 -21 2.9
-7.6 -16.6 1.9
-7.6 -16.8 3.7
-17.4 -24.4 0.3
-13 -10.4 1.9
-10.2 -12 1.3
-18 -24.4 1.1
-7.8 -16.8 0.7
-7.6 -16.6 3.5
-15 -24.8 0.3
-13.2 -10.4 1.5
-21 -22 1.1
-13 -10.4 3.5
-13.8 -10.2 2.1
-20.8 -22 4.9
-21.4 -21.2 0.7
-21.4 -21.2 0.7
-15.2 -24.8 0.3
-20.8 -12.8 1.9
-9.8 -12.2 2.3
-10 -12 2.7
-20.8 -13 1.1
-20.8 -13 1.1
-10.2 -12 4.1
-9.8 -12.2 3.1
-20.6 -13 0.5
-20.6 -13 0.5
-17.8 -24.6 1.7
-13.2 -10.4 3.9
-17 -24.8 1.3
-17.6 -24.4 0.5
-20.8 -12.8 3.5
-21.4 -21.6 1.7
-21.4 -21.6 1.7
-10.6 -12 0.3
-21.4 -21.4 1.1
-21.4 -21.4 1.1
-21.2 -22 2.3
-21.2 -21 5.5
-21.6 -21.2 1.5
-21.6 -21.2 1.5
-7.8 -16.4 0.9
-10 -12 2.5
-21 -22 4.3
-21.8 -21 2.3
-21.8 -21 2.3
-21.2 -22 3.1
-10 -12 2.9
-17.2 -24.6 0.7
-17.2 -24.4 0.1
-17.8 -24.6 3.7
-21.8 -21 3.1
-21.8 -21 3.1
-17 -24.6 0.5
-7.6 -17 1.5
-21.4 -21.6 3.7
-21.4 -21.2 4.7
-17 -24.8 4.1
-21.6 -21.2 3.9
-21.6 -21.4 2.7
-12.8 -24.2 5.7
-10.4 -12 0.7
-8.2 -19.8 0.3
-20.6 -13 4.9
-15.4 -24.8 0.3
-21.2 -21.8 1.3
-21.2 -21.8 1.3
-13.6 -10.6 0.3
-14 -10.6 0.1
-20.8 -21.8 0.1
-20.6 -13.2 0.1
-20.6 -13.2 0.1
-21.6 -21.4 2.5
-13.8 -25 1.5
-21.6 -21.4 2.9
-8.4 -14.6 0.7
-10 -12 2.3
-13.4 -24.8 0.9
-13.4 -24.8 0.9
-14 -10.2 1.7
-13.8 -25 3.9
-13.2 -24.8 1.1
-13.2 -24.8 1.1
-18 -24.6 2.7
-9.8 -12.2 2.1
-17.4 -24.6 0.9
-14 -10.2 3.7
-14 -10.6 5.3
-14 -10.4 0.7
-18 -24.6 2.5
-12.6 -24.8 2.7
-12.6 -24.8 2.7
-9.8 -12.2 3.3
-13.6 -24.6 0.1
-8 -16.2 0.3
-13.6 -25 1.7
-13.4 -24.8 4.5
-18 -24.6 2.9
-21.2 -22 2.1
-8 -16.6 0.1
-21.6 -21.4 2.3
-13.2 -24.8 4.3
-13.2 -24.8 4.3
-16.8 -24.6 0.3
-21.8 -21 2.1
-21.8 -21 2.1
-21.2 -21.2 0.1
-21.2 -21.2 0.1
-9.8 -12.4 1.1
-21.2 -22 3.3
-21.6 -21.4 3.1
-17.8 -24.4 0.7
-12.6 -24.8 2.5
-12.6 -24.8 2.5
-12.6 -24.8 2.9
-12.6 -24.8 2.9
-12.8 -24.8 1.7
-12.8 -24.8 1.7
-8.2 -19.6 0.1
-13.8 -10.2 1.9
-8.6 -14.6 0.1
-8.6 -14.8 5.5
-20.4 -13.2 5.7
-7.6 -16.6 1.7
-7.6 -16.2 2.7
-7.8 -17.2 0.5
-13.6 -24.8 0.7
-13 -10.4 1.7
-20.6 -12.8 0.9
-10 -12.6 0.1
-10.2 -11.8 2.7
-10 -12.2 1.1
-16.8 -24.6 5.1
-13.6 -10.2 2.3
-7.6 -16.6 3.7
-17.2 -24.8 1.5
-18 -24.6 2.3
-7.6 -16.2 2.5
-17.8 -24.2 0.1
-21.2 -21.2 5.3
-7.8 -16.6 0.7
-18 -24.6 3.1
-10 -12 2.1
-13 -10.4 3.7
-20.8 -12.8 1.7
-10.2 -11.8 2.5
-10.4 -11.8 1.3
-7.6 -16.8 1.5
-13 -24.8 1.3
-13 -24.8 1.3
-12.6 -24.4 0.3
-12.6 -24.4 0.3
-21.4 -21 0.3
-21.4 -21 0.3
-10.2 -11.8 2.9
-7.6 -17.2 1.3
-12.6 -24.8 2.3
-12.6 -24.8 2.3
-13.6 -24.8 4.7
-15 -25 0.9
-20.6 -12.8 4.5
-12.6 -24.8 3.1
-12.6 -24.8 3.1
-13.4 -10.4 1.1
-10.2 -12.4 0.1
-15.2 -25 0.9
-13 -24.6 0.5
-13 -24.6 0.5
-7.6 -16.8 3.9
-9.8 -12.8 0.1
-10.4 -11.8 4.1
-13 -24.8 4.1
-7.8 -16.6 4.7
-10 -12.6 5.3
-12.8 -24.6 0.7
-12.8 -24.6 0.7
-12.8 -24.4 0.1
-12.8 -24.4 0.1
-13 -10.8 0.1
-17.8 -24.2 5.3
-21.6 -21.4 2.1
-21.6 -21.4 2.1
-21.6 -21 0.9
-21.6 -21 0.9
-13 -10.6 0.7
-17.6 -24.2 5.5
-7.6 -16.2 2.3
-13.6 -10.4 0.9
-17.8 -24.6 1.5
-10 -12.4 0.5
-15.2 -25 4.5
-9.8 -12.6 0.5
-21.4 -21.6 1.5
-21.4 -21.6 1.5
-20.8 -13.2 0.5
-20.8 -13.2 0.5
-10.2 -11.8 2.3
-9.8 -12.2 1.9
-13 -24.6 4.9
-18 -24.2 0.3
-10.2 -11.8 3.1
-13.2 -10.4 1.3
-17.8 -24.6 3.9
-15.4 -25 0.9
-9.8 -12.2 3.5
-21.2 -22 1.9
-7.8 -16 1.1
-17.6 -24.6 1.1
-13.2 -10.6 0.5
-21.2 -21.6 0.7
-21.2 -21.6 0.7
-21.4 -21.6 3.9
-7.8 -17 0.5
-21.8 -21 1.9
-21.8 -21 1.9
-13.6 -10.2 2.1
-18 -24.6 2.1
-21.2 -22 3.5
-13.2 -24.6 0.3
-13.2 -24.6 0.3
-13.2 -10.4 4.1
-21 -21.8 0.5
-21.6 -21.2 1.3
-21.6 -21.2 1.3
-18 -24.6 3.3
-16.8 -24.8 0.9
-10.2 -12 1.1
-12.6 -24.8 2.1
-12.6 -24.8 2.1
-7.8 -16.2 0.9
-13.8 -10.6 0.1
-10.6 -11.8 0.7
-21.2 -21.6 4.7
-7.6 -17 1.3
-10.8 -11.8 0.3
-12.6 -24.8 3.3
-7.8 -17 4.9
-12.6 -24.6 0.9
-12.6 -24.6 0.9
-13.8 -24.8 0.5
-21.6 -21.2 4.1
-14 -10.2 1.5
-10.2 -12.2 0.5
-10.2 -12 4.3
-8.4 -15 0.1
-17 -24.8 1.1
-13.8 -10.2 1.7
-10 -12 1.9
-10.4 -12.2 0.1
-13.8 -25 1.3
-18 -24.4 0.9
-20.4 -12.8 0.3
-14 -10.2 3.9
-7.6 -16.2 2.1
-20.8 -13.4 0.1
-20.8 -13.4 0.1
-13.6 -25 1.5
-21 -22 0.9
-10.2 -11.8 2.1
-13.8 -10.4 0.7
-17 -24.8 4.3
-8 -16.4 0.1
-20.8 -13 0.9
-20.8 -13 0.9
-10.2 -11.8 3.3
-13.8 -25 4.1
-12.8 -24.8 1.5
-12.8 -24.8 1.5
-21.2 -21.8 1.1
-21.2 -21.8 1.1
-21.4 -21.4 0.9
-21.4 -21.4 0.9
-13.2 -25 2.3
-21.6 -21.4 1.9
-21.6 -21.4 1.9
-21.4 -21.8 2.5
-21.2 -21.4 0.3
-21.2 -21.4 0.3
-20.2 -12.8 5.5
-8.4 -14.8 0.3
-13.4 -10.6 0.3
-21 -22 4.5
-20.4 -12.8 5.1
-7.6 -16.6 1.5
-20.8 -13.4 5.3
-13 -10.4 1.5
-7.6 -16.6 3.9
-20.8 -12.8 1.5
-7.8 -16.4 0.7
-13.4 -10.2 2.7
-13 -10.4 3.9
-21.2 -21.4 5.1
-17.6 -24.8 2.7
-13.6 -10.2 1.9
-7.8 -16.8 0.5
-18 -24.6 1.9
-21.4 -21.8 2.3
-20.8 -22 0.3
-9.8 -12.2 1.7
-13.4 -10.2 2.5
-21.4 -21.2 0.5
-21.4 -21.2 0.5
-21 -21.6 0.1
-8 -16 0.3
-18 -24.6 3.5
-13.4 -24.6 0.1
-13.4 -24.6 0.1
-17.6 -24.8 2.5
-13.4 -10.2 2.9
-12.6 -24.8 1.9
-12.6 -24.8 1.9
-17.6 -24.8 2.9
-17.2 -24.8 1.3
-13.2 -24.8 0.9
-13.2 -24.8 0.9
-21.2 -22 1.7
-9.8 -12.2 3.7
-12.6 -24.8 3.5
-21.8 -21 1.7
-21.8 -21 1.7
-7.6 -16.8 1.3
-17.2 -24.6 0.5
-21.2 -22 3.7
-13.2 -25 2.1
-13.4 -24.8 0.7
-13.4 -24.8 0.7
-20.8 -22 5.1
-9.8 -12.4 0.9
-7.6 -16.2 1.9
-7.6 -16.8 4.1
-21 -21.6 5.3
-10.4 -12 0.5
-20.6 -13 0.3
-20.6 -13 0.3
-17.6 -24.4 0.3
-10.2 -11.8 1.9
-13.4 -10.2 2.3
-10.4 -11.8 1.1
-17.6 -24.8 2.3
-17.4 -24.6 0.7
-13 -24.8 1.1
-13 -24.8 1.1
-17.4 -24.4 0.1
-13.4 -10.2 3.1
-7.6 -17.2 1.1
-17.6 -24.8 3.1
-15 -24.8 0.1
-17.8 -24.6 1.3
-8.4 -14.6 0.5
-10.2 -11.8 3.5
-17 -24.6 0.3
-21.4 -21.6 1.3
-21.4 -21.6 1.3
-10 -12 1.7
-13.4 -24.8 4.7
-15.2 -24.8 0.1
-10 -12.2 0.9
-10.4 -11.8 4.3
-13 -24.8 4.3
-20.6 -13 5.1
-17.8 -24.6 4.1
-21.4 -21.8 2.1
-10.6 -12 0.1
-21.4 -21.6 4.1
-14 -10.4 0.5
-13.8 -10.2 1.5
-21.6 -21.4 1.7
-21.6 -21.4 1.7
-13.4 -10.4 0.9
-20.6 -12.8 0.7
-13.2 -10.4 1.1
-17.8 -24.4 0.5
-8.2 -19.8 0.1
-15.4 -24.8 0.1
-13.6 -10.6 0.1
-14 -10.2 1.3
-15 -25 0.7
-13.6 -24.8 0.5
-13.4 -10.2 2.1
-20.6 -12.8 4.7
-21.6 -21.2 1.1
-21.6 -21.2 1.1
-13.2 -10.4 4.3
-17.6 -24.8 2.1
-15.2 -25 0.7
-13.6 -10.2 1.7
-18 -24.6 1.7
-13.4 -10.2 3.3
-14 -10.2 4.1
-17.6 -24.8 3.3
-7.8 -16.6 0.5
-13.6 -25 1.3
-7.6 -17 1.1
-13.2 -25 1.9
-7.8 -16 0.9
-17.6 -24.6 0.9
-21.6 -21 0.7
-21.6 -21 0.7
-21.2 -21 5.7
-18 -24.6 3.7
-12.6 -24.8 1.7
-12.6 -24.8 1.7
-13.6 -10.4 0.7
-7.8 -17.2 0.3
-12.8 -24.8 1.3
-12.8 -24.8 1.3
-8 -16.2 0.1
-15.2 -25 4.7
-16.8 -24.6 0.1
-10.2 -12 0.9
-12.6 -24.8 3.7
-13.8 -25 1.1
-7.6 -16.6 1.3
-12.8 -24.6 0.5
-12.8 -24.6 0.5
-15.4 -25 0.7
-7.8 -16.6 4.9
-9.8 -12.2 1.5
-13 -10.4 1.3
-21.8 -21.2 2.7
-7.6 -16.2 1.7
-13 -10.6 0.5
-13.8 -25 4.3
-21.2 -22 1.5
-7.6 -16.6 4.1
-17 -24.8 0.9
-10.2 -12 4.5
-21.4 -21.8 1.9
-10.2 -11.8 1.7
-20.8 -12.8 1.3
-9.8 -12.2 3.9
-21.8 -21 1.5
-21.8 -21 1.5
-16.8 -24.8 0.7
-13 -24.6 0.3
-13 -24.6 0.3
-21.8 -21.2 2.5
-13 -10.4 4.1
-21.8 -21.2 2.9
-7.8 -16.2 0.7
-16.8 -24.6 5.3
-13 -25 2.7
-12.8 -24.2 5.9
-21.2 -22 3.9
-21.2 -21.6 0.5
-21.2 -21.6 0.5
-12.6 -24.6 0.7
-12.6 -24.6 0.7
-12.6 -24.4 0.1
-12.6 -24.4 0.1
-21.4 -21 0.1
-21.4 -21 0.1
-17 -24.8 4.5
-13 -25 2.5
-10 -12.4 0.3
-13 -25 2.9
-21.2 -21.8 0.9
-21.2 -21.8 0.9
-9.8 -12.6 0.3
-20.8 -13.2 0.3
-20.8 -13.2 0.3
-18 -24.4 0.7
-13 -24.6 5.1
-10.6 -11.8 0.5
-21 -22 0.7
-13.4 -10.2 1.9
-21.2 -21.2 5.5
-10 -12 1.5
-13.2 -10.6 0.3
-17.6 -24.8 1.9
-7.8 -17 0.3
-21.8 -21.2 2.3
-8.6 -14.8 5.7
-20.8 -13 0.7
-20.8 -13 0.7
-17.2 -24.8 1.1
-21.8 -21.2 3.1
-13.4 -10.2 3.5
-8.2 -14.2 2.7
-17.6 -24.8 3.5
-21.4 -21.4 0.7
-21.4 -21.4 0.7
-21 -21.8 0.3
-7.6 -16.8 1.1
-18 -24.2 0.1
-13 -25 2.3
-8.2 -14.2 2.5
-13.2 -10.2 2.7
-21 -22 4.7
-10 -12.6 5.5
-8.2 -14.2 2.9
-13 -25 3.1
-21.6 -21.4 1.5
-21.6 -21.4 1.5
-13.8 -10.4 0.5
-17.8 -24.2 5.5
-7.8 -17 5.1
-13.8 -24.8 0.3
-13.2 -10.2 2.5
-7.6 -16.8 4.3
-10.2 -12.2 0.3
-13.2 -24.6 0.1
-13.2 -24.6 0.1
-13.2 -10.2 2.9
-13.2 -25 1.7
-17.8 -24.6 1.1
-13.8 -10.2 1.3
-21.4 -21.6 1.1
-21.4 -21.6 1.1
-10.8 -11.8 0.1
-13.6 -10.2 1.5
-18 -24.6 1.5
-8.2 -14.2 2.3
-13.2 -24.8 0.7
-13.2 -24.8 0.7
-17.6 -24.2 5.7
-8.2 -14.2 3.1
-17.8 -24.6 4.3
-21.8 -21.2 2.1
-7.8 -16.4 0.5
-10.4 -11.8 0.9
-21.6 -21.6 2.7
-13 -24.8 0.9
-13 -24.8 0.9
-12.6 -24.8 1.5
-12.6 -24.8 1.5
-21.4 -21.6 4.3
-20.4 -12.8 0.1
-7.6 -17.2 0.9
-18 -24.6 3.9
-13.2 -10.2 2.3
-21.8 -21.2 3.3
-21.4 -21.8 1.7
-13.2 -10.2 3.1
-21.6 -21.6 2.5
-21.6 -21.6 2.9
-9.8 -12.4 0.7
-12.6 -24.8 3.9
-13 -25 2.1
-13.8 -25.2 2.7
-10.4 -11.8 4.5
-13 -24.8 4.5
-13 -25 3.3
-21.2 -21.4 0.1
-21.2 -21.4 0.1
-8.4 -14.8 0.1
-14 -10.2 1.1
-7.6 -16.2 1.5
-7.8 -16.8 0.3
-13.4 -10.6 0.1
-13.8 -25.2 2.5
-20.4 -12.8 5.3
-13.8 -25.2 2.9
-10.2 -11.8 1.5
-21.4 -21.2 0.3
-21.4 -21.2 0.3
-13.4 -24.8 0.5
-13.4 -24.8 0.5
-10 -12.2 0.7
-13.2 -10.4 0.9
-13.6 -25 1.1
-14 -10.2 4.3
-13.4 -10.2 1.7
-9.8 -12.2 1.3
-17.6 -24.8 1.7
-21.6 -21.6 2.3
-17.4 -24.6 0.5
-21.6 -21.6 3.1
-8.2 -14.2 2.1
-17.2 -24.6 0.3
-12.8 -24.8 1.1
-12.8 -24.8 1.1
-13.4 -10.2 3.7
-21.2 -22 1.3
-17.6 -24.8 3.7
-21.6 -21.2 0.9
-21.6 -21.2 0.9
-20.8 -22 0.1
-8.2 -14.2 3.3
-13.4 -10.4 0.7
-21.8 -21 1.3
-21.8 -21 1.3
-20.8 -13.4 5.5
-8 -16 0.1
-13.4 -24.8 4.9
-9.8 -12.2 4.1
-13.2 -10.2 2.1
-7.6 -16.6 1.1
-13.8 -25.2 2.3
-10.4 -12 0.3
-7.6 -17 0.9
-13.8 -25.2 3.1
-13.2 -10.2 3.3
-21.2 -22 4.1
-17.8 -24.8 2.7
-13 -10.4 1.1
-8.4 -14.6 0.3
-7.6 -16 1.7
-17.8 -24.8 2.5
-7.6 -16.6 4.3
-20.8 -12.8 1.1
-21.8 -21.2 1.9
-21.8 -21.2 1.9
-17.8 -24.8 2.9
-20.6 -12.8 0.5
-13.8 -25 0.9
-20.8 -22 5.3
-13 -10.4 4.3
-20.6 -13 0.1
-20.6 -13 0.1
-21.8 -21.2 3.5
-7.8 -16 0.7
-17.6 -24.6 0.7
-10 -12 1.3
-17.6 -24.4 0.1
-13 -25 1.9
-15 -25 0.5
-14 -10.4 0.3
-13.2 -25 1.5
-17 -24.6 0.1
-13.8 -25 4.5
-21.6 -21.6 2.1
-13 -25 3.5
-15.2 -25 0.5
-20.6 -12.8 4.9
-10.2 -12 0.7
-21.6 -21.6 3.3
-17.8 -24.4 0.3
-21 -21.6 5.5
-17.8 -24.8 2.3
-21.6 -21.4 1.3
-21.6 -21.4 1.3
-20.6 -13 5.3
-21.6 -21 0.5
-21.6 -21 0.5
-17.8 -24.8 3.1
-13.8 -25.2 2.1
-13.6 -10.4 0.5
-13.6 -24.8 0.3
-17 -24.8 0.7
-9.8 -12 2.7
-10.2 -12 4.7
-13.8 -25.2 3.3
-15.2 -25 4.9
-8.2 -14.2 1.9
-15.4 -25 0.5
-7.8 -16.6 0.3
-21.4 -21.8 1.5
-21.4 -21.8 1.5
-9.8 -12 2.5
-9.8 -12 2.9
-8.2 -14.2 3.5
-13.6 -10.2 1.3
-18 -24.6 1.3
-13.2 -10.2 1.9
-13.2 -10.2 1.9
-17.2 -24.8 0.9
-17 -24.8 4.7
-21.2 -21.8 0.7
-21.2 -21.8 0.7
-13.2 -10.2 3.5
-7.6 -16.8 0.9
-16.8 -24.8 0.5
-12.6 -24.8 1.3
-12.6 -24.8 1.3
-7.8 -16.2 0.5
-18 -24.6 4.1
-12.8 -24.6 0.3
-12.8 -24.6 0.3
-13.8 -10.2 1.1
-7.8 -16.6 5.1
-12.6 -24.6 0.5
-12.6 -24.6 0.5
-14 -10 2.7
-13 -10.6 0.3
-12.6 -24.8 4.1
-7.8 -17.2 0.1
-7.6 -16.8 4.5
-13.4 -10.2 1.5
-9.8 -12 2.3
-17.8 -24.8 2.1
-17.6 -24.8 1.5
-9.8 -12 3.1
-7.6 -16.2 1.3
-18 -24.4 0.5
-14 -10 2.5
-17.8 -24.8 3.3
-14 -10 2.9
-17.8 -24.6 0.9
-10.2 -11.8 1.3
-21.4 -21.6 0.9
-21.4 -21.6 0.9
-21 -22 0.5
-13.4 -10.2 3.9
-21.6 -21.6 1.9
-21.6 -21.6 1.9
-21.2 -21.6 0.3
-21.2 -21.6 0.3
-21.8 -21.2 1.7
-21.8 -21.2 1.7
-17.6 -24.8 3.9
-13 -10.2 2.7
-20.8 -13 0.5
-20.8 -13 0.5
-7.6 -16.4 1.1
-10 -11.8 2.7
-21.8 -21.2 3.7
-21.4 -21.4 0.5
-21.4 -21.4 0.5
-13 -10.2 2.5
-13 -24.6 0.1
-13 -24.6 0.1
-17.8 -24.6 4.5
-13 -10.2 2.9
-13 -25 1.7
-13.8 -25.2 1.9
-21.4 -21.6 4.5
-10.6 -11.8 0.3
-7.6 -16 1.5
-10 -11.8 2.5
-21 -22 4.9
-10 -11.8 2.9
-12.8 -25 2.3
-17.4 -24.8 1.1
-14 -10 2.3
-13 -25 3.7
-14 -10 3.1
-10 -12.4 0.1
-9.8 -12.6 0.1
-9.8 -12.2 1.1
-20.8 -13.2 0.1
-20.8 -13.2 0.1
-21.4 -22 2.7
-10.4 -11.8 0.7
-13 -24.8 0.7
-13 -24.8 0.7
-13.4 -25 1.1
-14 -10.2 0.9
-7.6 -17.2 0.7
-9.8 -12 2.1
-21.2 -22 1.1
-21.4 -22 2.5
-13.2 -10.6 0.1
-13 -10.2 2.3
-21.8 -21 1.1
-21.8 -21 1.1
-7.8 -17 0.1
-13.8 -10.4 0.3
-21.4 -22 2.9
-9.8 -12 3.3
-13 -10.2 3.1
-8.2 -14.2 1.7
-9.8 -12.2 4.3
-21.2 -21 5.9
-13.2 -24.8 0.5
-13.2 -24.8 0.5
-10 -11.8 2.3
-13.6 -25 0.9
-14 -10.2 4.5
-10.4 -11.8 4.7
-21 -21.8 0.1
-10 -11.8 3.1
-21.2 -22 4.3
-8.2 -14.2 3.7
-13.2 -10.2 1.7
-13.2 -10.2 1.7
-12.8 -24.8 0.9
-12.8 -24.8 0.9
-13.2 -25 1.3
-17.8 -24.8 1.9
-13.8 -24.8 0.1
-9.8 -12.4 0.5
-17.8 -24.8 3.5
-7.6 -16.6 0.9
-13.2 -10.4 0.7
-10.2 -12.2 0.1
-10 -12 1.1
-21.4 -22 2.3
-12.8 -25 2.1
-13 -10.4 0.9
-7.8 -16.4 0.3
-14 -10 2.1
-21.4 -22 3.1
-14 -10 3.3
-13.6 -25.2 2.1
-21.6 -21.2 0.7
-21.6 -21.2 0.7
-20.8 -12.8 0.9
-21.2 -21.2 5.7
-7.6 -16.6 4.5
-10 -12.2 0.5
-21.4 -21.8 1.3
-21.4 -21.8 1.3
-7.6 -17 0.7
-21.6 -21.6 1.7
-21.6 -21.6 1.7
-21.6 -21.4 1.1
-21.6 -21.4 1.1
-13 -10.2 2.1
-22 -21 2.7
-13 -10.2 3.3
-10 -11.8 2.1
-13.8 -10 2.7
-10 -12.6 5.7
-13.4 -10.4 0.5
-10 -11.8 3.3
-13.4 -24.8 0.3
-13.4 -24.8 0.3
-13.8 -25 0.7
-22 -21 2.5
-13.8 -25.2 1.7
-22 -21 2.9
-9.8 -12 1.9
-13.8 -10 2.5
-13.8 -10 2.9
-21.8 -21.2 1.5
-21.8 -21.2 1.5
-17.4 -24.6 0.3
-13.6 -10.2 1.1
-18 -24.6 1.1
-9.8 -12 3.5
-7.8 -16.8 0.1
-13.4 -10.2 1.3
-21.4 -22 2.1
-17.6 -24.8 1.3
-21.8 -21.2 3.9
-13.8 -25 4.7
-21.4 -21.2 0.1
-21.4 -21.2 0.1
-21.8 -21.4 2.7
-12.6 -24.8 1.1
-12.6 -24.8 1.1
-13 -25 1.5
-21.4 -22 3.3
-13.4 -24.8 5.1
-18 -24.6 4.3
-7.8 -16 0.5
-17.6 -24.6 0.5
-13.4 -10.2 4.1
-21.8 -21.4 2.5
-17.6 -24.8 4.1
-22 -21 2.3
-21.8 -21.4 2.9
-13 -25 3.9
-17.2 -24.6 0.1
-22 -21 3.1
-13.8 -10 2.3
-12.6 -24.8 4.3
-12.8 -25 1.9
-20.4 -12.8 5.5
-13.8 -10 3.1
-14 -10 1.9
-20.6 -12.8 0.3
-10.2 -12 0.5
-7.6 -16.2 1.1
-10.4 -12 0.1
-7.6 -16 1.3
-17.8 -24.8 1.7
-13.8 -10.2 0.9
-10.2 -11.8 1.1
-14 -10 3.5
-13.6 -25.2 1.9
-17.6 -24.2 5.9
-8.2 -14.2 1.5
-17.2 -24.8 0.7
-15 -25 0.3
-13.4 -25.2 2.5
-17.8 -24.8 3.7
-8.4 -14.6 0.1
-17 -24.8 0.5
-13 -10.2 1.9
-13 -10.2 1.9
-21.8 -21.4 2.3
-7.6 -16.8 0.7
-15.2 -25 0.3
-10.2 -12 4.9
-13.2 -10.2 1.5
-13.2 -10.2 1.5
-21.8 -21.4 3.1
-20.6 -12.8 5.1
-8.2 -14.2 3.9
-10 -11.8 1.9
-13 -10.2 3.5
-21.6 -21 0.3
-21.6 -21 0.3
-10 -11.8 3.5
-13.6 -10.4 0.3
-14 -10.4 0.1
-17 -24.8 4.9
-21.2 -21.8 0.5
-21.2 -21.8 0.5
-7.6 -16.4 0.9
-7.6 -16.8 4.7
-22 -21 2.1
-20.8 -13.4 5.7
-15.2 -25 5.1
-13.4 -25.2 2.3
-17.8 -24.6 0.7
-17.8 -24.4 0.1
-20.8 -22 5.5
-13.8 -10 2.1
-22 -21 3.3
-21.4 -22 1.9
-18 -24.8 2.7
-15.4 -25 0.3
-21.4 -21.6 0.7
-21.4 -21.6 0.7
-13.8 -10 3.3
-17.4 -24.8 0.9
-21.4 -22 3.5
-9.8 -12 1.7
-18 -24.8 2.5
-13.6 -24.8 0.1
-21.6 -21.6 1.5
-21.6 -21.6 1.5
-18 -24.8 2.9
-9.8 -12.2 0.9
-16.8 -24.8 0.3
-13.4 -25 0.9
-17.8 -24.6 4.7
-7.8 -16.2 0.3
-9.8 -12 3.7
-21.4 -21.6 4.7
-13.2 -25 1.1
-21.2 -22 0.9
-7.8 -16.6 0.1
-21.8 -21.4 2.1
-21.8 -21 0.9
-21.8 -21 0.9
-12.6 -24.6 0.3
-12.6 -24.6 0.3
-20.6 -13 5.5
-13.8 -25.2 1.5
-21.8 -21.4 3.3
-9.8 -12.2 4.5
-12.8 -10.2 2.7
-14 -10.2 0.7
-18 -24.4 0.3
-21.2 -22 4.5
-12.8 -10.2 2.5
-18 -24.8 2.3
-12.6 -25 2.5
-12.8 -24.6 0.1
-12.8 -24.6 0.1
-12.8 -10.2 2.9
-12.8 -25 1.7
-21 -22 0.3
-21 -21.6 5.7
-18 -24.8 3.1
-14 -10 1.7
-7.8 -16.6 5.3
-13.6 -10 2.7
-13.4 -25.2 2.1
-13 -10.6 0.1
-20.8 -13 0.3
-20.8 -13 0.3
-13.6 -25 0.7
-21.4 -21.8 1.1
-21.4 -21.8 1.1
-10 -12 0.9
-13.6 -25.2 1.7
-21.8 -21.2 1.3
-21.8 -21.2 1.3
-14 -10 3.7
-21.4 -21.4 0.3
-21.4 -21.4 0.3
-14 -10.2 4.7
-10.4 -11.8 0.5
-13 -24.8 0.5
-13 -24.8 0.5
-13.6 -10 2.5
-13.6 -10 2.9
-7.6 -17.2 0.5
-12.8 -24.8 0.7
-12.8 -24.8 0.7
-13 -10.2 1.7
-13 -10.2 1.7
-21.2 -21.6 0.1
-21.2 -21.6 0.1
-21.6 -21.8 2.7
-21.6 -21.8 2.7
-21 -22 5.1
-22 -21 1.9
-21.8 -21.2 4.1
-13 -25 1.3
-7.6 -16.6 0.7
-12.8 -10.2 2.3
-12.6 -25 2.3
-10 -11.8 1.7
-13.8 -10 1.9
-17.8 -24.8 1.5
-13 -10.2 3.7
-22 -21 3.5
-21.6 -21.4 0.9
-21.6 -21.4 0.9
-12.8 -10.2 3.1
-21.6 -21.8 2.5
-21.6 -21.8 2.5
-13 -10.4 0.7
-21.6 -21.8 2.9
-21.6 -21.8 2.9
-10.4 -11.8 4.9
-13.8 -10 3.5
-10 -11.8 3.7
-13 -25 4.1
-10.6 -11.8 0.1
-13.4 -10.2 1.1
-17.8 -24.8 3.9
-17.6 -24.8 1.1
-20.8 -12.8 0.7
-13.6 -10 2.3
-7.6 -16.6 4.7
-18 -24.8 2.1
-13.6 -10 3.1
-13.2 -10.4 0.5
-21.4 -22 1.7
-13.2 -24.8 0.3
-13.2 -24.8 0.3
-21.8 -21.4 1.9
-18 -24.8 3.3
-13.4 -10.2 4.3
-13.6 -10.2 0.9
-18 -24.6 0.9
-8.2 -14.2 1.3
-17.6 -24.8 4.3
-21.4 -22 3.7
-21.8 -21.4 3.5
-21.6 -21.8 2.3
-21.6 -21.8 2.3
-21.6 -21.2 0.5
-21.6 -21.2 0.5
-13.8 -10.4 0.1
-12.6 -24.8 0.9
-12.6 -24.8 0.9
-21.6 -21.8 3.1
-21.6 -21.8 3.1
-13.2 -10.2 1.3
-13.2 -10.2 1.3
-9.8 -12.4 0.3
-8.2 -14.2 4.1
-7.6 -16 1.1
-7.6 -17 0.5
-18 -24.6 4.5
-13.4 -25.2 1.9
-12.8 -10.2 2.1
-12.6 -25 2.1
-9.8 -12 1.5
-12.6 -24.8 4.5
-12.8 -10.2 3.3
-7.6 -16.2 0.9
-13.8 -25 0.5
-10 -12.2 0.3
-9.8 -12 3.9
-10.2 -11.8 0.9
-13.6 -10 2.1
-7.8 -16.4 0.1
-13.6 -10 3.3
-21.6 -21.6 1.3
-21.6 -21.6 1.3
-13.4 -10.4 0.3
-13.8 -25 4.9
-13.8 -10.2 0.7
-12.8 -25 1.5
-21.6 -21.8 2.1
-21.6 -21.8 2.1
-14 -10 1.5
-22 -21 1.7
-13.8 -25.2 1.3
-21.6 -21.8 3.3
-21.6 -21.8 3.3
-18 -24.8 1.9
-13.8 -10 1.7
-13.6 -25.2 1.5
-22 -21 3.7
-14 -10 3.9
-18 -24.8 3.5
-13.4 -24.8 0.1
-13.4 -24.8 0.1
-13.8 -10 3.7
-13 -10.2 1.5
-13 -10.2 1.5
-7.8 -16 0.3
-17.6 -24.6 0.3
-17.4 -24.6 0.1
-10 -11.8 1.5
-17.2 -24.8 0.5
-21.8 -21.4 1.7
-7.6 -16.4 0.7
-13 -10.2 3.9
-7.6 -16.8 0.5
-10.2 -12 0.3
-12.8 -10.2 1.9
-12.6 -25 1.9
-10 -11.8 3.9
-13.4 -24.8 5.3
-13.2 -25 0.9
-21.8 -21.4 3.7
-12.8 -10.2 3.5
-17.4 -24.8 0.7
-17.8 -24.8 1.3
-21.4 -22 1.5
-13.4 -10 2.7
-17 -24.8 0.3
-21.8 -21.2 1.1
-21.8 -21.2 1.1
-9.8 -12.2 0.7
-13.6 -10 1.9
-7.6 -16.8 4.9
-13.4 -25 0.7
-20.6 -12.8 0.1
-13.4 -25.2 1.7
-10.2 -12 5.1
-17.8 -24.6 0.5
-21.2 -22 0.7
-13.4 -10 2.5
-21.4 -22 3.9
-13.6 -10 3.5
-21.4 -21.6 0.5
-21.4 -21.6 0.5
-17.8 -24.8 4.1
-13.4 -10 2.9
-21.8 -21 0.7
-21.8 -21 0.7
-13 -25 1.1
-21.8 -21.2 4.3
-15 -25 0.1
-21.4 -21.8 0.9
-21.4 -21.8 0.9
-21.6 -21.8 1.9
-21.6 -21.8 1.9
-9.8 -12.2 4.7
-21.2 -21.8 0.3
-21.2 -21.8 0.3
-13.2 -25.2 2.1
-17 -24.8 5.1
-15.2 -25 0.1
-21.6 -21.8 3.5
-21.6 -21.8 3.5
-21.2 -22 4.7
-17.8 -24.6 4.9
-20.6 -12.8 5.3
-21.4 -21.6 4.9
-21.6 -21 0.1
-21.6 -21 0.1
-13.6 -10.4 0.1
-13.4 -10 2.3
-10 -12 0.7
-13.4 -10 3.1
-14 -10.2 0.5
-8.2 -14.2 1.1
-18 -24.8 1.7
-9.8 -12 1.3
-15.2 -25 5.3
-13.4 -10.2 0.9
-15.4 -25 0.1
-17.6 -24.8 0.9
-13.2 -10.2 1.1
-13.2 -10.2 1.1
-18 -24.8 3.7
-13.6 -25 0.5
-8.2 -14.2 4.3
-9.8 -12 4.1
-21.6 -21.4 0.7
-21.6 -21.4 0.7
-22 -21 1.5
-16.8 -24.8 0.1
-12.6 -10.2 2.7
-14 -10.2 4.9
-13.4 -10.2 4.5
-13.8 -10 1.5
-7.8 -16.2 0.1
-17.6 -24.8 4.5
-12.8 -24.8 0.5
-12.8 -24.8 0.5
-22 -21 3.9
-12.6 -10.2 2.5
-12.6 -24.6 0.1
-12.6 -24.6 0.1
-12.6 -10.2 2.9
-12.8 -10.2 1.7
-12.6 -25 1.7
-7.6 -16.6 0.5
-13.8 -10 3.9
-7.6 -16 0.9
-12.8 -25 1.3
-14 -10 1.3
-13 -10.4 0.5
-10.4 -11.8 0.3
-13 -24.8 0.3
-13 -24.8 0.3
-13.6 -10.2 0.7
-12.8 -10.2 3.7
-18 -24.6 0.7
-18 -24.4 0.1
-7.6 -17.2 0.3
-13.4 -10 2.1
-21.6 -21.6 1.1
-21.6 -21.6 1.1
-13.6 -25.2 1.3
-21.8 -21.4 1.5
-20.8 -22 5.7
-13.2 -25.2 1.9
-21 -22 0.1
-21.4 -22.2 2.7
-13.6 -10 1.7
-20.8 -12.8 0.5
-22 -21.2 2.3
-13.4 -10 3.3
-12.6 -24.8 0.7
-12.6 -24.8 0.7
-14 -10 4.1
-7.6 -16.6 4.9
-20.8 -13 0.1
-20.8 -13 0.1
-13 -10.2 1.3
-13 -10.2 1.3
-21.4 -22.2 2.5
-21.8 -21.4 3.9
-13.6 -10 3.7
-21.4 -21.4 0.1
-21.4 -21.4 0.1
-21.4 -22.2 2.9
-12.6 -10.2 2.3
-18 -24.6 4.7
-13.8 -25.2 1.1
-10.4 -11.8 5.1
-12.6 -10.2 3.1
-10 -11.8 1.3
-8 -14.2 2.7
-20.8 -13.4 5.9
-21.6 -21.8 1.7
-21.6 -21.8 1.7
-13 -10.2 4.1
-12.6 -24.8 4.7
-7.6 -16.2 0.7
-13.4 -25.2 1.5
-7.8 -16.6 5.5
-8 -14.2 2.5
-20.6 -13 5.7
-8 -14.2 2.9
-13.2 -10.4 0.3
-21.6 -21.8 3.7
-10 -11.8 4.1
-10.2 -11.8 0.7
-21.8 -21.6 2.7
-21.8 -21.6 2.7
-21.4 -22 1.3
-21.4 -22.2 2.3
-21.8 -21.6 2.5
-21.8 -21.6 2.5
-21.6 -21.2 0.3
-21.6 -21.2 0.3
-21.4 -22.2 3.1
-21.8 -21.6 2.9
-21.8 -21.6 2.9
-9.8 -11.8 2.7
-8.2 -13.8 2.7
-13.2 -24.8 0.1
-13.2 -24.8 0.1
-7.6 -17 0.3
-21.4 -22 4.1
-22 -21.2 2.1
-8 -14.2 2.3
-9.8 -11.8 2.5
-17.8 -24.8 1.1
-8.2 -13.8 2.5
-9.8 -11.8 2.9
-8 -14.2 3.1
-8.2 -13.8 2.9
-12.6 -10.2 2.1
-13.8 -25 0.3
-18 -24.8 1.5
-9.8 -12.4 0.1
-12.6 -10.2 3.3
-13.4 -10 1.9
-13.8 -10.2 0.5
-21.8 -21.6 2.3
-21.8 -21.6 2.3
-17.8 -24.8 4.3
-21.8 -21.6 3.1
-21.8 -21.6 3.1
-13.4 -10 3.5
-18 -24.8 3.9
-21.8 -21.2 0.9
-21.8 -21.2 0.9
-13.2 -10 2.7
-13.2 -10 2.7
-10 -12.2 0.1
-9.8 -11.8 2.3
-8.2 -13.8 2.3
-21.4 -22.2 2.1
-13.2 -25 0.7
-9.8 -11.8 3.1
-13.2 -25.2 1.7
-8.2 -13.8 3.1
-13 -25 0.9
-13.2 -10 2.5
-13.2 -10 2.5
-21.4 -22.2 3.3
-12.8 -10.2 1.5
-12.6 -25 1.5
-13.2 -10 2.9
-13.2 -10 2.9
-21.8 -21.2 4.5
-7.6 -16.4 0.5
-22 -21 1.3
-13.4 -10.4 0.1
-8 -14.2 2.1
-12.8 -10.2 3.9
-13.8 -10 1.3
-9.8 -12 1.1
-8 -14.2 3.3
-13.6 -10 1.5
-17.4 -24.8 0.5
-22 -21 4.1
-17.2 -24.8 0.3
-21.4 -21.8 0.7
-21.4 -21.8 0.7
-13.8 -10 4.1
-21.8 -21.6 2.1
-21.8 -21.6 2.1
-9.8 -12.2 0.5
-22 -21.2 1.9
-9.8 -12 4.3
-7.6 -16.8 0.3
-13.2 -10 2.3
-13.2 -10 2.3
-13.4 -25 0.5
-8.2 -14.2 0.9
-21.8 -21.6 3.3
-21.8 -21.6 3.3
-13.2 -10 3.1
-13.2 -10 3.1
-21.6 -21.8 1.5
-21.6 -21.8 1.5
-21.2 -22 0.5
-21.8 -21.4 1.3
-12.6 -10.2 1.9
-7.8 -16 0.1
-17.6 -24.6 0.1
-21.8 -21 0.5
-21.8 -21 0.5
-13.2 -10.2 0.9
-13.2 -10.2 0.9
-9.8 -11.8 2.1
-8.2 -13.8 2.1
-12.6 -10.2 3.5
-12.8 -25 1.1
-21.6 -21.8 3.9
-9.8 -11.8 3.3
-9.8 -12.2 4.9
-14 -10 1.1
-21.8 -21.4 4.1
-10.2 -12 0.1
-7.6 -16.8 5.1
-17.8 -24.6 0.3
-13.4 -10.2 0.7
-21.2 -22 4.9
-13.8 -25.4 2.7
-13.6 -25.2 1.1
-21.4 -21.6 0.3
-21.4 -21.6 0.3
-17.6 -24.8 0.7
-13.4 -25.2 1.3
-14 -10 4.3
-13.4 -10 1.7
-21.4 -22.2 1.9
-13.8 -25.4 2.5
-13 -10.2 1.1
-13 -10.2 1.1
-8.2 -14 1.3
-13.8 -25.4 2.9
-10 -12 0.5
-17 -24.8 0.1
-21.4 -22.2 3.5
-13.4 -10 3.7
-10 -11.8 1.1
-10.2 -12 5.3
-21.6 -21.6 0.9
-21.6 -21.6 0.9
-17.8 -24.6 5.1
-21.4 -21.6 5.1
-13.2 -10 2.1
-13.2 -10 2.1
-8 -14.2 1.9
-13 -10.2 4.3
-7.6 -16 0.7
-13.2 -10 3.3
-13.2 -10 3.3
-21.6 -21.4 0.5
-21.6 -21.4 0.5
-21.2 -21.8 0.1
-21.2 -21.8 0.1
-10 -11.8 4.3
-8 -14.2 3.5
-17 -24.8 5.3
-13.8 -25.2 0.9
-14 -10.2 0.3
-13.8 -25.4 2.3
-21.4 -22 1.1
-21.8 -21.6 1.9
-21.8 -21.6 1.9
-13.8 -25.4 3.1
-18 -24.8 1.3
-13 -25.2 1.9
-21.8 -21.6 3.5
-21.8 -21.6 3.5
-13.6 -25 0.3
-13.2 -25.2 1.5
-21.6 -22 2.7
-21.4 -22 4.3
-13.6 -10.2 0.5
-9.8 -11.8 1.9
-18 -24.6 0.5
-8.2 -13.8 1.9
-14 -10.2 5.1
-18 -24.8 4.1
-12.8 -24.8 0.3
-12.8 -24.8 0.3
-20.6 -12.8 5.5
-21.6 -22 2.5
-22 -21.2 1.7
-9.8 -11.8 3.5
-21.6 -22 2.9
-12.6 -24.8 0.5
-12.6 -24.8 0.5
-7.6 -16.6 0.3
-12.6 -10.2 1.7
-13 -10.4 0.3
-12.8 -10.2 1.3
-12.6 -25 1.3
-18 -24.6 4.9
-17.8 -24.8 0.9
-12.4 -10.2 2.7
-12.6 -10.2 3.7
-15.2 -25 5.5
-20.8 -12.8 0.3
-7.6 -16.2 0.5
-13.8 -25.4 2.1
-12.8 -10.2 4.1
-12.4 -10.2 2.5
-7.6 -16.6 5.1
-21.6 -22 2.3
-10.2 -11.8 0.5
-12.4 -10.2 2.9
-13.6 -10 1.3
-13.2 -10 1.9
-13.2 -10 1.9
-13.8 -25.4 3.3
-21.6 -22 3.1
-10.4 -11.8 0.1
-13 -24.8 0.1
-13 -24.8 0.1
-17.8 -24.8 4.5
-7.6 -17.2 0.1
-21.4 -22.2 1.7
-13.2 -10 3.5
-13.2 -10 3.5
-22 -21 1.1
-12.8 -25.2 2.7
-13.8 -10 1.1
-21.4 -22.2 3.7
-21.6 -21.8 1.3
-21.6 -21.8 1.3
-12.8 -25.2 2.5
-8 -14.2 1.7
-12.8 -25.2 2.9
-22 -21 4.3
-13.4 -10 1.5
-12.4 -10.2 2.3
-13.8 -10 4.3
-21.8 -21.2 0.7
-21.8 -21.2 0.7
-21.6 -21.8 4.1
-12.4 -10.2 3.1
-8 -14.2 3.7
-9.8 -12 0.9
-13.4 -10 3.9
-13.2 -10.4 0.1
-21.8 -21.6 1.7
-21.8 -21.6 1.7
-21.8 -21.4 1.1
-21.8 -21.4 1.1
-13 -10 2.7
-13 -10 2.7
-14 -9.8 2.7
-13 -25 0.7
-13.6 -25.4 2.7
-13 -25.2 1.7
-21.8 -21.6 3.7
-21.6 -22 2.1
-21.8 -21.2 4.7
-13 -10 2.5
-13 -10 2.5
-13 -10 2.9
-13 -10 2.9
-14 -9.8 2.5
-12.8 -25.2 2.3
-21.6 -21.2 0.1
-21.6 -21.2 0.1
-13.6 -25.4 2.5
-9.8 -12 4.5
-14 -9.8 2.9
-9.8 -11.8 1.7
-21.6 -22 3.3
-13.6 -25.4 2.9
-8.2 -13.8 1.7
-12.8 -25.2 3.1
-13.2 -25 0.5
-13.8 -10.2 0.3
-7.6 -17 0.1
-9.8 -11.8 3.7
-13.4 -25.2 1.1
-13.8 -25.4 1.9
-12.8 -25 0.9
-8.2 -14 1.1
-14 -10 0.9
-20.8 -22 5.9
-13.8 -25.4 3.5
-13.8 -25 0.1
-8.2 -14.2 0.7
-12.4 -10.2 2.1
-13 -10 2.3
-13 -10 2.3
-13.6 -25.2 0.9
-22 -21.2 1.5
-14 -9.8 2.3
-13 -10 3.1
-13 -10 3.1
-13.6 -25.4 2.3
-13.2 -10.2 0.7
-13.2 -10.2 0.7
-14 -9.8 3.1
-13.6 -25.4 3.1
-21.4 -21.8 0.5
-21.4 -21.8 0.5
-13 -10.2 0.9
-13 -10.2 0.9
-13.2 -25.2 1.3
-12.6 -10.2 1.5
-7.6 -16.4 0.3
-13.2 -10 1.7
-13.2 -10 1.7
-22 -21.4 2.7
-10 -11.8 0.9
-13.2 -10 3.7
-13.2 -10 3.7
-12.6 -10.2 3.9
-12.8 -25.2 2.1
-22 -21.4 2.5
-22 -21.4 2.9
-17.4 -24.8 0.3
-18 -24.8 1.1
-13 -10.2 4.5
-12.8 -25.2 3.3
-9.8 -12.2 0.3
-13.4 -25 0.3
-21.4 -22.2 1.5
-21.4 -22 0.9
-21.6 -22 1.9
-21.6 -21.6 0.7
-21.6 -21.6 0.7
-13.4 -10.2 0.5
-21.2 -22 0.3
-18 -24.8 4.3
-17.6 -24.8 0.5
-21.8 -21 0.3
-21.8 -21 0.3
-21.6 -22 3.5
-17.2 -24.8 0.1
-13 -10 2.1
-13 -10 2.1
-21.4 -22.2 3.9
-14 -9.8 2.1
-22 -21.4 2.3
-8 -14 2.7
-13.6 -25.4 2.1
-8 -14.2 1.5
-9.8 -12.2 5.1
-13 -10 3.3
-13 -10 3.3
-7.6 -16.8 0.1
-12.8 -10.2 1.1
-12.6 -25 1.1
-13.8 -25.2 0.7
-22 -21.4 3.1
-14 -9.8 3.3
-13.6 -25.4 3.3
-11.8 -10.4 2.7
-8 -14 2.5
-21.2 -22 5.1
-8 -14 2.9
-8 -14.2 3.9
-12.4 -10.2 1.9
-7.6 -16 0.5
-11.8 -10.4 2.5
-21.8 -21.6 1.5
-21.8 -21.6 1.5
-12.8 -10.2 4.3
-11.8 -10.4 2.9
-10 -12 0.3
-13.6 -10 1.1
-13 -25.2 1.5
-13.4 -10 1.3
-13.8 -25.4 1.7
-13.8 -9.8 2.7
-7.6 -16.8 5.3
-17.8 -24.6 0.1
-21.4 -21.6 0.1
-21.4 -21.6 0.1
-9.8 -11.8 1.5
-8.4 -21.8 1.5
-8.2 -13.8 1.5
-13.8 -25.4 3.7
-13.8 -9.8 2.5
-21.6 -21.8 1.1
-21.6 -21.8 1.1
-13.8 -9.8 2.9
-13.4 -10 4.1
-8 -14 2.3
-21.6 -21.4 0.3
-21.6 -21.4 0.3
-12.8 -25.2 1.9
-8 -14 3.1
-9.8 -11.8 3.9
-11.8 -10.4 2.3
-17.8 -24.8 0.7
-12.8 -25.2 3.5
-22 -21.4 2.1
-11.8 -10.4 3.1
-22 -21 0.9
-17.8 -24.6 5.3
-21.4 -21.6 5.3
-22 -21.4 3.3
-13.8 -10 0.9
-13.6 -10.2 0.3
-18 -24.6 0.3
-14 -10.2 0.1
-13.8 -9.8 2.3
-17.8 -24.8 4.7
-13 -10 1.9
-13 -10 1.9
-13.8 -9.8 3.1
-14 -9.8 1.9
-10.2 -12 5.5
-21.8 -21.8 2.7
-13.2 -10 1.5
-13.2 -10 1.5
-13.6 -25.4 1.9
-12.6 -24.8 0.3
-12.6 -24.8 0.3
-13 -10 3.5
-13 -10 3.5
-14 -9.8 3.5
-21.6 -22 1.7
-13.6 -25.4 3.5
-21.8 -21.4 0.9
-21.8 -21.4 0.9
-13.6 -25 0.1
-22 -21.2 1.3
-21.8 -21.8 2.5
-21.8 -21.8 2.9
-13.2 -10 3.9
-17 -24.8 5.5
-21.6 -22 3.7
-18 -24.6 5.1
-8 -14 2.1
-12.8 -24.8 0.1
-12.8 -24.8 0.1
-12.6 -10.2 1.3
-7.6 -16.2 0.3
-8 -14 3.3
-9.8 -12 0.7
-11.8 -10.4 2.1
-7.6 -16.6 0.1
-10.2 -11.8 0.3
-21.4 -22.4 2.7
-12.6 -10.2 4.1
-13 -10.4 0.1
-13.4 -25.2 0.9
-12.4 -10.2 1.7
-8.4 -22 2.7
-13.4 -25.4 2.3
-21.4 -22.4 2.5
-13.2 -25.2 1.1
-21.8 -21.8 2.3
-8.2 -14 0.9
-21.8 -21.2 0.5
-21.8 -21.2 0.5
-21.4 -22.4 2.9
-20.8 -12.8 0.1
-21.8 -21.8 3.1
-13.8 -9.8 2.1
-9.8 -12 4.7
-8.4 -22 2.5
-21.4 -22.2 1.3
-8.4 -22 2.9
-12.6 -25.2 2.7
-22 -21.4 1.9
-13.8 -9.8 3.3
-7.6 -16.6 5.3
-13 -25 0.5
-12.8 -10 2.7
-22 -21.4 3.5
-12.6 -25.2 2.5
-12.8 -25 0.7
-12.6 -25.2 2.9
-12.8 -25.2 1.7
-21.8 -21.2 4.9
-14 -10 0.7
-20.6 -12.8 5.7
-8 -14.2 1.3
-12.8 -10 2.5
-12.2 -10.2 2.7
-13.8 -25.4 1.5
-12.8 -10 2.9
-21.4 -22.4 2.3
-13.6 -25.2 0.7
-12.8 -25.2 3.7
-21.4 -22.4 3.1
-12.2 -10.2 2.5
-18 -24.8 0.9
-8 -14.2 4.1
-8.4 -22 2.3
-12.2 -10.2 2.9
-21.8 -21.6 1.3
-21.8 -21.6 1.3
-13 -10.2 0.7
-13 -10.2 0.7
-8.4 -22 3.1
-15.2 -25 5.7
-13 -25.2 1.3
-8.2 -14.2 0.5
-10 -11.8 0.7
-13 -10 1.7
-13 -10 1.7
-13.4 -25.4 2.1
-12.6 -25.2 2.3
-8 -14 1.9
-21.8 -21.8 2.1
-13.2 -25 0.3
-14 -9.8 1.7
-13.6 -25.4 1.7
-12.6 -25.2 3.1
-18 -24.8 4.5
-13.6 -9.8 2.7
-9.8 -11.8 1.3
-12.8 -10 2.3
-13.2 -10.2 0.5
-13.2 -10.2 0.5
-8.4 -21.8 1.3
-21.8 -21.8 3.3
-8.2 -13.8 1.3
-8 -14 3.5
-13 -10 3.7
-13 -10 3.7
-11.8 -10.4 1.9
-12.8 -10 3.1
-14 -9.8 3.7
-13.6 -25.4 3.7
-13.6 -9.8 2.5
-13.6 -9.8 2.9
-12.2 -10.2 2.3
-12.8 -10.2 0.9
-12.6 -25 0.9
-13.4 -10 1.1
-9.8 -11.8 4.1
-12.2 -10.2 3.1
-21.4 -22 0.7
-13.8 -10.2 0.1
-13.8 -9.8 1.9
-21.6 -22 1.5
-21.4 -22.4 2.1
-21.4 -21.8 0.3
-21.4 -21.8 0.3
-13.4 -10 4.3
-12.8 -10.2 4.5
-13.6 -10 0.9
-13.8 -9.8 3.5
-8.4 -22 2.1
-21.6 -21.6 0.5
-21.6 -21.6 0.5
-8.4 -22 3.3
-13.6 -9.8 2.3
-13.2 -10 1.3
-13.2 -10 1.3
-13.6 -9.8 3.1
-12.6 -25.2 2.1
-21.6 -21.8 0.9
-21.6 -21.8 0.9
-22 -21.4 1.7
-7.6 -16.4 0.1
-12.6 -25.2 3.3
-12.8 -10 2.1
-13.2 -10 4.1
-13.8 -25.2 0.5
-12.4 -10.2 1.5
-12.8 -10 3.3
-22 -21.4 3.7
-13.4 -10.2 0.3
-17.6 -24.8 0.3
-12.2 -10.2 2.1
-17.4 -24.8 0.1
-13.4 -25.4 1.9
-12.2 -10.2 3.3
-21.8 -21.8 1.9
-22 -21.2 1.1
-9.8 -12.2 0.1
-13.4 -25 0.1
-21.8 -21.8 3.5
-21.2 -22 0.1
-12.6 -10.2 1.1
-12.8 -25.2 1.5
-22 -21 0.7
-21.8 -21 0.1
-21.8 -21 0.1
-13.2 -25.4 2.7
-13.8 -10 0.7
-8 -14 1.7
-7.6 -16 0.3
-13.6 -9.8 2.1
-12.8 -25.2 3.9
-13.2 -25.4 2.5
-12.6 -10.2 4.3
-13.2 -25.4 2.9
-13.6 -9.8 3.3
-9.8 -12.2 5.3
-11.8 -10.4 1.7
-8 -14 3.7
-21.4 -22.4 1.9
-17.8 -24.8 0.5
-21.2 -22 5.3
-8.4 -22 1.9
-13.8 -25.4 1.3
-13 -10 1.5
-13 -10 1.5
-21.4 -22.2 1.1
-14 -9.8 1.5
-21.8 -21.4 0.7
-21.8 -21.4 0.7
-13.6 -25.4 1.5
-10 -12 0.1
-8.4 -22 3.5
-13.8 -9.8 1.7
-12.6 -25.2 1.9
-13 -10 3.9
-13 -10 3.9
-13.2 -25.2 0.9
-14 -9.8 3.9
-21.6 -22.2 2.7
-8 -14.2 1.1
-12.8 -10 1.9
-13.2 -25.4 2.3
-13.8 -9.8 3.7
-12.6 -25.2 3.5
-13.2 -25.4 3.1
-21.6 -22.2 2.5
-21.6 -21.4 0.1
-21.6 -21.4 0.1
-21.6 -22.2 2.9
-12.2 -10.2 1.9
-13.4 -25.2 0.7
-8 -14.2 4.3
-21.8 -21.6 1.1
-21.8 -21.6 1.1
-8.2 -14 0.7
-13 -25.2 1.1
-9.8 -12 0.5
-19.8 -11.2 2.7
-9.8 -11.8 1.1
-8.4 -21.8 1.1
-13.6 -10.2 0.1
-8.2 -13.8 1.1
-18 -24.6 0.1
-13.4 -25.4 1.7
-13.4 -9.8 2.7
-21.6 -22 1.3
-21.8 -21.8 1.7
-21.6 -22.2 2.3
-22 -21.4 1.5
-13.6 -9.8 1.9
-19.8 -11.2 2.5
-19.8 -11.2 2.9
-17.8 -24.6 5.5
-12.6 -24.8 0.1
-12.6 -24.8 0.1
-13.4 -9.8 2.5
-13.6 -9.8 3.5
-21.4 -21.6 5.5
-21.8 -21.8 3.7
-9.8 -12 4.9
-9.8 -11.8 4.3
-13.4 -9.8 2.9
-22 -21.4 3.9
-13.2 -25.4 2.1
-18 -24.8 0.7
-13.2 -25.4 3.3
-18 -24.6 5.3
-12.8 -25 0.5
-21.8 -21.2 0.3
-21.8 -21.2 0.3
-14 -10 0.5
-7.6 -16.2 0.1
-12.4 -10.2 1.3
-13.4 -10 0.9
-21.4 -22.4 1.7
-13.6 -25.2 0.5
-19.8 -11.2 2.3
-10.2 -11.8 0.1
-13.2 -10 1.1
-13.2 -10 1.1
-19.8 -11.2 3.1
-8.4 -22 1.7
-13 -25 0.3
-13.4 -9.8 2.3
-8 -14 1.5
-13.4 -9.8 3.1
-13 -10.2 0.5
-13 -10.2 0.5
-12.6 -10 2.7
-13.4 -10 4.5
-8.4 -22 3.7
-21.8 -21.2 5.1
-7.8 -14.2 2.7
-12.8 -10.2 0.7
-12.6 -25 0.7
-13.2 -10 4.3
-11.8 -10.4 1.5
-12.6 -25.2 1.7
-10 -11.8 0.5
-21.6 -22.2 2.1
-8 -14 3.9
-12.6 -10 2.5
-12.8 -25.2 1.3
-12.6 -10 2.9
-12.8 -10 1.7
-7.8 -14.2 2.5
-12.6 -25.2 3.7
-7.8 -14.2 2.9
-8 -13.8 2.7
-17 -24.8 5.7
-13.6 -10 0.7
-12.2 -10.2 1.7
-12.8 -10.2 4.7
-13.8 -9.8 1.5
-8.2 -14.2 0.3
-8 -13.8 2.5
-21.4 -22 0.5
-7.6 -16.6 5.5
-13.2 -10.2 0.3
-13.2 -10.2 0.3
-13 -10 1.3
-13 -10 1.3
-21.6 -21.8 0.7
-21.6 -21.8 0.7
-14 -9.8 1.3
-12.6 -10 2.3
-19.8 -11.2 2.1
-22 -21.2 0.9
-13.6 -25.4 1.3
-13.2 -25.4 1.9
-7.8 -14.2 2.3
-12.6 -10 3.1
-13.4 -9.8 2.1
-19.8 -11.2 3.3
-7.8 -14.2 3.1
-13.2 -25.4 3.5
-13.6 -9.8 1.7
-13 -10 4.1
-13 -10 4.1
-13.2 -25 0.1
-12.6 -10.2 0.9
-13.4 -9.8 3.3
-14 -9.8 4.1
-8 -13.8 2.3
-13.8 -25.4 1.1
-13.6 -9.8 3.7
-13.4 -25.4 1.5
-12.6 -10.2 4.5
-21.8 -21.8 1.5
-21.6 -21.6 0.3
-21.6 -21.6 0.3
-12 -10.2 2.7
-21.4 -22.2 0.9
-21.6 -22.2 1.9
-21.8 -21.8 3.9
-13 -25.4 2.7
-12 -10.2 2.5
-21.4 -21.8 0.1
-21.4 -21.8 0.1
-12 -10.2 2.9
-8.2 -21.8 2.1
-13.8 -25.2 0.3
-12.6 -10 2.1
-13 -25.4 2.5
-22 -21.4 1.3
-13 -25.4 2.9
-22 -21 0.5
-7.8 -14.2 2.1
-8 -14.2 0.9
-12.6 -10 3.3
-13.8 -10 0.5
-21.4 -22.4 1.5
-7.8 -14.2 3.3
-22.4 -14.4 2.7
-22 -21.4 4.1
-8.4 -22 1.5
-8 -13.8 2.1
-22.4 -14.4 2.5
-21.6 -22 1.1
-21.8 -21.6 0.9
-21.8 -21.6 0.9
-22.4 -14.4 2.9
-8 -14.2 4.5
-12 -10.2 2.3
-19.8 -11.2 1.9
-13.2 -25.2 0.7
-13.4 -10.2 0.1
-17.6 -24.8 0.1
-12 -10.2 3.1
-13.4 -9.8 1.9
-8.4 -22 3.9
-13 -25.2 0.9
-12.6 -25.2 1.5
-19.8 -11.2 3.5
-13 -25.4 2.3
-21.8 -21.4 0.5
-21.8 -21.4 0.5
-13 -25.4 3.1
-13.4 -9.8 3.5
-12.8 -10 1.5
-9.8 -11.8 0.9
-8.4 -21.8 0.9
-8.2 -13.8 0.9
-12.6 -25.2 3.9
-8 -14 1.3
-17.8 -24.8 0.3
-13.2 -25.4 1.7
-12.2 -10.2 1.5
-13.2 -9.8 2.7
-13.2 -9.8 2.7
-12.4 -10.2 1.1
-11.8 -10.4 1.3
-22.4 -14.4 2.3
-7.6 -16 0.1
-9.8 -11.8 4.5
-22.4 -14.4 3.1
-13.2 -25.4 3.7
-8 -14 4.1
-13.2 -9.8 2.5
-13.2 -9.8 2.5
-13.2 -9.8 2.9
-13.2 -9.8 2.9
-13.4 -25.2 0.5
-8.2 -14 0.5
-8.2 -21.8 1.9
-13.8 -9.8 1.3
-12.6 -10 1.9
-12 -10.2 2.1
-13.6 -9.8 1.5
-12.8 -25.2 1.1
-13.2 -10 0.9
-13.2 -10 0.9
-7.8 -14.2 1.9
-12 -10.2 3.3
-12.6 -10 3.5
-21.6 -22.2 1.7
-13 -25.4 2.1
-7.8 -14.2 3.5
-13.6 -9.8 3.9
-13.2 -9.8 2.3
-13.2 -9.8 2.3
-13 -25.4 3.3
-8 -13.8 1.9
-13.2 -9.8 3.1
-13.2 -9.8 3.1
-13.4 -10 0.7
-13.2 -10 4.5
-9.8 -12 0.3
-18 -24.8 0.5
-22.4 -14.4 2.1
-13 -10 1.1
-13 -10 1.1
-14 -9.8 1.1
-13.6 -25.4 1.1
-22.4 -14.4 3.3
-13.4 -10 4.7
-13.4 -25.4 1.3
-21.8 -21.8 1.3
-19.8 -11.2 1.7
-9.8 -12 5.1
-13 -10 4.3
-13 -10 4.3
-14 -9.8 4.3
-13.4 -9.8 1.7
-8.4 -22.2 2.5
-19.8 -11.2 3.7
-12.8 -25 0.3
-14 -10 0.3
-12.8 -10.2 0.5
-12.6 -25 0.5
-13.2 -9.8 2.1
-13.2 -9.8 2.1
-13.6 -25.2 0.3
-13.8 -25.4 0.9
-13.2 -9.8 3.3
-13.2 -9.8 3.3
-21.4 -22.4 1.3
-12 -10.2 1.9
-13 -10.2 0.3
-13 -10.2 0.3
-22 -21.2 0.7
-13.6 -10 0.5
-21.8 -21.2 0.1
-21.8 -21.2 0.1
-8.4 -22 1.3
-12.8 -10.2 4.9
-8.4 -22.2 2.3
-12 -10.2 3.5
-13 -25.4 1.9
-10 -11.8 0.3
-22 -21.6 1.7
-22 -21.4 1.1
-12.6 -10.2 0.7
-13.2 -25.4 1.5
-8.2 -21.8 1.7
-13 -25.4 3.5
-13 -25 0.1
-12.6 -25.2 1.3
-8.4 -22 4.1
-12.6 -10 1.7
-21.6 -21.8 0.5
-21.6 -21.8 0.5
-7.8 -14.2 1.7
-18 -24.6 5.5
-13.2 -25.4 3.9
-12.8 -10 1.3
-22 -21.4 4.3
-22.4 -14.4 1.9
-12.6 -10 3.7
-17.8 -24.6 5.7
-12.6 -10.2 4.7
-12.6 -25.2 4.1
-21.4 -22 0.3
-7.8 -14.2 3.7
-12.2 -10.2 1.3
-22.4 -14.4 3.5
-8 -13.8 1.7
-21.4 -22.2 0.7
-8.2 -14.2 0.1
-21.6 -22.2 1.5
-21.6 -22 0.9
-8 -14 1.1
-8 -14.2 0.7
-8.4 -22.2 2.1
-13.2 -10.2 0.1
-13.2 -10.2 0.1
-11.8 -10.4 1.1
-13.6 -9.8 1.3
-13.2 -9.8 1.9
-13.2 -9.8 1.9
-8 -14 4.3
-12.8 -25.4 2.7
-13.2 -9.8 3.5
-21.8 -21.6 0.7
-21.8 -21.6 0.7
-8 -14.2 4.7
-13.6 -9.8 4.1
-13.8 -9.8 1.1
-12.8 -25.4 2.5
-13 -25.2 0.7
-12.4 -10.2 0.9
-12.8 -25.4 2.9
-19.8 -11.2 1.5
-9.8 -11.8 0.7
-13.4 -9.8 1.5
-8.4 -21.8 0.7
-8.2 -13.8 0.7
-12 -10.2 1.7
-19.8 -11.2 3.9
-13.2 -25.2 0.5
-21.6 -21.6 0.1
-21.6 -21.6 0.1
-22 -21 0.3
-13 -25.4 1.7
-12 -10.2 3.7
-13.8 -10 0.3
-13 -9.8 2.7
-13 -9.8 2.7
-12.8 -25.2 0.9
-9.8 -11.8 4.7
-17 -24.8 5.9
-12.8 -25.4 2.3
-13 -25.4 3.7
-13.8 -25.2 0.1
-13 -9.8 2.5
-13 -9.8 2.5
-13 -9.8 2.9
-13 -9.8 2.9
-11.4 -10.4 2.7
-11.6 -10.4 1.5
-22.4 -14.4 1.7
-13.4 -25.4 1.1
-21.8 -21.8 1.1
-21.8 -21.8 1.1
-22 -21.6 1.5
-21.8 -21.4 0.3
-21.8 -21.4 0.3
-11.4 -10.4 2.5
-13.2 -10 0.7
-13.2 -10 0.7
-11.4 -10.4 2.9
-8.2 -21.8 1.5
-8.4 -22.2 1.9
-22.4 -14.4 3.7
-13 -10 0.9
-13 -10 0.9
-12.6 -10 1.5
-14 -9.8 0.9
-13.6 -25.4 0.9
-7.8 -14.2 1.5
-13 -9.8 2.3
-13 -9.8 2.3
-12.6 -10 3.9
-13.2 -10 4.7
-13 -9.8 3.1
-13 -9.8 3.1
-13.2 -25.4 1.3
-7.8 -14.2 3.9
-13 -10 4.5
-13 -10 4.5
-8 -13.8 1.5
-13.4 -25.2 0.3
-14 -9.8 4.5
-21.4 -22.4 1.1
-17.8 -24.8 0.1
-13.2 -9.8 1.7
-13.2 -9.8 1.7
-11.4 -10.4 2.3
-8.2 -14 0.3
-12.8 -25.4 2.1
-13.2 -25.4 4.1
-8.4 -22 1.1
-11.4 -10.4 3.1
-13.4 -10 0.5
-11.8 -10.2 2.7
-21.8 -22 1.7
-13.2 -9.8 3.7
-21.6 -22.4 2.7
-12.6 -25.2 1.1
-11.8 -10.2 2.5
-11.8 -10.2 2.9
-8.4 -22 4.3
-21.6 -22.4 2.5
-21.6 -22.4 2.9
-22 -21.8 2.7
-12.8 -10 1.1
-13.4 -10 4.9
-21.6 -22.2 1.3
-22 -21.4 0.9
-22 -21.8 2.5
-12.6 -25.2 4.3
-12.2 -10.2 1.1
-22 -21.8 2.9
-13 -9.8 2.1
-13 -9.8 2.1
-13.8 -25.4 0.7
-18 -24.8 0.3
-13 -9.8 3.3
-13 -9.8 3.3
-11.8 -10.2 2.3
-8.2 -22 2.7
-22 -21.4 4.5
-12 -10.2 1.5
-21.6 -22.4 2.3
-9.8 -12 0.1
-11.8 -10.2 3.1
-11.4 -10.4 2.1
-21.6 -22.4 3.1
-8.2 -22 2.5
-11.4 -10.4 3.3
-13 -25.4 1.5
-8.2 -22 2.9
-12 -10.2 3.9
-19.8 -11.2 1.3
-13.6 -9.8 1.1
-22 -21.8 2.3
-20 -11.2 2.7
-22 -21.2 0.5
-22 -21.8 3.1
-8.4 -22.2 1.7
-13.4 -9.8 1.3
-12.8 -10.2 0.3
-12.6 -25 0.3
-7.8 -14 2.1
-8 -14 0.9
-20 -11.2 2.5
-12.6 -10.2 0.5
-19.8 -11.2 4.1
-20 -11.2 2.9
-9.8 -12 5.3
-12.8 -25.4 1.9
-13.6 -9.8 4.3
-22.4 -14.4 1.5
-11.8 -10.4 0.9
-12.8 -25 0.1
-13.6 -10 0.3
-14 -10 0.1
-8.2 -22 2.3
-8 -14 4.5
-22.4 -14.4 3.9
-12.8 -10.2 5.1
-8.2 -22 3.1
-21.6 -22 0.7
-12.6 -10.2 4.9
-13.6 -25.2 0.1
-11.6 -10.4 1.3
-13.8 -9.8 0.9
-11.8 -10.2 2.1
-21.6 -22.4 2.1
-21.4 -22.2 0.5
-22 -21.6 1.3
-20 -11.2 2.3
-21.6 -21.8 0.3
-21.6 -21.8 0.3
-11.8 -10.2 3.3
-13 -10.2 0.1
-13 -10.2 0.1
-8.2 -21.8 1.3
-20 -11.2 3.1
-21.6 -22.4 3.3
-13 -9.8 1.9
-13 -9.8 1.9
-12.6 -10 1.3
-10 -11.8 0.1
-22 -21.8 2.1
-13.2 -9.8 1.5
-13.2 -9.8 1.5
-7.8 -14.2 1.3
-13 -9.8 3.5
-13 -9.8 3.5
-8 -14.2 0.5
-22 -21.8 3.3
-12.4 -10.2 0.7
-21.8 -22 1.5
-11.4 -10.4 1.9
-13.2 -9.8 3.9
-8 -13.8 1.3
-7.8 -14.2 4.1
-11.4 -10.4 3.5
-21.8 -21.6 0.5
-21.8 -21.6 0.5
-21.4 -22 0.1
-8.2 -22 2.1
-8 -14.2 4.9
-13 -25.2 0.5
-13.4 -25.4 0.9
-7.8 -14 1.9
-21.8 -21.8 0.9
-21.8 -21.8 0.9
-8.2 -22 3.3
-12.8 -25.2 0.7
-13.2 -25.4 1.1
-9.8 -11.8 0.5
-8.4 -21.8 0.5
-8.2 -13.8 0.5
-20 -11.2 2.1
-12.6 -25.4 2.7
-12.2 -10 2.7
-20 -11.2 3.3
-13.2 -25.4 4.3
-12.6 -25.4 2.5
-12.2 -10 2.5
-12.6 -25.4 2.9
-12.8 -25.4 1.7
-12.8 -9.8 2.7
-12.2 -10 2.9
-9.8 -11.8 4.9
-11.8 -10.2 1.9
-11.8 -10.2 1.9
-18 -24.6 5.7
-13 -10 0.7
-13 -10 0.7
-21.4 -22.4 0.9
-21.6 -22.4 1.9
-14 -9.8 0.7
-13.2 -25.2 0.3
-13.6 -25.4 0.7
-11.8 -10.2 3.5
-12.8 -9.8 2.5
-8.4 -22.2 1.5
-8.4 -22 0.9
-12.8 -9.8 2.9
-21.6 -22.4 3.5
-21.6 -22.2 1.1
-12 -10.2 1.3
-22 -21.8 1.9
-13.2 -10 0.5
-13.2 -10 0.5
-13 -10 4.7
-22 -21.8 3.5
-12.6 -25.2 0.9
-13 -25.4 1.3
-14 -9.8 4.7
-12.6 -25.4 2.3
-12 -10.2 4.1
-8.4 -22 4.5
-12.2 -10 2.3
-12.8 -10 0.9
-12.6 -25.4 3.1
-22 -21 0.1
-12.2 -10 3.1
-13 -9.8 1.7
-13 -9.8 1.7
-13.8 -10 0.1
-12.2 -10.2 0.9
-12.8 -9.8 2.3
-13.2 -10 4.9
-12.6 -25.2 4.5
-8.2 -22 1.9
-13 -9.8 3.7
-13 -9.8 3.7
-22.4 -14.4 1.3
-12.8 -9.8 3.1
-21.4 -22.6 1.5
-19.8 -11.2 1.1
-11.4 -10.4 1.7
-8.2 -22 3.5
-22.4 -14.2 1.9
-13.4 -9.8 1.1
-22.4 -14.4 4.1
-11.4 -10.4 3.7
-20 -11.2 1.9
-22 -21.4 0.7
-21.8 -21.4 0.1
-21.8 -21.4 0.1
-19.8 -11.2 4.3
-20 -11.2 3.5
-7.8 -14 1.7
-13.6 -9.8 0.9
-19.8 -11 2.7
-13.4 -10 0.3
-22 -21.4 4.7
-19.8 -11 2.5
-12.6 -25.4 2.1
-13.2 -9.8 1.3
-13.2 -9.8 1.3
-19.8 -11 2.9
-12.2 -10 2.1
-11.6 -10.4 1.1
-12.6 -25.4 3.3
-13.6 -9.8 4.5
-12.2 -10 3.3
-13.4 -25.2 0.1
-13.8 -25.4 0.5
-21.8 -22 1.3
-22 -21.6 1.1
-21.8 -22.2 2.3
-12.8 -9.8 2.1
-8.2 -14 0.1
-8.2 -21.8 1.1
-11.8 -10.2 1.7
-11.8 -10.2 1.7
-12.8 -9.8 3.3
-21.6 -22.4 1.7
-12.6 -10 1.1
-8 -14 0.7
-13.4 -10 5.1
-7.8 -14.2 1.1
-11.8 -10.2 3.7
-21.6 -22.4 3.7
-11.8 -10.4 0.7
-19.8 -11 2.3
-22 -21.8 1.7
-19.8 -11 3.1
-12.8 -25.4 1.5
-8 -13.8 1.1
-7.8 -14.2 4.3
-8 -14 4.7
-22 -21.8 3.7
-13.8 -9.8 0.7
-8.4 -22.4 2.7
-18 -24.8 0.1
-22 -21.2 0.3
-8.2 -22 1.7
-8.4 -22.4 2.5
-21.8 -22.2 2.1
-21.6 -22 0.5
-22.4 -14.2 1.7
-12.6 -10.2 0.3
-8.2 -22 3.7
-8.4 -22.2 1.3
-13 -9.8 1.5
-13 -9.8 1.5
-20 -11.2 1.7
-12.6 -25.4 1.9
-12.2 -10 1.9
-13.2 -25.4 0.9
-12.6 -25.4 3.5
-13 -9.8 3.9
-13 -9.8 3.9
-12.8 -10.2 0.1
-12.6 -25 0.1
-19.8 -11 2.1
-12.2 -10 3.5
-11.4 -10.4 1.5
-12.8 -9.8 1.9
-19.8 -11 3.3
-12.6 -10.2 5.1
-8.4 -22.4 2.3
-13.4 -25.4 0.7
-12.4 -10.2 0.5
-12 -10.2 1.1
-13.2 -25.4 4.5
-12.8 -9.8 3.5
-21.8 -21.8 0.7
-21.8 -21.8 0.7
-21.4 -22.2 0.3
-11.4 -10.4 3.9
-13.6 -10 0.1
-13 -25.4 1.1
-7.8 -14 1.5
-21.4 -22.6 1.3
-12.8 -10.2 5.3
-12 -10.2 4.3
-8 -14.2 0.3
-9.8 -12 5.5
-21.6 -22.2 0.9
-21.6 -21.8 0.1
-21.6 -21.8 0.1
-12.8 -25.2 0.5
-11.6 -10.2 2.5
-22.4 -14.4 1.1
-7.8 -13.8 2.7
-21.4 -22.4 0.7
-21.8 -21.6 0.3
-21.8 -21.6 0.3
-21.4 -22.8 2.7
-11.8 -10.2 1.5
-11.8 -10.2 1.5
-8.4 -22 0.7
-7.8 -13.8 2.5
-13 -25.2 0.3
-7.8 -13.8 2.9
-21.6 -22.4 1.5
-21.8 -22.2 1.9
-21.4 -22.8 2.5
-22.4 -14.4 4.3
-8.4 -22.4 2.1
-9.8 -11.8 0.3
-8.4 -21.8 0.3
-12.6 -25.2 0.7
-8.2 -13.8 0.3
-13 -10 0.5
-13 -10 0.5
-22 -21.8 1.5
-19.8 -11.2 0.9
-14 -9.8 0.5
-13.6 -25.4 0.5
-11.6 -10.2 2.3
-12.8 -10 0.7
-8.4 -22 4.7
-13.4 -9.8 0.9
-19.8 -11 1.9
-22 -21.8 3.9
-13.2 -9.8 1.1
-13.2 -9.8 1.1
-12.2 -10.2 0.7
-19.8 -11 3.5
-7.8 -13.8 2.3
-12.6 -25.2 4.7
-19.8 -11.2 4.5
-21.8 -22 1.1
-7.8 -13.8 3.1
-13 -10 4.9
-12.6 -25.4 1.7
-21.4 -22.8 2.3
-12.6 -9.8 2.7
-12.2 -10 1.7
-14 -9.8 4.9
-12.8 -25.4 1.3
-8.2 -22 1.5
-12.6 -9.8 2.5
-22.4 -14 2.7
-12.2 -10 3.7
-12.6 -9.8 2.9
-22.4 -14.2 1.5
-12.8 -9.8 1.7
-11.6 -10.4 0.9
-13.2 -10 0.3
-13.2 -10 0.3
-8.2 -22 3.9
-20 -11.2 1.5
-22.4 -14 2.5
-22 -21.6 0.9
-13.6 -9.8 0.7
-12.8 -9.8 3.7
-22.4 -14 2.9
-13.2 -25.2 0.1
-8.2 -21.8 0.9
-12.6 -10 0.9
-22 -21.4 0.5
-11.6 -10.2 2.1
-7.8 -14.2 0.9
-13.2 -10 5.1
-13 -9.8 1.3
-13 -9.8 1.3
-12.6 -9.8 2.3
-13.6 -9.8 4.7
-12.6 -9.8 3.1
-7.8 -13.8 2.1
-8 -13.8 0.9
-8.4 -22.4 1.9
-22.4 -14 2.3
-13 -9.8 4.1
-21.4 -22.8 2.1
-11.4 -10.4 1.3
-12 -10 2.7
-7.8 -13.8 3.3
-22 -21.4 4.9
-22.4 -14 3.1
-8.4 -22.2 1.1
-21.8 -22.2 1.7
-12 -10 2.5
-12 -10 2.9
-11.4 -10.4 4.1
-7.8 -14 1.3
-22.6 -14.4 2.7
-8 -14 0.5
-19.8 -11 1.7
-11.8 -10.4 0.5
-13.8 -25.4 0.3
-18 -24.6 5.9
-22.6 -14.4 2.5
-22.6 -14.4 2.9
-19.8 -11 3.7
-21.4 -22.6 1.1
-12.6 -9.8 2.1
-12 -10 2.3
-13.4 -10 0.1
-8 -14 4.9
-12 -10 3.1
-12.6 -9.8 3.3
-11.8 -10.2 1.3
-11.8 -10.2 1.3
-13.8 -9.8 0.5
-8.2 -22.2 2.7
-22.4 -14 2.1
-21.6 -22.4 1.3
-12 -10.2 0.9
-21.6 -22.6 2.7
-11.6 -10.2 1.9
-13.2 -25.4 0.7
-22.4 -14 3.3
-8.2 -22.2 2.5
-8.2 -22.2 2.9
-13 -25.4 0.9
-22.6 -14.4 2.3
-12.6 -25.4 1.5
-22 -21.8 1.3
-21.6 -22.6 2.5
-12.2 -10 1.5
-22.6 -14.4 3.1
-21.6 -22.6 2.9
-13.4 -10 5.3
-7.8 -13.8 1.9
-12.4 -10 1.1
-12 -10.2 4.5
-21.4 -22.8 1.9
-13.2 -25.4 4.7
-7.8 -13.8 3.5
-12.8 -9.8 1.5
-12.2 -10 3.9
-22 -21.8 4.1
-22.4 -14.4 0.9
-21.6 -22 0.3
-12.8 -9.8 3.9
-8.2 -22 1.3
-8.4 -22.4 1.7
-8.2 -22.2 2.3
-12 -10 2.1
-13.4 -25.4 0.5
-8.2 -22.2 3.1
-21.6 -22.2 0.7
-21.6 -22.6 2.3
-21.8 -21.8 0.5
-21.8 -21.8 0.5
-22.4 -14.2 1.3
-22.4 -14.4 4.5
-12 -10 3.3
-22 -21.2 0.1
-20 -11.2 1.3
-12.6 -10.2 0.1
-12.8 -25.4 1.1
-12.6 -9.8 1.9
-22.6 -14.4 2.1
-12.4 -10.2 0.3
-13.2 -9.8 0.9
-13.2 -9.8 0.9
-22.6 -14.4 3.3
-12.6 -9.8 3.5
-22.4 -14 1.9
-21.8 -22.2 1.5
-21.8 -22 0.9
-21.4 -22.4 0.5
-19.8 -11.2 0.7
-20.2 -11.2 2.7
-22.4 -14 3.5
-13.4 -9.8 0.7
-8.4 -22 0.5
-12.6 -10.2 5.3
-20.2 -11.2 2.5
-21.4 -22.2 0.1
-20.2 -11.2 2.9
-12.8 -25.2 0.3
-8.2 -22.2 2.1
-13 -9.8 1.1
-13 -9.8 1.1
-19.8 -11 1.5
-12.6 -25.2 0.5
-19.8 -11.2 4.7
-21.6 -22.6 2.1
-8.2 -22.2 3.3
-11.6 -10.2 1.7
-12.8 -10 0.5
-8 -14.2 0.1
-8.4 -22 4.9
-19.8 -11 3.9
-11.4 -10.4 1.1
-13 -9.8 4.3
-12.2 -10.2 0.5
-7.8 -13.8 1.7
-11.6 -10.4 0.7
-12 -10 1.9
-12.6 -25.2 4.9
-21.4 -22.8 1.7
-13 -10 0.3
-13 -10 0.3
-20.2 -11.2 2.3
-22 -21.6 0.7
-14 -9.8 0.3
-21.8 -21.6 0.1
-21.8 -21.6 0.1
-7.8 -13.8 3.7
-20.2 -11.2 3.1
-13.6 -25.4 0.3
-12.8 -10.2 5.5
-8.2 -21.8 0.7
-12 -10 3.5
-7.8 -14 1.1
-13 -25.2 0.1
-12.6 -10 0.7
-7.8 -14.2 0.7
-8.4 -22.2 0.9
-9.8 -11.8 0.1
-22.6 -14.4 1.9
-8.4 -21.8 0.1
-8.2 -13.8 0.1
-13.6 -9.8 0.5
-13 -10 5.1
-14 -9.8 5.1
-22.6 -14.4 3.5
-8 -13.8 0.7
-12.6 -25.4 1.3
-9.8 -12 5.7
-12.2 -10 1.3
-8.4 -22.4 1.5
-11.8 -10.2 1.1
-11.8 -10.2 1.1
-12.6 -9.8 1.7
-21.6 -22.4 1.1
-13.6 -9.8 4.9
-12.8 -9.8 1.3
-12.2 -10 4.1
-8.2 -22.2 1.9
-12.4 -9.8 2.7
-12.6 -9.8 3.7
-22.4 -14 1.7
-21.4 -22.6 0.9
-21.6 -22.6 1.9
-20.2 -11.2 2.1
-22 -21.8 1.1
-8.2 -22.2 3.5
-22 -21.4 0.3
-12.8 -9.8 4.1
-20.2 -11.2 3.3
-13.2 -10 0.1
-13.2 -10 0.1
-12.4 -9.8 2.5
-22.4 -14 3.7
-12.4 -9.8 2.9
-22 -21.8 4.3
-8.2 -22 1.1
-22 -21.4 5.1
-12.4 -10 0.9
-13.2 -10 5.3
-12 -10.2 0.7
-22.4 -14.2 1.1
-12.4 -9.8 2.3
-12 -10 1.7
-13 -25.4 0.7
-12.4 -9.8 3.1
-21.8 -22.2 1.3
-20 -11.2 1.1
-8 -14 0.3
-11.4 -10.2 2.7
-11.6 -10.2 1.5
-12 -10 3.7
-12 -10.2 4.7
-11.8 -10.4 0.3
-11.4 -10.2 2.5
-11.4 -10.2 2.9
-13.2 -25.4 0.5
-7.8 -13.8 1.5
-22.4 -14.4 0.7
-22.6 -14.4 1.7
-19.8 -11 1.3
-21.4 -22.8 1.5
-20 -11 2.7
-21.8 -22.4 2.3
-8 -14 5.1
-12.8 -25.4 0.9
-7.8 -13.8 3.9
-22.6 -14.4 3.7
-13.8 -9.8 0.3
-20.2 -11.2 1.9
-20 -11 2.5
-13.8 -25.4 0.1
-20 -11 2.9
-22.4 -14.4 4.7
-20.2 -11.2 3.5
-11.4 -10.2 2.3
-11.4 -10.2 3.1
-8.2 -22.2 1.7
-12.4 -9.8 2.1
-21.6 -22.6 1.7
-21.6 -22.2 0.5
-12.4 -9.8 3.3
-13.2 -9.8 0.7
-13.2 -9.8 0.7
-8.2 -22.2 3.7
-13 -9.8 0.9
-13 -9.8 0.9
-12.6 -9.8 1.5
-20 -11 2.3
-21.8 -22 0.7
-20 -11 3.1
-11.8 -10 2.7
-11.8 -10 2.7
-22.4 -14 1.5
-12.6 -9.8 3.9
-13.4 -25.4 0.3
-21.8 -22.4 2.1
-11.4 -10.4 0.9
-21.8 -21.8 0.3
-21.8 -21.8 0.3
-13 -9.8 4.5
-8.4 -22.4 1.3
-11.8 -10 2.5
-11.8 -10 2.5
-11.8 -10 2.9
-11.8 -10 2.9
-8.4 -22.6 2.7
-22.4 -14 3.9
-21.6 -22 0.1
-19.8 -11.2 0.5
-22.4 -13.8 2.7
-13.4 -10 5.5
-13.4 -9.8 0.5
-8.4 -22.6 2.5
-7.8 -14 0.9
-11.4 -10.2 2.1
-8.4 -22.6 2.9
-12.6 -25.4 1.1
-12.2 -10 1.1
-11.4 -10.2 3.3
-22.4 -13.8 2.5
-22.4 -13.8 2.9
-21.4 -22.4 0.3
-12.8 -9.8 1.1
-11.8 -10 2.3
-11.8 -10 2.3
-22.6 -14.2 2.7
-8.4 -22 0.3
-12 -10 1.5
-20 -11 2.1
-11.8 -10 3.1
-11.8 -10 3.1
-12.4 -10.2 0.1
-12.4 -9.8 1.9
-11.6 -10.4 0.5
-22.6 -14.2 2.5
-11.8 -10.2 0.9
-11.8 -10.2 0.9
-8.4 -22.2 0.7
-12.8 -9.8 4.3
-22.6 -14.2 2.9
-8.4 -22.6 2.3
-12 -10 3.9
-20.2 -11.2 1.7
-21.6 -22.4 0.9
-12.6 -25.2 0.3
-8.4 -22.6 3.1
-12.4 -9.8 3.5
-22 -21.6 0.5
-22.4 -13.8 2.3
-12.8 -10 0.3
-8.2 -21.8 0.5
-22.6 -14.4 1.5
-20.2 -11.2 3.7
-22.4 -13.8 3.1
-8.4 -22 5.1
-22 -21.8 0.9
-12.6 -10 0.5
-11.6 -10.2 1.3
-7.8 -14.2 0.5
-12.8 -25.2 0.1
-12.2 -10.2 0.3
-22.6 -14.4 3.9
-21.8 -22.4 1.9
-12.6 -25.2 5.1
-7.8 -13.8 1.3
-22.6 -14.2 2.3
-8 -13.8 0.5
-22 -21.8 4.5
-22.6 -14.2 3.1
-21.4 -22.8 1.3
-21.8 -22.2 1.1
-21.4 -22.6 0.7
-12.6 -10.2 5.5
-8.2 -22.2 1.5
-8.2 -22 0.9
-11.8 -10 2.1
-11.8 -10 2.1
-7.8 -13.8 4.1
-21.6 -22.6 1.5
-11.4 -10.2 1.9
-11.8 -10 3.3
-11.8 -10 3.3
-13 -10 0.1
-13 -10 0.1
-22.4 -14.2 0.9
-13.6 -9.8 0.3
-14 -9.8 0.1
-13.6 -25.4 0.1
-8.2 -22.2 3.9
-11.4 -10.2 3.5
-8.4 -22.6 2.1
-19.8 -11 1.1
-20 -11.2 0.9
-8.4 -22.6 3.3
-22.4 -13.8 2.1
-12.4 -10 0.7
-20 -11 1.9
-22.4 -13.8 3.3
-13 -10 5.3
-14 -9.8 5.3
-12.6 -9.8 1.3
-22.6 -14.2 2.1
-22.4 -14 1.3
-22.6 -14.2 3.3
-12 -10.2 0.5
-12.6 -9.8 4.1
-22 -22.2 2.7
-8 -22 1.9
-12.4 -9.8 1.7
-19.8 -10.8 2.7
-13 -25.4 0.5
-22.4 -14 4.1
-22 -22.2 2.5
-12.4 -9.8 3.7
-22 -21.4 0.1
-22 -22.2 2.9
-12.8 -25.4 0.7
-19.8 -10.8 2.5
-19.8 -10.8 2.9
-12 -10.2 4.9
-11.8 -10 1.9
-11.8 -10 1.9
-8.4 -22.4 1.1
-22.4 -14.4 0.5
-20.2 -11.2 1.5
-21.8 -22.4 1.7
-12.2 -9.8 2.7
-8.4 -22.6 1.9
-22 -21.4 5.3
-12 -10 1.3
-20.2 -11.2 3.9
-22 -22.2 2.3
-12.2 -9.8 2.5
-8.4 -22.6 3.5
-22.4 -13.8 1.9
-12.2 -9.8 2.9
-13.2 -25.4 0.3
-22 -22.2 3.1
-19.8 -10.8 2.3
-13 -9.8 0.7
-13 -9.8 0.7
-11.4 -10.2 1.7
-12 -10 4.1
-19.8 -10.8 3.1
-22.4 -13.8 3.5
-8 -14 0.1
-9.8 -12 5.9
-8 -21.8 1.1
-22.6 -14.4 1.3
-11.4 -10.2 3.7
-12.6 -25.4 0.9
-11.8 -10.4 0.1
-11.4 -10.4 0.7
-12.2 -10 0.9
-13.2 -10 5.5
-13.2 -9.8 0.5
-13.2 -9.8 0.5
-22.6 -14.2 1.9
-13 -9.8 4.7
-8.2 -22.4 2.7
-20 -11 1.7
-22.6 -14.4 4.1
-21.8 -22 0.5
-22.6 -14.2 3.5
-12.2 -9.8 2.3
-12.8 -9.8 0.9
-12.2 -9.8 3.1
-8 -14 5.3
-8.2 -22.4 2.5
-13.8 -9.8 0.1
-8.2 -22.4 2.9
-7.8 -14 0.7
-21.6 -22.2 0.3
-11.6 -10.2 1.1
-8.2 -22.2 1.3
-21.6 -22.6 1.3
-12.8 -9.8 4.5
-22 -22.2 2.1
-8 -22 1.7
-7.8 -13.8 1.1
-22 -22.2 3.3
-19.8 -10.8 2.1
-8.2 -22.2 4.1
-21.4 -22.8 1.1
-19.8 -10.8 3.3
-8.2 -22.4 2.3
-11.8 -10.2 0.7
-11.8 -10.2 0.7
-7.8 -13.8 4.3
-8.2 -22.4 3.1
-21.6 -22.4 0.7
-19.8 -11.2 0.3
-21.6 -22.8 2.7
-12.4 -9.8 1.5
-11.8 -10 1.7
-11.8 -10 1.7
-13.4 -9.8 0.3
-21.8 -22.2 0.9
-13.4 -25.4 0.1
-22 -21.8 0.7
-12.2 -9.8 2.1
-21.6 -22.8 2.5
-21.8 -21.8 0.1
-21.8 -21.8 0.1
-21.6 -22.8 2.9
-12.4 -9.8 3.9
-8.4 -22.6 1.7
-12.2 -9.8 3.3
-8.4 -22.2 0.5
-22.4 -13.8 1.7
-12.6 -9.8 1.1
-19.8 -11 0.9
-22 -21.8 4.7
-21.8 -22.4 1.5
-22.4 -13.8 3.7
-8.2 -22 0.7
-11.6 -10.4 0.3
-22.4 -14 1.1
-21.6 -22.8 2.3
-21.4 -22.4 0.1
-22 -21.6 0.3
-12.6 -9.8 4.3
-22.4 -14.2 0.7
-22.6 -14.2 1.7
-21.6 -22.8 3.1
-8.2 -22.4 2.1
-8.2 -21.8 0.3
-8.4 -22 0.1
-11.4 -10.2 1.5
-20.2 -11.2 1.3
-21.4 -22.6 0.5
-22 -22.2 1.9
-20 -11.2 0.7
-8.2 -22.4 3.3
-12.6 -10 0.3
-22.6 -14.2 3.7
-22.4 -14 4.3
-7.8 -14.2 0.3
-19.8 -10.8 1.9
-22 -22.2 3.5
-11.4 -10.2 3.9
-12.6 -25.2 0.1
-20.2 -11.2 4.1
-19.8 -10.8 3.5
-12.8 -10 0.1
-20 -11 1.5
-8 -13.8 0.3
-13.4 -10 5.7
-8.4 -22 5.3
-12.2 -10.2 0.1
-12.4 -10 0.5
-12 -10 1.1
-12.2 -9.8 1.9
-8.4 -22.4 0.9
-12.2 -9.8 3.5
-21.6 -22.8 2.1
-20.4 -11.2 2.7
-12 -10 4.3
-8 -22 1.5
-11.6 -10 2.7
-21.6 -22.8 3.3
-22.6 -14.4 1.1
-20.4 -11.2 2.5
-20.4 -11.2 2.9
-11.6 -10 2.5
-13.6 -9.8 0.1
-22.6 -14.4 4.3
-8 -21.8 0.9
-11.8 -10 1.5
-11.8 -10 1.5
-8.2 -22.4 1.9
-12.8 -25.4 0.5
-12 -10.2 0.3
-8.2 -22.4 3.5
-8.2 -22.2 1.1
-8.4 -22.6 1.5
-21.6 -22.6 1.1
-20.4 -11.2 2.3
-13 -25.4 0.3
-11.6 -10 2.3
-12.6 -10.2 5.7
-20.4 -11.2 3.1
-22.4 -13.8 1.5
-12.4 -9.8 1.3
-8.2 -22.2 4.3
-22 -22.2 1.7
-12.6 -25.4 0.7
-12.2 -10 0.7
-11.6 -10.2 0.9
-12 -10.2 5.1
-22.4 -13.8 3.9
-19.8 -10.8 1.7
-12.4 -9.8 4.1
-13 -10 5.5
-13 -9.8 0.5
-13 -9.8 0.5
-22.4 -14.4 0.3
-22 -22.2 3.7
-14 -9.8 5.5
-22.6 -14 2.7
-12.8 -9.8 0.7
-22.6 -14.2 1.5
-7.8 -13.8 0.9
-19.8 -10.8 3.7
-21.8 -22.4 1.3
-21.4 -22.8 0.9
-21.6 -22.8 1.9
-22.6 -14 2.5
-11.4 -10.4 0.5
-21.8 -22.6 2.7
-22.6 -14 2.9
-22.6 -14.2 3.9
-21.6 -22.8 3.5
-12.2 -9.8 1.7
-12.8 -9.8 4.7
-21.8 -22.6 2.5
-21.8 -22.6 2.9
-11.4 -10.2 1.3
-20.4 -11.2 2.1
-12.2 -9.8 3.7
-7.8 -14 0.5
-11.6 -10 2.1
-22.4 -13.6 2.5
-7.8 -21.8 1.9
-13.2 -9.8 0.3
-13.2 -9.8 0.3
-20.4 -11.2 3.3
-13.2 -25.4 0.1
-8 -22.2 2.7
-22.6 -14 2.3
-21.8 -22 0.3
-11.4 -10.2 4.1
-22.6 -14 3.1
-8 -22.2 2.5
-8 -22.2 2.9
-20 -11 1.3
-12.6 -9.8 0.9
-20.2 -11.2 1.1
-21.8 -22.2 0.7
-21.8 -22.6 2.3
-8.2 -22.4 1.7
-11.8 -10.2 0.5
-11.8 -10.2 0.5
-22.4 -14 0.9
-21.6 -22.4 0.5
-22.4 -13.6 2.3
-8.2 -22.4 3.7
-20.2 -11.2 4.3
-12.6 -9.8 4.5
-19.8 -11 0.7
-12 -9.8 2.7
-20.2 -11 2.7
-22 -21.8 0.5
-21.6 -22.2 0.1
-8 -22 1.3
-22.4 -14 4.5
-8 -22.2 2.3
-8 -22.2 3.1
-12 -9.8 2.5
-20.2 -11 2.5
-12 -9.8 2.9
-20.2 -11 2.9
-22.8 -14.4 2.7
-8 -14 5.5
-22.6 -14 2.1
-22.8 -14.4 2.5
-22 -21.8 4.9
-22.8 -14.4 2.9
-11.8 -10 1.3
-11.8 -10 1.3
-13.2 -10 5.7
-22.6 -14 3.3
-8.2 -22 0.5
-8.4 -22.2 0.3
-12 -10 0.9
-20.4 -11.2 1.9
-21.6 -22.8 1.7
-22 -22.2 1.5
-21.8 -22.6 2.1
-11.6 -10 1.9
-19.8 -11.2 0.1
-22.4 -14.2 0.5
-8.4 -22.6 1.3
-19.8 -10.8 1.5
-20.4 -11.2 3.5
-12 -9.8 2.3
-20.2 -11 2.3
-13.4 -9.8 0.1
-21.6 -22.8 3.7
-22.4 -13.6 2.1
-22 -22.2 3.9
-20 -11.2 0.5
-12 -9.8 3.1
-20.2 -11 3.1
-22.4 -13.8 1.3
-12 -10 4.5
-19.8 -10.8 3.9
-22.6 -14.4 0.9
-22.8 -14.4 2.3
-7.8 -21.8 1.7
-22.8 -14.4 3.1
-8 -22.2 2.1
-22.4 -13.8 4.1
-8.4 -22.4 0.7
-8 -22.2 3.3
-12.2 -9.8 1.5
-21.4 -22.6 0.3
-22.6 -14.2 1.3
-12.4 -9.8 1.1
-22.6 -14.4 4.5
-11.6 -10.4 0.1
-12.2 -9.8 3.9
-22 -21.6 0.1
-8.2 -22.2 0.9
-22.6 -14.2 4.1
-8.2 -21.8 0.1
-12.4 -9.8 4.3
-21.6 -22.6 0.9
-12.6 -10 0.1
-8 -21.8 0.7
-7.8 -14.2 0.1
-12 -9.8 2.1
-12.4 -10 0.3
-20.2 -11 2.1
-22.6 -14 1.9
-21.8 -22.4 1.1
-8.2 -22.2 4.5
-20.2 -11 3.3
-8.2 -22.4 1.5
-22.6 -14 3.5
-8.4 -22.8 2.3
-8 -13.8 0.1
-22.8 -14.4 2.1
-21.8 -22.6 1.9
-22.8 -14.4 3.3
-8.2 -22.4 3.9
-11.4 -10.2 1.1
-22.4 -13.6 1.9
-11.6 -10.2 0.7
-20.4 -11.2 1.7
-11.6 -10 1.7
-11.4 -10.2 4.3
-8 -22.2 1.9
-8.4 -22 5.5
-7.8 -13.8 0.7
-12.8 -25.4 0.3
-20 -11 1.1
-20.4 -11.2 3.7
-21.4 -22.8 0.7
-8 -22.2 3.5
-12.6 -25.4 0.5
-12.2 -10 0.5
-21.6 -22.8 1.5
-22 -22.4 2.7
-12.8 -9.8 0.5
-8.4 -22.8 2.1
-20.2 -11.2 0.9
-21.6 -22.8 3.9
-22 -22.4 2.5
-12 -10.2 0.1
-8 -22 1.1
-22 -22.4 2.9
-12 -9.8 1.9
-20.2 -11 1.9
-13 -9.8 0.3
-13 -9.8 0.3
-22 -22.2 1.3
-13 -25.4 0.1
-7.8 -21.8 1.5
-12.8 -9.8 4.9
-20.2 -11 3.5
-20.2 -11.2 4.5
-19.8 -10.8 1.3
-20 -10.8 2.7
-12.6 -9.8 0.7
-22.8 -14.4 1.9
-11.4 -10.4 0.3
-22 -22.2 4.1
-11.8 -10 1.1
-11.8 -10 1.1
-22.8 -14.4 3.5
-20 -10.8 2.5
-22.4 -14 0.7
-19.8 -10.8 4.1
-22.6 -14 1.7
-22.4 -14.4 0.1
-22 -22.4 2.3
-22 -22.4 3.1
-8.4 -22.6 1.1
-12.6 -9.8 4.7
-22.6 -14 3.7
-21.8 -22.6 1.7
-12.2 -9.8 1.3
-21.8 -22.2 0.5
-7.8 -14 0.3
-22.4 -13.8 1.1
-22.4 -14 4.7
-22.4 -13.6 1.7
-12.2 -9.8 4.1
-20 -10.8 2.3
-22.4 -13.8 4.3
-19.8 -11 0.5
-22.6 -14.2 1.1
-8 -22.2 1.7
-13.2 -9.8 0.1
-13.2 -9.8 0.1
-8.4 -22.8 1.9
-11.8 -10.2 0.3
-11.8 -10.2 0.3
-12 -10 0.7
-21.6 -22.4 0.3
-21.8 -22 0.1
-8 -22.2 3.7
-14 -9.8 5.7
-8.2 -22.4 1.3
-8.2 -22.6 2.7
-22.6 -14.2 4.3
-20.4 -11.2 1.5
-11.6 -10 1.5
-22 -22.4 2.1
-22 -21.8 0.3
-12.4 -9.8 0.9
-22 -22.4 3.3
-8.2 -22.6 2.5
-12 -10 4.7
-8.2 -22.4 4.1
-22.6 -14.4 0.7
-8.2 -22.6 2.9
-20.4 -11.2 3.9
-12 -9.8 1.7
-20.2 -11 1.7
-12.4 -9.8 4.5
-22 -21.8 5.1
-20.2 -11 3.7
-20 -10.8 2.1
-8.2 -22 0.3
-22.6 -14.4 4.7
-22.8 -14.4 1.7
-21.8 -22.4 0.9
-22.4 -14.2 0.3
-8.2 -22.2 0.7
-8.2 -22.6 2.3
-8.4 -22.4 0.5
-22.8 -14.4 3.7
-21.6 -22.8 1.3
-8.2 -22.6 3.1
-21.6 -22.6 0.7
-20 -11.2 0.3
-8.4 -22.2 0.1
-11.4 -10.2 0.9
-21.6 -22.8 4.1
-8.2 -22.2 4.7
-22.6 -14 1.5
-7.8 -21.8 1.3
-8 -21.8 0.5
-20 -11 0.9
-21.8 -22.6 1.5
-22.6 -14 3.9
-22 -22.4 1.9
-8.4 -22.8 1.7
-22.6 -13.8 2.7
-22 -22.4 3.5
-22.4 -13.6 1.5
-22 -22.2 1.1
-21.4 -22.6 0.1
-8 -14 5.7
-8.2 -22.6 2.1
-11.8 -9.8 2.7
-19.8 -10.8 1.1
-22.6 -13.8 2.5
-22.6 -13.8 2.9
-8.2 -22.6 3.3
-8 -22.2 1.5
-11.6 -10.2 0.5
-8 -22 0.9
-22 -22.2 4.3
-11.8 -9.8 2.5
-20 -10.8 1.9
-11.8 -9.8 2.9
-19.8 -10.8 4.3
-8 -22.2 3.9
-7.8 -13.8 0.5
-13.2 -10 5.9
-12.4 -10 0.1
-20.2 -11.2 0.7
-12.2 -9.8 1.1
-21.4 -22.8 0.5
-11.8 -10 0.9
-11.8 -10 0.9
-22.6 -13.8 2.3
-22.8 -14.2 2.7
-22.6 -13.8 3.1
-11.8 -9.8 2.3
-12.2 -9.8 4.3
-8.4 -22.6 0.9
-12 -9.8 1.5
-22.8 -14.2 2.5
-20.2 -11 1.5
-11.8 -9.8 3.1
-22.8 -14.2 2.9
-20.4 -11.2 1.3
-11.6 -10 1.3
-12.6 -25.4 0.3
-12.2 -10 0.3
-22.4 -13.8 0.9
-20.2 -11 3.9
-22.4 -13.4 2.7
-22.8 -14.4 1.5
-20.4 -11.2 4.1
-12.8 -9.8 0.3
-8.2 -22.4 1.1
-12.8 -25.4 0.1
-22.4 -13.4 2.5
-22.4 -13.4 2.9
-12.6 -9.8 0.5
-22.8 -14.4 3.9
-22.4 -13.8 4.5
-22.6 -14.2 0.9
-8.2 -22.6 1.9
-22.8 -14.2 2.3
-22.4 -14 0.5
-8.2 -22.4 4.3
-22.8 -14.2 3.1
-22 -22.4 1.7
-8.2 -22.6 3.5
-7.8 -22 1.9
-22.6 -13.8 2.1
-12.8 -9.8 5.1
-22 -22.4 3.7
-12.6 -9.8 4.9
-22.6 -14.2 4.5
-22.6 -13.8 3.3
-11.8 -9.8 2.1
-22.4 -13.4 2.3
-11.8 -9.8 3.3
-22.4 -14 4.9
-13 -9.8 0.1
-13 -9.8 0.1
-22.4 -13.4 3.1
-20 -10.8 1.7
-8.4 -22.8 1.5
-22.6 -14 1.3
-21.6 -22.8 1.1
-20.6 -11.2 2.7
-21.8 -22.2 0.3
-11.4 -10.4 0.1
-12.4 -9.8 0.7
-12 -10 0.5
-21.8 -22.6 1.3
-20.6 -11.2 2.5
-22.6 -14 4.1
-20.6 -11.2 2.9
-22.8 -14.2 2.1
-8 -22.4 2.7
-22.4 -13.6 1.3
-19.8 -11 0.3
-22.8 -14.2 3.3
-7.8 -14 0.1
-7.8 -21.8 1.1
-12.4 -9.8 4.7
-8 -22.4 2.5
-8 -22.4 2.9
-22.6 -14.4 0.5
-12 -10 4.9
-21.8 -22.4 0.7
-21.8 -22.8 2.7
-8 -22.2 1.3
-22.4 -13.4 2.1
-20.6 -11.2 2.3
-22.4 -13.4 3.3
-21.8 -22.8 2.5
-20.6 -11.2 3.1
-21.8 -22.8 2.9
-22.6 -13.8 1.9
-8 -22.2 4.1
-11.8 -10.2 0.1
-11.8 -10.2 0.1
-22.6 -14.4 4.9
-11.4 -10.2 0.7
-21.6 -22.4 0.1
-22.6 -13.8 3.5
-11.8 -9.8 1.9
-8.2 -22.6 1.7
-8 -22.4 2.3
-8.2 -22.2 0.5
-8 -22.4 3.1
-22 -22.2 0.9
-11.8 -9.8 3.5
-21.6 -22.6 0.5
-7.8 -22 1.7
-22 -21.8 0.1
-8.2 -22.6 3.7
-12 -9.8 1.3
-19.8 -10.8 0.9
-20.2 -11 1.3
-20 -11 0.7
-21.8 -22.8 2.3
-21.8 -22.8 3.1
-8.2 -22.2 4.9
-22 -22.2 4.5
-8.4 -22.4 0.3
-22.8 -14.4 1.3
-20.2 -11 4.1
-22 -22.4 1.5
-19.8 -10.8 4.5
-22.8 -14.2 1.9
-22 -21.8 5.3
-8.2 -22 0.1
-20.4 -11.2 1.1
-20.6 -11.2 2.1
-12.2 -9.8 0.9
-11.6 -10 1.1
-22 -22.4 3.9
-22.8 -14.4 4.1
-22.8 -14.2 3.5
-8 -22 0.7
-20.6 -11.2 3.3
-22.4 -14.2 0.1
-20 -11.2 0.1
-20.4 -11.2 4.3
-8 -22.4 2.1
-20 -10.8 1.5
-8 -21.8 0.3
-22.4 -13.4 1.9
-12.2 -9.8 4.5
-20.4 -11 2.7
-8 -22.4 3.3
-22.4 -13.4 3.5
-19.8 -10.6 1.9
-11.8 -10 0.7
-11.8 -10 0.7
-20.4 -11 2.5
-20.4 -11 2.9
-21.8 -22.8 2.1
-8.2 -22.4 0.9
-7.6 -21.8 2.7
-8.4 -22.8 1.3
-8.4 -22.6 0.7
-20.2 -11.2 0.5
-7.6 -21.8 2.5
-11.6 -10.2 0.3
-22.4 -13.8 0.7
-22.6 -13.8 1.7
-7.6 -21.8 2.9
-8.2 -22.4 4.5
-11.8 -9.8 1.7
-7.8 -13.8 0.3
-20.4 -11 2.3
-22.6 -14 1.1
-21.4 -22.8 0.3
-20.4 -11 3.1
-11.8 -9.8 3.7
-22.4 -13.8 4.7
-22.6 -14.2 0.7
-20.6 -11.2 1.9
-21.8 -22.6 1.1
-7.6 -21.8 2.3
-22.6 -14 4.3
-8.2 -22.6 1.5
-20.6 -11.2 3.5
-7.6 -21.8 3.1
-11.4 -10 1.5
-22.4 -13.6 1.1
-21.6 -22.8 0.9
-22.6 -14.2 4.7
-7.8 -22 1.5
-8 -22.4 1.9
-22.8 -14.2 1.7
-8.2 -22.6 3.9
-8 -22.4 3.5
-8 -22.2 1.1
-12.6 -9.8 0.3
-21.8 -22.8 1.9
-12.6 -25.4 0.1
-7.8 -21.8 0.9
-12.2 -10 0.1
-22.4 -13.4 1.7
-20.4 -11 2.1
-8 -22.2 4.3
-22.4 -14 0.3
-20.4 -11 3.3
-19.8 -10.6 1.7
-22.4 -13.4 3.7
-8 -14 5.9
-12.8 -9.8 0.1
-22 -22.4 1.3
-12.6 -9.8 5.1
-7.6 -21.8 2.1
-22 -22.6 2.7
-12.4 -9.8 0.5
-12 -9.8 1.1
-20.2 -11 1.1
-7.6 -21.8 3.3
-22.4 -14 5.1
-22 -22.6 2.5
-22 -22.4 4.1
-22 -22.6 2.9
-12.8 -9.8 5.3
-22.8 -14.4 1.1
-20.2 -11 4.3
-20 -10.8 1.3
-12.4 -9.8 4.9
-12 -10 0.3
-21.8 -22.4 0.5
-22.8 -14.4 4.3
-22.6 -13.8 1.5
-20.6 -11.2 1.7
-22 -22.2 0.7
-22 -22.6 2.3
-21.8 -22.2 0.1
-11.8 -9.8 1.5
-22 -22.6 3.1
-19.8 -10.8 0.7
-20.6 -11.2 3.7
-20.2 -10.8 2.7
-20.4 -11.2 0.9
-22.6 -14.4 0.3
-11.4 -10.2 0.5
-11.6 -10 0.9
-12 -10 5.1
-8 -22.4 1.7
-11.8 -9.8 3.9
-7.8 -22.2 2.7
-20.4 -11 1.9
-20.2 -10.8 2.5
-20.2 -10.8 2.9
-22 -22.2 4.7
-19.8 -11 0.1
-8 -22.4 3.7
-20.4 -11 3.5
-7.8 -22.2 2.5
-19.8 -10.8 4.7
-20.4 -11.2 4.5
-8.4 -22.8 1.1
-7.8 -22.2 2.9
-20 -11 0.5
-21.8 -22.8 1.7
-12.2 -9.8 0.7
-22.6 -14.4 5.1
-7.6 -21.8 1.9
-22.8 -14 2.7
-22.6 -13.6 2.7
-22.8 -14.2 1.5
-8.2 -22.2 0.3
-7.6 -21.8 3.5
-21.6 -22.6 0.3
-22.8 -14 2.5
-22.6 -13.6 2.5
-22.8 -14 2.9
-22.6 -13.6 2.9
-8.2 -22.6 1.3
-20.2 -10.8 2.3
-11.4 -10 1.3
-20.2 -10.8 3.1
-22 -22.6 2.1
-7.8 -22 1.3
-7.8 -22.2 2.3
-8 -22 0.5
-22.4 -13.4 1.5
-22 -22.6 3.3
-8.2 -22.6 4.1
-7.8 -22.2 3.1
-8.2 -22.2 5.1
-19.8 -10.6 1.5
-8.2 -22.4 0.7
-22.4 -13.4 3.9
-8.2 -22.8 2.7
-22.6 -14 0.9
-22.8 -14 2.3
-22.6 -13.6 2.3
-22.8 -14 3.1
-11.8 -10 0.5
-11.8 -10 0.5
-22.6 -13.6 3.1
-8.2 -22.8 2.5
-8.4 -22.4 0.1
-8.2 -22.8 2.9
-21.8 -22.6 0.9
-8.2 -22.4 4.7
-22.6 -14 4.5
-8.4 -22.6 0.5
-22.4 -13.6 0.9
-22.4 -13.8 0.5
-20.2 -10.8 2.1
-20.2 -10.8 3.3
-7.8 -22.2 2.1
-8 -22.2 0.9
-20.4 -11 1.7
-8 -21.8 0.1
-8.2 -22.8 2.3
-20.6 -11.2 1.5
-7.8 -22.2 3.3
-22 -21.8 5.5
-8.2 -22.8 3.1
-22 -22.4 1.1
-21.6 -22.8 0.7
-20.2 -11.2 0.3
-22.6 -14.2 0.5
-22.4 -13.8 4.9
-20.4 -11 3.7
-20.6 -11.2 3.9
-8 -22.2 4.5
-22 -22.6 1.9
-22.8 -14 2.1
-22.6 -13.6 2.1
-7.6 -21.8 1.7
-8 -22.4 1.5
-22.6 -13.8 1.3
-22 -22.4 4.3
-22.8 -14 3.3
-22.6 -13.6 3.3
-22 -22.6 3.5
-7.6 -21.8 3.7
-11.8 -9.8 1.3
-23 -14.4 2.7
-7.8 -21.8 0.7
-8 -22.4 3.9
-11.6 -10.2 0.1
-20 -10.8 1.1
-12 -9.8 0.9
-20.2 -11 0.9
-21.8 -22.8 1.5
-23 -14.4 2.5
-23 -14.4 2.9
-11.8 -9.8 4.1
-7.8 -13.8 0.1
-22.8 -14.4 0.9
-21.4 -22.8 0.1
-20.2 -11 4.5
-8.2 -22.8 2.1
-8.2 -22.8 3.3
-22.8 -14.2 1.3
-20.2 -10.8 1.9
-22.8 -14.4 4.5
-23 -14.4 2.3
-20.2 -10.8 3.5
-7.8 -22.2 1.9
-23 -14.4 3.1
-7.8 -22.2 3.5
-22.4 -13.4 1.3
-22.8 -14 1.9
-22.6 -13.6 1.9
-12.6 -9.8 0.1
-19.8 -10.6 1.3
-8.2 -22.6 1.1
-12.4 -9.8 0.3
-20 -10.6 2.7
-8.4 -22.8 0.9
-11.4 -10 1.1
-22.8 -14 3.5
-22.6 -13.6 3.5
-20.4 -11.2 0.7
-22.4 -14 0.1
-11.6 -10 0.7
-7.8 -22 1.1
-20 -10.6 2.5
-20 -10.6 2.9
-22 -22.6 1.7
-22 -22.2 0.5
-20.4 -11 1.5
-19.8 -10.8 0.5
-20.4 -11.2 4.7
-12.4 -9.8 5.1
-22 -22.6 3.7
-23 -14.4 2.1
-21.8 -22.4 0.3
-22.4 -14 5.3
-8.2 -22.8 1.9
-23 -14.4 3.3
-20.4 -11 3.9
-22 -22.2 4.9
-7.6 -21.8 1.5
-8.2 -22.8 3.5
-20 -10.6 2.3
-19.8 -10.8 4.9
-20.6 -11.2 1.3
-20 -10.6 3.1
-12 -10 0.1
-11.4 -10.2 0.3
-12.2 -9.8 0.5
-20.6 -11.2 4.1
-12.8 -9.8 5.5
-8 -22.4 1.3
-20.2 -10.8 1.7
-8 -22.6 2.7
-20 -11 0.3
-22.6 -14 0.7
-22.6 -14.4 0.1
-7.8 -22.2 1.7
-20.2 -10.8 3.7
-12 -10 5.3
-8 -22.6 2.5
-8 -22.4 4.1
-8 -22.6 2.9
-21.8 -22.8 1.3
-21.8 -22.6 0.7
-7.8 -22.2 3.7
-22.6 -13.8 1.1
-8.2 -22.4 0.5
-22.6 -14 4.7
-22.8 -14 1.7
-22.4 -13.6 0.7
-22 -22.4 0.9
-22.6 -13.6 1.7
-11.8 -9.8 1.1
-20 -10.6 2.1
-22.6 -14.4 5.3
-8 -22 0.3
-8.2 -22.2 0.1
-22.8 -14 3.7
-20 -10.6 3.3
-22.6 -13.6 3.7
-23 -14.4 1.9
-21.6 -22.6 0.1
-8 -22.2 0.7
-8 -22.6 2.3
-8.2 -22.4 4.9
-22 -22.4 4.5
-11.8 -9.8 4.3
-23 -14.4 3.5
-8 -22.6 3.1
-20 -10.8 0.9
-11.8 -10 0.3
-11.8 -10 0.3
-8.2 -22.2 5.3
-8 -22.2 4.7
-22.8 -14.2 1.1
-8.2 -22.8 1.7
-8.4 -22.6 0.3
-22 -22.6 1.5
-21.6 -22.8 0.5
-20.8 -11.2 2.7
-8.2 -22.8 3.7
-22.4 -13.8 0.3
-12 -9.8 0.7
-20.2 -11 0.7
-20.8 -11.2 2.5
-22 -22.6 3.9
-20.8 -11.2 2.9
-22.4 -13.4 1.1
-22.8 -14.4 0.7
-7.8 -21.8 0.5
-19.8 -10.6 1.1
-8 -22.6 2.1
-22.6 -14.2 0.3
-20.2 -11 4.7
-20.4 -11 1.3
-22.4 -13.8 5.1
-8 -22.6 3.3
-20 -10.6 1.9
-20.4 -11 4.1
-20.8 -11.2 2.3
-20 -10.6 3.5
-20.2 -11.2 0.1
-7.6 -21.8 1.3
-20.8 -11.2 3.1
-20.2 -10.8 1.5
-8.2 -22.6 0.9
-11.4 -10 0.9
-7.8 -22.2 1.5
-7.8 -22 0.9
-20.2 -10.8 3.9
-23 -14.4 1.7
-7.8 -22.2 3.9
-8.4 -22.8 0.7
-20.6 -11.2 1.1
-23 -14.4 3.7
-22.8 -14 1.5
-22.6 -13.6 1.5
-7.6 -22 2.1
-22.6 -13.6 3.9
-22 -21.8 5.7
-20.6 -11.2 4.3
-8 -22.4 1.1
-22.8 -13.8 2.7
-20.8 -11.2 2.1
-20.6 -11 2.7
-20.4 -11.2 0.5
-11.6 -10 0.5
-8 -22.6 1.9
-20.8 -11.2 3.3
-22.8 -13.8 2.5
-20.6 -11 2.5
-8 -22.4 4.3
-22.8 -13.8 2.9
-21.8 -22.8 1.1
-8 -22.6 3.5
-8.2 -22.8 1.5
-19.8 -10.4 2.7
-20.4 -11.2 4.9
-19.8 -10.4 2.5
-8.2 -22.8 3.9
-19.8 -10.4 2.9
-22 -22.2 0.3
-20 -10.6 1.7
-22.6 -13.8 0.9
-12.4 -9.8 0.1
-22.8 -13.8 2.3
-20.6 -11 2.3
-19.8 -10.8 0.3
-22 -22.6 1.3
-22.8 -13.8 3.1
-20 -10.6 3.7
-11.8 -9.8 0.9
-7.6 -22 1.9
-22 -22.6 4.1
-19.8 -10.4 2.3
-22 -22.2 5.1
-19.8 -10.4 3.1
-23 -14.2 2.7
-11.8 -9.8 4.5
-19.8 -10.8 5.1
-22.6 -14 0.5
-12.4 -9.8 5.3
-22 -22.4 0.7
-12.2 -9.8 0.3
-21.8 -22.4 0.1
-22 -22.8 2.7
-23 -14.2 2.5
-20.8 -11.2 1.9
-23 -14.2 2.9
-21.8 -22.6 0.5
-22 -22.8 2.5
-22 -22.8 2.9
-22.8 -14.2 0.9
-7.8 -22.4 2.7
-20.8 -11.2 3.5
-22 -22.4 4.7
-23 -14.4 1.5
-22.6 -14 4.9
-22.4 -13.6 0.5
-11.4 -10.2 0.1
-20.2 -10.8 1.3
-7.8 -22.4 2.5
-20 -10.8 0.7
-20.4 -11 1.1
-7.8 -22.4 2.9
-22.8 -13.8 2.1
-20.6 -11 2.1
-22.4 -14 5.5
-23 -14.4 3.9
-22.8 -13.8 3.3
-7.8 -22.2 1.3
-8 -22.6 1.7
-8 -22.2 0.5
-22.4 -13.4 0.9
-8.2 -22.4 0.3
-23 -14.2 2.3
-20 -11 0.1
-23 -14.2 3.1
-20.4 -11 4.3
-22 -22.8 2.3
-7.6 -21.8 1.1
-8 -22.6 3.7
-19.8 -10.4 2.1
-19.8 -10.6 0.9
-7.8 -22.2 4.1
-22 -22.8 3.1
-19.8 -10.4 3.3
-22.8 -14 1.3
-22.6 -13.6 1.3
-7.8 -22.4 2.3
-8 -22.2 4.9
-7.8 -22.4 3.1
-8.2 -22.4 5.1
-22.6 -13.6 4.1
-8 -22 0.1
-20.4 -10.8 2.7
-12 -10 5.5
-12 -9.8 0.5
-20.2 -11 0.5
-20.4 -10.8 2.5
-20.4 -10.8 2.9
-22.8 -14.4 0.5
-21.6 -22.8 0.3
-7.6 -22 1.7
-20 -10.6 1.5
-8.2 -22.8 1.3
-8.2 -22.6 0.7
-23 -14.2 2.1
-11.8 -10 0.1
-11.8 -10 0.1
-22.6 -14.4 5.5
-11.4 -10 0.7
-20.2 -11 4.9
-20.6 -11.2 0.9
-22 -22.8 2.1
-23 -14.2 3.3
-7.8 -22 0.7
-20 -10.6 3.9
-22.8 -13.8 1.9
-20.6 -11 1.9
-22 -22.8 3.3
-8.2 -22.8 4.1
-20.8 -11.2 1.7
-8.4 -22.6 0.1
-7.8 -22.4 2.1
-22.8 -13.8 3.5
-8 -22.4 0.9
-7.8 -21.8 0.3
-20.6 -11.2 4.5
-20.4 -10.8 2.3
-22.4 -13.8 0.1
-20.8 -11.2 3.7
-7.8 -22.4 3.3
-20.4 -10.8 3.1
-19.8 -10.4 1.9
-8.2 -22.2 5.5
-19.8 -10.4 3.5
-8 -22.4 4.5
-21.8 -22.8 0.9
-22.6 -14.2 0.1
-8.4 -22.8 0.5
-22 -22.6 1.1
-8 -22.6 1.5
-22 -22.6 4.3
-23 -14.4 1.3
-8 -22.6 3.9
-20.4 -10.8 2.1
-23 -14.2 1.9
-20.4 -10.8 3.3
-22 -22.8 1.9
-23 -14.4 4.1
-23 -14.2 3.5
-7.4 -21.8 2.7
-22.6 -13.8 0.7
-22 -22.8 3.5
-20.4 -11.2 0.3
-11.6 -10 0.3
-7.8 -22.4 1.9
-11.8 -9.8 0.7
-7.4 -21.8 2.5
-20.2 -10.8 1.1
-7.4 -21.8 2.9
-7.8 -22.4 3.5
-7.8 -22.2 1.1
-22.8 -13.8 1.7
-20.6 -11 1.7
-11.8 -9.8 4.7
-7.6 -22 1.5
-22.8 -13.8 3.7
-20.4 -11 0.9
-7.8 -22.2 4.3
-22.8 -14 1.1
-22.6 -13.6 1.1
-19.8 -10.4 1.7
-7.4 -21.8 2.3
-22.8 -14.2 0.7
-7.4 -21.8 3.1
-20.8 -11.2 1.5
-22 -22.4 0.5
-19.8 -10.4 3.7
-7.6 -21.8 0.9
-20.4 -11 4.5
-20 -10.6 1.3
-22.6 -13.6 4.3
-20.8 -11.2 3.9
-22 -22.2 0.1
-20.4 -10.8 1.9
-20 -10.6 4.1
-22.4 -13.4 0.7
-19.8 -10.8 0.1
-22.6 -14 0.3
-22 -22.4 4.9
-19.8 -10.6 0.7
-8.2 -22.8 1.1
-20.2 -10.6 2.7
-20 -10.8 0.5
-21.8 -22.6 0.3
-20.2 -10.6 2.5
-23 -14.2 1.7
-20.2 -10.6 2.9
-22 -22.2 5.3
-8.2 -22.8 4.3
-22 -22.8 1.7
-22.4 -13.6 0.3
-7.4 -21.8 2.1
-19.8 -10.8 5.3
-22.6 -14 5.1
-12.2 -9.8 0.1
-23 -14.2 3.7
-7.4 -21.8 3.3
-22 -22.8 3.7
-7.8 -22.4 1.7
-8 -22.2 0.3
-7.8 -22.4 3.7
-12.4 -9.8 5.5
-8 -22.6 1.3
-20.2 -10.6 2.3
-20.2 -10.6 3.1
-20.6 -11.2 0.7
-7.6 -22.2 2.7
-8 -22.6 4.1
-8.2 -22.4 0.1
-8 -22.2 5.1
-7.6 -22.2 2.5
-8 -22.4 0.7
-7.6 -22.2 2.9
-22.8 -13.8 1.5
-20.6 -11 1.5
-8.2 -22.6 0.5
-8 -22.8 2.7
-12 -9.8 0.3
-11.4 -10 0.5
-20.2 -11 0.3
-23 -14.4 1.1
-22 -22.6 0.9
-7.8 -22 0.5
-8 -22.8 2.5
-22.8 -13.8 3.9
-8 -22.8 2.9
-21.8 -22.8 0.7
-22.8 -14.4 0.3
-8.2 -22.4 5.3
-19.8 -10.4 1.5
-8 -22.4 4.7
-20.4 -10.8 1.7
-23 -14.4 4.3
-22 -22.6 4.5
-22.4 -14 5.7
-7.6 -22 1.3
-7.4 -21.8 1.9
-19.8 -10.4 3.9
-7.6 -22.2 2.3
-20.2 -10.6 2.1
-7.6 -22.2 3.1
-20.2 -10.6 3.3
-7.4 -21.8 3.5
-21.6 -22.8 0.1
-8 -22.8 2.3
-22.6 -13.4 1.5
-20.8 -11.2 1.3
-8 -22.8 3.1
-20.2 -10.8 0.9
-20.8 -11.2 4.1
-7.8 -22.2 0.9
-23 -14 2.7
-7.8 -21.8 0.1
-23 -14.2 1.5
-8.4 -22.8 0.3
-12 -10 5.7
-22 -22.8 1.5
-20 -10.6 1.1
-23 -14 2.5
-23 -14 2.9
-23 -14.2 3.9
-7.8 -22.2 4.5
-22.8 -14 0.9
-22.6 -13.6 0.9
-22 -22.8 3.9
-7.8 -22.4 1.5
-7.6 -22.2 2.1
-22.6 -13.8 0.5
-20 -10.6 4.3
-7.6 -22.2 3.3
-22.6 -14.4 5.7
-7.8 -22.4 3.9
-11.8 -9.8 0.5
-8 -22.8 2.1
-20.4 -11 0.7
-22.6 -13.6 4.5
-8 -22.8 3.3
-23 -14 2.3
-20.2 -10.6 1.9
-23 -14 3.1
-20.2 -10.6 3.5
-7.6 -21.8 0.7
-11.8 -9.8 4.9
-20.4 -11 4.7
-8.2 -22.8 0.9
-7.4 -21.8 1.7
-22.8 -14.2 0.5
-7.4 -21.8 3.7
-20.4 -11.2 0.1
-8.2 -22.8 4.5
-11.6 -10 0.1
-8 -22.6 1.1
-20.4 -10.8 1.5
-22.8 -13.8 1.3
-20.6 -11 1.3
-22.4 -13.4 0.5
-8 -22.6 4.3
-22.8 -13.8 4.1
-22 -22.4 0.3
-19.8 -10.4 1.3
-23 -14 2.1
-7.6 -22.2 1.9
-19.8 -10.6 0.5
-23 -14 3.3
-7.6 -22.2 3.5
-8 -22.8 1.9
-19.8 -10.4 4.1
-22.6 -13.4 1.3
-20 -10.8 0.3
-23 -14.4 0.9
-7.6 -22 1.1
-22.6 -14 0.1
-20.2 -10.6 1.7
-23 -14.2 1.3
-23 -14.4 4.5
-20.8 -11.2 1.1
-20.6 -11.2 0.5
-22 -22.8 1.3
-22 -22.6 0.7
-20.2 -10.6 3.7
-21.8 -22.6 0.1
-23 -14.2 4.1
-22.4 -13.6 0.1
-7.8 -22.4 1.3
-22 -22.8 4.1
-8 -22.4 0.5
-22.6 -14 5.3
-7.8 -22.6 2.7
-23 -14 1.9
-7.8 -22.6 2.5
-8 -22.2 0.1
-7.8 -22.6 2.9
-23 -14 3.5
-21.8 -22.8 0.5
-7.4 -21.8 1.5
-8 -22.4 4.9
-19.8 -10.8 5.5
-8.2 -22.6 0.3
-11.4 -10 0.3
-7.6 -22.2 1.7
-7.4 -21.8 3.9
-20 -10.6 0.9
-7.8 -22 0.3
-20.2 -10.8 0.7
-8 -22.2 5.3
-7.6 -22.2 3.7
-7.8 -22.2 0.7
-8 -22.8 1.7
-7.8 -22.6 2.3
-7.8 -22.6 3.1
-12 -9.8 0.1
-20.2 -11 0.1
-20 -10.6 4.5
-20.4 -10.8 1.3
-22.8 -14 0.7
-22.6 -13.6 0.7
-7.8 -22.2 4.7
-22.8 -14.4 0.1
-22.8 -13.8 1.1
-20.6 -11 1.1
-22.6 -13.6 4.7
-8.2 -22.4 5.5
-22.8 -13.8 4.3
-19.8 -10.4 1.1
-20.2 -10.6 1.5
-7.8 -22.6 2.1
-8 -22.6 0.9
-7.4 -22 2.7
-8.2 -22.8 0.7
-20.4 -11 0.5
-7.8 -22.6 3.3
-23 -14 1.7
-7.4 -22 2.5
-20.2 -10.6 3.9
-7.4 -22 2.9
-22.6 -13.8 0.3
-19.8 -10.4 4.3
-8.4 -22.8 0.1
-8 -22.6 4.5
-23 -14 3.7
-7.6 -21.8 0.5
-8.2 -22.8 4.7
-11.8 -9.8 0.3
-20.6 -10.8 2.7
-22.6 -13.4 1.1
-20.4 -11 4.9
-20.6 -10.8 2.5
-20.6 -10.8 2.9
-7.4 -22 2.3
-22.4 -14 5.9
-23 -14.2 1.1
-7.4 -22 3.1
-11.8 -9.8 5.1
-22 -22.8 1.1
-7.6 -22.2 1.5
-7.6 -22 0.9
-22.8 -14.2 0.3
-23 -14.2 4.3
-7.4 -21.8 1.3
-7.8 -22.4 1.1
-7.6 -22.2 3.9
-8 -22.8 1.5
-20.6 -10.8 2.3
-22 -22.8 4.3
-20.8 -11.2 0.9
-20.6 -10.8 3.1
-23 -14.4 0.7
-7.8 -22.6 1.9
-7.4 -21.8 4.1
-22.4 -13.4 0.3
-7.8 -22.6 3.5
-19.8 -10.6 0.3
-7.4 -22 2.1
-7.4 -22 3.3
-20 -10.4 1.7
-22.8 -13.6 1.5
-22 -22.4 0.1
-22.6 -14.4 5.9
-19.8 -10.2 2.7
-22 -22.6 0.5
-19.8 -10.2 2.5
-20.4 -10.8 1.1
-20.6 -10.8 2.1
-20.6 -10.8 3.3
-23 -14 1.5
-20 -10.8 0.1
-20.6 -11.2 0.3
-23 -14 3.9
-20.2 -10.6 1.3
-20 -10.6 0.7
-23 -13.8 2.7
-19.8 -10.2 2.3
-20.2 -10.6 4.1
-8 -22.4 0.3
-23 -13.8 2.5
-23 -13.8 2.9
-20 -10.6 4.7
-20.2 -10.8 0.5
-22.8 -13.8 0.9
-20.6 -11 0.9
-22.8 -13.4 2.7
-22.8 -13.4 2.7
-7.4 -22 1.9
-21.8 -22.8 0.3
-7.8 -22.6 1.7
-7.8 -22.2 0.5
-7.6 -22.4 2.7
-8 -22.4 5.1
-7.4 -22 3.5
-22.8 -13.4 2.5
-22.8 -13.4 2.5
-22.8 -13.4 2.9
-22.8 -13.4 2.9
-7.8 -22.6 3.7
-19.8 -10.4 0.9
-7.6 -22.4 2.5
-7.6 -22.4 2.9
-23 -13.8 2.3
-22.8 -14 0.5
-7.6 -22.2 1.3
-22.6 -13.6 0.5
-7.8 -22.2 4.9
-20.6 -10.8 1.9
-8.2 -22.6 0.1
-11.4 -10 0.1
-19.8 -10.2 2.1
-20.6 -10.8 3.5
-8 -22.8 1.3
-8 -22.6 0.7
-7.6 -22.2 4.1
-7.8 -22 0.1
-22.6 -13.4 0.9
-22.8 -13.4 2.3
-22.8 -13.4 2.3
-22.6 -13.6 4.9
-22.8 -13.4 3.1
-22.8 -13.4 3.1
-7.6 -22.4 2.3
-7.6 -22.4 3.1
-20 -10.4 1.5
-7.4 -21.8 1.1
-8 -22.6 4.7
-23 -14.2 0.9
-8.2 -22.8 0.5
-22 -22.8 0.9
-8 -22.2 5.5
-7.4 -21.8 4.3
-23 -13.8 2.1
-19.8 -10.8 5.7
-22.8 -13.6 1.3
-7.8 -22.4 0.9
-8.2 -22.8 4.9
-22 -22.8 4.5
-20.4 -11 0.3
-7.6 -22 0.7
-22.8 -13.4 2.1
-22.8 -13.4 2.1
-23 -14 1.3
-7.4 -22 1.7
-7.6 -22.4 2.1
-7.6 -21.8 0.3
-22.8 -13.4 3.3
-22.8 -13.4 3.3
-7.6 -22.4 3.3
-20.8 -11.2 0.7
-20.4 -11 5.1
-7.4 -22 3.7
-19.8 -10.2 1.9
-23 -14 4.1
-22.6 -13.8 0.1
-7.8 -22.6 1.5
-20.6 -10.8 1.7
-11.8 -9.8 0.1
-23 -14.4 0.5
-20.2 -10.6 1.1
-20.6 -10.8 3.7
-7.8 -22.6 3.9
-20.4 -10.8 0.9
-20.2 -10.6 4.3
-23 -13.8 1.9
-11.8 -9.8 5.3
-22.8 -14.2 0.1
-22.8 -13.4 1.9
-22.8 -13.4 1.9
-7.6 -22.4 1.9
-22.8 -13.4 3.5
-22.8 -13.4 3.5
-22.4 -13.4 0.1
-7.6 -22.4 3.5
-7.6 -22.2 1.1
-19.8 -10.6 0.1
-20 -10.4 1.3
-22 -22.6 0.3
-8 -22.8 1.1
-20 -10.6 0.5
-7.6 -22.2 4.3
-22.8 -13.8 0.7
-20.6 -11 0.7
-19.8 -10.2 1.7
-7.4 -22 1.5
-19.8 -10.4 0.7
-20.2 -10.4 2.7
-20 -10.6 4.9
-7.4 -22 3.9
-20.2 -10.4 2.5
-20.2 -10.4 2.9
-20.6 -11.2 0.1
-7.4 -21.8 0.9
-22.8 -13.6 1.1
-20.6 -10.8 1.5
-20.2 -10.8 0.3
-23 -13.8 1.7
-22.6 -13.4 0.7
-7.8 -22.2 0.3
-20.6 -10.8 3.9
-8 -22.4 0.1
-7.4 -21.8 4.5
-23 -14 1.1
-20.2 -10.4 2.3
-7.8 -22.6 1.3
-8 -22.6 0.5
-20.2 -10.4 3.1
-23 -14.2 0.7
-22.8 -13.4 1.7
-22.8 -13.4 1.7
-22 -22.8 0.7
-7.6 -22.4 1.7
-22.8 -14 0.3
-22.6 -13.6 0.3
-21.8 -22.8 0.1
-7.8 -22.6 4.1
-23 -14 4.3
-7.8 -22.2 5.1
-22.8 -13.4 3.7
-22.8 -13.4 3.7
-8 -22.4 5.3
-7.6 -22.4 3.7
-7.8 -22.4 0.7
-8 -22.6 4.9
-7.8 -22.8 2.7
-22 -22.8 4.7
-22.6 -13.6 5.1
-7.8 -22.8 2.5
-7.8 -22.8 2.9
-8.2 -22.8 0.3
-20.2 -10.4 2.1
-20.2 -10.6 0.9
-7.6 -22 0.5
-20.2 -10.4 3.3
-19.8 -10.2 1.5
-7.8 -22.8 2.3
-7.8 -22.8 3.1
-8.2 -22.8 5.1
-20.8 -11.2 0.5
-20.2 -10.6 4.5
-20.4 -10.8 0.7
-20.4 -11 0.1
-7.4 -22 1.3
-20 -10.4 1.1
-23 -13.8 1.5
-7.6 -22.2 0.9
-7.4 -22 4.1
-7.6 -21.8 0.1
-23 -14.4 0.3
-20.4 -11 5.3
-20.6 -10.8 1.3
-7.8 -22.8 2.1
-8 -22.8 0.9
-22.8 -13.4 1.5
-22.8 -13.4 1.5
-7.6 -22.2 4.5
-7.8 -22.8 3.3
-20.2 -10.4 1.9
-7.6 -22.4 1.5
-20.6 -10.8 4.1
-20.2 -10.4 3.5
-22.8 -13.4 3.9
-22.8 -13.4 3.9
-7.6 -22.4 3.9
-23 -13.6 2.7
-23 -13.6 2.5
-23 -13.6 2.9
-22.8 -13.6 0.9
-7.8 -22.6 1.1
-20.8 -11 1.1
-22.8 -13.8 0.5
-20.6 -11 0.5
-7.8 -22.6 4.3
-23 -14 0.9
-7.4 -21.8 0.7
-19.8 -10.4 0.5
-23 -13.6 2.3
-20 -10.6 0.3
-23 -13.6 3.1
-7.8 -22.8 1.9
-23 -14 4.5
-19.8 -10.2 1.3
-7.4 -21.8 4.7
-7.8 -22.8 3.5
-22 -22.6 0.1
-20.8 -10.8 2.7
-22.6 -13.4 0.5
-20.8 -10.8 2.5
-20.2 -10.4 1.7
-23 -14.2 0.5
-20.2 -10.4 3.7
-22 -22.8 0.5
-23 -13.6 2.1
-23 -13.8 1.3
-7.8 -22.4 0.5
-20.8 -10.8 2.3
-8 -22.6 0.3
-20.2 -10.8 0.1
-7.4 -22 1.1
-22 -22.8 4.9
-20.2 -10.6 0.7
-7.8 -22.2 0.1
-22.8 -13.4 1.3
-22.8 -13.4 1.3
-7.6 -22.4 1.3
-7.4 -22 4.3
-8 -22.6 5.1
-22.8 -13.4 4.1
-20.2 -10.6 4.7
-20 -10.4 0.9
-20.4 -10.6 1.3
-22.8 -14 0.1
-22.6 -13.6 0.1
-20.6 -10.8 1.1
-7.6 -22.4 4.1
-7.8 -22.8 1.7
-20.6 -10.8 4.3
-7.8 -22.8 3.7
-7.6 -22 0.3
-20.8 -10.8 2.1
-20.4 -10.8 0.5
-22.6 -13.6 5.3
-7.6 -22.2 0.7
-23 -13.6 1.9
-8.2 -22.8 0.1
-20.8 -11.2 0.3
-8 -22.8 0.7
-20.2 -10.4 1.5
-8.2 -22.8 5.3
-7.8 -22.6 0.9
-20.8 -11 0.9
-19.8 -10.2 1.1
-22.8 -13.6 0.7
-20.8 -10.8 1.9
-23 -14 0.7
-23 -14.4 0.1
-23 -13.8 1.1
-23 -14 4.7
-7.4 -21.8 0.5
-23 -13.6 1.7
-7.8 -22.8 1.5
-22.8 -13.8 0.3
-20.6 -11 0.3
-7.8 -22.8 3.9
-22.8 -13.4 1.1
-22.8 -13.4 1.1
-7.6 -22.4 1.1
-7.4 -21.8 4.9
-19.8 -10.4 0.3
-7.4 -22 0.9
-20.4 -10.6 1.1
-22.8 -13.4 4.3
-7.6 -22.6 1.9
-7.6 -22.4 4.3
-20 -10.6 0.1
-7.4 -22 4.5
-22.6 -13.4 0.3
-20.6 -10.8 0.9
-20 -10.2 1.7
-20.8 -10.8 1.7
-22.8 -13.2 1.7
-23 -14.2 0.3
-20.6 -10.8 4.5
-20.2 -10.4 1.3
-20 -10.4 0.7
-22 -22.8 0.3
-20.2 -10.6 0.5
-7.8 -22.4 0.3
-20.2 -10.6 4.9
-22 -22.8 5.1
-8 -22.6 0.1
-23 -13.6 1.5
-20.4 -10.4 2.7
-7.6 -22.6 1.7
-20.4 -10.4 2.5
-7.6 -22.2 0.5
-20.4 -10.4 2.9
-8 -22.6 5.3
-19.8 -10.2 0.9
-7.8 -22.8 1.3
-7.8 -22.6 0.7
-8 -22.8 0.5
-20.4 -10.8 0.3
-20.8 -11 0.7
-7.4 -22.4 2.7
-20.4 -10.4 2.3
-7.4 -22.4 2.5
-7.6 -22 0.1
-7.4 -22.4 2.9
-20.4 -10.4 3.1
-7.4 -22.2 1.3
-23 -13.8 0.9
-20 -10.2 1.5
-20.8 -11.2 0.1
-23 -13.4 2.7
-22.8 -13.6 0.5
-20.8 -10.8 1.5
-22.8 -13.2 1.5
-22.6 -13.6 5.5
-23 -13.4 2.5
-7.4 -22.4 2.3
-23 -13.4 2.9
-7.4 -22.4 3.1
-22.8 -13.4 0.9
-22.8 -13.4 0.9
-20.6 -10.6 1.7
-7.6 -22.4 0.9
-23 -14 0.5
-20.4 -10.4 2.1
-20.4 -10.6 0.9
-22.8 -13.4 4.5
-20.4 -10.4 3.3
-7.6 -22.4 4.5
-23 -13.4 2.3
-23 -13.4 3.1
-8.2 -22.8 5.5
-20.2 -10.4 1.1
-7.4 -22 0.7
-7.6 -22.6 1.5
-7.4 -22.4 2.1
-7.4 -21.8 0.3
-7.4 -22.4 3.3
-7.4 -22 4.7
-23 -13.6 1.3
-20.6 -10.8 0.7
-7.4 -21.8 5.1
-22.8 -13.8 0.1
-20.6 -11 0.1
-23 -13.4 2.1
-20.4 -10.4 1.9
-19.8 -10.4 0.1
-20.4 -10.4 3.5
-20 -10.4 0.5
-7.8 -22.8 1.1
-22.6 -13.4 0.1
-20 -10.2 1.3
-20.6 -10.6 1.5
-7.4 -22.4 1.9
-20.8 -10.8 1.3
-22.8 -13.2 1.3
-20.2 -10.6 0.3
-7.4 -22.4 3.5
-7.4 -22.2 1.1
-23 -14.2 0.1
-19.8 -10.2 0.7
-20.2 -10.2 2.7
-22 -22.8 0.1
-20.2 -10.6 5.1
-23 -13.4 1.9
-20.2 -10.2 2.5
-20.2 -10.2 2.9
-7.8 -22.4 0.1
-7.8 -22.6 0.5
-20.8 -11 0.5
-22 -22.8 5.3
-7.6 -22.2 0.3
-23 -13.8 0.7
-20.4 -10.4 1.7
-20.2 -10.2 2.3
-7.6 -22.6 1.3
-20.2 -10.2 3.1
-8 -22.8 0.3
-20.4 -10.4 3.7
-22.8 -13.4 0.7
-22.8 -13.4 0.7
-7.6 -22.4 0.7
-7.6 -22.8 2.7
-20.4 -10.8 0.1
-20.2 -10.4 0.9
-7.4 -22.4 1.7
-20.4 -10.6 0.7
-23 -13.6 1.1
-7.6 -22.8 2.5
-7.6 -22.8 2.9
-7.4 -22.4 3.7
-7.6 -22.4 4.7
-8 -22.6 5.5
-22.8 -13.6 0.3
-20.2 -10.2 2.1
-20.2 -10.2 3.3
-23 -13.4 1.7
-23 -14 0.3
-7.6 -22.8 2.3
-7.6 -22.8 3.1
-20.6 -10.6 1.3
-7.4 -22 0.5
-21 -24.4 1.7
-20 -10.2 1.1
-7.4 -22 4.9
-7.8 -22.8 0.9
-20.8 -10.8 1.1
-22.8 -13.2 1.1
-20.6 -10.8 0.5
-20.4 -10.4 1.5
-22.6 -13.6 5.7
-7.6 -22.8 2.1
-7.6 -22.8 3.3
-20.2 -10.2 1.9
-20.4 -10.4 3.9
-7.4 -22.2 0.9
-7.4 -21.8 0.1
-20.2 -10.2 3.5
-7.4 -22.4 1.5
-8.2 -22.8 5.7
-7.4 -21.8 5.3
-7.6 -22.6 1.1
-20 -10.4 0.3
-20.8 -10.6 2.7
-20.8 -10.6 2.5
-20.8 -10.6 2.9
-23 -13.4 1.5
-23 -13.4 1.5
-19.8 -10.2 0.5
-7.6 -22.8 1.9
-21 -24.4 1.5
-7.6 -22.8 3.5
-20.8 -10.6 2.3
-20.2 -10.6 0.1
-20.8 -10.6 3.1
-23 -13.6 0.9
-23 -13.8 0.5
-20.2 -10.2 1.7
-7.8 -22.6 0.3
-20.8 -11 0.3
-20.2 -10.2 3.7
-20.2 -10.6 5.3
-20.2 -10.4 0.7
-20.6 -10.6 1.1
-22.8 -13.4 0.5
-22.8 -13.4 0.5
-7.6 -22.4 0.5
-20.4 -10.4 1.3
-20.8 -10.6 2.1
-20.4 -10.6 0.5
-7.6 -22.2 0.1
-20.8 -10.6 3.3
-23 -13.2 2.7
-20.4 -10.4 4.1
-7.6 -22.4 4.9
-8 -22.8 0.1
-23 -13.2 2.5
-23 -13.2 2.9
-20 -10.2 0.9
-22 -22.8 5.5
-20.8 -10.8 0.9
-22.8 -13.2 0.9
-7.4 -22.4 1.3
-7.6 -22.8 1.7
-7.6 -22.8 3.7
-7.8 -22.8 0.7
-23 -13.2 2.3
-23 -13.2 3.1
-22.8 -13.6 0.1
-23 -13.4 1.3
-23 -13.4 1.3
-20.6 -10.4 2.7
-7.4 -22 0.3
-20.8 -10.6 1.9
-20.6 -10.4 2.5
-7.4 -22.2 0.7
-20.6 -10.4 2.9
-23 -14 0.1
-21 -24.4 1.3
-20.2 -10.2 1.5
-20.8 -10.6 3.5
-7.6 -22.6 0.9
-7.4 -22 5.1
-20.6 -10.8 0.3
-20.2 -10.2 3.9
-8 -22.6 5.7
-23 -13.2 2.1
-20.6 -10.4 2.3
-23 -13.2 3.3
-20.6 -10.4 3.1
-7.6 -22.8 1.5
-20.4 -10.4 1.1
-20.6 -10.4 2.1
-20.6 -10.6 0.9
-7.6 -22.8 3.9
-23 -13.6 0.7
-20.6 -10.4 3.3
-20.8 -10.6 1.7
-19.8 -10.2 0.3
-20 -10.4 0.1
-20.4 -10.4 4.3
-23 -13.2 1.9
-20.8 -10.6 3.7
-23 -13.2 3.5
-7.4 -21.8 5.5
-7.4 -22.4 1.1
-20.2 -10.4 0.5
-23 -13.8 0.3
-21.2 -24.4 2.7
-20.2 -10.2 1.3
-21.2 -24.4 2.5
-23 -13.4 1.1
-23 -13.4 1.1
-20 -10.2 0.7
-21.2 -24.4 2.9
-20.8 -10.8 0.7
-22.8 -13.2 0.7
-22.8 -13.4 0.3
-22.8 -13.4 0.3
-20.6 -10.4 1.9
-20.2 -10.2 4.1
-7.6 -22.4 0.3
-7.8 -22.6 0.1
-21 -24.4 1.1
-20.8 -11 0.1
-20.4 -10.6 0.3
-21.2 -24.4 2.3
-21.2 -24.4 3.1
-7.6 -22.4 5.1
-20.2 -10.6 5.5
-7.8 -22.8 0.5
-23 -13.2 1.7
-23 -13.2 3.7
-20.8 -10.6 1.5
-7.6 -22.8 1.3
-7.6 -22.6 0.7
-20.8 -10.6 3.9
-7.4 -22.2 0.5
-7.6 -22.8 4.1
-21.2 -24.4 2.1
-21.2 -24.4 3.3
-20.6 -10.4 1.7
-22.8 -13 1.1
-22 -22.8 5.7
-7.4 -22 0.1
-20.4 -10.4 0.9
-20.6 -10.8 0.1
-20.4 -10.4 4.5
-7.4 -22 5.3
-20.4 -10.2 2.1
-20.6 -10.6 0.7
-7.4 -22.4 0.9
-21.2 -24.4 1.9
-20.2 -10.2 1.1
-23 -13.6 0.5
-21.2 -24.4 3.5
-23 -13.2 1.5
-20.2 -10.2 4.3
-23 -13.2 3.9
-23 -13.4 0.9
-23 -13.4 0.9
-21 -24.4 0.9
-20.8 -10.6 1.3
-20.4 -10.2 1.9
-8 -22.6 5.9
-19.8 -10.2 0.1
-20.8 -10.6 4.1
-20.6 -10.4 1.5
-20 -10.2 0.5
-7.6 -22.8 1.1
-20.2 -10.4 0.3
-20.8 -10.8 0.5
-22.8 -13.2 0.5
-7.6 -22.8 4.3
-21.2 -24.4 1.7
-23 -13.8 0.1
-21.2 -24.4 3.7
-22.8 -13.4 0.1
-22.8 -13.4 0.1
-23 -13 2.5
-7.6 -22.4 0.1
-22.8 -13 0.9
-7.6 -22.6 0.5
-20.4 -10.6 0.1
-7.8 -22.8 0.3
-23 -13.2 1.3
-7.6 -22.4 5.3
-20.4 -10.2 1.7
-23 -13 2.3
-22.8 -12.8 1.5
-23 -13.2 4.1
-20.4 -10.4 0.7
-7.4 -22.2 0.3
-20.4 -10.4 4.7
-20.2 -10.2 0.9
-7.4 -22.4 0.7
-7.4 -22.8 2.7
-20.2 -10.6 5.7
-20.2 -10.2 4.5
-20.6 -10.4 1.3
-20.8 -10.6 1.1
-23 -13 2.1
-20.6 -10.6 0.5
-7.4 -22.8 2.5
-7.4 -22.8 2.9
-21.2 -24.4 1.5
-21.2 -24.4 3.9
-23 -13.4 0.7
-23 -13.4 0.7
-7.4 -22.8 2.3
-7.4 -22.8 3.1
-21 -24.4 0.7
-7.6 -22.8 0.9
-23 -13.6 0.3
-20.4 -10.2 1.5
-7.6 -22.8 4.5
-23 -13 1.9
-20.8 -10.4 2.7
-7.4 -22.8 2.1
-22.8 -12.8 1.3
-20.8 -10.4 2.5
-20.8 -10.4 2.9
-23 -13.2 1.1
-22.8 -12.6 2.7
-20 -10.2 0.3
-22.8 -12.6 2.5
-20.8 -10.8 0.3
-22.8 -13.2 0.3
-22.8 -12.6 2.9
-23 -13.2 4.3
-20.8 -10.4 2.3
-22.8 -13 0.7
-7.4 -22.6 1.1
-20.2 -10.4 0.1
-20.8 -10.4 3.1
-22.8 -12.6 2.3
-21.2 -24.4 1.3
-22.8 -12.6 3.1
-21.2 -24.4 4.1
-20.6 -10.4 1.1
-7.4 -22.8 1.9
-23 -13 1.7
-7.6 -22.6 0.3
-20.2 -10.2 0.7
-20.8 -10.4 2.1
-20.4 -10.4 0.5
-20.8 -10.6 0.9
-20.8 -10.4 3.3
-22.8 -12.6 2.1
-7.8 -22.8 0.1
-20.2 -10.2 4.7
-20.4 -10.2 1.3
-22.8 -12.6 3.3
-20.4 -10.4 4.9
-7.4 -22.4 0.5
-7.4 -22.2 0.1
-7.6 -22.4 5.5
-23 -13.4 0.5
-23 -13.4 0.5
-7.6 -22.8 0.7
-20.6 -10.6 0.3
-22.8 -12.8 1.1
-20.8 -10.4 1.9
-7.4 -22.8 1.7
-20.8 -10.4 3.5
-21 -24.4 0.5
-20.6 -10.2 2.7
-7.6 -22.8 4.7
-22.8 -12.6 1.9
-20.6 -10.2 2.5
-22.8 -12.6 3.5
-20.6 -10.2 2.9
-23 -13.2 0.9
-23 -13 1.5
-21.4 -24.4 2.7
-23 -13.2 4.5
-21.2 -24.4 1.1
-21.4 -24.4 2.5
-20.6 -10.2 2.3
-7.4 -22.6 0.9
-23 -13.6 0.1
-21.2 -24.4 4.3
-21.4 -24.4 2.3
-20.6 -10.4 0.9
-20.8 -10.4 1.7
-22.8 -13 0.5
-20.4 -10.2 1.1
-20.6 -10.2 2.1
-22.8 -12.6 1.7
-7.4 -22.8 1.5
-20 -10.2 0.1
-22.8 -12.6 3.7
-20.8 -10.8 0.1
-22.8 -13.2 0.1
-20.8 -10.6 0.7
-21.4 -24.4 2.1
-21 -24.6 1.1
-20.2 -10.2 0.5
-23 -12.8 2.7
-23 -12.8 2.5
-20.2 -10.2 4.9
-23 -13 1.3
-23 -12.8 2.9
-20.4 -10.4 0.3
-22.8 -12.8 0.9
-20.6 -10.2 1.9
-7.6 -22.6 0.1
-20.4 -10.4 5.1
-23 -12.8 2.3
-23 -12.8 3.1
-7.4 -22.4 0.3
-21.4 -24.4 1.9
-20.8 -10.4 1.5
-21 -24.8 2.7
-7.6 -22.8 0.5
-21 -24.8 2.5
-22.8 -12.6 1.5
-21 -24.8 2.9
-23 -13.2 0.7
-21.2 -24.4 0.9
-23 -13.4 0.3
-23 -13.4 0.3
-7.6 -22.8 4.9
-22.8 -12.6 3.9
-21.2 -24.4 4.5
-23 -13.2 4.7
-23 -12.8 2.1
-21 -24.4 0.3
-21 -24.8 2.3
-7.4 -22.8 1.3
-7.4 -22.6 0.7
-20.6 -10.6 0.1
-21 -24.8 3.1
-20.6 -10.2 1.7
-20.4 -10.2 0.9
-20.6 -10.4 0.7
-21.4 -24.4 1.7
-21 -24.8 2.1
-21 -24.8 3.3
-21 -24.6 0.9
-23 -12.8 1.9
-23 -13 1.1
-22.8 -13 0.3
-20.8 -10.4 1.3
-20.8 -10.6 0.5
-22.8 -12.6 1.3
-21.2 -24.6 1.7
-22.8 -12.6 4.1
-22.8 -12.8 0.7
-21 -24.8 1.9
-21 -24.8 3.5
-20.6 -10.2 1.5
-20.2 -10.2 0.3
-7.4 -22.8 1.1
-20.2 -10.2 5.1
-21.4 -24.4 1.5
-23 -12.8 1.7
-21.2 -24.4 0.7
-20.4 -10.4 0.1
-21.2 -24.4 4.7
-23 -13.2 0.5
-7.6 -22.8 0.3
-7.4 -22.4 0.1
-23 -13.2 4.9
-21 -24.8 1.7
-7.4 -22.6 0.5
-7.6 -22.8 5.1
-21.2 -24.6 1.5
-20.4 -10.2 0.7
-21 -24.8 3.7
-23 -13.4 0.1
-23 -13.4 0.1
-20.8 -10.4 1.1
-20.6 -10.4 0.5
-23 -13 0.9
-21 -24.6 0.7
-21 -24.4 0.1
-22.8 -12.6 1.1
-20.6 -10.2 1.3
-23 -12.8 1.5
-22.8 -12.6 4.3
-21.4 -24.4 1.3
-21 -24.8 1.5
-7.4 -22.8 0.9
-20.8 -10.6 0.3
-22.8 -12.8 0.5
-21 -24.8 3.9
-22.8 -13 0.1
-20.8 -10.2 2.7
-21.2 -24.6 1.3
-20.8 -10.2 2.5
-20.8 -10.2 2.9
-21.2 -24.4 0.5
-20.8 -10.2 2.3
-20.2 -10.2 0.1
-20.8 -10.2 3.1
-23 -12.8 1.3
-21.2 -24.4 4.9
-20.2 -10.2 5.3
-23 -12.6 2.7
-20.6 -10.2 1.1
-20.8 -10.4 0.9
-23 -12.6 2.5
-23 -13.2 0.3
-23 -12.6 2.9
-22.8 -12.6 0.9
-20.8 -10.2 2.1
-20.4 -10.2 0.5
-23 -13 0.7
-20.8 -10.2 3.3
-21.4 -24.4 1.1
-22.8 -12.6 4.5
-7.4 -22.6 0.3
-7.6 -22.8 0.1
-23 -12.6 2.3
-23 -12.6 3.1
-21 -24.8 1.3
-21 -24.6 0.5
-7.6 -22.8 5.3
-20.6 -10.4 0.3
-23 -12.6 2.1
-20.8 -10.2 1.9
-21.2 -24.6 1.1
-23 -12.6 3.3
-20.8 -10.2 3.5
-7.4 -22.8 0.7
-23 -12.8 1.1
-22.8 -12.8 0.3
-23 -12.6 1.9
-23 -12.6 3.5
-20.8 -10.6 0.1
-20.6 -10.2 0.9
-20.8 -10.2 1.7
-20.8 -10.2 3.7
-21 -24.8 1.1
-20.8 -10.4 0.7
-21.4 -24.4 0.9
-21.2 -24.4 0.3
-22.8 -12.6 0.7
-22.8 -12.6 4.7
-23 -13 0.5
-23 -12.6 1.7
-20.4 -10.2 0.3
-23 -12.6 3.7
-23 -13.2 0.1
-21.2 -24.6 0.9
-21 -24.6 0.3
-7.4 -22.6 0.1
-20.8 -10.2 1.5
-20.8 -10.2 3.9
-23 -12.8 0.9
-20.6 -10.4 0.1
-7.4 -22.8 0.5
-21.2 -24.8 1.9
-7.6 -22.8 5.5
-23 -12.6 1.5
-20.6 -10.2 0.7
-21 -24.8 0.9
-23 -12.6 3.9
-21.4 -24.4 0.7
-21.6 -24.4 1.5
-22.8 -12.8 0.1
-20.8 -10.4 0.5
-21.2 -24.8 1.7
-22.8 -12.6 0.5
-20.8 -10.2 1.3
-20.8 -10.2 4.1
-22.8 -12.6 4.9
-21.4 -24.6 1.5
-21 -25 1.9
-21.2 -24.6 0.7
-21.2 -24.4 0.1
-23 -13 0.3
-23 -12.6 1.3
-23 -12.6 4.1
-23 -12.8 0.7
-20.4 -10.2 0.1
-21.2 -24.8 1.5
-21.6 -24.4 1.3
-21 -24.6 0.1
-21 -25 1.7
-7.4 -22.8 0.3
-21 -24.8 0.7
-20.8 -10.2 1.1
-21.4 -24.6 1.3
-20.6 -10.2 0.5
-20.8 -10.2 4.3
-21.4 -24.4 0.5
-20.8 -10.4 0.3
-23 -12.6 1.1
-21 -25 1.5
-22.8 -12.6 0.3
-23 -12.6 4.3
-21.2 -24.8 1.3
-21.2 -24.6 0.5
-22.8 -12.6 5.1
-21.6 -24.4 1.1
-23 -12.8 0.5
-21.8 -24.4 2.7
-23 -13 0.1
-21.4 -24.6 1.1
-21.8 -24.4 2.5
-21.8 -24.4 2.9
-21.6 -24.6 2.7
-20.8 -10.2 0.9
-21.6 -24.6 2.5
-21.6 -24.6 2.9
-21.8 -24.4 2.3
-21.8 -24.4 3.1
-20.8 -10.2 4.5
-21 -24.8 0.5
-21.6 -24.6 2.3
-21 -25 1.3
-21.6 -24.6 3.1
-21.4 -24.8 2.7
-7.4 -22.8 0.1
-21.8 -24.4 2.1
-20.6 -10.2 0.3
-21.2 -24.8 1.1
-21.4 -24.8 2.5
-21.8 -24.4 3.3
-21.4 -24.8 2.9
-23 -12.6 0.9
-21.6 -24.6 2.1
-23 -12.6 4.5
-21.6 -24.6 3.3
-21.4 -24.4 0.3
-21.4 -24.8 2.3
-21.4 -24.8 3.1
-21.6 -24.4 0.9
-21.8 -24.4 1.9
-21.8 -24.4 3.5
-21.4 -24.8 2.1
-20.8 -10.4 0.1
-21.4 -24.8 3.3
-21.4 -24.6 0.9
-21.6 -24.6 1.9
-21.2 -24.6 0.3
-21.2 -25 2.7
-22.8 -12.6 0.1
-21.6 -24.6 3.5
-21.2 -25 2.5
-21.2 -25 2.9
-22.8 -12.6 5.3
-21 -25 1.1
-20.8 -10.2 0.7
-21.2 -25 2.3
-23 -12.8 0.3
-20.8 -10.2 4.7
-21.4 -24.8 1.9
-21.8 -24.4 1.7
-21.4 -24.8 3.5
-21.8 -24.4 3.7
-21.2 -24.8 0.9
-21.6 -24.6 1.7
-21.2 -25 2.1
-21.6 -24.6 3.7
-21 -24.8 0.3
-23 -12.6 0.7
-23 -12.6 4.7
-21 -25.2 2.7
-21.6 -24.4 0.7
-21.4 -24.8 1.7
-21 -25.2 2.5
-21 -25.2 2.9
-21.4 -24.8 3.7
-20.6 -10.2 0.1
-21.2 -25 1.9
-21.8 -24.4 1.5
-21 -25.2 2.3
-21.8 -24.4 3.9
-21 -25.2 3.1
-21.4 -24.6 0.7
-21.4 -24.4 0.1
-21.6 -24.6 1.5
-21 -25 0.9
-21.6 -24.6 3.9
-21 -25.2 2.1
-21 -25.2 3.3
-20.8 -10.2 0.5
-21.2 -24.6 0.1
-21.2 -25 1.7
-21.4 -24.8 1.5
-20.8 -10.2 4.9
-21.2 -24.8 0.7
-23 -12.8 0.1
-22.8 -12.6 5.5
-21 -25.2 1.9
-21.8 -24.4 1.3
-21 -25.2 3.5
-23 -12.6 0.5
-21.8 -24.4 4.1
-21.6 -24.6 1.3
-23 -12.6 4.9
-21.6 -24.6 4.1
-21 -24.8 0.1
-21.6 -24.4 0.5
-21.2 -25 1.5
-21.4 -24.8 1.3
-21 -25 0.7
-21 -25.2 1.7
-21.4 -24.6 0.5
-21 -25.2 3.7
-21.8 -24.4 1.1
-21.8 -24.4 4.3
-21.6 -24.6 1.1
-20.8 -10.2 0.3
-21.2 -24.8 0.5
-21.2 -25 1.3
-20.8 -10.2 5.1
-21 -25.2 1.5
-21.4 -24.8 1.1
-23 -12.6 0.3
-21.6 -24.8 2.7
-21.6 -24.8 2.5
-21.6 -24.8 2.9
-23 -12.6 5.1
-21.6 -24.4 0.3
-21.6 -24.8 2.3
-22.8 -12.6 5.7
-21.6 -24.8 3.1
-21 -25 0.5
-21.8 -24.4 0.9
-21.4 -24.6 0.3
-21 -25.2 1.3
-21.6 -24.8 2.1
-21.2 -25 1.1
-21.6 -24.8 3.3
-21.6 -24.6 0.9
-21.8 -24.6 1.9
-21.4 -24.8 0.9
-21.6 -24.8 1.9
-21.2 -24.8 0.3
-21.6 -24.8 3.5
-20.8 -10.2 0.1
-20.8 -10.2 5.3
-21.2 -25.2 2.7
-21.8 -24.6 1.7
-21.2 -25.2 2.5
-21.2 -25.2 2.9
-21 -25.2 1.1
-21.2 -25.2 2.3
-23 -12.6 0.1
-21.2 -25.2 3.1
-21.6 -24.8 1.7
-21.6 -24.8 3.7
-21.2 -25 0.9
-21.8 -24.4 0.7
-23 -12.6 5.3
-21 -25 0.3
-21.6 -24.6 0.7
-21.6 -24.4 0.1
-21.2 -25.2 2.1
-21.2 -25.2 3.3
-21.8 -24.6 1.5
-21.4 -24.6 0.1
-21.4 -24.8 0.7
-22.8 -12.6 5.9
-21.6 -24.8 1.5
-21.2 -25.2 1.9
-21.6 -24.8 3.9
-21.2 -25.2 3.5
-21 -25.2 0.9
-21.2 -24.8 0.1
-21.8 -24.6 1.3
-21.2 -25 0.7
-21.2 -25.2 1.7
-21.2 -25.2 3.7
-20.8 -10.2 5.5
-21.8 -24.4 0.5
-21.6 -24.8 1.3
-21.6 -24.6 0.5
-21.6 -24.8 4.1
-21 -25 0.1
-21.4 -24.8 0.5
-21.2 -25.2 1.5
-21.2 -25.2 3.9
-21 -25.2 0.7
-21.8 -24.6 1.1
-21.6 -24.8 1.1
-21.2 -25 0.5
-21.8 -24.8 2.7
-21.8 -24.8 2.5
-21.8 -24.8 2.9
-21.2 -25.2 1.3
-21.2 -25.2 4.1
-21.8 -24.4 0.3
-21.8 -24.8 2.3
-21.8 -24.8 3.1
-21.4 -25 1.1
-21.6 -24.6 0.3
-21.6 -25 2.7
-21.6 -25 2.5
-21.6 -25 2.9
-21.8 -24.8 2.1
-21.8 -24.8 3.3
-21.8 -24.6 0.9
-20.8 -10.2 5.7
-21.6 -25 2.3
-21.6 -25 3.1
-21.4 -24.8 0.3
-21 -25.2 0.5
-21.6 -24.8 0.9
-21.6 -25 2.1
-21.8 -24.8 1.9
-21.4 -25.2 2.7
-21.8 -24.8 3.5
-21.2 -25.2 1.1
-21.4 -25.2 2.5
-21.4 -25.2 2.3
-21.4 -25 0.9
-21.6 -25 1.9
-21.2 -25 0.3
-21.8 -24.8 1.7
-21.4 -25.2 2.1
-21.8 -24.8 3.7
-21.8 -24.6 0.7
-21.8 -24.4 0.1
-21.6 -24.6 0.1
-21.6 -25 1.7
-21.4 -25.2 1.9
-21.6 -24.8 0.7
-21.2 -25.2 0.9
-21.8 -24.8 1.5
-21 -25.2 0.3
-21.8 -24.8 3.9
-21.4 -24.8 0.1
-21.4 -25 0.7
-21.4 -25.2 1.7
-21.6 -25 1.5
-21.2 -25 0.1
-21.8 -24.8 1.3
-21.8 -24.6 0.5
-21.8 -24.8 4.1
-21.4 -25.2 1.5
-21.2 -25.2 0.7
-21.6 -24.8 0.5
-21.6 -25 1.3
-21 -25.2 0.1
-21.4 -25 0.5
-21.8 -24.8 1.1
-21.4 -25.2 1.3
-21.8 -24.8 4.3
-21.6 -25 1.1
-21.8 -24.6 0.3
-21.8 -25 2.7
-21.8 -25 2.5
-21.2 -25.2 0.5
-21.8 -25 2.9
-21.6 -24.8 0.3
-21.8 -25 2.3
-21.8 -25 3.1
-21.4 -25.2 1.1
-21.8 -24.8 0.9
-21.6 -25.2 2.7
-21.8 -25 2.1
-21.6 -25.2 2.5
-21.8 -24.8 4.5
-21.6 -25.2 2.9
-21.8 -25 3.3
-21.4 -25 0.3
-21.6 -25.2 2.3
-21.6 -25.2 3.1
-21.6 -25 0.9
-21.8 -25 1.9
-21.6 -25.2 2.1
-21.6 -25.2 3.3
-21.4 -25.2 0.9
-21.6 -25.2 1.9
-21.2 -25.2 0.3
-21.8 -24.6 0.1
-21.6 -25.2 3.5
-21.8 -25 1.7
-21.8 -24.8 0.7
-21.8 -24.8 4.7
-21.6 -24.8 0.1
-21.6 -25 0.7
-21.6 -25.2 1.7
-21.6 -25.2 3.7
-21.8 -25 1.5
-21.4 -25 0.1
-21.4 -25.2 0.7
-21.6 -25.2 1.5
-21.8 -24.8 0.5
-21.8 -25 1.3
-21.2 -25.2 0.1
-21.6 -25 0.5
-21.6 -25.2 1.3
-21.8 -25 1.1
-21.4 -25.2 0.5
-21.8 -24.8 0.3
-21.6 -25.2 1.1
-21.6 -25 0.3
-21.8 -25 0.9
-21.4 -25.2 0.3
-21.6 -25.2 0.9
-21.8 -24.8 0.1
-21.8 -25 0.7
-21.6 -25 0.1
-21.6 -25.2 0.7
-21.8 -25.2 1.5
-21.4 -25.2 0.1
-21.8 -25 0.5
-21.8 -25.2 1.3
-21.6 -25.2 0.5
-21.8 -25.2 1.1
-21.8 -25 0.3
-21.6 -25.2 0.3
-21.8 -25.2 0.9
-21.8 -25 0.1
-21.8 -25.2 0.7
-21.6 -25.2 0.1
-21.8 -25.2 0.5
-21.8 -25.2 0.3
-21.8 -25.2 0.1
-7.8 -9.8 2.7
-7.8 -9.8 2.5
-7.8 -9.8 2.9
-7.8 -9.8 2.3
-7.8 -9.8 2.1
-7.8 -9.8 1.9
-7.8 -9.8 1.7
-7.8 -9.8 1.5
-7.8 -9.8 1.3
-7.8 -9.8 1.1
-7.6 -9.8 2.7
-7.6 -9.8 2.5
-7.6 -9.8 2.9
-7.6 -9.8 2.3
-7.6 -9.8 3.1
-7.8 -9.8 0.9
-7.6 -9.8 2.1
-7.6 -9.8 3.3
-7.6 -9.8 1.9
-7.6 -9.8 3.5
-7.6 -9.8 1.7
-7.6 -9.8 3.7
-7.8 -9.8 0.7
-7.6 -9.8 1.5
-7.6 -9.8 3.9
-7.8 -9.8 0.5
-7.6 -9.8 1.3
-7.6 -9.8 4.1
-7.6 -9.8 1.1
-7.6 -9.8 4.3
-7.8 -9.8 0.3
-7.6 -9.8 0.9
-7.6 -9.8 4.5
-7.8 -9.8 0.1
-7.6 -9.8 0.7
-7.4 -9.8 1.5
-7.6 -9.8 0.5
-7.4 -9.8 1.3
-7.4 -9.8 1.1
-7.6 -9.8 0.3
-7.2 -9.8 2.7
-7.2 -9.8 2.5
-7.2 -9.8 2.9
-7.4 -9.8 0.9
-7.2 -9.8 2.3
-7.2 -9.8 3.1
-7.2 -9.8 2.1
-7.2 -9.8 3.3
-7.6 -9.8 0.1
-7.2 -9.8 1.9
-7.2 -9.8 3.5
-7.4 -9.8 0.7
-7.2 -9.8 1.7
-7.2 -9.8 3.7
-7.2 -9.8 1.5
-7.2 -9.8 3.9
-7.4 -9.8 0.5
-7.2 -9.8 1.3
-7.2 -9.8 4.1
-7.2 -9.8 1.1
-7.2 -9.8 4.3
-7.4 -9.8 0.3
-7.2 -9.8 0.9
-7.2 -9.8 4.5
-7.4 -9.8 0.1
-7.2 -9.8 0.7
-7.2 -9.8 0.5
-7.2 -9.8 0.3
-7.2 -9.8 0.1
